ScenarioId;Filename;Iterations;TabuSize;MutationType;Repeat;Seed;GreedyOjective;GreedyTotalCost;GreedyTotalPenalty;GreedyTotalVehicleOperationTime;Objective;TotalCost;TotalPenalty;TotalVehicleOperationTime;RoutesCount;DurationMs;GTR
0;pliki//100 lokacji//R101.txt;50;10;swap;3;1542;7698.402274008091;2434.4298131326173;1773.568386078;3490.4040747974736;5641.275315705614;1650.6261951320644;1248.19830444149;2742.45081613206;19;300111.5306;0,28,12,77,76,0,0,53,6,96,93,37,89,0,0,40,58,87,91,17,60,0,0,27,52,88,8,46,48,0,0,94,86,84,0,0,31,62,90,50,0,0,95,98,61,16,43,15,57,0,0,99,85,13,0,0,59,92,2,22,56,4,0,0,21,73,41,54,68,80,0,0,45,82,10,66,65,35,0,0,7,47,36,49,19,0,0,72,23,75,74,0,0,3,33,81,71,9,34,0,0,69,30,51,78,79,24,26,0,0,42,14,44,38,100,97,0,0,5,83,18,0,0,29,25,67,39,55,0,0,11,64,63,32,20,70,1,0
0;pliki//100 lokacji//R101.txt;50;10;swap;3;1543;7698.402274008091;2434.4298131326173;1773.568386078;3490.4040747974736;5641.275315705614;1650.6261951320644;1248.19830444149;2742.45081613206;19;300094.2672;0,28,12,77,76,0,0,53,6,96,93,37,89,0,0,40,58,87,91,17,60,0,0,27,52,88,8,46,48,0,0,94,86,84,0,0,31,62,90,50,0,0,95,98,61,16,43,15,57,0,0,99,85,13,0,0,59,92,2,22,56,4,0,0,21,73,41,54,68,80,0,0,45,82,10,66,65,35,0,0,7,47,36,49,19,0,0,72,23,75,74,0,0,3,33,81,71,9,34,0,0,69,30,51,78,79,24,26,0,0,42,14,44,38,100,97,0,0,5,83,18,0,0,29,25,67,39,55,0,0,11,64,63,32,20,70,1,0
0;pliki//100 lokacji//R101.txt;50;10;swap;3;1544;7698.402274008091;2434.4298131326173;1773.568386078;3490.4040747974736;5641.275315705614;1650.6261951320644;1248.19830444149;2742.45081613206;19;300048.28;0,28,12,77,76,0,0,53,6,96,93,37,89,0,0,40,58,87,91,17,60,0,0,27,52,88,8,46,48,0,0,94,86,84,0,0,31,62,90,50,0,0,95,98,61,16,43,15,57,0,0,99,85,13,0,0,59,92,2,22,56,4,0,0,21,73,41,54,68,80,0,0,45,82,10,66,65,35,0,0,7,47,36,49,19,0,0,72,23,75,74,0,0,3,33,81,71,9,34,0,0,69,30,51,78,79,24,26,0,0,42,14,44,38,100,97,0,0,5,83,18,0,0,29,25,67,39,55,0,0,11,64,63,32,20,70,1,0
0;pliki//100 lokacji//R101.txt;50;10;invert;3;1542;7698.402274008091;2434.4298131326173;1773.568386078;3490.4040747974736;5825.319791501332;1545.9355544871055;1673.2574310932018;2606.126805921024;19;300085.6361;0,53,58,13,97,89,0,0,27,31,70,32,20,24,0,0,6,96,93,37,100,91,17,84,60,0,0,28,76,77,3,55,12,0,0,95,98,61,16,43,40,26,0,0,52,48,82,18,0,0,88,62,10,90,50,1,69,0,0,94,87,0,0,72,23,75,74,0,0,51,9,35,71,65,66,0,0,83,45,8,46,36,49,47,0,0,7,19,11,64,63,30,0,0,5,86,99,0,0,21,73,22,41,15,57,2,0,0,4,25,54,80,68,0,0,59,85,0,0,33,81,34,78,79,29,0,0,39,67,56,0,0,42,14,38,44,92,0
0;pliki//100 lokacji//R101.txt;50;10;invert;3;1543;7698.402274008091;2434.4298131326173;1773.568386078;3490.4040747974736;5829.360236736038;1543.600469012277;1672.543022557735;2613.2167451660257;19;300135.3268;0,53,58,13,97,89,0,0,27,31,70,32,20,24,0,0,28,76,77,3,55,12,0,0,94,87,40,26,0,0,52,88,62,10,90,1,69,0,0,6,96,93,37,100,91,17,84,60,0,0,18,46,48,0,0,21,73,22,41,2,95,0,0,50,51,9,35,71,65,66,0,0,7,82,19,11,64,63,30,0,0,42,14,44,38,43,15,57,0,0,5,86,99,0,0,72,23,75,0,0,92,98,61,16,59,0,0,68,80,54,4,0,0,25,67,39,56,74,0,0,83,45,8,47,36,49,0,0,85,0,0,33,81,34,78,79,29,0
0;pliki//100 lokacji//R101.txt;50;10;invert;3;1544;7698.402274008091;2434.4298131326173;1773.568386078;3490.4040747974736;6050.35367119446;1616.606984485743;1750.93796916778;2682.8087175409373;19;300048.7461;0,53,58,13,97,89,0,0,27,31,70,32,20,24,0,0,94,87,40,26,0,0,52,48,46,18,0,0,28,76,77,3,55,12,0,0,95,98,37,100,91,16,43,74,0,0,88,62,10,90,50,1,69,0,0,6,96,93,61,17,84,60,0,0,99,85,57,0,0,51,9,35,71,65,66,0,0,68,80,54,4,0,0,83,45,8,82,49,7,0,0,25,67,39,56,21,0,0,5,86,0,0,30,63,64,11,19,36,47,0,0,59,92,2,72,0,0,73,75,23,22,41,0,0,33,81,34,78,79,29,0,0,44,38,14,42,15,0
0;pliki//100 lokacji//R101.txt;50;10;insert;3;1542;7698.402274008091;2434.4298131326173;1773.568386078;3490.4040747974736;5469.506374611082;1603.0064726862802;1202.2665590070114;2664.23334291779;19;300060.1619;0,96,93,91,100,58,0,0,27,52,31,88,0,0,69,62,10,32,90,50,0,0,95,37,98,16,61,6,0,0,99,85,13,0,0,59,92,2,22,56,0,0,73,74,41,54,68,80,0,0,5,82,48,8,0,0,28,94,87,0,0,72,21,40,53,0,0,33,81,71,9,66,70,0,0,30,51,79,3,77,0,0,42,14,44,38,43,97,0,0,83,45,17,86,84,60,0,0,12,76,29,78,34,35,65,0,0,57,15,23,67,25,55,24,0,0,7,11,64,49,46,18,89,0,0,4,39,75,26,0,0,36,47,19,63,20,1,0
0;pliki//100 lokacji//R101.txt;50;10;insert;3;1543;7698.402274008091;2434.4298131326173;1773.568386078;3490.4040747974736;5469.506374611082;1603.0064726862802;1202.2665590070114;2664.23334291779;19;300073.5282;0,96,93,91,100,58,0,0,27,52,31,88,0,0,69,62,10,32,90,50,0,0,95,37,98,16,61,6,0,0,99,85,13,0,0,59,92,2,22,56,0,0,73,74,41,54,68,80,0,0,5,82,48,8,0,0,28,94,87,0,0,72,21,40,53,0,0,33,81,71,9,66,70,0,0,30,51,79,3,77,0,0,42,14,44,38,43,97,0,0,83,45,17,86,84,60,0,0,12,76,29,78,34,35,65,0,0,57,15,23,67,25,55,24,0,0,7,11,64,49,46,18,89,0,0,4,39,75,26,0,0,36,47,19,63,20,1,0
0;pliki//100 lokacji//R101.txt;50;10;insert;3;1544;7698.402274008091;2434.4298131326173;1773.568386078;3490.4040747974736;5469.506374611082;1603.0064726862802;1202.2665590070114;2664.23334291779;19;300039.6643;0,96,93,91,100,58,0,0,27,52,31,88,0,0,69,62,10,32,90,50,0,0,95,37,98,16,61,6,0,0,99,85,13,0,0,59,92,2,22,56,0,0,73,74,41,54,68,80,0,0,5,82,48,8,0,0,28,94,87,0,0,72,21,40,53,0,0,33,81,71,9,66,70,0,0,30,51,79,3,77,0,0,42,14,44,38,43,97,0,0,83,45,17,86,84,60,0,0,12,76,29,78,34,35,65,0,0,57,15,23,67,25,55,24,0,0,7,11,64,49,46,18,89,0,0,4,39,75,26,0,0,36,47,19,63,20,1,0
0;pliki//100 lokacji//R101.txt;50;20;swap;3;2542;7698.402274008091;2434.4298131326173;1773.568386078;3490.4040747974736;5641.275315705614;1650.6261951320644;1248.19830444149;2742.45081613206;19;300121.6444;0,28,12,77,76,0,0,53,6,96,93,37,89,0,0,40,58,87,91,17,60,0,0,27,52,88,8,46,48,0,0,94,86,84,0,0,31,62,90,50,0,0,95,98,61,16,43,15,57,0,0,99,85,13,0,0,59,92,2,22,56,4,0,0,21,73,41,54,68,80,0,0,45,82,10,66,65,35,0,0,7,47,36,49,19,0,0,72,23,75,74,0,0,3,33,81,71,9,34,0,0,69,30,51,78,79,24,26,0,0,42,14,44,38,100,97,0,0,5,83,18,0,0,29,25,67,39,55,0,0,11,64,63,32,20,70,1,0
0;pliki//100 lokacji//R101.txt;50;20;swap;3;2543;7698.402274008091;2434.4298131326173;1773.568386078;3490.4040747974736;5641.275315705614;1650.6261951320644;1248.19830444149;2742.45081613206;19;300114.7192;0,28,12,77,76,0,0,53,6,96,93,37,89,0,0,40,58,87,91,17,60,0,0,27,52,88,8,46,48,0,0,94,86,84,0,0,31,62,90,50,0,0,95,98,61,16,43,15,57,0,0,99,85,13,0,0,59,92,2,22,56,4,0,0,21,73,41,54,68,80,0,0,45,82,10,66,65,35,0,0,7,47,36,49,19,0,0,72,23,75,74,0,0,3,33,81,71,9,34,0,0,69,30,51,78,79,24,26,0,0,42,14,44,38,100,97,0,0,5,83,18,0,0,29,25,67,39,55,0,0,11,64,63,32,20,70,1,0
0;pliki//100 lokacji//R101.txt;50;20;swap;3;2544;7698.402274008091;2434.4298131326173;1773.568386078;3490.4040747974736;5641.275315705614;1650.6261951320644;1248.19830444149;2742.45081613206;19;300206.2514;0,28,12,77,76,0,0,53,6,96,93,37,89,0,0,40,58,87,91,17,60,0,0,27,52,88,8,46,48,0,0,94,86,84,0,0,31,62,90,50,0,0,95,98,61,16,43,15,57,0,0,99,85,13,0,0,59,92,2,22,56,4,0,0,21,73,41,54,68,80,0,0,45,82,10,66,65,35,0,0,7,47,36,49,19,0,0,72,23,75,74,0,0,3,33,81,71,9,34,0,0,69,30,51,78,79,24,26,0,0,42,14,44,38,100,97,0,0,5,83,18,0,0,29,25,67,39,55,0,0,11,64,63,32,20,70,1,0
0;pliki//100 lokacji//R101.txt;50;20;invert;3;2542;7698.402274008091;2434.4298131326173;1773.568386078;3490.4040747974736;6120.705039620413;1705.5146464166428;1625.433993102733;2789.7564001010373;19;300017.0692;0,53,58,13,97,89,0,0,27,31,70,32,20,24,0,0,28,76,77,3,55,12,0,0,6,96,93,37,100,91,17,84,60,0,0,1,52,88,48,46,18,0,0,94,87,40,26,0,0,69,62,10,90,50,0,0,95,98,61,16,43,74,0,0,99,85,57,25,0,0,59,92,2,22,56,4,0,0,21,39,67,41,73,0,0,54,80,68,0,0,63,11,64,49,36,47,7,0,0,45,86,5,0,0,30,66,71,9,34,78,33,0,0,72,23,75,0,0,83,8,82,19,0,0,79,81,51,65,35,29,0,0,44,38,14,42,15,0
0;pliki//100 lokacji//R101.txt;50;20;invert;3;2543;7698.402274008091;2434.4298131326173;1773.568386078;3490.4040747974736;5874.731920185517;1575.6989139022292;1644.5180091435973;2654.5149971396904;19;300067.5175;0,53,58,13,97,89,0,0,27,31,70,32,20,24,0,0,28,76,77,3,55,12,0,0,18,61,98,93,96,6,0,0,94,87,40,26,0,0,69,1,62,10,90,50,0,0,59,5,0,0,52,88,82,60,84,17,91,100,37,95,0,0,83,45,8,46,48,19,0,0,73,74,39,67,25,0,0,56,23,75,22,41,0,0,30,66,71,9,34,78,33,0,0,16,86,42,57,2,0,0,72,21,0,0,68,80,54,4,0,0,99,85,92,0,0,63,11,64,49,36,47,7,0,0,79,81,51,65,35,29,0,0,44,38,14,43,15,0
0;pliki//100 lokacji//R101.txt;50;20;invert;3;2544;7698.402274008091;2434.4298131326173;1773.568386078;3490.4040747974736;5996.259832288429;1644.987330280786;1628.719807341451;2722.5526946661917;19;300067.5431;0,53,58,13,97,89,0,0,27,31,70,32,20,24,0,0,28,76,77,3,55,12,0,0,6,96,93,37,100,91,17,84,60,0,0,52,48,46,18,0,0,94,87,40,26,0,0,88,62,10,90,50,1,69,0,0,95,98,61,16,43,57,74,25,0,0,99,85,0,0,45,86,5,0,0,59,92,2,22,56,21,0,0,30,66,71,9,34,78,33,0,0,72,23,75,73,0,0,54,80,68,0,0,83,8,82,19,7,0,0,4,39,67,41,0,0,63,11,64,49,36,47,0,0,79,81,51,65,35,29,0,0,44,38,14,42,15,0
0;pliki//100 lokacji//R101.txt;50;20;insert;3;2542;7698.402274008091;2434.4298131326173;1773.568386078;3490.4040747974736;5450.745039749279;1609.4082487402195;1186.2996989365363;2655.0370920725236;19;300182.8624;0,96,93,91,100,58,0,0,27,52,31,88,0,0,69,62,10,32,90,50,0,0,95,37,98,16,61,6,0,0,99,85,13,0,0,59,92,2,74,22,0,0,21,73,41,56,54,68,0,0,5,82,8,18,89,0,0,28,94,87,0,0,72,23,75,40,0,0,33,81,71,9,66,70,0,0,30,51,79,3,77,0,0,42,14,44,38,43,97,0,0,83,45,17,86,84,60,0,0,12,76,78,34,35,65,0,0,57,15,67,25,55,24,29,80,0,0,7,11,64,49,46,48,0,0,53,39,4,26,0,0,36,47,19,63,20,1,0
0;pliki//100 lokacji//R101.txt;50;20;insert;3;2543;7698.402274008091;2434.4298131326173;1773.568386078;3490.4040747974736;5450.745039749279;1609.4082487402195;1186.2996989365363;2655.0370920725236;19;300046.1577;0,96,93,91,100,58,0,0,27,52,31,88,0,0,69,62,10,32,90,50,0,0,95,37,98,16,61,6,0,0,99,85,13,0,0,59,92,2,74,22,0,0,21,73,41,56,54,68,0,0,5,82,8,18,89,0,0,28,94,87,0,0,72,23,75,40,0,0,33,81,71,9,66,70,0,0,30,51,79,3,77,0,0,42,14,44,38,43,97,0,0,83,45,17,86,84,60,0,0,12,76,78,34,35,65,0,0,57,15,67,25,55,24,29,80,0,0,7,11,64,49,46,48,0,0,53,39,4,26,0,0,36,47,19,63,20,1,0
0;pliki//100 lokacji//R101.txt;50;20;insert;3;2544;7698.402274008091;2434.4298131326173;1773.568386078;3490.4040747974736;5450.745039749279;1609.4082487402195;1186.2996989365363;2655.0370920725236;19;300070.5237;0,96,93,91,100,58,0,0,27,52,31,88,0,0,69,62,10,32,90,50,0,0,95,37,98,16,61,6,0,0,99,85,13,0,0,59,92,2,74,22,0,0,21,73,41,56,54,68,0,0,5,82,8,18,89,0,0,28,94,87,0,0,72,23,75,40,0,0,33,81,71,9,66,70,0,0,30,51,79,3,77,0,0,42,14,44,38,43,97,0,0,83,45,17,86,84,60,0,0,12,76,78,34,35,65,0,0,57,15,67,25,55,24,29,80,0,0,7,11,64,49,46,48,0,0,53,39,4,26,0,0,36,47,19,63,20,1,0
0;pliki//100 lokacji//R101.txt;50;30;swap;3;3542;7698.402274008091;2434.4298131326173;1773.568386078;3490.4040747974736;5641.275315705614;1650.6261951320644;1248.19830444149;2742.45081613206;19;300162.011;0,28,12,77,76,0,0,53,6,96,93,37,89,0,0,40,58,87,91,17,60,0,0,27,52,88,8,46,48,0,0,94,86,84,0,0,31,62,90,50,0,0,95,98,61,16,43,15,57,0,0,99,85,13,0,0,59,92,2,22,56,4,0,0,21,73,41,54,68,80,0,0,45,82,10,66,65,35,0,0,7,47,36,49,19,0,0,72,23,75,74,0,0,3,33,81,71,9,34,0,0,69,30,51,78,79,24,26,0,0,42,14,44,38,100,97,0,0,5,83,18,0,0,29,25,67,39,55,0,0,11,64,63,32,20,70,1,0
0;pliki//100 lokacji//R101.txt;50;30;swap;3;3543;7698.402274008091;2434.4298131326173;1773.568386078;3490.4040747974736;5641.275315705614;1650.6261951320644;1248.19830444149;2742.45081613206;19;300038.9094;0,28,12,77,76,0,0,53,6,96,93,37,89,0,0,40,58,87,91,17,60,0,0,27,52,88,8,46,48,0,0,94,86,84,0,0,31,62,90,50,0,0,95,98,61,16,43,15,57,0,0,99,85,13,0,0,59,92,2,22,56,4,0,0,21,73,41,54,68,80,0,0,45,82,10,66,65,35,0,0,7,47,36,49,19,0,0,72,23,75,74,0,0,3,33,81,71,9,34,0,0,69,30,51,78,79,24,26,0,0,42,14,44,38,100,97,0,0,5,83,18,0,0,29,25,67,39,55,0,0,11,64,63,32,20,70,1,0
0;pliki//100 lokacji//R101.txt;50;30;swap;3;3544;7698.402274008091;2434.4298131326173;1773.568386078;3490.4040747974736;5641.275315705614;1650.6261951320644;1248.19830444149;2742.45081613206;19;300042.4274;0,28,12,77,76,0,0,53,6,96,93,37,89,0,0,40,58,87,91,17,60,0,0,27,52,88,8,46,48,0,0,94,86,84,0,0,31,62,90,50,0,0,95,98,61,16,43,15,57,0,0,99,85,13,0,0,59,92,2,22,56,4,0,0,21,73,41,54,68,80,0,0,45,82,10,66,65,35,0,0,7,47,36,49,19,0,0,72,23,75,74,0,0,3,33,81,71,9,34,0,0,69,30,51,78,79,24,26,0,0,42,14,44,38,100,97,0,0,5,83,18,0,0,29,25,67,39,55,0,0,11,64,63,32,20,70,1,0
0;pliki//100 lokacji//R101.txt;50;30;invert;3;3542;7698.402274008091;2434.4298131326173;1773.568386078;3490.4040747974736;6178.305300890388;1800.4866095384557;1483.3398643659218;2894.4788269860105;20;300116.0782;0,53,58,13,97,89,0,0,27,31,70,32,20,24,0,0,28,12,76,77,3,55,0,0,18,84,91,100,37,93,96,6,0,0,94,87,40,26,0,0,1,52,88,48,46,17,60,0,0,69,62,10,90,50,0,0,95,98,61,16,43,74,0,0,99,85,57,25,0,0,59,92,2,22,56,4,0,0,21,39,67,41,73,0,0,5,8,82,0,0,54,80,68,0,0,7,19,47,36,49,35,0,0,83,45,86,38,15,0,0,42,14,44,0,0,11,64,63,30,0,0,51,9,71,65,66,0,0,72,23,75,0,0,33,81,34,78,79,29,0
0;pliki//100 lokacji//R101.txt;50;30;invert;3;3543;7698.402274008091;2434.4298131326173;1773.568386078;3490.4040747974736;6278.691389535157;1820.8390034013435;1538.571598831892;2919.2807873019224;20;300039.0233;0,53,58,13,97,89,0,0,27,31,70,32,20,24,0,0,28,12,76,77,3,55,0,0,6,96,93,37,100,91,17,60,18,0,0,40,26,0,0,94,87,0,0,1,52,88,48,46,84,0,0,69,62,10,90,50,0,0,95,98,61,16,43,74,0,0,99,85,57,25,0,0,59,92,2,22,56,4,0,0,21,73,41,54,68,80,0,0,7,19,49,35,81,33,0,0,72,23,75,0,0,30,51,34,78,79,29,0,0,82,8,83,5,0,0,42,14,44,38,15,0,0,9,71,65,66,63,64,11,0,0,86,45,36,47,0,0,39,67,0
0;pliki//100 lokacji//R101.txt;50;30;invert;3;3544;7698.402274008091;2434.4298131326173;1773.568386078;3490.4040747974736;6115.528725469501;1690.9347281170942;1663.276084999602;2761.3179123528053;19;300161.6608;0,53,58,13,97,89,0,0,27,31,70,32,20,24,0,0,28,76,77,3,55,12,0,0,6,96,93,37,100,91,17,84,60,0,0,94,87,40,26,0,0,52,88,48,46,18,0,0,69,1,62,10,90,50,0,0,95,98,61,16,43,74,0,0,99,85,57,25,0,0,59,92,2,22,56,4,0,0,21,39,67,41,73,0,0,54,80,68,0,0,5,86,0,0,63,11,64,49,36,47,0,0,30,66,71,35,9,34,78,0,0,7,19,82,8,45,83,0,0,72,23,75,0,0,29,79,33,81,65,51,0,0,42,14,44,38,15,0
0;pliki//100 lokacji//R101.txt;50;30;insert;3;3542;7698.402274008091;2434.4298131326173;1773.568386078;3490.4040747974736;5450.745039749279;1609.4082487402195;1186.2996989365363;2655.0370920725236;19;300041.4269;0,96,93,91,100,58,0,0,27,52,31,88,0,0,69,62,10,32,90,50,0,0,95,37,98,16,61,6,0,0,99,85,13,0,0,59,92,2,74,22,0,0,21,73,41,56,54,68,0,0,5,82,8,18,89,0,0,28,94,87,0,0,72,23,75,40,0,0,33,81,71,9,66,70,0,0,30,51,79,3,77,0,0,42,14,44,38,43,97,0,0,83,45,17,86,84,60,0,0,12,76,78,34,35,65,0,0,57,15,67,25,55,24,29,80,0,0,7,11,64,49,46,48,0,0,53,39,4,26,0,0,36,47,19,63,20,1,0
0;pliki//100 lokacji//R101.txt;50;30;insert;3;3543;7698.402274008091;2434.4298131326173;1773.568386078;3490.4040747974736;5450.745039749279;1609.4082487402195;1186.2996989365363;2655.0370920725236;19;300039.5107;0,96,93,91,100,58,0,0,27,52,31,88,0,0,69,62,10,32,90,50,0,0,95,37,98,16,61,6,0,0,99,85,13,0,0,59,92,2,74,22,0,0,21,73,41,56,54,68,0,0,5,82,8,18,89,0,0,28,94,87,0,0,72,23,75,40,0,0,33,81,71,9,66,70,0,0,30,51,79,3,77,0,0,42,14,44,38,43,97,0,0,83,45,17,86,84,60,0,0,12,76,78,34,35,65,0,0,57,15,67,25,55,24,29,80,0,0,7,11,64,49,46,48,0,0,53,39,4,26,0,0,36,47,19,63,20,1,0
0;pliki//100 lokacji//R101.txt;50;30;insert;3;3544;7698.402274008091;2434.4298131326173;1773.568386078;3490.4040747974736;5450.745039749279;1609.4082487402195;1186.2996989365363;2655.0370920725236;19;300028.625;0,96,93,91,100,58,0,0,27,52,31,88,0,0,69,62,10,32,90,50,0,0,95,37,98,16,61,6,0,0,99,85,13,0,0,59,92,2,74,22,0,0,21,73,41,56,54,68,0,0,5,82,8,18,89,0,0,28,94,87,0,0,72,23,75,40,0,0,33,81,71,9,66,70,0,0,30,51,79,3,77,0,0,42,14,44,38,43,97,0,0,83,45,17,86,84,60,0,0,12,76,78,34,35,65,0,0,57,15,67,25,55,24,29,80,0,0,7,11,64,49,46,48,0,0,53,39,4,26,0,0,36,47,19,63,20,1,0
0;pliki//100 lokacji//R101.txt;50;40;swap;3;4542;7698.402274008091;2434.4298131326173;1773.568386078;3490.4040747974736;5641.275315705614;1650.6261951320644;1248.19830444149;2742.45081613206;19;300260.0713;0,28,12,77,76,0,0,53,6,96,93,37,89,0,0,40,58,87,91,17,60,0,0,27,52,88,8,46,48,0,0,94,86,84,0,0,31,62,90,50,0,0,95,98,61,16,43,15,57,0,0,99,85,13,0,0,59,92,2,22,56,4,0,0,21,73,41,54,68,80,0,0,45,82,10,66,65,35,0,0,7,47,36,49,19,0,0,72,23,75,74,0,0,3,33,81,71,9,34,0,0,69,30,51,78,79,24,26,0,0,42,14,44,38,100,97,0,0,5,83,18,0,0,29,25,67,39,55,0,0,11,64,63,32,20,70,1,0
0;pliki//100 lokacji//R101.txt;50;40;swap;3;4543;7698.402274008091;2434.4298131326173;1773.568386078;3490.4040747974736;5641.275315705614;1650.6261951320644;1248.19830444149;2742.45081613206;19;300101.0234;0,28,12,77,76,0,0,53,6,96,93,37,89,0,0,40,58,87,91,17,60,0,0,27,52,88,8,46,48,0,0,94,86,84,0,0,31,62,90,50,0,0,95,98,61,16,43,15,57,0,0,99,85,13,0,0,59,92,2,22,56,4,0,0,21,73,41,54,68,80,0,0,45,82,10,66,65,35,0,0,7,47,36,49,19,0,0,72,23,75,74,0,0,3,33,81,71,9,34,0,0,69,30,51,78,79,24,26,0,0,42,14,44,38,100,97,0,0,5,83,18,0,0,29,25,67,39,55,0,0,11,64,63,32,20,70,1,0
0;pliki//100 lokacji//R101.txt;50;40;swap;3;4544;7698.402274008091;2434.4298131326173;1773.568386078;3490.4040747974736;5641.275315705614;1650.6261951320644;1248.19830444149;2742.45081613206;19;300126.6826;0,28,12,77,76,0,0,53,6,96,93,37,89,0,0,40,58,87,91,17,60,0,0,27,52,88,8,46,48,0,0,94,86,84,0,0,31,62,90,50,0,0,95,98,61,16,43,15,57,0,0,99,85,13,0,0,59,92,2,22,56,4,0,0,21,73,41,54,68,80,0,0,45,82,10,66,65,35,0,0,7,47,36,49,19,0,0,72,23,75,74,0,0,3,33,81,71,9,34,0,0,69,30,51,78,79,24,26,0,0,42,14,44,38,100,97,0,0,5,83,18,0,0,29,25,67,39,55,0,0,11,64,63,32,20,70,1,0
0;pliki//100 lokacji//R101.txt;50;40;invert;3;4542;7698.402274008091;2434.4298131326173;1773.568386078;3490.4040747974736;6201.091125773066;1805.6663260842745;1496.6524912424868;2898.772308446305;20;300095.3216;0,53,58,13,97,89,0,0,27,31,70,32,20,24,0,0,28,12,76,77,3,55,0,0,6,96,93,37,100,91,17,84,60,0,0,94,87,40,26,0,0,52,88,48,46,18,0,0,69,1,62,10,90,50,0,0,95,98,61,16,43,74,0,0,99,85,57,25,0,0,59,92,2,22,56,4,0,0,21,73,41,54,68,80,0,0,5,8,82,78,34,35,0,0,44,38,14,42,15,0,0,47,36,49,19,7,0,0,72,23,75,0,0,29,79,81,33,0,0,83,45,86,0,0,11,64,63,30,0,0,51,9,71,65,66,0,0,39,67,0
0;pliki//100 lokacji//R101.txt;50;40;invert;3;4543;7698.402274008091;2434.4298131326173;1773.568386078;3490.4040747974736;6496.994168477064;1958.6578517406842;1476.5311875013072;3061.8051292350724;20;300037.2535;0,53,58,13,97,89,0,0,27,31,70,32,20,24,0,0,28,12,76,77,3,55,0,0,6,96,93,37,100,91,17,84,60,0,0,94,87,40,26,0,0,1,52,88,48,46,18,0,0,69,62,10,90,50,0,0,95,98,61,16,43,74,0,0,99,85,57,25,0,0,59,92,2,22,56,4,0,0,21,73,41,54,68,80,0,0,5,8,82,49,35,0,0,83,7,19,34,78,0,0,72,23,75,0,0,33,81,9,71,66,0,0,30,51,79,0,0,42,14,44,38,15,0,0,47,36,45,86,0,0,39,67,0,0,11,64,63,65,29,0
0;pliki//100 lokacji//R101.txt;50;40;invert;3;4544;7698.402274008091;2434.4298131326173;1773.568386078;3490.4040747974736;6298.025056914571;1879.3934547313318;1447.4629822546012;2971.168619928638;21;300068.4973;0,53,58,13,97,89,0,0,27,31,70,32,20,24,0,0,28,12,76,77,3,55,0,0,1,26,40,87,0,0,6,96,93,37,100,91,17,60,0,0,52,88,48,46,18,0,0,94,84,0,0,69,62,10,90,50,0,0,95,98,61,16,43,74,0,0,99,85,57,25,0,0,59,92,2,22,56,4,0,0,21,73,41,54,68,80,0,0,5,0,0,30,66,71,9,34,78,33,0,0,72,23,75,0,0,51,35,81,79,0,0,83,8,82,19,49,7,0,0,42,14,44,0,0,15,38,86,0,0,39,67,0,0,45,47,36,64,11,63,65,29,0
0;pliki//100 lokacji//R101.txt;50;40;insert;3;4542;7698.402274008091;2434.4298131326173;1773.568386078;3490.4040747974736;5415.275033145166;1610.1795418381605;1142.1264531983543;2662.969038108651;19;300028.6641;0,28,76,3,77,0,0,96,93,91,100,58,0,0,69,88,62,10,32,90,50,0,0,95,37,98,16,61,6,0,0,99,85,13,0,0,59,92,2,74,22,56,0,0,21,73,41,54,68,80,0,0,5,82,8,18,89,0,0,94,87,0,0,72,23,75,40,0,0,33,81,71,9,66,70,0,0,27,52,31,30,51,0,0,42,14,44,38,43,97,0,0,83,45,17,86,84,60,0,0,12,29,78,79,34,35,65,0,0,57,15,67,25,55,24,0,0,7,11,64,49,46,48,0,0,53,39,4,26,0,0,36,47,19,63,20,1,0
0;pliki//100 lokacji//R101.txt;50;40;insert;3;4543;7698.402274008091;2434.4298131326173;1773.568386078;3490.4040747974736;5415.275033145166;1610.1795418381605;1142.1264531983543;2662.969038108651;19;300028.9719;0,28,76,3,77,0,0,96,93,91,100,58,0,0,69,88,62,10,32,90,50,0,0,95,37,98,16,61,6,0,0,99,85,13,0,0,59,92,2,74,22,56,0,0,21,73,41,54,68,80,0,0,5,82,8,18,89,0,0,94,87,0,0,72,23,75,40,0,0,33,81,71,9,66,70,0,0,27,52,31,30,51,0,0,42,14,44,38,43,97,0,0,83,45,17,86,84,60,0,0,12,29,78,79,34,35,65,0,0,57,15,67,25,55,24,0,0,7,11,64,49,46,48,0,0,53,39,4,26,0,0,36,47,19,63,20,1,0
0;pliki//100 lokacji//R101.txt;50;40;insert;3;4544;7698.402274008091;2434.4298131326173;1773.568386078;3490.4040747974736;5415.275033145166;1610.1795418381605;1142.1264531983543;2662.969038108651;19;300129.3169;0,28,76,3,77,0,0,96,93,91,100,58,0,0,69,88,62,10,32,90,50,0,0,95,37,98,16,61,6,0,0,99,85,13,0,0,59,92,2,74,22,56,0,0,21,73,41,54,68,80,0,0,5,82,8,18,89,0,0,94,87,0,0,72,23,75,40,0,0,33,81,71,9,66,70,0,0,27,52,31,30,51,0,0,42,14,44,38,43,97,0,0,83,45,17,86,84,60,0,0,12,29,78,79,34,35,65,0,0,57,15,67,25,55,24,0,0,7,11,64,49,46,48,0,0,53,39,4,26,0,0,36,47,19,63,20,1,0
0;pliki//100 lokacji//R101.txt;50;50;swap;3;5542;7698.402274008091;2434.4298131326173;1773.568386078;3490.4040747974736;5641.275315705614;1650.6261951320644;1248.19830444149;2742.45081613206;19;300055.4982;0,28,12,77,76,0,0,53,6,96,93,37,89,0,0,40,58,87,91,17,60,0,0,27,52,88,8,46,48,0,0,94,86,84,0,0,31,62,90,50,0,0,95,98,61,16,43,15,57,0,0,99,85,13,0,0,59,92,2,22,56,4,0,0,21,73,41,54,68,80,0,0,45,82,10,66,65,35,0,0,7,47,36,49,19,0,0,72,23,75,74,0,0,3,33,81,71,9,34,0,0,69,30,51,78,79,24,26,0,0,42,14,44,38,100,97,0,0,5,83,18,0,0,29,25,67,39,55,0,0,11,64,63,32,20,70,1,0
0;pliki//100 lokacji//R101.txt;50;50;swap;3;5543;7698.402274008091;2434.4298131326173;1773.568386078;3490.4040747974736;5641.275315705614;1650.6261951320644;1248.19830444149;2742.45081613206;19;300108.9802;0,28,12,77,76,0,0,53,6,96,93,37,89,0,0,40,58,87,91,17,60,0,0,27,52,88,8,46,48,0,0,94,86,84,0,0,31,62,90,50,0,0,95,98,61,16,43,15,57,0,0,99,85,13,0,0,59,92,2,22,56,4,0,0,21,73,41,54,68,80,0,0,45,82,10,66,65,35,0,0,7,47,36,49,19,0,0,72,23,75,74,0,0,3,33,81,71,9,34,0,0,69,30,51,78,79,24,26,0,0,42,14,44,38,100,97,0,0,5,83,18,0,0,29,25,67,39,55,0,0,11,64,63,32,20,70,1,0
0;pliki//100 lokacji//R101.txt;50;50;swap;3;5544;7698.402274008091;2434.4298131326173;1773.568386078;3490.4040747974736;5641.275315705614;1650.6261951320644;1248.19830444149;2742.45081613206;19;300048.1552;0,28,12,77,76,0,0,53,6,96,93,37,89,0,0,40,58,87,91,17,60,0,0,27,52,88,8,46,48,0,0,94,86,84,0,0,31,62,90,50,0,0,95,98,61,16,43,15,57,0,0,99,85,13,0,0,59,92,2,22,56,4,0,0,21,73,41,54,68,80,0,0,45,82,10,66,65,35,0,0,7,47,36,49,19,0,0,72,23,75,74,0,0,3,33,81,71,9,34,0,0,69,30,51,78,79,24,26,0,0,42,14,44,38,100,97,0,0,5,83,18,0,0,29,25,67,39,55,0,0,11,64,63,32,20,70,1,0
0;pliki//100 lokacji//R101.txt;50;50;invert;3;5542;7698.402274008091;2434.4298131326173;1773.568386078;3490.4040747974736;6290.3496087398435;1795.3623385177762;1600.690864867297;2894.29640535477;19;300025.0855;0,53,58,13,97,89,0,0,27,31,70,32,20,24,0,0,28,12,76,77,3,55,0,0,6,96,93,37,100,91,17,84,60,0,0,94,87,40,26,0,0,52,88,48,46,18,0,0,69,1,62,10,90,50,0,0,95,98,61,16,43,74,0,0,99,85,57,25,0,0,59,92,2,22,56,4,0,0,21,73,41,54,68,80,0,0,82,49,8,5,0,0,33,81,9,51,30,0,0,72,23,75,0,0,79,78,34,35,71,66,0,0,44,38,14,42,15,0,0,7,19,83,86,0,0,39,67,0,0,45,47,36,64,11,63,65,29,0
0;pliki//100 lokacji//R101.txt;50;50;invert;3;5543;7698.402274008091;2434.4298131326173;1773.568386078;3490.4040747974736;6150.827265832371;1766.5015501916628;1528.0233678103766;2856.3023478303326;19;300008.3552;0,53,58,13,97,89,0,0,27,31,70,32,20,24,0,0,28,12,76,77,3,55,0,0,6,96,93,37,100,91,17,84,60,0,0,94,87,40,26,0,0,52,88,48,46,18,0,0,69,1,62,10,90,50,0,0,95,98,61,16,43,74,0,0,99,85,57,25,0,0,59,92,2,22,56,4,0,0,21,73,41,54,68,80,0,0,5,8,82,49,0,0,72,23,75,0,0,33,81,9,71,66,0,0,7,19,11,63,64,36,47,83,0,0,42,14,44,38,15,0,0,39,67,0,0,30,51,79,78,34,65,35,29,0,0,45,86,0
0;pliki//100 lokacji//R101.txt;50;50;invert;3;5544;7698.402274008091;2434.4298131326173;1773.568386078;3490.4040747974736;6284.960282710455;1858.4205713136332;1480.4746262660701;2946.0650851307523;21;300069.9565;0,53,58,13,97,89,0,0,27,31,70,32,20,24,0,0,28,12,76,77,3,55,0,0,1,26,40,87,0,0,6,96,93,37,100,91,17,60,0,0,52,88,48,46,84,18,0,0,94,0,0,69,62,10,90,50,0,0,95,98,61,16,43,74,0,0,99,85,57,25,0,0,59,92,2,22,56,4,0,0,21,73,41,54,80,68,0,0,5,8,82,78,34,35,0,0,72,23,75,0,0,33,81,51,30,0,0,9,71,65,66,63,64,11,0,0,47,36,49,19,7,0,0,83,45,86,0,0,39,67,0,0,29,79,0,0,42,14,44,38,15,0
0;pliki//100 lokacji//R101.txt;50;50;insert;3;5542;7698.402274008091;2434.4298131326173;1773.568386078;3490.4040747974736;5415.275033145166;1610.1795418381605;1142.1264531983543;2662.969038108651;19;300100.6422;0,28,76,3,77,0,0,96,93,91,100,58,0,0,69,88,62,10,32,90,50,0,0,95,37,98,16,61,6,0,0,99,85,13,0,0,59,92,2,74,22,56,0,0,21,73,41,54,68,80,0,0,5,82,8,18,89,0,0,94,87,0,0,72,23,75,40,0,0,33,81,71,9,66,70,0,0,27,52,31,30,51,0,0,42,14,44,38,43,97,0,0,83,45,17,86,84,60,0,0,12,29,78,79,34,35,65,0,0,57,15,67,25,55,24,0,0,7,11,64,49,46,48,0,0,53,39,4,26,0,0,36,47,19,63,20,1,0
0;pliki//100 lokacji//R101.txt;50;50;insert;3;5543;7698.402274008091;2434.4298131326173;1773.568386078;3490.4040747974736;5415.275033145166;1610.1795418381605;1142.1264531983543;2662.969038108651;19;301295.8248;0,28,76,3,77,0,0,96,93,91,100,58,0,0,69,88,62,10,32,90,50,0,0,95,37,98,16,61,6,0,0,99,85,13,0,0,59,92,2,74,22,56,0,0,21,73,41,54,68,80,0,0,5,82,8,18,89,0,0,94,87,0,0,72,23,75,40,0,0,33,81,71,9,66,70,0,0,27,52,31,30,51,0,0,42,14,44,38,43,97,0,0,83,45,17,86,84,60,0,0,12,29,78,79,34,35,65,0,0,57,15,67,25,55,24,0,0,7,11,64,49,46,48,0,0,53,39,4,26,0,0,36,47,19,63,20,1,0
0;pliki//100 lokacji//R101.txt;50;50;insert;3;5544;7698.402274008091;2434.4298131326173;1773.568386078;3490.4040747974736;5415.275033145166;1610.1795418381605;1142.1264531983543;2662.969038108651;19;300058.8364;0,28,76,3,77,0,0,96,93,91,100,58,0,0,69,88,62,10,32,90,50,0,0,95,37,98,16,61,6,0,0,99,85,13,0,0,59,92,2,74,22,56,0,0,21,73,41,54,68,80,0,0,5,82,8,18,89,0,0,94,87,0,0,72,23,75,40,0,0,33,81,71,9,66,70,0,0,27,52,31,30,51,0,0,42,14,44,38,43,97,0,0,83,45,17,86,84,60,0,0,12,29,78,79,34,35,65,0,0,57,15,67,25,55,24,0,0,7,11,64,49,46,48,0,0,53,39,4,26,0,0,36,47,19,63,20,1,0
0;pliki//100 lokacji//R101.txt;100;10;swap;3;2042;7698.402274008091;2434.4298131326173;1773.568386078;3490.4040747974736;5544.472149002189;1580.057996070602;1337.2601294564172;2627.15402347517;20;300138.4728;0,72,21,0,0,60,45,17,61,85,6,0,0,18,83,5,94,0,0,2,57,15,41,23,74,0,0,59,37,97,13,0,0,69,51,71,35,65,32,90,70,0,0,76,9,34,68,0,0,52,7,47,49,36,46,89,0,0,53,73,22,56,55,4,58,0,0,48,82,8,84,99,96,0,0,87,42,43,38,14,0,0,39,75,40,0,0,19,11,64,63,0,0,27,10,62,88,0,0,12,80,79,3,77,0,0,95,98,16,93,0,0,28,54,25,67,26,0,0,31,30,66,20,1,0,0,92,91,86,44,100,0,0,24,29,78,81,33,50,0
0;pliki//100 lokacji//R101.txt;100;10;swap;3;2043;7698.402274008091;2434.4298131326173;1773.568386078;3490.4040747974736;5524.999920725979;1571.469682232474;1328.8098430604807;2624.7203954330244;21;300352.0488;0,31,70,30,69,0,0,77,33,81,9,34,24,80,0,0,27,51,20,71,66,65,35,0,0,88,62,63,90,32,10,0,0,68,29,78,79,3,0,0,99,85,6,0,0,39,25,4,26,0,0,13,42,14,38,43,97,0,0,95,37,100,44,91,0,0,21,72,74,73,40,0,0,50,1,0,0,92,15,57,87,0,0,56,23,67,55,54,0,0,58,2,5,84,60,89,0,0,98,16,86,0,0,11,64,19,17,61,93,0,0,52,7,82,48,18,0,0,59,96,94,0,0,28,76,12,0,0,45,47,49,36,46,8,83,0,0,53,75,22,41,0
0;pliki//100 lokacji//R101.txt;100;10;swap;3;2044;7698.402274008091;2434.4298131326173;1773.568386078;3490.4040747974736;5612.133561839101;1562.9138403077127;1395.665948923678;2653.553772607711;19;300179.2962;0,76,79,54,55,25,24,29,0,0,27,69,31,63,90,10,0,0,78,34,35,71,9,70,0,0,83,60,45,84,5,0,0,4,39,56,74,57,15,0,0,53,2,87,40,58,0,0,59,95,94,0,0,88,62,11,64,49,89,0,0,6,85,14,43,0,0,65,66,3,80,68,0,0,12,77,81,33,50,0,0,75,23,67,41,0,0,52,82,48,7,0,0,42,61,16,86,17,0,0,21,73,22,72,26,0,0,18,8,46,36,47,19,0,0,96,93,44,38,91,97,0,0,92,37,100,98,99,13,0,0,28,30,51,20,32,1,0
0;pliki//100 lokacji//R101.txt;100;10;invert;3;2042;7698.402274008091;2434.4298131326173;1773.568386078;3490.4040747974736;5963.724830416725;1578.4139259524322;1735.1513101066957;2650.159594357597;19;300030.9094;0,53,58,13,97,89,0,0,27,31,70,32,20,24,0,0,28,76,77,3,55,12,0,0,52,88,62,10,90,50,1,69,0,0,56,23,75,72,0,0,85,96,6,0,0,18,46,48,0,0,95,98,37,100,91,16,43,57,0,0,39,67,74,21,0,0,4,25,54,80,68,0,0,99,93,61,17,84,60,0,0,94,87,40,26,0,0,9,35,71,65,66,30,0,0,45,86,5,0,0,59,92,2,41,22,73,0,0,83,8,82,19,0,0,29,79,78,34,81,33,51,0,0,63,11,64,49,36,47,7,0,0,44,38,14,42,15,0
0;pliki//100 lokacji//R101.txt;100;10;invert;3;2043;7698.402274008091;2434.4298131326173;1773.568386078;3490.4040747974736;5988.2610885601025;1596.974606182766;1712.0638804537734;2679.2226019235636;19;300107.1969;0,53,58,13,97,89,0,0,27,31,70,32,20,24,0,0,28,76,77,3,55,12,0,0,6,96,93,37,100,91,17,84,60,0,0,94,87,40,26,0,0,52,48,46,18,0,0,88,62,10,90,50,1,69,0,0,95,98,61,16,43,74,0,0,73,75,23,22,41,0,0,29,79,78,34,81,33,51,0,0,99,85,0,0,9,35,71,65,66,30,0,0,39,67,56,0,0,4,25,54,80,68,0,0,59,92,2,72,21,0,0,63,11,64,49,36,47,0,0,45,86,5,0,0,7,19,82,8,83,0,0,44,38,14,42,15,57,0
0;pliki//100 lokacji//R101.txt;100;10;invert;3;2044;7698.402274008091;2434.4298131326173;1773.568386078;3490.4040747974736;5805.651237578437;1503.859826159524;1726.8057043104104;2574.9857071085025;19;300042.6459;0,53,58,13,97,89,0,0,27,31,70,32,20,24,0,0,28,76,77,3,55,12,0,0,52,88,62,10,90,50,1,69,0,0,26,40,2,41,22,74,73,0,0,83,45,8,82,18,0,0,94,95,99,96,0,0,39,67,56,21,0,0,85,93,6,0,0,60,84,17,86,91,98,37,0,0,46,47,36,49,64,63,30,0,0,72,23,75,0,0,33,81,34,78,79,29,0,0,4,25,54,80,68,0,0,5,61,16,100,0,0,59,92,87,0,0,11,19,48,7,0,0,9,35,71,65,66,51,0,0,57,42,44,38,14,43,15,0
0;pliki//100 lokacji//R101.txt;100;10;insert;3;2042;7698.402274008091;2434.4298131326173;1773.568386078;3490.4040747974736;5469.506374611082;1603.0064726862802;1202.2665590070114;2664.23334291779;19;300090.2033;0,96,93,91,100,58,0,0,27,52,31,88,0,0,69,62,10,32,90,50,0,0,95,37,98,16,61,6,0,0,99,85,13,0,0,59,92,2,22,56,0,0,73,74,41,54,68,80,0,0,5,82,48,8,0,0,28,94,87,0,0,72,21,40,53,0,0,33,81,71,9,66,70,0,0,30,51,79,3,77,0,0,42,14,44,38,43,97,0,0,83,45,17,86,84,60,0,0,12,76,29,78,34,35,65,0,0,57,15,23,67,25,55,24,0,0,7,11,64,49,46,18,89,0,0,4,39,75,26,0,0,36,47,19,63,20,1,0
0;pliki//100 lokacji//R101.txt;100;10;insert;3;2043;7698.402274008091;2434.4298131326173;1773.568386078;3490.4040747974736;5469.506374611082;1603.0064726862802;1202.2665590070114;2664.23334291779;19;300812.2535;0,96,93,91,100,58,0,0,27,52,31,88,0,0,69,62,10,32,90,50,0,0,95,37,98,16,61,6,0,0,99,85,13,0,0,59,92,2,22,56,0,0,73,74,41,54,68,80,0,0,5,82,48,8,0,0,28,94,87,0,0,72,21,40,53,0,0,33,81,71,9,66,70,0,0,30,51,79,3,77,0,0,42,14,44,38,43,97,0,0,83,45,17,86,84,60,0,0,12,76,29,78,34,35,65,0,0,57,15,23,67,25,55,24,0,0,7,11,64,49,46,18,89,0,0,4,39,75,26,0,0,36,47,19,63,20,1,0
0;pliki//100 lokacji//R101.txt;100;10;insert;3;2044;7698.402274008091;2434.4298131326173;1773.568386078;3490.4040747974736;5469.506374611082;1603.0064726862802;1202.2665590070114;2664.23334291779;19;300082.6359;0,96,93,91,100,58,0,0,27,52,31,88,0,0,69,62,10,32,90,50,0,0,95,37,98,16,61,6,0,0,99,85,13,0,0,59,92,2,22,56,0,0,73,74,41,54,68,80,0,0,5,82,48,8,0,0,28,94,87,0,0,72,21,40,53,0,0,33,81,71,9,66,70,0,0,30,51,79,3,77,0,0,42,14,44,38,43,97,0,0,83,45,17,86,84,60,0,0,12,76,29,78,34,35,65,0,0,57,15,23,67,25,55,24,0,0,7,11,64,49,46,18,89,0,0,4,39,75,26,0,0,36,47,19,63,20,1,0
0;pliki//100 lokacji//R101.txt;100;20;swap;3;3042;7698.402274008091;2434.4298131326173;1773.568386078;3490.4040747974736;5423.835531621051;1537.6093169629264;1300.8119564452752;2585.4142582128497;20;300121.0923;0,42,38,86,0,0,83,45,17,84,60,89,0,0,7,19,47,18,0,0,58,21,73,40,0,0,92,37,85,98,0,0,8,46,36,49,64,48,0,0,53,75,67,25,55,54,0,0,33,81,68,0,0,2,41,22,23,56,74,0,0,65,66,71,35,34,24,0,0,82,88,90,32,20,1,0,0,59,99,96,94,0,0,69,31,70,30,51,0,0,95,100,91,44,14,97,0,0,72,39,4,0,0,26,12,80,29,78,9,50,0,0,57,15,43,87,13,0,0,5,61,16,93,6,0,0,28,76,77,3,79,0,0,27,52,62,11,63,10,0
0;pliki//100 lokacji//R101.txt;100;20;swap;3;3043;7698.402274008091;2434.4298131326173;1773.568386078;3490.4040747974736;5486.277474163995;1523.2087178188665;1376.1321353251908;2586.9366210199373;20;300167.2867;0,30,51,33,50,1,0,0,39,67,25,26,0,0,54,55,4,41,15,43,42,58,0,0,83,5,61,84,18,89,0,0,52,82,48,8,46,45,17,60,0,0,27,69,31,62,88,0,0,80,24,29,78,81,34,79,0,0,21,72,74,73,40,53,0,0,10,63,64,65,35,0,0,92,85,93,0,0,7,19,11,49,36,47,0,0,94,95,0,0,12,68,3,77,0,0,14,91,44,38,100,97,0,0,59,37,98,99,6,0,0,2,57,87,13,0,0,56,23,75,22,0,0,28,76,0,0,16,86,96,0,0,20,9,71,66,32,90,70,0
0;pliki//100 lokacji//R101.txt;100;20;swap;3;3044;7698.402274008091;2434.4298131326173;1773.568386078;3490.4040747974736;5459.64052772847;1533.286088026576;1348.8497925360223;2577.5046471658716;19;300162.9547;0,31,10,88,27,0,0,83,45,84,85,0,0,59,5,61,99,6,0,0,39,4,56,41,15,57,0,0,69,33,9,71,65,35,34,1,0,0,72,74,75,22,0,0,82,47,19,90,66,20,70,0,0,26,25,67,23,0,0,14,43,38,44,100,97,0,0,62,11,64,49,46,36,60,0,0,12,29,78,81,50,0,0,96,93,98,37,13,0,0,94,21,73,40,0,0,92,42,91,16,86,17,0,0,95,87,2,58,53,0,0,52,7,48,8,18,89,0,0,54,55,24,68,80,0,0,28,76,3,79,77,0,0,63,32,30,51,0
0;pliki//100 lokacji//R101.txt;100;20;invert;3;3042;7698.402274008091;2434.4298131326173;1773.568386078;3490.4040747974736;5974.9575029506095;1636.44406511563;1636.923482223911;2701.5899556110685;19;300055.0159;0,53,58,13,94,0,0,95,97,87,57,25,24,0,0,28,76,77,3,55,12,0,0,52,48,46,18,89,0,0,27,31,70,32,20,0,0,98,37,100,91,16,43,74,0,0,88,62,10,90,50,1,69,0,0,26,40,85,96,0,0,6,99,93,61,17,84,60,0,0,59,92,2,22,56,4,0,0,83,8,82,19,7,0,0,45,86,5,0,0,54,80,68,0,0,30,66,71,9,34,78,33,0,0,72,23,75,73,0,0,63,11,64,49,36,47,0,0,21,39,67,41,0,0,79,81,51,65,35,29,0,0,44,38,14,42,15,0
0;pliki//100 lokacji//R101.txt;100;20;invert;3;3043;7698.402274008091;2434.4298131326173;1773.568386078;3490.4040747974736;6060.072941668502;1702.3997001339837;1567.3979659563015;2790.2752755782167;20;300083.6529;0,53,58,13,97,89,0,0,27,31,70,32,20,24,0,0,28,76,77,3,55,12,0,0,18,84,91,100,37,93,96,6,0,0,94,87,40,26,0,0,1,52,88,48,46,17,60,0,0,69,62,10,90,50,0,0,95,98,61,16,43,74,56,0,0,21,73,22,41,4,25,54,0,0,59,0,0,9,65,35,34,78,68,80,0,0,72,75,23,57,2,0,0,99,85,92,0,0,83,45,8,36,49,7,0,0,30,66,71,51,0,0,39,67,0,0,82,47,19,11,64,63,0,0,5,86,0,0,29,79,81,33,0,0,44,38,14,42,15,0
0;pliki//100 lokacji//R101.txt;100;20;invert;3;3044;7698.402274008091;2434.4298131326173;1773.568386078;3490.4040747974736;6075.544562078145;1699.594820472505;1607.0931832227075;2768.8565583829322;19;300007.1721;0,53,58,13,97,89,0,0,27,31,70,32,20,24,0,0,28,76,77,3,55,12,0,0,94,87,40,26,0,0,6,96,93,37,100,91,17,60,18,0,0,52,88,48,46,84,0,0,69,1,62,10,90,50,0,0,95,98,61,16,43,74,0,0,99,85,57,25,0,0,59,92,2,22,56,21,0,0,4,39,67,41,0,0,30,66,71,9,34,78,33,0,0,45,86,5,0,0,54,80,68,0,0,63,11,64,49,36,47,0,0,72,23,75,73,0,0,83,8,82,19,7,0,0,79,81,51,65,35,29,0,0,44,38,14,42,15,0
0;pliki//100 lokacji//R101.txt;100;20;insert;3;3042;7698.402274008091;2434.4298131326173;1773.568386078;3490.4040747974736;5450.745039749279;1609.4082487402195;1186.2996989365363;2655.0370920725236;19;300047.2641;0,96,93,91,100,58,0,0,27,52,31,88,0,0,69,62,10,32,90,50,0,0,95,37,98,16,61,6,0,0,99,85,13,0,0,59,92,2,74,22,0,0,21,73,41,56,54,68,0,0,5,82,8,18,89,0,0,28,94,87,0,0,72,23,75,40,0,0,33,81,71,9,66,70,0,0,30,51,79,3,77,0,0,42,14,44,38,43,97,0,0,83,45,17,86,84,60,0,0,12,76,78,34,35,65,0,0,57,15,67,25,55,24,29,80,0,0,7,11,64,49,46,48,0,0,53,39,4,26,0,0,36,47,19,63,20,1,0
0;pliki//100 lokacji//R101.txt;100;20;insert;3;3043;7698.402274008091;2434.4298131326173;1773.568386078;3490.4040747974736;5450.745039749279;1609.4082487402195;1186.2996989365363;2655.0370920725236;19;300111.1357;0,96,93,91,100,58,0,0,27,52,31,88,0,0,69,62,10,32,90,50,0,0,95,37,98,16,61,6,0,0,99,85,13,0,0,59,92,2,74,22,0,0,21,73,41,56,54,68,0,0,5,82,8,18,89,0,0,28,94,87,0,0,72,23,75,40,0,0,33,81,71,9,66,70,0,0,30,51,79,3,77,0,0,42,14,44,38,43,97,0,0,83,45,17,86,84,60,0,0,12,76,78,34,35,65,0,0,57,15,67,25,55,24,29,80,0,0,7,11,64,49,46,48,0,0,53,39,4,26,0,0,36,47,19,63,20,1,0
0;pliki//100 lokacji//R101.txt;100;20;insert;3;3044;7698.402274008091;2434.4298131326173;1773.568386078;3490.4040747974736;5450.745039749279;1609.4082487402195;1186.2996989365363;2655.0370920725236;19;300016.7187;0,96,93,91,100,58,0,0,27,52,31,88,0,0,69,62,10,32,90,50,0,0,95,37,98,16,61,6,0,0,99,85,13,0,0,59,92,2,74,22,0,0,21,73,41,56,54,68,0,0,5,82,8,18,89,0,0,28,94,87,0,0,72,23,75,40,0,0,33,81,71,9,66,70,0,0,30,51,79,3,77,0,0,42,14,44,38,43,97,0,0,83,45,17,86,84,60,0,0,12,76,78,34,35,65,0,0,57,15,67,25,55,24,29,80,0,0,7,11,64,49,46,48,0,0,53,39,4,26,0,0,36,47,19,63,20,1,0
0;pliki//100 lokacji//R101.txt;100;30;swap;3;4042;7698.402274008091;2434.4298131326173;1773.568386078;3490.4040747974736;5459.966924727399;1510.2709554178373;1376.109318115232;2573.5866511943295;18;300081.7755;0,21,56,23,22,41,74,0,0,83,45,8,46,48,0,0,52,7,88,18,89,94,0,0,39,75,73,58,0,0,59,93,99,96,0,0,33,35,65,66,68,80,0,0,95,42,14,38,100,37,97,0,0,27,69,50,77,3,79,0,0,5,86,17,84,60,0,0,28,76,51,9,20,1,0,0,26,54,29,78,81,30,70,0,0,98,61,85,6,0,0,72,4,67,25,55,24,0,0,53,40,2,57,87,0,0,82,47,36,49,64,19,0,0,31,62,11,90,10,0,0,63,32,71,34,12,0,0,92,91,16,44,43,15,13,0
0;pliki//100 lokacji//R101.txt;100;30;swap;3;4043;7698.402274008091;2434.4298131326173;1773.568386078;3490.4040747974736;5530.991531506108;1552.3816261750499;1360.2967845927403;2618.3131207383176;20;300071.1989;0,73,22,41,72,58,0,0,63,64,11,48,0,0,2,15,43,57,87,13,0,0,65,35,34,79,3,77,0,0,92,86,16,91,0,0,52,7,47,19,90,10,0,0,42,14,38,44,97,0,0,27,31,62,88,0,0,68,24,29,78,81,50,0,0,69,33,9,51,20,1,0,0,12,54,55,25,4,26,0,0,83,45,17,61,84,60,0,0,21,40,53,0,0,59,95,94,0,0,30,71,66,32,70,0,0,18,82,8,46,36,49,89,0,0,75,67,39,0,0,28,76,80,56,23,74,0,0,98,37,100,85,6,0,0,99,93,5,96,0
0;pliki//100 lokacji//R101.txt;100;30;swap;3;4044;7698.402274008091;2434.4298131326173;1773.568386078;3490.4040747974736;5523.495357391686;1566.2432794632552;1316.2606377309198;2640.991440197511;19;300106.9265;0,82,47,45,8,13,0,0,96,99,85,6,0,0,5,83,18,0,0,31,70,30,69,0,0,87,42,100,44,38,91,0,0,12,29,79,3,77,0,0,28,76,33,81,78,34,35,0,0,94,95,2,73,40,0,0,54,67,23,56,0,0,39,75,72,0,0,27,20,66,64,49,36,0,0,51,65,71,9,50,1,0,0,92,86,16,61,84,60,0,0,52,7,19,48,46,17,89,0,0,68,24,80,0,0,88,62,11,63,90,32,10,0,0,53,21,22,74,55,25,4,0,0,59,98,14,43,15,0,0,26,41,57,97,37,93,58,0
0;pliki//100 lokacji//R101.txt;100;30;invert;3;4042;7698.402274008091;2434.4298131326173;1773.568386078;3490.4040747974736;6030.225769529226;1632.112089021054;1682.6326982930893;2715.4809822150833;19;300091.4086;0,53,58,13,97,89,0,0,27,31,70,32,20,24,0,0,28,76,77,3,55,12,0,0,94,87,40,26,0,0,18,84,91,100,37,93,96,6,0,0,1,52,88,48,46,17,60,0,0,69,62,10,90,0,0,30,66,71,35,9,51,0,0,4,25,54,80,68,0,0,21,74,22,41,2,0,0,73,75,23,56,72,0,0,99,85,95,0,0,59,92,98,61,16,43,57,0,0,50,33,81,34,78,79,0,0,42,14,44,5,0,0,83,45,86,38,15,0,0,82,47,49,36,8,0,0,7,19,11,64,63,65,29,0,0,39,67,0
0;pliki//100 lokacji//R101.txt;100;30;invert;3;4043;7698.402274008091;2434.4298131326173;1773.568386078;3490.4040747974736;6222.640834406688;1826.3208787658518;1522.4587835607635;2873.8611720800723;20;300040.4178;0,21,87,38,17,89,0,0,95,97,98,99,48,70,0,0,12,72,74,22,0,0,8,83,91,14,15,100,37,0,0,18,82,86,43,42,0,0,28,65,81,80,24,55,58,0,0,2,73,23,25,54,4,0,0,88,64,90,63,10,27,0,0,77,3,51,35,9,33,50,0,0,59,44,57,13,6,0,0,45,16,61,0,0,31,30,1,0,0,76,71,66,20,32,0,0,26,39,67,56,0,0,68,29,34,78,79,0,0,69,62,47,36,49,46,60,0,0,5,84,96,94,0,0,53,40,75,41,0,0,92,85,93,0,0,52,7,19,11,0
0;pliki//100 lokacji//R101.txt;100;30;invert;3;4044;7698.402274008091;2434.4298131326173;1773.568386078;3490.4040747974736;6171.554692671753;1800.415652125084;1463.2007222640023;2907.938318282667;20;300132.03;0,53,58,13,97,89,0,0,27,31,70,32,20,24,0,0,28,12,76,77,3,55,0,0,6,96,93,37,100,91,17,60,18,0,0,94,87,40,26,0,0,1,52,88,48,46,84,0,0,69,62,10,90,50,0,0,95,98,61,16,43,74,0,0,99,85,57,25,0,0,59,92,2,22,56,4,0,0,21,73,41,54,68,80,0,0,72,23,75,0,0,65,35,9,34,78,0,0,83,45,8,36,49,7,0,0,30,66,71,51,0,0,39,67,0,0,82,47,19,11,64,63,0,0,86,5,0,0,29,79,81,33,0,0,44,38,14,42,15,0
0;pliki//100 lokacji//R101.txt;100;30;insert;3;4042;7698.402274008091;2434.4298131326173;1773.568386078;3490.4040747974736;5450.745039749279;1609.4082487402195;1186.2996989365363;2655.0370920725236;19;300030.5293;0,96,93,91,100,58,0,0,27,52,31,88,0,0,69,62,10,32,90,50,0,0,95,37,98,16,61,6,0,0,99,85,13,0,0,59,92,2,74,22,0,0,21,73,41,56,54,68,0,0,5,82,8,18,89,0,0,28,94,87,0,0,72,23,75,40,0,0,33,81,71,9,66,70,0,0,30,51,79,3,77,0,0,42,14,44,38,43,97,0,0,83,45,17,86,84,60,0,0,12,76,78,34,35,65,0,0,57,15,67,25,55,24,29,80,0,0,7,11,64,49,46,48,0,0,53,39,4,26,0,0,36,47,19,63,20,1,0
0;pliki//100 lokacji//R101.txt;100;30;insert;3;4043;7698.402274008091;2434.4298131326173;1773.568386078;3490.4040747974736;5450.745039749279;1609.4082487402195;1186.2996989365363;2655.0370920725236;19;300053.0854;0,96,93,91,100,58,0,0,27,52,31,88,0,0,69,62,10,32,90,50,0,0,95,37,98,16,61,6,0,0,99,85,13,0,0,59,92,2,74,22,0,0,21,73,41,56,54,68,0,0,5,82,8,18,89,0,0,28,94,87,0,0,72,23,75,40,0,0,33,81,71,9,66,70,0,0,30,51,79,3,77,0,0,42,14,44,38,43,97,0,0,83,45,17,86,84,60,0,0,12,76,78,34,35,65,0,0,57,15,67,25,55,24,29,80,0,0,7,11,64,49,46,48,0,0,53,39,4,26,0,0,36,47,19,63,20,1,0
0;pliki//100 lokacji//R101.txt;100;30;insert;3;4044;7698.402274008091;2434.4298131326173;1773.568386078;3490.4040747974736;5450.745039749279;1609.4082487402195;1186.2996989365363;2655.0370920725236;19;300092.0263;0,96,93,91,100,58,0,0,27,52,31,88,0,0,69,62,10,32,90,50,0,0,95,37,98,16,61,6,0,0,99,85,13,0,0,59,92,2,74,22,0,0,21,73,41,56,54,68,0,0,5,82,8,18,89,0,0,28,94,87,0,0,72,23,75,40,0,0,33,81,71,9,66,70,0,0,30,51,79,3,77,0,0,42,14,44,38,43,97,0,0,83,45,17,86,84,60,0,0,12,76,78,34,35,65,0,0,57,15,67,25,55,24,29,80,0,0,7,11,64,49,46,48,0,0,53,39,4,26,0,0,36,47,19,63,20,1,0
0;pliki//100 lokacji//R101.txt;100;40;swap;3;5042;7698.402274008091;2434.4298131326173;1773.568386078;3490.4040747974736;5489.054603389453;1535.7848857286235;1369.5406318085313;2583.729085852299;19;300085.1436;0,83,45,8,89,0,0,18,82,47,48,0,0,53,12,81,33,50,0,0,98,16,85,6,0,0,31,88,36,46,17,60,0,0,94,13,21,73,40,0,0,59,61,84,99,87,0,0,95,42,14,44,100,0,0,27,69,70,30,78,29,24,54,0,0,57,41,75,72,58,0,0,51,9,34,68,80,0,0,28,76,77,3,79,0,0,52,11,64,49,19,7,0,0,2,74,22,56,55,25,39,0,0,96,5,93,37,97,0,0,62,63,90,32,10,0,0,23,67,4,26,0,0,35,65,71,66,20,1,0,0,92,91,86,38,43,15,0
0;pliki//100 lokacji//R101.txt;100;40;swap;3;5043;7698.402274008091;2434.4298131326173;1773.568386078;3490.4040747974736;5570.081491065282;1667.6183865705782;1142.871400974016;2759.5917035206876;22;300149.4874;0,76,77,0,0,69,31,70,30,0,0,14,44,100,37,0,0,72,15,43,57,0,0,27,33,51,66,32,0,0,88,62,11,63,90,10,0,0,96,97,13,0,0,65,71,35,34,68,0,0,39,67,56,74,0,0,53,58,2,99,84,17,45,89,0,0,52,19,64,49,36,0,0,12,54,29,78,79,3,0,0,60,5,61,16,0,0,59,94,0,0,95,42,87,40,0,0,85,93,6,0,0,21,23,75,22,41,0,0,28,26,73,4,55,25,24,80,0,0,83,47,48,8,46,0,0,50,81,9,20,1,0,0,82,7,18,0,0,92,98,86,38,91,0
0;pliki//100 lokacji//R101.txt;100;40;swap;3;5044;7698.402274008091;2434.4298131326173;1773.568386078;3490.4040747974736;5585.226175628184;1599.0646558625058;1329.8087920330167;2656.352727732661;21;300125.3962;0,21,73,40,0,0,52,7,47,8,0,0,59,5,0,0,99,85,91,96,0,0,69,31,70,30,51,1,0,0,81,78,34,29,24,68,80,0,0,42,86,16,84,0,0,62,11,64,63,90,32,10,0,0,76,77,79,3,50,0,0,55,67,23,37,100,92,0,0,12,28,0,0,14,44,61,93,6,0,0,2,57,87,13,0,0,95,15,43,38,97,0,0,53,58,56,74,0,0,27,18,82,36,46,45,17,60,0,0,89,83,98,94,0,0,39,25,4,54,26,0,0,72,41,75,22,0,0,33,9,35,71,65,66,20,0,0,88,19,49,48,0
0;pliki//100 lokacji//R101.txt;100;40;invert;3;5042;7698.402274008091;2434.4298131326173;1773.568386078;3490.4040747974736;6146.006754584723;1704.9257205089232;1666.5290082492738;2774.5520258265256;19;300022.9525;0,5,85,92,0,0,79,33,66,35,3,0,0,29,71,34,24,68,77,0,0,31,64,19,46,48,0,0,21,22,41,23,56,74,0,0,87,15,38,96,0,0,39,67,55,0,0,94,99,84,45,8,83,0,0,42,43,14,37,91,61,17,60,0,0,69,70,20,9,81,50,1,0,0,28,40,13,6,18,89,0,0,88,62,10,90,11,36,47,0,0,26,75,25,54,80,12,0,0,93,98,16,100,97,0,0,2,57,73,72,4,0,0,7,82,49,63,32,52,0,0,59,58,53,0,0,27,30,51,65,78,76,0,0,95,44,86,0
0;pliki//100 lokacji//R101.txt;100;40;invert;3;5043;7698.402274008091;2434.4298131326173;1773.568386078;3490.4040747974736;6167.18527154573;1730.2979595483193;1636.949784747576;2799.937527249835;20;300250.3829;0,53,58,13,97,89,0,0,27,31,70,32,20,24,0,0,28,76,77,3,55,12,0,0,94,87,40,26,0,0,1,52,88,48,46,18,0,0,6,96,93,37,100,91,17,84,60,0,0,69,62,10,90,50,0,0,95,98,61,16,43,74,0,0,99,85,92,57,25,0,0,59,5,0,0,21,73,22,41,2,0,0,68,80,54,4,56,0,0,83,8,82,49,19,7,0,0,72,23,75,0,0,51,9,35,71,65,66,0,0,44,38,86,0,0,14,42,15,0,0,39,67,0,0,45,47,36,64,11,63,30,0,0,33,81,34,78,79,29,0
0;pliki//100 lokacji//R101.txt;100;40;invert;3;5044;7698.402274008091;2434.4298131326173;1773.568386078;3490.4040747974736;6170.584227178137;1759.6881659985029;1562.5358737093484;2848.360187470285;20;300153.7053;0,53,58,13,97,89,0,0,27,31,70,32,20,24,0,0,28,76,77,3,55,12,0,0,18,84,91,100,37,93,96,6,0,0,1,52,88,48,46,17,60,0,0,94,87,40,26,0,0,69,62,10,90,50,0,0,95,98,61,16,43,74,56,0,0,99,85,57,0,0,21,73,22,41,2,0,0,4,25,54,80,68,0,0,59,92,5,0,0,83,8,82,7,19,49,0,0,30,66,71,9,35,34,78,0,0,72,23,75,0,0,33,79,81,51,0,0,39,67,0,0,44,38,86,0,0,14,42,15,0,0,45,47,36,64,11,63,65,29,0
0;pliki//100 lokacji//R101.txt;100;40;insert;3;5042;7698.402274008091;2434.4298131326173;1773.568386078;3490.4040747974736;5415.275033145166;1610.1795418381605;1142.1264531983543;2662.969038108651;19;300022.5012;0,28,76,3,77,0,0,96,93,91,100,58,0,0,69,88,62,10,32,90,50,0,0,95,37,98,16,61,6,0,0,99,85,13,0,0,59,92,2,74,22,56,0,0,21,73,41,54,68,80,0,0,5,82,8,18,89,0,0,94,87,0,0,72,23,75,40,0,0,33,81,71,9,66,70,0,0,27,52,31,30,51,0,0,42,14,44,38,43,97,0,0,83,45,17,86,84,60,0,0,12,29,78,79,34,35,65,0,0,57,15,67,25,55,24,0,0,7,11,64,49,46,48,0,0,53,39,4,26,0,0,36,47,19,63,20,1,0
0;pliki//100 lokacji//R101.txt;100;40;insert;3;5043;7698.402274008091;2434.4298131326173;1773.568386078;3490.4040747974736;5415.275033145166;1610.1795418381605;1142.1264531983543;2662.969038108651;19;300100.8151;0,28,76,3,77,0,0,96,93,91,100,58,0,0,69,88,62,10,32,90,50,0,0,95,37,98,16,61,6,0,0,99,85,13,0,0,59,92,2,74,22,56,0,0,21,73,41,54,68,80,0,0,5,82,8,18,89,0,0,94,87,0,0,72,23,75,40,0,0,33,81,71,9,66,70,0,0,27,52,31,30,51,0,0,42,14,44,38,43,97,0,0,83,45,17,86,84,60,0,0,12,29,78,79,34,35,65,0,0,57,15,67,25,55,24,0,0,7,11,64,49,46,48,0,0,53,39,4,26,0,0,36,47,19,63,20,1,0
0;pliki//100 lokacji//R101.txt;100;40;insert;3;5044;7698.402274008091;2434.4298131326173;1773.568386078;3490.4040747974736;5415.275033145166;1610.1795418381605;1142.1264531983543;2662.969038108651;19;300119.1474;0,28,76,3,77,0,0,96,93,91,100,58,0,0,69,88,62,10,32,90,50,0,0,95,37,98,16,61,6,0,0,99,85,13,0,0,59,92,2,74,22,56,0,0,21,73,41,54,68,80,0,0,5,82,8,18,89,0,0,94,87,0,0,72,23,75,40,0,0,33,81,71,9,66,70,0,0,27,52,31,30,51,0,0,42,14,44,38,43,97,0,0,83,45,17,86,84,60,0,0,12,29,78,79,34,35,65,0,0,57,15,67,25,55,24,0,0,7,11,64,49,46,48,0,0,53,39,4,26,0,0,36,47,19,63,20,1,0
0;pliki//100 lokacji//R101.txt;100;50;swap;3;6042;7698.402274008091;2434.4298131326173;1773.568386078;3490.4040747974736;5548.748555496433;1581.3565247561826;1317.3940422024825;2649.997988537768;20;300086.7666;0,65,71,35,9,34,0,0,61,16,91,85,0,0,59,99,96,94,0,0,28,76,77,26,0,0,88,90,63,10,70,0,0,95,86,83,18,0,0,27,69,30,51,50,0,0,40,58,13,93,17,60,0,0,62,11,64,49,36,89,0,0,72,75,4,25,55,54,0,0,92,37,100,98,84,5,6,0,0,42,14,44,38,43,97,0,0,21,39,56,22,53,0,0,12,68,29,24,80,0,0,31,32,66,20,1,0,0,33,81,78,79,3,0,0,2,73,74,41,23,67,0,0,15,57,87,0,0,45,47,19,0,0,52,7,82,48,8,46,0
0;pliki//100 lokacji//R101.txt;100;50;swap;3;6043;7698.402274008091;2434.4298131326173;1773.568386078;3490.4040747974736;5564.128327168786;1635.525621107388;1228.357525945202;2700.245180116196;22;300010.4065;0,33,81,76,0,0,82,47,48,18,0,0,12,80,24,29,0,0,51,9,50,0,0,62,90,32,30,70,0,0,4,39,75,0,0,35,65,71,66,20,1,0,0,42,15,41,22,0,0,55,25,67,23,56,74,0,0,2,57,87,0,0,27,69,31,88,0,0,28,79,78,34,54,26,0,0,86,14,43,0,0,99,85,100,96,0,0,63,64,36,46,89,0,0,13,97,37,93,58,0,0,53,72,21,73,40,0,0,59,61,91,44,38,0,0,52,7,19,49,11,10,0,0,94,95,92,98,16,6,0,0,83,45,8,17,84,5,60,0,0,3,77,68,0
0;pliki//100 lokacji//R101.txt;100;50;swap;3;6044;7698.402274008091;2434.4298131326173;1773.568386078;3490.4040747974736;5448.110627436585;1559.826903204279;1279.9267228640226;2608.357001368283;20;300146.6527;0,5,60,96,94,0,0,42,100,44,38,14,43,0,0,12,77,29,78,81,33,0,0,83,45,8,0,0,65,71,66,30,70,1,0,0,52,7,47,49,36,46,0,0,89,84,17,86,91,97,0,0,92,61,16,85,0,0,28,76,3,79,0,0,4,25,54,68,0,0,31,88,62,90,20,32,0,0,59,93,37,98,99,6,0,0,82,48,18,0,0,39,67,41,56,55,24,80,0,0,27,69,51,9,35,34,50,0,0,95,15,57,87,13,0,0,21,72,74,73,40,0,0,19,11,64,63,10,0,0,26,23,75,22,0,0,2,58,53,0
0;pliki//100 lokacji//R101.txt;100;50;invert;3;6042;7698.402274008091;2434.4298131326173;1773.568386078;3490.4040747974736;6277.188601193986;1737.9790068020836;1725.215035964589;2813.9945584273137;19;300076.6804;0,26,12,25,56,43,13,0,0,50,3,34,29,68,80,0,0,30,32,71,65,35,78,0,0,53,44,86,0,0,62,19,64,36,47,82,0,0,85,57,73,58,0,0,27,31,51,33,0,0,83,45,17,84,16,14,91,37,92,0,0,2,95,99,60,48,1,0,0,40,72,4,54,0,0,52,88,7,8,18,89,0,0,41,23,67,55,24,77,0,0,6,5,96,94,0,0,81,9,66,20,90,10,70,0,0,42,15,38,100,98,93,0,0,39,75,22,74,0,0,28,76,79,63,69,0,0,59,97,61,46,49,11,0,0,21,87,0
0;pliki//100 lokacji//R101.txt;100;50;invert;3;6043;7698.402274008091;2434.4298131326173;1773.568386078;3490.4040747974736;6195.603653375894;1802.9713867201742;1496.336155873347;2896.2961107823735;20;300014.3414;0,53,58,13,97,89,0,0,27,31,70,32,20,24,0,0,28,12,76,77,3,55,0,0,94,87,40,26,0,0,52,88,48,46,18,0,0,6,96,93,37,100,91,17,84,60,0,0,69,1,62,10,90,50,0,0,95,98,61,16,43,74,0,0,99,85,57,25,0,0,59,92,2,22,56,4,0,0,21,73,41,54,68,80,0,0,82,49,8,5,0,0,42,14,44,38,15,0,0,30,66,71,9,51,0,0,47,36,19,7,0,0,83,45,86,0,0,79,78,34,35,65,63,64,11,0,0,39,67,0,0,72,23,75,0,0,33,81,29,0
0;pliki//100 lokacji//R101.txt;100;50;invert;3;6044;7698.402274008091;2434.4298131326173;1773.568386078;3490.4040747974736;6167.181454125628;1766.8974857833457;1512.1936355788857;2888.0903327633964;20;300011.091;0,53,58,13,97,89,0,0,27,31,70,32,20,24,0,0,28,12,76,77,3,55,0,0,1,52,88,48,46,18,0,0,94,87,40,26,0,0,6,96,93,37,100,91,17,84,60,0,0,69,62,10,90,50,0,0,95,98,61,16,43,74,0,0,99,85,57,25,0,0,59,92,2,22,56,4,0,0,21,73,41,54,68,80,0,0,5,83,0,0,82,47,36,49,19,7,0,0,79,78,34,35,51,30,0,0,72,23,75,0,0,33,81,29,0,0,42,14,44,38,15,0,0,8,45,86,0,0,9,71,65,66,63,64,11,0,0,39,67,0
0;pliki//100 lokacji//R101.txt;100;50;insert;3;6042;7698.402274008091;2434.4298131326173;1773.568386078;3490.4040747974736;5415.275033145166;1610.1795418381605;1142.1264531983543;2662.969038108651;19;300024.2437;0,28,76,3,77,0,0,96,93,91,100,58,0,0,69,88,62,10,32,90,50,0,0,95,37,98,16,61,6,0,0,99,85,13,0,0,59,92,2,74,22,56,0,0,21,73,41,54,68,80,0,0,5,82,8,18,89,0,0,94,87,0,0,72,23,75,40,0,0,33,81,71,9,66,70,0,0,27,52,31,30,51,0,0,42,14,44,38,43,97,0,0,83,45,17,86,84,60,0,0,12,29,78,79,34,35,65,0,0,57,15,67,25,55,24,0,0,7,11,64,49,46,48,0,0,53,39,4,26,0,0,36,47,19,63,20,1,0
0;pliki//100 lokacji//R101.txt;100;50;insert;3;6043;7698.402274008091;2434.4298131326173;1773.568386078;3490.4040747974736;5415.275033145166;1610.1795418381605;1142.1264531983543;2662.969038108651;19;300012.7342;0,28,76,3,77,0,0,96,93,91,100,58,0,0,69,88,62,10,32,90,50,0,0,95,37,98,16,61,6,0,0,99,85,13,0,0,59,92,2,74,22,56,0,0,21,73,41,54,68,80,0,0,5,82,8,18,89,0,0,94,87,0,0,72,23,75,40,0,0,33,81,71,9,66,70,0,0,27,52,31,30,51,0,0,42,14,44,38,43,97,0,0,83,45,17,86,84,60,0,0,12,29,78,79,34,35,65,0,0,57,15,67,25,55,24,0,0,7,11,64,49,46,48,0,0,53,39,4,26,0,0,36,47,19,63,20,1,0
0;pliki//100 lokacji//R101.txt;100;50;insert;3;6044;7698.402274008091;2434.4298131326173;1773.568386078;3490.4040747974736;5415.275033145166;1610.1795418381605;1142.1264531983543;2662.969038108651;19;300014.252;0,28,76,3,77,0,0,96,93,91,100,58,0,0,69,88,62,10,32,90,50,0,0,95,37,98,16,61,6,0,0,99,85,13,0,0,59,92,2,74,22,56,0,0,21,73,41,54,68,80,0,0,5,82,8,18,89,0,0,94,87,0,0,72,23,75,40,0,0,33,81,71,9,66,70,0,0,27,52,31,30,51,0,0,42,14,44,38,43,97,0,0,83,45,17,86,84,60,0,0,12,29,78,79,34,35,65,0,0,57,15,67,25,55,24,0,0,7,11,64,49,46,48,0,0,53,39,4,26,0,0,36,47,19,63,20,1,0
0;pliki//100 lokacji//R101.txt;150;10;swap;3;2542;7698.402274008091;2434.4298131326173;1773.568386078;3490.4040747974736;5599.440050839487;1577.4850807300936;1360.8011410261677;2661.153829083226;19;300036.5759;0,21,73,43,14,100,37,89,0,0,28,68,80,0,0,53,2,74,22,41,0,0,83,45,49,36,46,17,5,0,0,12,24,29,51,30,70,1,0,0,69,20,66,9,81,33,0,0,59,95,94,0,0,98,85,13,0,0,82,8,84,93,99,0,0,39,75,57,15,42,97,0,0,27,31,62,11,88,0,0,76,77,78,79,3,50,0,0,63,64,90,32,10,18,60,0,0,52,7,47,19,48,0,0,92,61,16,86,38,0,0,6,96,91,44,87,0,0,56,23,67,25,55,26,0,0,40,72,54,4,58,0,0,65,71,35,34,0
0;pliki//100 lokacji//R101.txt;150;10;swap;3;2543;7698.402274008091;2434.4298131326173;1773.568386078;3490.4040747974736;5568.754891467183;1495.0812241840115;1504.971922696886;2568.7017445862857;19;300099.9542;0,82,47,48,18,0,0,30,90,32,10,70,1,0,0,56,23,67,25,55,26,0,0,21,73,43,97,95,0,0,39,75,22,41,0,0,52,88,62,11,19,7,0,0,5,8,46,36,49,64,63,0,0,53,58,40,6,91,37,94,0,0,12,68,29,77,0,0,28,76,80,54,24,4,0,0,92,85,93,0,0,13,42,98,16,61,0,0,72,74,2,87,0,0,59,99,96,89,0,0,83,45,17,86,84,60,0,0,50,33,81,9,66,20,0,0,51,65,71,35,34,78,79,3,0,0,57,15,44,38,14,100,0,0,27,69,31,0
0;pliki//100 lokacji//R101.txt;150;10;swap;3;2544;7698.402274008091;2434.4298131326173;1773.568386078;3490.4040747974736;5590.585677738865;1579.1161336786108;1375.9990844120157;2635.4704596482393;20;300029.0219;0,71,65,51,0,0,83,45,46,36,47,48,0,0,6,61,86,87,0,0,28,33,81,79,0,0,94,95,2,53,0,0,40,21,67,25,55,4,80,0,0,27,69,10,30,70,0,0,50,9,35,34,78,3,77,0,0,99,16,85,0,0,5,91,98,100,37,13,0,0,42,14,44,38,43,97,0,0,52,7,82,8,18,89,0,0,60,84,96,17,93,59,0,0,31,88,0,0,73,23,39,56,74,0,0,62,90,32,66,20,1,0,0,63,11,64,49,19,0,0,26,12,76,0,0,92,15,57,54,24,29,68,0,0,72,75,22,41,58,0
0;pliki//100 lokacji//R101.txt;150;10;invert;3;2542;7698.402274008091;2434.4298131326173;1773.568386078;3490.4040747974736;5704.490677132544;1438.2718159399553;1790.1925196465447;2476.0263415460436;19;300018.2037;0,53,58,13,94,0,0,28,76,77,3,55,12,0,0,33,81,34,78,79,29,24,0,0,26,40,87,97,0,0,18,8,46,45,83,89,0,0,31,70,50,1,69,27,0,0,5,61,91,16,17,84,60,0,0,52,82,48,19,11,0,0,95,37,100,98,93,96,6,0,0,25,67,39,74,73,0,0,88,62,10,90,32,20,0,0,56,23,75,22,41,0,0,7,47,36,49,64,63,30,0,0,2,57,15,43,38,14,42,0,0,72,21,0,0,51,9,35,71,65,66,0,0,92,44,86,99,0,0,68,80,54,4,0,0,59,85,0
0;pliki//100 lokacji//R101.txt;150;10;invert;3;2543;7698.402274008091;2434.4298131326173;1773.568386078;3490.4040747974736;5808.187484966718;1542.0133226063456;1661.1877718573398;2604.9863905030334;19;300012.8217;0,53,58,13,97,89,0,0,27,31,70,32,20,24,0,0,52,82,48,8,18,0,0,94,87,40,26,0,0,95,98,37,100,91,43,0,0,68,80,54,55,25,4,0,0,88,10,90,50,1,69,0,0,62,11,19,46,45,83,0,0,28,76,3,77,12,0,0,6,93,61,16,17,84,60,0,0,96,99,85,0,0,39,67,56,74,0,0,51,9,35,71,65,66,0,0,5,86,57,0,0,21,73,22,41,2,92,59,0,0,7,47,36,49,64,63,30,0,0,72,23,75,0,0,33,81,34,78,79,29,0,0,44,38,14,42,15,0
0;pliki//100 lokacji//R101.txt;150;10;invert;3;2544;7698.402274008091;2434.4298131326173;1773.568386078;3490.4040747974736;5948.670239144829;1595.6277601640884;1702.2379336499312;2650.80454533081;19;300008.262;0,53,58,13,97,89,0,0,27,31,70,32,20,24,0,0,28,76,77,3,55,12,0,0,62,10,90,50,1,69,0,0,6,96,93,61,16,17,84,60,0,0,95,87,40,26,0,0,52,88,7,49,46,48,0,0,4,25,54,80,68,0,0,5,8,82,18,0,0,94,98,37,100,91,43,57,0,0,99,85,0,0,21,73,22,41,2,92,59,0,0,39,67,56,74,0,0,83,45,86,0,0,47,36,19,11,64,63,30,0,0,51,9,35,71,65,66,0,0,72,23,75,0,0,33,81,34,78,79,29,0,0,44,38,14,42,15,0
0;pliki//100 lokacji//R101.txt;150;10;insert;3;2542;7698.402274008091;2434.4298131326173;1773.568386078;3490.4040747974736;5469.506374611082;1603.0064726862802;1202.2665590070114;2664.23334291779;19;300039.5626;0,96,93,91,100,58,0,0,27,52,31,88,0,0,69,62,10,32,90,50,0,0,95,37,98,16,61,6,0,0,99,85,13,0,0,59,92,2,22,56,0,0,73,74,41,54,68,80,0,0,5,82,48,8,0,0,28,94,87,0,0,72,21,40,53,0,0,33,81,71,9,66,70,0,0,30,51,79,3,77,0,0,42,14,44,38,43,97,0,0,83,45,17,86,84,60,0,0,12,76,29,78,34,35,65,0,0,57,15,23,67,25,55,24,0,0,7,11,64,49,46,18,89,0,0,4,39,75,26,0,0,36,47,19,63,20,1,0
0;pliki//100 lokacji//R101.txt;150;10;insert;3;2543;7698.402274008091;2434.4298131326173;1773.568386078;3490.4040747974736;5469.506374611082;1603.0064726862802;1202.2665590070114;2664.23334291779;19;300027.3109;0,96,93,91,100,58,0,0,27,52,31,88,0,0,69,62,10,32,90,50,0,0,95,37,98,16,61,6,0,0,99,85,13,0,0,59,92,2,22,56,0,0,73,74,41,54,68,80,0,0,5,82,48,8,0,0,28,94,87,0,0,72,21,40,53,0,0,33,81,71,9,66,70,0,0,30,51,79,3,77,0,0,42,14,44,38,43,97,0,0,83,45,17,86,84,60,0,0,12,76,29,78,34,35,65,0,0,57,15,23,67,25,55,24,0,0,7,11,64,49,46,18,89,0,0,4,39,75,26,0,0,36,47,19,63,20,1,0
0;pliki//100 lokacji//R101.txt;150;10;insert;3;2544;7698.402274008091;2434.4298131326173;1773.568386078;3490.4040747974736;5469.506374611082;1603.0064726862802;1202.2665590070114;2664.23334291779;19;300026.4306;0,96,93,91,100,58,0,0,27,52,31,88,0,0,69,62,10,32,90,50,0,0,95,37,98,16,61,6,0,0,99,85,13,0,0,59,92,2,22,56,0,0,73,74,41,54,68,80,0,0,5,82,48,8,0,0,28,94,87,0,0,72,21,40,53,0,0,33,81,71,9,66,70,0,0,30,51,79,3,77,0,0,42,14,44,38,43,97,0,0,83,45,17,86,84,60,0,0,12,76,29,78,34,35,65,0,0,57,15,23,67,25,55,24,0,0,7,11,64,49,46,18,89,0,0,4,39,75,26,0,0,36,47,19,63,20,1,0
0;pliki//100 lokacji//R101.txt;150;20;swap;3;3542;7698.402274008091;2434.4298131326173;1773.568386078;3490.4040747974736;5561.218568798249;1644.7052863955262;1230.717320366409;2685.7959620363144;21;300075.9994;0,95,13,57,97,84,17,45,60,0,0,6,61,16,86,0,0,72,21,40,53,0,0,89,83,82,48,18,0,0,87,15,43,38,96,0,0,26,54,55,25,24,80,0,0,23,67,56,0,0,52,7,88,0,0,33,9,71,65,66,1,0,0,47,46,8,5,91,100,37,92,0,0,42,44,85,0,0,30,90,32,20,0,0,12,29,78,35,34,68,0,0,62,19,11,63,10,0,0,58,2,73,22,41,0,0,28,76,3,79,77,0,0,27,64,49,36,0,0,14,98,93,99,0,0,59,94,0,0,69,31,70,51,81,50,0,0,4,39,75,74,0
0;pliki//100 lokacji//R101.txt;150;20;swap;3;3543;7698.402274008091;2434.4298131326173;1773.568386078;3490.4040747974736;5387.976784136309;1538.9599727123937;1253.4251152431016;2595.591696180814;20;300149.1901;0,69,30,66,20,51,1,0,0,27,31,88,0,0,38,86,16,84,60,0,0,33,9,35,71,65,50,0,0,52,7,82,46,36,49,64,70,0,0,62,11,63,90,32,10,0,0,59,37,98,99,83,0,0,14,44,61,5,0,0,12,26,0,0,95,42,43,57,87,0,0,53,40,4,55,54,0,0,19,47,48,18,0,0,39,25,67,56,0,0,72,23,75,74,0,0,96,100,91,93,92,0,0,45,8,17,85,6,0,0,21,73,22,41,15,97,89,0,0,28,76,77,3,79,0,0,24,29,81,78,34,68,80,0,0,94,13,2,58,0
0;pliki//100 lokacji//R101.txt;150;20;swap;3;3544;7698.402274008091;2434.4298131326173;1773.568386078;3490.4040747974736;5531.179405793768;1609.867058091893;1248.7860821776756;2672.5262655241986;21;300104.6233;0,54,29,78,9,34,24,80,0,0,7,11,19,47,36,46,45,17,60,0,0,3,77,68,0,0,27,52,31,0,0,16,86,91,0,0,63,64,49,83,5,0,0,76,79,81,33,50,0,0,28,30,90,20,1,0,0,85,84,89,0,0,12,26,0,0,13,87,0,0,51,35,71,65,66,32,0,0,21,72,75,15,43,42,97,0,0,2,23,67,55,4,0,0,53,40,73,22,41,74,58,0,0,18,82,48,8,0,0,14,38,44,100,0,0,69,70,10,62,88,0,0,92,95,37,57,56,39,25,0,0,94,6,93,96,0,0,59,61,98,99,0
0;pliki//100 lokacji//R101.txt;150;20;invert;3;3542;7698.402274008091;2434.4298131326173;1773.568386078;3490.4040747974736;5920.906298842872;1530.2444891006714;1832.2623757535816;2558.3994339886194;19;300103.069;0,68,29,35,81,0,0,98,44,38,84,5,0,0,53,74,55,24,80,12,28,0,0,59,93,99,6,0,0,39,67,22,0,0,27,76,77,3,79,0,0,58,2,57,15,87,0,0,11,64,36,46,47,48,7,0,0,83,61,91,14,100,97,95,0,0,69,70,32,66,20,30,1,0,0,94,13,0,0,31,10,62,88,0,0,50,51,9,71,65,34,78,33,0,0,21,73,72,41,75,56,25,0,0,52,82,19,49,63,90,0,0,40,23,4,54,26,0,0,92,37,16,85,0,0,8,45,17,86,43,42,0,0,89,18,60,96,0
0;pliki//100 lokacji//R101.txt;150;20;invert;3;3543;7698.402274008091;2434.4298131326173;1773.568386078;3490.4040747974736;6028.539891425076;1622.8994476001772;1746.0699051285796;2659.5705386963195;19;300098.9642;0,50,71,9,34,79,33,0,0,59,37,100,98,97,89,0,0,88,31,30,66,63,64,0,0,18,17,86,38,15,0,0,26,2,57,41,74,75,56,4,0,0,12,77,3,76,0,0,14,91,16,61,5,0,0,39,67,40,0,0,27,62,11,19,82,0,0,28,10,90,32,1,0,0,21,23,73,53,0,0,94,95,92,99,96,0,0,85,93,0,0,45,47,36,49,7,52,0,0,13,42,43,87,0,0,69,29,24,25,55,54,80,68,0,0,6,60,83,84,8,46,48,0,0,81,78,35,65,20,51,70,0,0,44,22,72,58,0
0;pliki//100 lokacji//R101.txt;150;20;invert;3;3544;7698.402274008091;2434.4298131326173;1773.568386078;3490.4040747974736;5986.140561062497;1630.1302526796346;1659.953943944166;2696.0563644386966;19;300114.8022;0,53,58,13,97,89,0,0,27,31,70,32,20,24,0,0,28,76,77,3,55,12,0,0,94,87,40,26,0,0,52,48,46,18,0,0,95,98,37,100,91,17,84,60,0,0,88,62,10,90,50,1,69,0,0,6,96,93,61,16,43,74,0,0,99,85,0,0,21,73,22,41,2,92,59,0,0,4,25,54,80,68,0,0,30,66,71,9,34,78,33,0,0,83,8,82,19,7,0,0,72,75,23,57,0,0,63,11,64,49,36,47,0,0,39,67,56,0,0,45,86,5,0,0,79,81,51,65,35,29,0,0,44,38,14,42,15,0
0;pliki//100 lokacji//R101.txt;150;20;insert;3;3542;7698.402274008091;2434.4298131326173;1773.568386078;3490.4040747974736;5450.745039749279;1609.4082487402195;1186.2996989365363;2655.0370920725236;19;300119.5322;0,96,93,91,100,58,0,0,27,52,31,88,0,0,69,62,10,32,90,50,0,0,95,37,98,16,61,6,0,0,99,85,13,0,0,59,92,2,74,22,0,0,21,73,41,56,54,68,0,0,5,82,8,18,89,0,0,28,94,87,0,0,72,23,75,40,0,0,33,81,71,9,66,70,0,0,30,51,79,3,77,0,0,42,14,44,38,43,97,0,0,83,45,17,86,84,60,0,0,12,76,78,34,35,65,0,0,57,15,67,25,55,24,29,80,0,0,7,11,64,49,46,48,0,0,53,39,4,26,0,0,36,47,19,63,20,1,0
0;pliki//100 lokacji//R101.txt;150;20;insert;3;3543;7698.402274008091;2434.4298131326173;1773.568386078;3490.4040747974736;5450.745039749279;1609.4082487402195;1186.2996989365363;2655.0370920725236;19;300041.4559;0,96,93,91,100,58,0,0,27,52,31,88,0,0,69,62,10,32,90,50,0,0,95,37,98,16,61,6,0,0,99,85,13,0,0,59,92,2,74,22,0,0,21,73,41,56,54,68,0,0,5,82,8,18,89,0,0,28,94,87,0,0,72,23,75,40,0,0,33,81,71,9,66,70,0,0,30,51,79,3,77,0,0,42,14,44,38,43,97,0,0,83,45,17,86,84,60,0,0,12,76,78,34,35,65,0,0,57,15,67,25,55,24,29,80,0,0,7,11,64,49,46,48,0,0,53,39,4,26,0,0,36,47,19,63,20,1,0
0;pliki//100 lokacji//R101.txt;150;20;insert;3;3544;7698.402274008091;2434.4298131326173;1773.568386078;3490.4040747974736;5450.745039749279;1609.4082487402195;1186.2996989365363;2655.0370920725236;19;300050.9122;0,96,93,91,100,58,0,0,27,52,31,88,0,0,69,62,10,32,90,50,0,0,95,37,98,16,61,6,0,0,99,85,13,0,0,59,92,2,74,22,0,0,21,73,41,56,54,68,0,0,5,82,8,18,89,0,0,28,94,87,0,0,72,23,75,40,0,0,33,81,71,9,66,70,0,0,30,51,79,3,77,0,0,42,14,44,38,43,97,0,0,83,45,17,86,84,60,0,0,12,76,78,34,35,65,0,0,57,15,67,25,55,24,29,80,0,0,7,11,64,49,46,48,0,0,53,39,4,26,0,0,36,47,19,63,20,1,0
0;pliki//100 lokacji//R101.txt;150;30;swap;3;4542;7698.402274008091;2434.4298131326173;1773.568386078;3490.4040747974736;5547.55009972743;1572.08544731192;1335.1954485144265;2640.269203901083;20;300092.7111;0,79,77,3,0,0,92,100,14,43,15,42,97,89,0,0,83,44,38,91,37,93,17,60,0,0,88,7,82,47,36,46,48,0,0,52,10,90,20,1,0,0,63,62,19,49,64,11,0,0,56,23,67,55,25,24,80,0,0,21,39,4,54,0,0,28,76,81,33,0,0,12,29,78,9,50,0,0,30,71,65,66,32,70,0,0,59,85,0,0,58,2,57,87,13,0,0,53,22,41,26,0,0,51,35,34,68,0,0,5,45,8,18,0,0,94,95,96,98,99,0,0,6,61,16,86,84,0,0,72,75,74,73,40,0,0,27,69,31,0
0;pliki//100 lokacji//R101.txt;150;30;swap;3;4543;7698.402274008091;2434.4298131326173;1773.568386078;3490.4040747974736;5597.6152423970725;1588.2847463735543;1343.2535703079266;2666.076925715592;20;300022.2948;0,59,99,94,0,0,52,7,19,49,64,63,10,0,0,28,0,0,27,88,62,66,65,35,0,0,40,21,74,23,56,4,25,0,0,98,85,84,83,0,0,26,80,20,32,11,36,47,0,0,39,67,55,54,0,0,95,42,53,0,0,57,15,38,86,97,0,0,12,77,3,76,0,0,18,82,48,8,46,45,17,60,0,0,5,61,16,6,0,0,72,75,22,41,43,37,0,0,33,81,9,71,90,70,1,0,0,96,93,89,0,0,14,44,91,100,13,0,0,68,24,29,78,79,34,0,0,92,87,2,73,58,0,0,69,31,30,51,50,0
0;pliki//100 lokacji//R101.txt;150;30;swap;3;4544;7698.402274008091;2434.4298131326173;1773.568386078;3490.4040747974736;5477.471591732818;1520.1887734132763;1361.3787799253814;2595.90403839416;20;300028.6883;0,9,35,34,24,68,0,0,59,5,93,6,0,0,27,31,88,0,0,53,40,21,73,72,0,0,98,16,86,61,0,0,12,80,29,78,79,3,50,0,0,58,2,94,13,0,0,76,77,33,81,51,0,0,69,65,71,66,20,1,0,0,47,49,36,46,45,89,0,0,7,19,62,10,0,0,95,42,15,57,87,91,17,84,60,0,0,96,99,44,38,100,37,97,0,0,74,75,67,23,0,0,26,54,55,25,0,0,83,8,82,48,18,0,0,4,39,56,22,41,0,0,92,85,14,43,0,0,52,11,64,90,63,32,30,70,0,0,28,0
0;pliki//100 lokacji//R101.txt;150;30;invert;3;4542;7698.402274008091;2434.4298131326173;1773.568386078;3490.4040747974736;6178.338899941473;1776.5121844113212;1522.1372855330803;2879.689429997072;19;300007.5207;0,53,58,13,97,89,0,0,27,31,70,32,20,24,0,0,28,76,77,3,55,12,0,0,1,52,88,48,46,18,0,0,6,96,93,37,100,91,17,84,60,0,0,94,87,40,26,0,0,69,62,10,90,50,0,0,95,98,61,16,43,74,0,0,99,85,57,25,0,0,59,92,2,22,56,4,0,0,21,73,41,54,80,68,0,0,5,8,82,49,35,0,0,83,45,86,0,0,63,64,11,19,36,47,7,0,0,39,67,0,0,72,23,75,0,0,42,14,44,38,15,0,0,33,81,34,78,79,29,0,0,51,9,71,65,66,30,0
0;pliki//100 lokacji//R101.txt;150;30;invert;3;4543;7698.402274008091;2434.4298131326173;1773.568386078;3490.4040747974736;5907.280091279676;1554.38921556095;1743.8583059558391;2609.0325697628864;19;300074.9371;0,93,85,0,0,26,54,67,25,55,24,3,0,0,60,83,5,61,16,6,0,0,52,47,11,63,1,0,0,2,42,14,44,96,0,0,58,95,92,94,0,0,72,74,22,73,40,0,0,9,71,65,66,32,90,0,0,82,48,8,59,0,0,68,79,77,0,0,69,70,10,62,64,49,7,0,0,99,86,38,91,100,0,0,28,4,41,15,43,57,0,0,30,20,51,35,34,29,80,12,0,0,27,31,88,0,0,75,23,39,56,0,0,53,21,87,13,0,0,76,78,81,33,50,89,0,0,97,37,98,84,17,45,46,36,19,18,0
0;pliki//100 lokacji//R101.txt;150;30;invert;3;4544;7698.402274008091;2434.4298131326173;1773.568386078;3490.4040747974736;5918.209882422583;1556.6690277392806;1776.754770546607;2584.7860841366955;19;300056.3585;0,7,19,64,63,90,32,51,70,0,0,40,21,73,22,15,43,38,100,92,0,0,99,16,85,0,0,53,87,97,13,0,0,72,23,25,4,0,0,88,82,45,83,60,5,0,0,94,0,0,95,37,91,59,89,0,0,50,30,9,33,3,77,0,0,28,76,80,12,0,0,39,56,75,74,41,57,0,0,69,66,65,71,35,34,78,24,54,0,0,26,67,55,68,0,0,2,42,14,44,93,6,0,0,27,31,10,62,0,0,52,11,49,36,47,46,17,0,0,98,86,61,84,0,0,18,48,8,96,58,0,0,29,79,81,20,1,0
0;pliki//100 lokacji//R101.txt;150;30;insert;3;4542;7698.402274008091;2434.4298131326173;1773.568386078;3490.4040747974736;5450.745039749279;1609.4082487402195;1186.2996989365363;2655.0370920725236;19;300046.2376;0,96,93,91,100,58,0,0,27,52,31,88,0,0,69,62,10,32,90,50,0,0,95,37,98,16,61,6,0,0,99,85,13,0,0,59,92,2,74,22,0,0,21,73,41,56,54,68,0,0,5,82,8,18,89,0,0,28,94,87,0,0,72,23,75,40,0,0,33,81,71,9,66,70,0,0,30,51,79,3,77,0,0,42,14,44,38,43,97,0,0,83,45,17,86,84,60,0,0,12,76,78,34,35,65,0,0,57,15,67,25,55,24,29,80,0,0,7,11,64,49,46,48,0,0,53,39,4,26,0,0,36,47,19,63,20,1,0
0;pliki//100 lokacji//R101.txt;150;30;insert;3;4543;7698.402274008091;2434.4298131326173;1773.568386078;3490.4040747974736;5450.745039749279;1609.4082487402195;1186.2996989365363;2655.0370920725236;19;300067.5038;0,96,93,91,100,58,0,0,27,52,31,88,0,0,69,62,10,32,90,50,0,0,95,37,98,16,61,6,0,0,99,85,13,0,0,59,92,2,74,22,0,0,21,73,41,56,54,68,0,0,5,82,8,18,89,0,0,28,94,87,0,0,72,23,75,40,0,0,33,81,71,9,66,70,0,0,30,51,79,3,77,0,0,42,14,44,38,43,97,0,0,83,45,17,86,84,60,0,0,12,76,78,34,35,65,0,0,57,15,67,25,55,24,29,80,0,0,7,11,64,49,46,48,0,0,53,39,4,26,0,0,36,47,19,63,20,1,0
0;pliki//100 lokacji//R101.txt;150;30;insert;3;4544;7698.402274008091;2434.4298131326173;1773.568386078;3490.4040747974736;5450.745039749279;1609.4082487402195;1186.2996989365363;2655.0370920725236;19;300073.5287;0,96,93,91,100,58,0,0,27,52,31,88,0,0,69,62,10,32,90,50,0,0,95,37,98,16,61,6,0,0,99,85,13,0,0,59,92,2,74,22,0,0,21,73,41,56,54,68,0,0,5,82,8,18,89,0,0,28,94,87,0,0,72,23,75,40,0,0,33,81,71,9,66,70,0,0,30,51,79,3,77,0,0,42,14,44,38,43,97,0,0,83,45,17,86,84,60,0,0,12,76,78,34,35,65,0,0,57,15,67,25,55,24,29,80,0,0,7,11,64,49,46,48,0,0,53,39,4,26,0,0,36,47,19,63,20,1,0
0;pliki//100 lokacji//R101.txt;150;40;swap;3;5542;7698.402274008091;2434.4298131326173;1773.568386078;3490.4040747974736;5570.537531260417;1654.3193283936234;1184.0659036939346;2732.152299172859;21;300306.4251;0,39,25,67,55,54,0,0,5,61,17,8,82,0,0,14,100,91,16,84,83,60,0,0,58,2,15,41,22,72,0,0,63,11,64,90,32,10,0,0,94,98,87,0,0,29,78,79,4,26,0,0,42,43,57,23,56,74,0,0,53,21,75,73,40,0,0,6,95,97,13,0,0,85,37,96,0,0,28,77,3,81,33,50,0,0,27,52,88,0,0,18,47,19,48,7,0,0,59,93,99,0,0,65,71,51,0,0,68,24,80,0,0,31,30,66,20,1,0,0,92,44,38,86,0,0,12,76,9,34,35,70,0,0,69,62,49,36,46,45,89,0
0;pliki//100 lokacji//R101.txt;150;40;swap;3;5543;7698.402274008091;2434.4298131326173;1773.568386078;3490.4040747974736;5415.422117390986;1582.9575537426404;1163.3659769377934;2669.0985867105533;19;300090.544;0,33,9,71,65,66,1,0,0,63,64,49,46,36,48,0,0,27,31,62,88,0,0,78,79,3,50,0,0,69,70,30,51,20,35,29,12,0,0,53,22,41,56,74,72,0,0,82,47,7,18,6,97,0,0,21,73,39,4,26,0,0,61,16,86,96,0,0,40,54,55,25,24,80,68,0,0,14,43,87,13,0,0,94,95,15,57,58,0,0,83,45,8,89,0,0,92,42,100,91,85,84,0,0,28,76,77,81,34,0,0,52,19,11,90,32,10,0,0,5,44,38,17,60,0,0,59,93,37,98,99,0,0,2,75,67,23,0
0;pliki//100 lokacji//R101.txt;150;40;swap;3;5544;7698.402274008091;2434.4298131326173;1773.568386078;3490.4040747974736;5525.244762465858;1595.2580116374224;1288.931722382919;2641.055028445517;19;300096.1963;0,78,71,66,20,32,10,70,0,0,76,77,79,3,50,0,0,19,47,36,8,46,83,60,89,0,0,7,48,82,17,84,0,0,72,23,75,74,0,0,63,90,51,9,81,33,1,0,0,5,61,98,87,0,0,59,93,96,0,0,57,43,15,22,41,58,0,0,27,69,31,30,0,0,95,42,100,91,16,37,97,0,0,12,28,94,0,0,52,88,62,11,64,49,0,0,18,45,86,6,0,0,92,14,44,38,56,4,0,0,2,39,67,55,25,24,80,0,0,53,26,21,73,40,0,0,65,35,34,29,54,68,0,0,99,85,13,0
0;pliki//100 lokacji//R101.txt;150;40;invert;3;5542;7698.402274008091;2434.4298131326173;1773.568386078;3490.4040747974736;6253.055621323257;1819.134606738247;1524.7547501005818;2909.166264484428;20;300049.5213;0,53,58,13,97,89,0,0,27,31,70,32,20,24,0,0,28,76,77,3,55,12,0,0,6,96,93,37,100,91,17,84,60,0,0,94,87,40,26,0,0,52,88,48,46,18,0,0,69,1,62,10,90,50,0,0,95,98,61,16,43,74,0,0,99,85,57,25,0,0,59,92,2,22,56,4,0,0,21,73,41,54,68,0,0,7,49,19,0,0,80,29,79,78,34,35,0,0,82,8,83,5,0,0,72,23,75,0,0,33,81,9,71,66,0,0,42,14,44,38,15,0,0,47,36,45,86,0,0,30,51,65,63,64,11,0,0,39,67,0
0;pliki//100 lokacji//R101.txt;150;40;invert;3;5543;7698.402274008091;2434.4298131326173;1773.568386078;3490.4040747974736;6301.645721901595;1851.4998173540957;1497.8469507941727;2952.2989537533263;20;300101.4172;0,53,58,13,97,89,0,0,27,31,70,32,20,24,0,0,28,12,76,77,3,55,0,0,6,96,93,37,100,91,17,84,60,0,0,94,87,40,26,0,0,1,52,88,48,46,18,0,0,69,62,10,90,50,0,0,95,98,61,16,43,74,0,0,99,85,57,25,0,0,59,92,2,22,56,4,0,0,21,73,41,54,68,80,0,0,5,8,82,78,34,35,0,0,7,19,49,83,0,0,72,23,75,0,0,79,33,81,9,51,0,0,29,71,65,66,30,0,0,14,42,15,0,0,63,11,64,36,47,45,0,0,39,67,0,0,44,38,86,0
0;pliki//100 lokacji//R101.txt;150;40;invert;3;5544;7698.402274008091;2434.4298131326173;1773.568386078;3490.4040747974736;6203.075068080132;1702.0325313323935;1759.351679145545;2741.690857602193;19;300015.464;0,42,38,86,91,98,0,0,76,79,29,72,74,0,0,89,83,99,100,95,6,0,0,2,57,43,41,56,67,26,0,0,12,80,50,33,78,55,4,0,0,31,88,11,63,64,36,0,0,30,20,35,65,66,32,70,0,0,75,23,22,92,96,0,0,52,82,8,46,49,62,0,0,27,69,1,51,9,53,0,0,94,85,0,0,45,47,19,48,0,0,81,3,24,68,0,0,40,21,73,39,25,54,0,0,7,18,84,17,61,5,60,0,0,97,59,93,0,0,28,77,34,71,90,10,0,0,58,15,87,13,0,0,37,14,44,16,0
0;pliki//100 lokacji//R101.txt;150;40;insert;3;5542;7698.402274008091;2434.4298131326173;1773.568386078;3490.4040747974736;5415.275033145166;1610.1795418381605;1142.1264531983543;2662.969038108651;19;300080.5773;0,28,76,3,77,0,0,96,93,91,100,58,0,0,69,88,62,10,32,90,50,0,0,95,37,98,16,61,6,0,0,99,85,13,0,0,59,92,2,74,22,56,0,0,21,73,41,54,68,80,0,0,5,82,8,18,89,0,0,94,87,0,0,72,23,75,40,0,0,33,81,71,9,66,70,0,0,27,52,31,30,51,0,0,42,14,44,38,43,97,0,0,83,45,17,86,84,60,0,0,12,29,78,79,34,35,65,0,0,57,15,67,25,55,24,0,0,7,11,64,49,46,48,0,0,53,39,4,26,0,0,36,47,19,63,20,1,0
0;pliki//100 lokacji//R101.txt;150;40;insert;3;5543;7698.402274008091;2434.4298131326173;1773.568386078;3490.4040747974736;5415.275033145166;1610.1795418381605;1142.1264531983543;2662.969038108651;19;300006.3022;0,28,76,3,77,0,0,96,93,91,100,58,0,0,69,88,62,10,32,90,50,0,0,95,37,98,16,61,6,0,0,99,85,13,0,0,59,92,2,74,22,56,0,0,21,73,41,54,68,80,0,0,5,82,8,18,89,0,0,94,87,0,0,72,23,75,40,0,0,33,81,71,9,66,70,0,0,27,52,31,30,51,0,0,42,14,44,38,43,97,0,0,83,45,17,86,84,60,0,0,12,29,78,79,34,35,65,0,0,57,15,67,25,55,24,0,0,7,11,64,49,46,48,0,0,53,39,4,26,0,0,36,47,19,63,20,1,0
0;pliki//100 lokacji//R101.txt;150;40;insert;3;5544;7698.402274008091;2434.4298131326173;1773.568386078;3490.4040747974736;5415.275033145166;1610.1795418381605;1142.1264531983543;2662.969038108651;19;300096.9508;0,28,76,3,77,0,0,96,93,91,100,58,0,0,69,88,62,10,32,90,50,0,0,95,37,98,16,61,6,0,0,99,85,13,0,0,59,92,2,74,22,56,0,0,21,73,41,54,68,80,0,0,5,82,8,18,89,0,0,94,87,0,0,72,23,75,40,0,0,33,81,71,9,66,70,0,0,27,52,31,30,51,0,0,42,14,44,38,43,97,0,0,83,45,17,86,84,60,0,0,12,29,78,79,34,35,65,0,0,57,15,67,25,55,24,0,0,7,11,64,49,46,48,0,0,53,39,4,26,0,0,36,47,19,63,20,1,0
0;pliki//100 lokacji//R101.txt;150;50;swap;3;6542;7698.402274008091;2434.4298131326173;1773.568386078;3490.4040747974736;5485.607244195862;1572.5852799552226;1266.7806516191597;2646.241312621479;20;300100.738;0,33,81,35,34,78,0,0,18,82,48,8,0,0,95,92,100,91,85,6,0,0,60,5,84,36,46,47,89,0,0,28,76,3,79,77,0,0,12,29,24,25,23,74,0,0,53,26,21,73,40,0,0,52,7,19,11,63,90,32,70,0,0,59,37,98,93,99,0,0,83,45,17,87,13,0,0,31,62,88,0,0,94,42,43,15,57,58,0,0,2,16,86,96,0,0,54,68,80,0,0,61,44,38,14,97,0,0,72,56,67,55,4,0,0,39,75,22,41,0,0,49,64,10,0,0,27,71,65,66,1,0,0,69,30,20,51,9,50,0
0;pliki//100 lokacji//R101.txt;150;50;swap;3;6543;7698.402274008091;2434.4298131326173;1773.568386078;3490.4040747974736;5590.29610419753;1576.5605938361546;1395.9919967187861;2617.74351364259;19;300126.0473;0,45,8,46,86,43,0,0,94,92,98,99,96,0,0,59,61,16,17,84,83,0,0,28,76,33,9,20,10,0,0,7,48,47,19,90,70,0,0,52,62,88,18,0,0,72,74,22,73,40,0,0,30,51,71,35,34,79,0,0,12,29,78,81,50,0,0,63,32,66,65,1,0,0,85,93,6,0,0,53,80,24,3,77,68,0,0,42,15,56,41,57,97,37,60,5,0,0,11,64,49,36,82,89,0,0,21,75,67,25,55,4,0,0,58,2,87,13,0,0,23,39,54,26,0,0,14,38,44,91,100,95,0,0,27,69,31,0
0;pliki//100 lokacji//R101.txt;150;50;swap;3;6544;7698.402274008091;2434.4298131326173;1773.568386078;3490.4040747974736;5479.252951830704;1505.4912854119405;1365.6608604783046;2608.100805940459;19;300060.9329;0,45,17,84,5,96,0,0,69,30,51,77,68,0,0,80,24,29,78,34,35,33,1,0,0,11,64,49,36,46,8,89,0,0,59,100,98,94,0,0,2,87,41,74,56,4,0,0,66,65,71,9,50,0,0,39,25,67,55,54,0,0,27,31,62,88,0,0,92,37,85,13,0,0,60,83,82,48,18,0,0,52,7,47,19,63,90,10,70,0,0,99,61,86,16,6,0,0,26,12,81,20,32,0,0,28,76,3,79,0,0,42,14,43,15,57,58,0,0,22,23,75,73,0,0,95,93,44,38,91,97,0,0,40,72,21,53,0
0;pliki//100 lokacji//R101.txt;150;50;invert;3;6542;7698.402274008091;2434.4298131326173;1773.568386078;3490.4040747974736;6253.224729645031;1886.5214866409099;1371.2760053902348;2995.427237613887;21;300065.935;0,53,58,13,97,89,0,0,27,31,70,32,20,24,0,0,28,12,76,77,3,55,0,0,6,96,93,37,100,91,17,84,60,0,0,94,87,0,0,1,52,88,48,46,18,0,0,40,26,0,0,69,62,10,90,50,0,0,95,98,61,16,43,74,0,0,99,85,57,25,0,0,59,92,2,22,56,4,0,0,21,73,41,54,68,80,0,0,5,8,82,49,35,0,0,83,45,86,0,0,47,36,19,7,0,0,42,14,44,38,15,0,0,79,29,34,78,0,0,72,23,75,0,0,33,81,51,30,0,0,65,71,9,66,63,64,11,0,0,39,67,0
0;pliki//100 lokacji//R101.txt;150;50;invert;3;6543;7698.402274008091;2434.4298131326173;1773.568386078;3490.4040747974736;6196.026754819105;1754.7403403936028;1578.1547971029484;2863.131617322554;19;300002.5687;0,53,58,13,97,89,0,0,27,31,70,32,20,24,0,0,28,76,77,3,55,12,0,0,18,84,91,100,37,93,96,6,0,0,94,87,40,26,0,0,1,52,88,48,46,17,60,0,0,69,62,10,90,50,0,0,95,98,61,16,43,74,0,0,99,85,57,25,0,0,59,92,2,22,56,4,0,0,21,73,41,54,80,68,0,0,79,78,34,35,71,66,0,0,33,81,9,51,30,0,0,72,23,75,0,0,82,47,49,36,8,83,0,0,45,86,5,0,0,44,38,14,42,15,0,0,7,19,64,11,63,65,29,0,0,39,67,0
0;pliki//100 lokacji//R101.txt;150;50;invert;3;6544;7698.402274008091;2434.4298131326173;1773.568386078;3490.4040747974736;6224.359682275832;1809.7945247940656;1497.1990158298618;2917.3661416519044;20;300112.692;0,53,58,13,97,89,0,0,27,31,70,32,20,24,0,0,28,12,76,77,3,55,0,0,6,96,93,37,100,91,17,60,18,0,0,1,52,88,48,46,84,0,0,94,87,40,26,0,0,69,62,10,90,50,0,0,95,98,61,16,43,74,0,0,99,85,57,25,0,0,59,92,2,22,56,4,0,0,21,73,41,54,68,0,0,80,29,79,78,34,35,0,0,83,8,82,49,19,7,0,0,5,0,0,72,23,75,0,0,33,81,51,30,0,0,86,45,36,47,0,0,9,71,65,66,63,64,11,0,0,39,67,0,0,42,14,44,38,15,0
0;pliki//100 lokacji//R101.txt;150;50;insert;3;6542;7698.402274008091;2434.4298131326173;1773.568386078;3490.4040747974736;5415.275033145166;1610.1795418381605;1142.1264531983543;2662.969038108651;19;300128.5188;0,28,76,3,77,0,0,96,93,91,100,58,0,0,69,88,62,10,32,90,50,0,0,95,37,98,16,61,6,0,0,99,85,13,0,0,59,92,2,74,22,56,0,0,21,73,41,54,68,80,0,0,5,82,8,18,89,0,0,94,87,0,0,72,23,75,40,0,0,33,81,71,9,66,70,0,0,27,52,31,30,51,0,0,42,14,44,38,43,97,0,0,83,45,17,86,84,60,0,0,12,29,78,79,34,35,65,0,0,57,15,67,25,55,24,0,0,7,11,64,49,46,48,0,0,53,39,4,26,0,0,36,47,19,63,20,1,0
0;pliki//100 lokacji//R101.txt;150;50;insert;3;6543;7698.402274008091;2434.4298131326173;1773.568386078;3490.4040747974736;5415.275033145166;1610.1795418381605;1142.1264531983543;2662.969038108651;19;300020.7027;0,28,76,3,77,0,0,96,93,91,100,58,0,0,69,88,62,10,32,90,50,0,0,95,37,98,16,61,6,0,0,99,85,13,0,0,59,92,2,74,22,56,0,0,21,73,41,54,68,80,0,0,5,82,8,18,89,0,0,94,87,0,0,72,23,75,40,0,0,33,81,71,9,66,70,0,0,27,52,31,30,51,0,0,42,14,44,38,43,97,0,0,83,45,17,86,84,60,0,0,12,29,78,79,34,35,65,0,0,57,15,67,25,55,24,0,0,7,11,64,49,46,48,0,0,53,39,4,26,0,0,36,47,19,63,20,1,0
0;pliki//100 lokacji//R101.txt;150;50;insert;3;6544;7698.402274008091;2434.4298131326173;1773.568386078;3490.4040747974736;5415.275033145166;1610.1795418381605;1142.1264531983543;2662.969038108651;19;300018.6153;0,28,76,3,77,0,0,96,93,91,100,58,0,0,69,88,62,10,32,90,50,0,0,95,37,98,16,61,6,0,0,99,85,13,0,0,59,92,2,74,22,56,0,0,21,73,41,54,68,80,0,0,5,82,8,18,89,0,0,94,87,0,0,72,23,75,40,0,0,33,81,71,9,66,70,0,0,27,52,31,30,51,0,0,42,14,44,38,43,97,0,0,83,45,17,86,84,60,0,0,12,29,78,79,34,35,65,0,0,57,15,67,25,55,24,0,0,7,11,64,49,46,48,0,0,53,39,4,26,0,0,36,47,19,63,20,1,0
0;pliki//100 lokacji//R101.txt;200;10;swap;3;3042;7698.402274008091;2434.4298131326173;1773.568386078;3490.4040747974736;5622.6790829217825;1559.0668796971904;1446.5862374633327;2617.02596576126;20;300116.9944;0,79,9,71,66,20,0,0,52,7,62,10,90,32,1,0,0,24,29,78,34,65,35,81,33,0,0,98,16,86,91,37,0,0,13,95,96,94,0,0,92,42,44,38,14,100,97,0,0,69,70,11,19,36,49,64,63,0,0,27,31,88,0,0,99,85,6,0,0,54,68,80,0,0,23,75,41,15,43,17,45,0,0,59,93,0,0,53,89,8,46,47,0,0,82,48,18,0,0,28,30,51,50,3,77,0,0,40,21,12,76,0,0,39,67,25,55,26,0,0,5,61,84,83,60,0,0,2,22,4,56,74,72,0,0,87,57,73,58,0
0;pliki//100 lokacji//R101.txt;200;10;swap;3;3043;7698.402274008091;2434.4298131326173;1773.568386078;3490.4040747974736;5615.418397981424;1582.883048987941;1375.1951126277977;2657.3402363656855;20;300062.7762;0,59,94,0,0,40,58,0,0,18,82,7,0,0,90,63,64,49,46,89,0,0,92,93,98,38,14,97,0,0,21,2,41,23,56,4,26,0,0,27,31,88,0,0,83,45,61,86,91,0,0,42,15,57,87,13,0,0,39,67,25,55,54,0,0,62,11,8,5,100,43,0,0,53,12,3,79,77,0,0,6,99,85,96,0,0,66,65,35,34,68,80,0,0,24,29,78,81,32,70,1,0,0,72,74,75,22,73,0,0,76,33,71,9,20,10,0,0,28,69,30,51,50,0,0,95,37,44,16,17,84,60,0,0,52,48,47,36,19,0
0;pliki//100 lokacji//R101.txt;200;10;swap;3;3044;7698.402274008091;2434.4298131326173;1773.568386078;3490.4040747974736;5641.275315705614;1650.6261951320644;1248.19830444149;2742.45081613206;19;300109.235;0,28,12,77,76,0,0,53,6,96,93,37,89,0,0,40,58,87,91,17,60,0,0,27,52,88,8,46,48,0,0,94,86,84,0,0,31,62,90,50,0,0,95,98,61,16,43,15,57,0,0,99,85,13,0,0,59,92,2,22,56,4,0,0,21,73,41,54,68,80,0,0,45,82,10,66,65,35,0,0,7,47,36,49,19,0,0,72,23,75,74,0,0,3,33,81,71,9,34,0,0,69,30,51,78,79,24,26,0,0,42,14,44,38,100,97,0,0,5,83,18,0,0,29,25,67,39,55,0,0,11,64,63,32,20,70,1,0
0;pliki//100 lokacji//R101.txt;200;10;invert;3;3042;7698.402274008091;2434.4298131326173;1773.568386078;3490.4040747974736;5826.935635810911;1457.345373734688;1881.0313537428374;2488.5589083333853;18;300060.3237;0,2,15,42,87,13,0,0,21,73,74,75,56,4,26,0,0,1,20,71,9,33,50,0,0,53,72,22,58,0,0,59,93,99,96,6,0,0,32,11,19,48,0,0,31,70,30,69,27,0,0,94,85,0,0,38,86,16,60,0,0,28,77,35,65,66,51,0,0,12,80,68,29,24,25,55,0,0,18,82,47,8,83,89,0,0,95,14,43,57,41,23,0,0,76,3,79,78,34,81,0,0,52,7,88,62,90,10,0,0,97,92,98,37,100,91,44,61,17,84,0,0,40,39,67,54,0,0,63,64,49,36,46,45,5,0
0;pliki//100 lokacji//R101.txt;200;10;invert;3;3043;7698.402274008091;2434.4298131326173;1773.568386078;3490.4040747974736;5781.404263118784;1498.3249001307215;1712.7529878075402;2570.3263751805225;19;300083.8967;0,93,37,38,43,42,57,58,0,0,53,40,73,74,75,22,0,0,52,19,47,48,0,0,11,64,49,36,46,8,45,60,0,0,13,95,98,99,6,89,0,0,2,72,23,67,0,0,77,68,24,80,12,0,0,92,100,44,16,91,0,0,21,41,56,39,25,4,0,0,28,76,54,55,26,0,0,84,61,86,17,83,0,0,18,82,7,88,0,0,27,70,20,51,81,33,50,0,0,31,62,63,90,30,1,0,0,5,85,0,0,71,65,66,32,10,69,0,0,59,94,0,0,87,15,14,97,96,0,0,3,79,29,78,34,35,9,0
0;pliki//100 lokacji//R101.txt;200;10;invert;3;3044;7698.402274008091;2434.4298131326173;1773.568386078;3490.4040747974736;5920.075472842982;1501.1638830083584;1849.6360168967287;2569.2755729378946;19;300096.7628;0,27,70,10,62,0,0,95,57,41,22,72,0,0,51,71,66,32,90,63,11,0,0,94,13,0,0,87,43,38,14,92,97,0,0,31,88,46,45,84,89,0,0,53,39,67,25,0,0,28,77,68,80,0,0,69,1,30,20,81,33,50,0,0,52,7,19,64,49,36,47,0,0,12,3,79,34,78,0,0,59,37,98,93,83,0,0,40,21,74,75,4,26,0,0,76,9,35,65,0,0,60,5,61,16,91,42,15,2,0,0,100,44,86,17,0,0,6,96,99,85,0,0,82,48,8,18,0,0,58,73,56,23,55,54,24,29,0
0;pliki//100 lokacji//R101.txt;200;10;insert;3;3042;7698.402274008091;2434.4298131326173;1773.568386078;3490.4040747974736;5469.506374611082;1603.0064726862802;1202.2665590070114;2664.23334291779;19;300081.5852;0,96,93,91,100,58,0,0,27,52,31,88,0,0,69,62,10,32,90,50,0,0,95,37,98,16,61,6,0,0,99,85,13,0,0,59,92,2,22,56,0,0,73,74,41,54,68,80,0,0,5,82,48,8,0,0,28,94,87,0,0,72,21,40,53,0,0,33,81,71,9,66,70,0,0,30,51,79,3,77,0,0,42,14,44,38,43,97,0,0,83,45,17,86,84,60,0,0,12,76,29,78,34,35,65,0,0,57,15,23,67,25,55,24,0,0,7,11,64,49,46,18,89,0,0,4,39,75,26,0,0,36,47,19,63,20,1,0
0;pliki//100 lokacji//R101.txt;200;10;insert;3;3043;7698.402274008091;2434.4298131326173;1773.568386078;3490.4040747974736;5469.506374611082;1603.0064726862802;1202.2665590070114;2664.23334291779;19;300071.4442;0,96,93,91,100,58,0,0,27,52,31,88,0,0,69,62,10,32,90,50,0,0,95,37,98,16,61,6,0,0,99,85,13,0,0,59,92,2,22,56,0,0,73,74,41,54,68,80,0,0,5,82,48,8,0,0,28,94,87,0,0,72,21,40,53,0,0,33,81,71,9,66,70,0,0,30,51,79,3,77,0,0,42,14,44,38,43,97,0,0,83,45,17,86,84,60,0,0,12,76,29,78,34,35,65,0,0,57,15,23,67,25,55,24,0,0,7,11,64,49,46,18,89,0,0,4,39,75,26,0,0,36,47,19,63,20,1,0
0;pliki//100 lokacji//R101.txt;200;10;insert;3;3044;7698.402274008091;2434.4298131326173;1773.568386078;3490.4040747974736;5469.506374611082;1603.0064726862802;1202.2665590070114;2664.23334291779;19;300073.4979;0,96,93,91,100,58,0,0,27,52,31,88,0,0,69,62,10,32,90,50,0,0,95,37,98,16,61,6,0,0,99,85,13,0,0,59,92,2,22,56,0,0,73,74,41,54,68,80,0,0,5,82,48,8,0,0,28,94,87,0,0,72,21,40,53,0,0,33,81,71,9,66,70,0,0,30,51,79,3,77,0,0,42,14,44,38,43,97,0,0,83,45,17,86,84,60,0,0,12,76,29,78,34,35,65,0,0,57,15,23,67,25,55,24,0,0,7,11,64,49,46,18,89,0,0,4,39,75,26,0,0,36,47,19,63,20,1,0
0;pliki//100 lokacji//R101.txt;200;20;swap;3;4042;7698.402274008091;2434.4298131326173;1773.568386078;3490.4040747974736;5634.026661831704;1547.7762426422166;1452.8051144283927;2633.445304761094;19;300128.0993;0,19,11,64,66,65,1,0,0,26,68,12,0,0,28,33,71,81,3,0,0,52,31,0,0,59,16,61,99,6,0,0,85,84,17,45,60,0,0,27,30,51,20,32,90,63,0,0,48,47,49,36,46,0,0,72,74,73,21,40,58,0,0,57,22,41,75,56,23,0,0,83,8,82,7,18,89,0,0,94,2,67,55,54,0,0,76,79,78,9,35,34,29,24,0,0,14,38,44,100,95,0,0,98,37,93,5,96,0,0,42,15,43,86,91,0,0,4,39,25,80,77,50,0,0,69,70,10,62,88,0,0,53,87,92,97,13,0
0;pliki//100 lokacji//R101.txt;200;20;swap;3;4043;7698.402274008091;2434.4298131326173;1773.568386078;3490.4040747974736;5617.586602656365;1622.3178754631895;1323.2552538908449;2672.013473302331;20;300079.6694;0,99,85,6,0,0,63,90,81,55,25,0,0,50,34,35,30,70,0,0,60,83,45,17,86,96,0,0,42,15,43,14,37,13,0,0,72,39,74,73,0,0,21,67,56,75,26,0,0,61,44,38,100,93,0,0,77,80,54,4,58,0,0,7,47,19,32,20,1,0,0,94,95,0,0,69,33,9,71,65,66,51,0,0,40,23,22,41,57,97,0,0,46,36,49,64,11,10,0,0,52,18,82,48,8,0,0,28,76,78,79,3,0,0,59,87,2,53,0,0,12,24,29,68,0,0,92,91,98,16,84,5,89,0,0,27,31,62,88,0
0;pliki//100 lokacji//R101.txt;200;20;swap;3;4044;7698.402274008091;2434.4298131326173;1773.568386078;3490.4040747974736;5426.125767908488;1539.153572273494;1304.3253649746423;2582.6468306603515;20;300124.3381;0,28,0,0,42,43,38,86,37,97,0,0,65,66,71,35,34,81,0,0,31,62,49,36,17,60,0,0,94,99,96,0,0,77,3,12,26,53,0,0,92,98,44,16,91,100,95,0,0,88,11,64,90,63,10,70,69,0,0,52,7,82,45,8,83,89,0,0,21,72,74,73,40,0,0,2,57,22,41,58,0,0,76,33,9,20,32,1,0,0,68,29,78,79,0,0,46,47,19,48,0,0,85,93,6,0,0,75,23,56,4,55,24,80,0,0,39,67,25,54,0,0,59,5,61,84,18,0,0,27,50,30,51,0,0,14,15,87,13,0
0;pliki//100 lokacji//R101.txt;200;20;invert;3;4042;7698.402274008091;2434.4298131326173;1773.568386078;3490.4040747974736;6059.554352807805;1615.9729153926676;1783.9574848123548;2659.6239526027834;19;300103.2212;0,78,9,71,65,20,64,36,83,84,0,0,59,100,91,93,99,6,0,0,57,15,42,87,13,0,0,77,3,79,1,10,0,0,47,19,90,32,63,11,0,0,40,74,41,23,67,25,0,0,72,75,22,73,53,0,0,21,56,39,55,4,26,0,0,68,29,33,81,51,0,0,31,62,88,89,0,0,27,69,70,30,66,35,34,0,0,43,14,85,60,0,0,48,17,16,38,37,97,0,0,95,94,0,0,50,76,12,80,24,54,0,0,44,86,61,0,0,52,7,82,8,18,96,92,2,58,0,0,28,0,0,98,5,45,46,49,0
0;pliki//100 lokacji//R101.txt;200;20;invert;3;4043;7698.402274008091;2434.4298131326173;1773.568386078;3490.4040747974736;6007.399060125147;1696.013541005227;1530.9221299906426;2780.463389129278;20;300092.8062;0,53,58,13,97,89,0,0,27,31,70,32,20,24,0,0,28,76,77,3,55,12,0,0,18,84,91,100,37,93,96,6,0,0,94,87,40,26,0,0,1,52,88,48,46,17,60,0,0,69,62,10,90,50,0,0,95,98,61,16,43,57,74,0,0,59,92,2,0,0,99,85,0,0,9,65,35,34,78,68,80,0,0,72,75,23,56,0,0,21,73,22,41,4,25,54,0,0,83,45,8,36,49,7,0,0,30,66,71,51,0,0,39,67,0,0,82,47,19,11,64,63,0,0,86,5,0,0,29,79,81,33,0,0,44,38,14,42,15,0
0;pliki//100 lokacji//R101.txt;200;20;invert;3;4044;7698.402274008091;2434.4298131326173;1773.568386078;3490.4040747974736;5961.898589923228;1636.0085194808232;1601.519849839939;2724.370220602467;20;300008.8638;0,53,58,13,97,89,0,0,27,31,70,32,20,24,0,0,28,76,77,3,55,12,0,0,6,96,93,37,100,91,17,60,0,0,52,88,62,10,90,50,1,69,0,0,95,94,0,0,16,61,84,46,48,18,0,0,59,92,98,87,0,0,9,65,35,34,78,68,80,0,0,21,56,4,25,54,26,0,0,40,73,74,22,41,43,57,2,0,0,99,85,0,0,72,23,75,0,0,83,45,8,36,49,7,0,0,30,66,71,51,0,0,39,67,0,0,86,5,0,0,82,47,19,11,64,63,0,0,29,79,81,33,0,0,44,38,14,42,15,0
0;pliki//100 lokacji//R101.txt;200;20;insert;3;4042;7698.402274008091;2434.4298131326173;1773.568386078;3490.4040747974736;5450.745039749279;1609.4082487402195;1186.2996989365363;2655.0370920725236;19;300057.5161;0,96,93,91,100,58,0,0,27,52,31,88,0,0,69,62,10,32,90,50,0,0,95,37,98,16,61,6,0,0,99,85,13,0,0,59,92,2,74,22,0,0,21,73,41,56,54,68,0,0,5,82,8,18,89,0,0,28,94,87,0,0,72,23,75,40,0,0,33,81,71,9,66,70,0,0,30,51,79,3,77,0,0,42,14,44,38,43,97,0,0,83,45,17,86,84,60,0,0,12,76,78,34,35,65,0,0,57,15,67,25,55,24,29,80,0,0,7,11,64,49,46,48,0,0,53,39,4,26,0,0,36,47,19,63,20,1,0
0;pliki//100 lokacji//R101.txt;200;20;insert;3;4043;7698.402274008091;2434.4298131326173;1773.568386078;3490.4040747974736;5450.745039749279;1609.4082487402195;1186.2996989365363;2655.0370920725236;19;300070.5946;0,96,93,91,100,58,0,0,27,52,31,88,0,0,69,62,10,32,90,50,0,0,95,37,98,16,61,6,0,0,99,85,13,0,0,59,92,2,74,22,0,0,21,73,41,56,54,68,0,0,5,82,8,18,89,0,0,28,94,87,0,0,72,23,75,40,0,0,33,81,71,9,66,70,0,0,30,51,79,3,77,0,0,42,14,44,38,43,97,0,0,83,45,17,86,84,60,0,0,12,76,78,34,35,65,0,0,57,15,67,25,55,24,29,80,0,0,7,11,64,49,46,48,0,0,53,39,4,26,0,0,36,47,19,63,20,1,0
0;pliki//100 lokacji//R101.txt;200;20;insert;3;4044;7698.402274008091;2434.4298131326173;1773.568386078;3490.4040747974736;5450.745039749279;1609.4082487402195;1186.2996989365363;2655.0370920725236;19;300041.6248;0,96,93,91,100,58,0,0,27,52,31,88,0,0,69,62,10,32,90,50,0,0,95,37,98,16,61,6,0,0,99,85,13,0,0,59,92,2,74,22,0,0,21,73,41,56,54,68,0,0,5,82,8,18,89,0,0,28,94,87,0,0,72,23,75,40,0,0,33,81,71,9,66,70,0,0,30,51,79,3,77,0,0,42,14,44,38,43,97,0,0,83,45,17,86,84,60,0,0,12,76,78,34,35,65,0,0,57,15,67,25,55,24,29,80,0,0,7,11,64,49,46,48,0,0,53,39,4,26,0,0,36,47,19,63,20,1,0
0;pliki//100 lokacji//R101.txt;200;30;swap;3;5042;7698.402274008091;2434.4298131326173;1773.568386078;3490.4040747974736;5640.993315067421;1671.376940418808;1224.7516090426113;2744.8647656060007;21;300081.0851;0,39,67,25,0,0,77,68,0,0,28,76,81,34,1,0,0,27,52,62,88,0,0,94,91,16,61,0,0,59,98,17,8,19,63,90,70,0,0,14,43,57,58,0,0,82,47,46,48,0,0,12,29,78,79,3,50,0,0,42,15,87,95,13,0,0,10,11,64,49,36,7,89,0,0,92,38,44,86,0,0,40,4,55,54,0,0,33,51,71,9,20,32,0,0,83,45,18,0,0,53,21,73,22,41,74,37,100,0,0,69,31,30,66,65,35,0,0,2,72,75,23,56,0,0,60,84,5,93,97,0,0,26,24,80,0,0,96,99,85,6,0
0;pliki//100 lokacji//R101.txt;200;30;swap;3;5043;7698.402274008091;2434.4298131326173;1773.568386078;3490.4040747974736;5570.729192797869;1628.6549168352033;1241.6015247039127;2700.4727512587524;21;300050.5149;0,87,13,0,0,46,47,36,49,19,10,0,0,62,63,90,0,0,53,40,72,21,73,58,0,0,85,91,16,61,17,0,0,26,23,75,22,55,24,80,0,0,39,67,25,54,0,0,18,7,82,48,8,0,0,12,29,78,81,33,50,0,0,3,77,0,0,92,95,98,37,93,84,96,0,0,65,35,71,66,30,0,0,52,11,64,32,70,0,0,14,100,44,38,43,15,0,0,89,94,0,0,79,34,68,0,0,28,76,51,9,20,1,0,0,59,5,60,99,6,0,0,2,57,41,74,56,4,0,0,27,69,31,88,0,0,83,45,86,42,97,0
0;pliki//100 lokacji//R101.txt;200;30;swap;3;5044;7698.402274008091;2434.4298131326173;1773.568386078;3490.4040747974736;5442.187607438848;1571.1952556933327;1229.662011341873;2641.3303404036424;20;300085.2479;0,65,35,81,33,12,0,0,94,0,0,76,77,79,3,50,0,0,62,11,19,47,46,60,0,0,22,74,75,23,41,0,0,63,64,36,49,89,0,0,83,45,17,85,0,0,2,67,39,56,0,0,16,86,100,97,0,0,53,26,54,55,25,4,58,0,0,92,95,37,98,99,84,96,0,0,52,7,88,90,32,10,0,0,13,42,14,38,44,0,0,87,57,15,43,91,93,0,0,18,82,48,8,0,0,27,69,31,70,30,0,0,28,29,78,34,24,68,80,0,0,20,66,71,9,51,1,0,0,59,5,61,6,0,0,72,21,73,40,0
0;pliki//100 lokacji//R101.txt;200;30;invert;3;5042;7698.402274008091;2434.4298131326173;1773.568386078;3490.4040747974736;6183.676084856976;1764.7410973409196;1548.706049496264;2870.2289380197913;20;300047.9294;0,53,58,13,97,89,0,0,27,31,70,32,20,24,0,0,28,12,76,77,3,55,0,0,6,96,93,37,100,91,17,84,60,0,0,94,87,40,26,0,0,1,52,88,48,46,18,0,0,69,62,10,90,50,0,0,95,98,61,16,43,74,0,0,99,85,57,25,0,0,59,92,2,22,56,4,0,0,21,73,41,54,80,68,0,0,30,66,71,9,34,78,33,0,0,5,0,0,72,23,75,0,0,63,64,49,36,47,82,0,0,7,19,11,0,0,39,67,0,0,83,8,45,86,0,0,79,81,51,65,35,29,0,0,44,38,14,42,15,0
0;pliki//100 lokacji//R101.txt;200;30;invert;3;5043;7698.402274008091;2434.4298131326173;1773.568386078;3490.4040747974736;5918.695484138908;1600.1199398458207;1646.9499101022986;2671.6256341907883;19;300032.7657;0,53,58,13,97,89,0,0,27,31,70,32,20,24,0,0,28,76,77,3,55,12,0,0,52,88,62,10,90,50,1,69,0,0,94,87,40,26,0,0,6,96,93,37,100,91,17,84,60,0,0,18,46,48,0,0,21,23,75,72,0,0,56,4,25,54,68,0,0,95,2,57,41,22,74,73,0,0,59,92,98,61,16,43,0,0,99,85,0,0,83,8,82,19,7,0,0,80,29,79,78,34,35,81,33,0,0,63,11,64,49,36,47,0,0,30,51,9,71,65,66,0,0,45,86,5,0,0,39,67,0,0,44,38,14,42,15,0
0;pliki//100 lokacji//R101.txt;200;30;invert;3;5044;7698.402274008091;2434.4298131326173;1773.568386078;3490.4040747974736;6076.807827552069;1634.4554447531734;1745.9295591667671;2696.4228236321283;19;300028.0525;0,97,37,93,5,0,0,69,70,62,63,66,71,35,33,0,0,88,82,47,45,17,84,0,0,42,38,85,6,0,0,4,39,87,0,0,28,76,3,79,80,0,0,2,73,41,15,43,14,44,92,0,0,27,1,60,61,13,58,0,0,55,25,67,23,56,74,0,0,49,64,32,30,50,0,0,8,86,16,96,0,0,26,72,75,22,57,0,0,29,51,9,65,20,31,0,0,7,19,36,46,83,18,89,0,0,77,68,12,0,0,59,98,100,91,99,0,0,53,40,21,54,24,34,78,81,0,0,52,48,11,90,10,0,0,95,94,0
0;pliki//100 lokacji//R101.txt;200;30;insert;3;5042;7698.402274008091;2434.4298131326173;1773.568386078;3490.4040747974736;5450.745039749279;1609.4082487402195;1186.2996989365363;2655.0370920725236;19;300095.8204;0,96,93,91,100,58,0,0,27,52,31,88,0,0,69,62,10,32,90,50,0,0,95,37,98,16,61,6,0,0,99,85,13,0,0,59,92,2,74,22,0,0,21,73,41,56,54,68,0,0,5,82,8,18,89,0,0,28,94,87,0,0,72,23,75,40,0,0,33,81,71,9,66,70,0,0,30,51,79,3,77,0,0,42,14,44,38,43,97,0,0,83,45,17,86,84,60,0,0,12,76,78,34,35,65,0,0,57,15,67,25,55,24,29,80,0,0,7,11,64,49,46,48,0,0,53,39,4,26,0,0,36,47,19,63,20,1,0
0;pliki//100 lokacji//R101.txt;200;30;insert;3;5043;7698.402274008091;2434.4298131326173;1773.568386078;3490.4040747974736;5450.745039749279;1609.4082487402195;1186.2996989365363;2655.0370920725236;19;300095.092;0,96,93,91,100,58,0,0,27,52,31,88,0,0,69,62,10,32,90,50,0,0,95,37,98,16,61,6,0,0,99,85,13,0,0,59,92,2,74,22,0,0,21,73,41,56,54,68,0,0,5,82,8,18,89,0,0,28,94,87,0,0,72,23,75,40,0,0,33,81,71,9,66,70,0,0,30,51,79,3,77,0,0,42,14,44,38,43,97,0,0,83,45,17,86,84,60,0,0,12,76,78,34,35,65,0,0,57,15,67,25,55,24,29,80,0,0,7,11,64,49,46,48,0,0,53,39,4,26,0,0,36,47,19,63,20,1,0
0;pliki//100 lokacji//R101.txt;200;30;insert;3;5044;7698.402274008091;2434.4298131326173;1773.568386078;3490.4040747974736;5450.745039749279;1609.4082487402195;1186.2996989365363;2655.0370920725236;19;300062.073;0,96,93,91,100,58,0,0,27,52,31,88,0,0,69,62,10,32,90,50,0,0,95,37,98,16,61,6,0,0,99,85,13,0,0,59,92,2,74,22,0,0,21,73,41,56,54,68,0,0,5,82,8,18,89,0,0,28,94,87,0,0,72,23,75,40,0,0,33,81,71,9,66,70,0,0,30,51,79,3,77,0,0,42,14,44,38,43,97,0,0,83,45,17,86,84,60,0,0,12,76,78,34,35,65,0,0,57,15,67,25,55,24,29,80,0,0,7,11,64,49,46,48,0,0,53,39,4,26,0,0,36,47,19,63,20,1,0
0;pliki//100 lokacji//R101.txt;200;40;swap;3;6042;7698.402274008091;2434.4298131326173;1773.568386078;3490.4040747974736;5412.1266704834;1511.1158940583591;1325.2820162454934;2575.7287601795465;19;300036.9515;0,26,54,39,56,4,0,0,31,30,90,63,32,0,0,28,21,73,22,41,58,0,0,6,61,16,86,91,0,0,40,75,67,25,55,24,80,0,0,42,100,44,38,17,60,89,0,0,69,70,20,35,34,68,0,0,84,5,37,97,0,0,92,85,98,53,0,0,88,62,11,19,46,45,83,0,0,27,71,65,66,1,0,0,18,82,48,8,0,0,2,57,15,23,74,72,0,0,12,29,78,79,77,3,0,0,52,7,47,36,49,64,10,0,0,76,33,81,9,51,50,0,0,14,43,87,13,0,0,59,93,99,96,0,0,95,94,0
0;pliki//100 lokacji//R101.txt;200;40;swap;3;6043;7698.402274008091;2434.4298131326173;1773.568386078;3490.4040747974736;5627.0058641370815;1620.5020371855755;1314.1414429661058;2692.3623839854;20;300041.8955;0,69,30,71,65,35,34,33,0,0,56,23,67,54,0,0,6,16,86,45,60,0,0,39,4,53,0,0,52,82,48,18,0,0,12,29,78,79,3,50,0,0,14,38,44,100,92,95,0,0,13,87,97,0,0,83,5,61,25,55,24,80,0,0,2,74,72,73,40,0,0,7,47,8,42,43,15,57,58,0,0,76,77,68,26,0,0,62,19,11,90,10,0,0,28,81,9,20,1,0,0,27,31,88,0,0,63,64,49,36,46,17,93,99,0,0,21,75,22,41,91,37,89,0,0,59,94,0,0,51,66,32,70,0,0,98,85,84,96,0
0;pliki//100 lokacji//R101.txt;200;40;swap;3;6044;7698.402274008091;2434.4298131326173;1773.568386078;3490.4040747974736;5541.459976554686;1559.0300130803266;1361.9119059205661;2620.5180575537934;20;300011.2559;0,92,42,87,95,13,0,0,50,79,4,74,2,58,0,0,83,45,46,8,18,89,0,0,19,11,64,66,20,70,1,0,0,62,63,90,32,10,0,0,52,7,82,0,0,33,81,29,68,0,0,27,69,31,88,0,0,48,47,36,49,0,0,37,100,91,44,38,14,97,0,0,72,75,67,25,55,0,0,73,22,41,54,24,80,12,0,0,53,26,40,0,0,57,15,43,86,96,0,0,30,51,71,65,35,34,0,0,21,39,23,56,0,0,59,99,94,0,0,28,76,78,9,3,77,0,0,5,61,98,93,6,0,0,85,16,17,84,60,0
0;pliki//100 lokacji//R101.txt;200;40;invert;3;6042;7698.402274008091;2434.4298131326173;1773.568386078;3490.4040747974736;6180.935839558656;1704.9225659836356;1709.3698011385077;2766.6434724365126;20;300122.9448;0,53,58,13,97,89,0,0,27,31,70,32,20,24,0,0,28,76,77,3,55,12,0,0,52,88,48,46,18,0,0,94,87,40,26,0,0,6,96,93,37,100,91,17,84,60,0,0,69,1,62,10,90,50,0,0,95,98,85,0,0,21,73,74,22,41,43,57,2,0,0,59,92,16,61,99,0,0,56,4,25,54,68,0,0,79,78,35,34,29,80,0,0,83,8,82,49,19,7,0,0,5,0,0,72,23,75,0,0,33,81,9,71,66,0,0,42,14,44,38,15,0,0,30,51,65,63,64,11,0,0,86,45,36,47,0,0,39,67,0
0;pliki//100 lokacji//R101.txt;200;40;invert;3;6043;7698.402274008091;2434.4298131326173;1773.568386078;3490.4040747974736;6112.130114700154;1750.9669282910124;1501.7028602685173;2859.460326140624;20;300008.3715;0,53,58,13,97,89,0,0,27,31,70,32,20,24,0,0,28,12,76,77,3,55,0,0,6,96,93,37,100,91,17,84,60,0,0,94,87,0,0,1,52,88,48,46,18,0,0,40,26,0,0,69,62,10,90,50,0,0,95,98,61,16,43,74,0,0,99,85,57,25,0,0,59,92,2,22,56,4,0,0,21,73,41,54,68,80,0,0,5,8,82,36,47,0,0,7,19,11,49,64,63,51,0,0,39,67,0,0,9,35,71,65,66,30,0,0,42,14,44,0,0,83,45,86,38,15,0,0,72,23,75,0,0,29,79,78,34,81,33,0
0;pliki//100 lokacji//R101.txt;200;40;invert;3;6044;7698.402274008091;2434.4298131326173;1773.568386078;3490.4040747974736;5998.73415852877;1627.3121308465275;1686.2680446722281;2685.153983010015;19;300094.2865;0,13,0,0,50,68,29,35,32,0,0,6,99,5,44,38,37,92,0,0,52,83,98,100,87,0,0,26,56,75,22,41,0,0,61,16,85,0,0,39,4,12,0,0,82,45,36,49,64,27,0,0,21,23,67,25,55,0,0,3,79,78,51,66,70,1,0,0,31,30,90,63,10,0,0,97,43,86,91,93,0,0,28,72,74,73,53,0,0,59,14,42,15,57,2,0,0,89,18,60,84,96,94,0,0,76,81,9,33,77,80,0,0,11,19,47,46,8,17,95,0,0,20,71,65,34,24,54,40,58,0,0,7,48,62,88,69,0
0;pliki//100 lokacji//R101.txt;200;40;insert;3;6042;7698.402274008091;2434.4298131326173;1773.568386078;3490.4040747974736;5415.275033145166;1610.1795418381605;1142.1264531983543;2662.969038108651;19;300037.3935;0,28,76,3,77,0,0,96,93,91,100,58,0,0,69,88,62,10,32,90,50,0,0,95,37,98,16,61,6,0,0,99,85,13,0,0,59,92,2,74,22,56,0,0,21,73,41,54,68,80,0,0,5,82,8,18,89,0,0,94,87,0,0,72,23,75,40,0,0,33,81,71,9,66,70,0,0,27,52,31,30,51,0,0,42,14,44,38,43,97,0,0,83,45,17,86,84,60,0,0,12,29,78,79,34,35,65,0,0,57,15,67,25,55,24,0,0,7,11,64,49,46,48,0,0,53,39,4,26,0,0,36,47,19,63,20,1,0
0;pliki//100 lokacji//R101.txt;200;40;insert;3;6043;7698.402274008091;2434.4298131326173;1773.568386078;3490.4040747974736;5415.275033145166;1610.1795418381605;1142.1264531983543;2662.969038108651;19;300078.2757;0,28,76,3,77,0,0,96,93,91,100,58,0,0,69,88,62,10,32,90,50,0,0,95,37,98,16,61,6,0,0,99,85,13,0,0,59,92,2,74,22,56,0,0,21,73,41,54,68,80,0,0,5,82,8,18,89,0,0,94,87,0,0,72,23,75,40,0,0,33,81,71,9,66,70,0,0,27,52,31,30,51,0,0,42,14,44,38,43,97,0,0,83,45,17,86,84,60,0,0,12,29,78,79,34,35,65,0,0,57,15,67,25,55,24,0,0,7,11,64,49,46,48,0,0,53,39,4,26,0,0,36,47,19,63,20,1,0
0;pliki//100 lokacji//R101.txt;200;40;insert;3;6044;7698.402274008091;2434.4298131326173;1773.568386078;3490.4040747974736;5415.275033145166;1610.1795418381605;1142.1264531983543;2662.969038108651;19;300046.5486;0,28,76,3,77,0,0,96,93,91,100,58,0,0,69,88,62,10,32,90,50,0,0,95,37,98,16,61,6,0,0,99,85,13,0,0,59,92,2,74,22,56,0,0,21,73,41,54,68,80,0,0,5,82,8,18,89,0,0,94,87,0,0,72,23,75,40,0,0,33,81,71,9,66,70,0,0,27,52,31,30,51,0,0,42,14,44,38,43,97,0,0,83,45,17,86,84,60,0,0,12,29,78,79,34,35,65,0,0,57,15,67,25,55,24,0,0,7,11,64,49,46,48,0,0,53,39,4,26,0,0,36,47,19,63,20,1,0
0;pliki//100 lokacji//R101.txt;200;50;swap;3;7042;7698.402274008091;2434.4298131326173;1773.568386078;3490.4040747974736;5613.0088216929;1643.7901991495735;1289.0574725053566;2680.161150037969;20;300040.8105;0,45,17,60,74,72,4,0,0,63,32,20,51,66,70,1,0,0,53,26,21,73,40,0,0,27,52,7,62,88,0,0,5,61,91,44,96,6,0,0,19,47,46,8,0,0,69,50,76,3,79,0,0,59,95,94,0,0,77,29,78,9,34,81,33,0,0,89,83,82,48,18,0,0,28,0,0,92,15,85,84,0,0,31,30,90,65,35,71,0,0,93,99,87,58,0,0,10,11,64,49,36,37,100,0,0,13,42,43,38,14,97,0,0,55,54,68,80,12,0,0,2,57,41,23,67,25,24,0,0,98,16,86,0,0,39,56,75,22,0
0;pliki//100 lokacji//R101.txt;200;50;swap;3;7043;7698.402274008091;2434.4298131326173;1773.568386078;3490.4040747974736;5478.056207255706;1505.51824977157;1436.0218642505627;2536.5160932335725;19;300149.848;0,76,80,39,56,74,0,0,61,16,86,96,0,0,69,90,32,20,66,65,35,0,0,42,43,57,87,13,0,0,18,82,48,8,46,0,0,23,75,67,25,55,0,0,2,73,4,54,26,0,0,28,68,0,0,27,88,10,30,51,33,50,0,0,94,58,53,0,0,9,71,78,34,81,1,0,0,52,7,47,49,19,0,0,59,95,92,98,99,0,0,83,45,17,84,5,60,89,0,0,40,21,72,22,41,15,97,0,0,14,38,44,91,100,37,0,0,85,93,6,0,0,31,62,11,36,64,63,70,0,0,12,24,29,79,3,77,0
0;pliki//100 lokacji//R101.txt;200;50;swap;3;7044;7698.402274008091;2434.4298131326173;1773.568386078;3490.4040747974736;5491.560553995907;1598.8448140656521;1180.9548812675118;2711.760858662743;19;300125.7025;0,57,15,87,91,97,89,0,0,27,31,24,55,25,4,0,0,7,11,64,90,32,10,1,0,0,75,22,43,14,100,0,0,36,47,48,8,83,0,0,42,44,38,86,0,0,94,13,0,0,30,51,20,33,68,80,0,0,69,62,19,49,46,45,17,60,0,0,58,72,21,73,40,0,0,12,77,29,78,79,3,0,0,2,41,23,67,56,74,0,0,95,5,61,16,84,6,0,0,28,76,81,9,50,0,0,52,18,82,88,0,0,63,66,71,65,34,35,70,0,0,59,37,98,99,96,0,0,92,85,93,0,0,53,39,54,26,0
0;pliki//100 lokacji//R101.txt;200;50;invert;3;7042;7698.402274008091;2434.4298131326173;1773.568386078;3490.4040747974736;6258.953413911888;1825.5695057816542;1501.6212027596578;2931.7627053705755;19;300064.024;0,53,58,13,97,89,0,0,27,31,70,32,20,24,0,0,28,12,76,77,3,55,0,0,6,96,93,37,100,91,17,84,60,0,0,94,87,40,26,0,0,1,52,88,48,46,18,0,0,69,62,10,90,50,0,0,95,98,61,16,43,74,0,0,99,85,57,25,0,0,59,92,2,22,56,4,0,0,21,73,41,54,68,80,0,0,5,79,78,35,34,29,0,0,83,8,82,19,49,7,0,0,72,23,75,0,0,33,81,9,71,66,0,0,42,14,44,38,15,0,0,86,45,36,47,0,0,30,51,65,63,64,11,0,0,39,67,0
0;pliki//100 lokacji//R101.txt;200;50;invert;3;7043;7698.402274008091;2434.4298131326173;1773.568386078;3490.4040747974736;6114.874901554458;1816.0325121097007;1352.1101910536072;2946.7321983911497;20;300050.5648;0,53,58,13,97,89,0,0,27,31,70,32,20,24,0,0,28,12,76,77,3,55,0,0,52,88,48,46,17,60,0,0,94,87,40,26,0,0,18,84,91,100,37,93,96,6,0,0,69,1,62,10,90,50,0,0,95,98,61,16,43,74,0,0,99,85,57,25,0,0,59,92,2,22,56,4,0,0,21,73,41,54,68,80,0,0,5,8,82,78,34,35,0,0,47,36,49,19,7,0,0,72,23,75,0,0,33,81,29,79,0,0,42,14,44,0,0,51,9,71,65,66,30,0,0,63,64,11,0,0,83,45,86,38,15,0,0,39,67,0
0;pliki//100 lokacji//R101.txt;200;50;invert;3;7044;7698.402274008091;2434.4298131326173;1773.568386078;3490.4040747974736;6137.4674083643295;1693.8510111903674;1702.8983808449743;2740.7180163289872;19;300015.1031;0,69,70,79,3,77,76,0,0,72,39,41,14,0,0,28,94,6,89,0,0,81,34,35,65,66,32,0,0,59,98,91,16,18,52,0,0,73,67,25,55,68,0,0,62,11,64,49,36,0,0,93,61,86,17,60,0,0,99,85,0,0,33,71,78,54,12,0,0,53,2,75,23,56,0,0,15,43,42,87,13,0,0,7,48,47,46,45,8,0,0,83,44,38,37,97,95,0,0,19,82,84,5,96,0,0,31,51,9,24,80,26,0,0,21,74,22,4,0,0,63,90,10,88,92,100,57,40,58,0,0,27,1,30,20,29,50,0
0;pliki//100 lokacji//R101.txt;200;50;insert;3;7042;7698.402274008091;2434.4298131326173;1773.568386078;3490.4040747974736;5415.275033145166;1610.1795418381605;1142.1264531983543;2662.969038108651;19;300022.5008;0,28,76,3,77,0,0,96,93,91,100,58,0,0,69,88,62,10,32,90,50,0,0,95,37,98,16,61,6,0,0,99,85,13,0,0,59,92,2,74,22,56,0,0,21,73,41,54,68,80,0,0,5,82,8,18,89,0,0,94,87,0,0,72,23,75,40,0,0,33,81,71,9,66,70,0,0,27,52,31,30,51,0,0,42,14,44,38,43,97,0,0,83,45,17,86,84,60,0,0,12,29,78,79,34,35,65,0,0,57,15,67,25,55,24,0,0,7,11,64,49,46,48,0,0,53,39,4,26,0,0,36,47,19,63,20,1,0
0;pliki//100 lokacji//R101.txt;200;50;insert;3;7043;7698.402274008091;2434.4298131326173;1773.568386078;3490.4040747974736;5415.275033145166;1610.1795418381605;1142.1264531983543;2662.969038108651;19;300004.723;0,28,76,3,77,0,0,96,93,91,100,58,0,0,69,88,62,10,32,90,50,0,0,95,37,98,16,61,6,0,0,99,85,13,0,0,59,92,2,74,22,56,0,0,21,73,41,54,68,80,0,0,5,82,8,18,89,0,0,94,87,0,0,72,23,75,40,0,0,33,81,71,9,66,70,0,0,27,52,31,30,51,0,0,42,14,44,38,43,97,0,0,83,45,17,86,84,60,0,0,12,29,78,79,34,35,65,0,0,57,15,67,25,55,24,0,0,7,11,64,49,46,48,0,0,53,39,4,26,0,0,36,47,19,63,20,1,0
0;pliki//100 lokacji//R101.txt;200;50;insert;3;7044;7698.402274008091;2434.4298131326173;1773.568386078;3490.4040747974736;5415.275033145166;1610.1795418381605;1142.1264531983543;2662.969038108651;19;300254.4105;0,28,76,3,77,0,0,96,93,91,100,58,0,0,69,88,62,10,32,90,50,0,0,95,37,98,16,61,6,0,0,99,85,13,0,0,59,92,2,74,22,56,0,0,21,73,41,54,68,80,0,0,5,82,8,18,89,0,0,94,87,0,0,72,23,75,40,0,0,33,81,71,9,66,70,0,0,27,52,31,30,51,0,0,42,14,44,38,43,97,0,0,83,45,17,86,84,60,0,0,12,29,78,79,34,35,65,0,0,57,15,67,25,55,24,0,0,7,11,64,49,46,48,0,0,53,39,4,26,0,0,36,47,19,63,20,1,0
0;pliki//100 lokacji//R101.txt;250;10;swap;3;3542;7698.402274008091;2434.4298131326173;1773.568386078;3490.4040747974736;5641.275315705614;1650.6261951320644;1248.19830444149;2742.45081613206;19;300086.2675;0,28,12,77,76,0,0,53,6,96,93,37,89,0,0,40,58,87,91,17,60,0,0,27,52,88,8,46,48,0,0,94,86,84,0,0,31,62,90,50,0,0,95,98,61,16,43,15,57,0,0,99,85,13,0,0,59,92,2,22,56,4,0,0,21,73,41,54,68,80,0,0,45,82,10,66,65,35,0,0,7,47,36,49,19,0,0,72,23,75,74,0,0,3,33,81,71,9,34,0,0,69,30,51,78,79,24,26,0,0,42,14,44,38,100,97,0,0,5,83,18,0,0,29,25,67,39,55,0,0,11,64,63,32,20,70,1,0
0;pliki//100 lokacji//R101.txt;250;10;swap;3;3543;7698.402274008091;2434.4298131326173;1773.568386078;3490.4040747974736;5474.7383199094165;1588.6967537547985;1221.1520613020236;2664.8895048525947;21;300028.328;0,30,90,32,20,0,0,83,45,17,84,60,0,0,59,93,37,98,99,0,0,69,50,51,81,78,79,0,0,62,7,49,64,63,70,0,0,26,54,29,68,0,0,39,67,56,0,0,82,47,19,11,10,0,0,76,33,71,65,66,1,0,0,14,43,91,85,6,0,0,42,15,57,87,13,0,0,5,44,38,100,97,0,0,2,41,22,0,0,28,0,0,89,18,8,46,36,48,0,0,12,77,3,9,35,34,24,80,0,0,27,52,31,88,0,0,92,95,94,0,0,53,21,73,74,25,55,4,58,0,0,72,23,75,40,0,0,61,16,86,96,0
0;pliki//100 lokacji//R101.txt;250;10;swap;3;3544;7698.402274008091;2434.4298131326173;1773.568386078;3490.4040747974736;5641.275315705614;1650.6261951320644;1248.19830444149;2742.45081613206;19;300023.2791;0,28,12,77,76,0,0,53,6,96,93,37,89,0,0,40,58,87,91,17,60,0,0,27,52,88,8,46,48,0,0,94,86,84,0,0,31,62,90,50,0,0,95,98,61,16,43,15,57,0,0,99,85,13,0,0,59,92,2,22,56,4,0,0,21,73,41,54,68,80,0,0,45,82,10,66,65,35,0,0,7,47,36,49,19,0,0,72,23,75,74,0,0,3,33,81,71,9,34,0,0,69,30,51,78,79,24,26,0,0,42,14,44,38,100,97,0,0,5,83,18,0,0,29,25,67,39,55,0,0,11,64,63,32,20,70,1,0
0;pliki//100 lokacji//R101.txt;250;10;invert;3;3542;7698.402274008091;2434.4298131326173;1773.568386078;3490.4040747974736;5730.395543345039;1472.9739594765217;1737.9775164267792;2519.444067441738;19;300122.3369;0,85,37,95,0,0,26,72,56,4,21,0,0,12,80,3,34,24,54,0,0,52,7,19,47,48,0,0,57,41,39,67,25,55,0,0,51,9,20,32,90,63,10,70,0,0,18,82,61,6,0,0,28,76,68,0,0,96,93,89,0,0,73,74,75,23,22,0,0,77,29,79,78,81,33,0,0,50,35,71,65,66,30,1,0,0,42,15,38,86,91,100,92,0,0,58,2,43,14,44,0,0,59,97,13,40,53,0,0,27,69,31,62,88,0,0,94,87,0,0,11,64,49,36,46,8,45,83,60,0,0,99,98,16,17,84,5,0
0;pliki//100 lokacji//R101.txt;250;10;invert;3;3543;7698.402274008091;2434.4298131326173;1773.568386078;3490.4040747974736;5869.336867712029;1551.757031070266;1695.9678141616391;2621.612022480124;19;300001.885;0,53,58,13,97,89,0,0,27,31,70,32,20,24,0,0,28,76,77,3,55,12,0,0,94,87,40,26,0,0,18,46,48,0,0,95,37,100,98,93,96,6,0,0,52,88,62,10,90,50,1,69,0,0,60,84,17,61,16,91,43,0,0,51,9,35,71,65,66,0,0,7,82,19,11,64,63,30,0,0,59,85,92,0,0,4,54,80,68,0,0,73,22,41,2,0,0,21,56,39,67,25,0,0,33,81,34,78,79,29,0,0,5,86,99,0,0,72,23,75,74,0,0,83,45,8,47,36,49,0,0,44,38,14,42,15,57,0
0;pliki//100 lokacji//R101.txt;250;10;invert;3;3544;7698.402274008091;2434.4298131326173;1773.568386078;3490.4040747974736;5788.079445505451;1445.9922150301222;1840.7195715181256;2501.3676589572037;19;300006.0923;0,85,98,13,0,0,96,16,44,38,42,97,0,0,69,30,20,66,32,90,70,0,0,86,5,0,0,53,74,23,67,56,0,0,2,57,87,0,0,27,8,45,83,60,89,0,0,12,80,54,25,4,26,0,0,52,62,48,82,18,0,0,40,73,72,75,22,41,0,0,1,51,9,71,65,35,50,0,0,33,81,34,78,79,0,0,88,11,64,63,10,31,0,0,68,29,3,77,0,0,15,43,14,91,100,37,92,95,0,0,7,19,49,36,47,46,17,84,0,0,58,94,0,0,59,93,61,99,6,0,0,28,76,24,55,39,21,0
0;pliki//100 lokacji//R101.txt;250;10;insert;3;3542;7698.402274008091;2434.4298131326173;1773.568386078;3490.4040747974736;5469.506374611082;1603.0064726862802;1202.2665590070114;2664.23334291779;19;300085.3621;0,96,93,91,100,58,0,0,27,52,31,88,0,0,69,62,10,32,90,50,0,0,95,37,98,16,61,6,0,0,99,85,13,0,0,59,92,2,22,56,0,0,73,74,41,54,68,80,0,0,5,82,48,8,0,0,28,94,87,0,0,72,21,40,53,0,0,33,81,71,9,66,70,0,0,30,51,79,3,77,0,0,42,14,44,38,43,97,0,0,83,45,17,86,84,60,0,0,12,76,29,78,34,35,65,0,0,57,15,23,67,25,55,24,0,0,7,11,64,49,46,18,89,0,0,4,39,75,26,0,0,36,47,19,63,20,1,0
0;pliki//100 lokacji//R101.txt;250;10;insert;3;3543;7698.402274008091;2434.4298131326173;1773.568386078;3490.4040747974736;5469.506374611082;1603.0064726862802;1202.2665590070114;2664.23334291779;19;300146.4649;0,96,93,91,100,58,0,0,27,52,31,88,0,0,69,62,10,32,90,50,0,0,95,37,98,16,61,6,0,0,99,85,13,0,0,59,92,2,22,56,0,0,73,74,41,54,68,80,0,0,5,82,48,8,0,0,28,94,87,0,0,72,21,40,53,0,0,33,81,71,9,66,70,0,0,30,51,79,3,77,0,0,42,14,44,38,43,97,0,0,83,45,17,86,84,60,0,0,12,76,29,78,34,35,65,0,0,57,15,23,67,25,55,24,0,0,7,11,64,49,46,18,89,0,0,4,39,75,26,0,0,36,47,19,63,20,1,0
0;pliki//100 lokacji//R101.txt;250;10;insert;3;3544;7698.402274008091;2434.4298131326173;1773.568386078;3490.4040747974736;5469.506374611082;1603.0064726862802;1202.2665590070114;2664.23334291779;19;300118.7284;0,96,93,91,100,58,0,0,27,52,31,88,0,0,69,62,10,32,90,50,0,0,95,37,98,16,61,6,0,0,99,85,13,0,0,59,92,2,22,56,0,0,73,74,41,54,68,80,0,0,5,82,48,8,0,0,28,94,87,0,0,72,21,40,53,0,0,33,81,71,9,66,70,0,0,30,51,79,3,77,0,0,42,14,44,38,43,97,0,0,83,45,17,86,84,60,0,0,12,76,29,78,34,35,65,0,0,57,15,23,67,25,55,24,0,0,7,11,64,49,46,18,89,0,0,4,39,75,26,0,0,36,47,19,63,20,1,0
0;pliki//100 lokacji//R101.txt;250;20;swap;3;4542;7698.402274008091;2434.4298131326173;1773.568386078;3490.4040747974736;5578.053354773701;1599.034157754085;1333.24631778282;2645.7728792367957;20;300034.8251;0,33,81,71,51,0,0,95,42,14,38,0,0,28,99,85,0,0,18,8,82,7,0,0,75,22,41,15,43,100,37,0,0,69,31,66,65,20,1,0,0,30,9,35,68,80,0,0,52,62,19,90,32,10,70,0,0,58,2,57,87,13,0,0,63,64,36,46,48,0,0,6,93,86,91,97,0,0,72,21,73,40,0,0,27,50,77,76,53,0,0,26,4,25,39,56,74,0,0,23,67,55,24,54,0,0,83,45,17,5,0,0,92,98,44,16,61,84,60,0,0,12,3,29,34,78,79,0,0,88,11,49,47,89,0,0,59,96,94,0
0;pliki//100 lokacji//R101.txt;250;20;swap;3;4543;7698.402274008091;2434.4298131326173;1773.568386078;3490.4040747974736;5418.607301573264;1556.6021816736543;1256.591593616051;2605.413526283558;20;300073.5369;0,62,11,63,90,32,10,0,0,92,17,61,85,0,0,40,72,56,23,74,0,0,59,96,94,0,0,69,31,70,81,33,50,0,0,27,30,71,66,20,1,0,0,88,19,64,49,36,60,89,0,0,3,68,24,80,0,0,58,2,57,87,13,0,0,52,83,82,18,0,0,42,15,43,84,5,0,0,28,76,77,79,0,0,14,38,86,6,0,0,12,29,78,9,34,35,65,51,0,0,21,73,22,41,0,0,53,75,67,25,55,54,0,0,39,4,26,0,0,95,93,98,99,0,0,7,48,8,45,46,47,0,0,44,16,91,100,37,97,0
0;pliki//100 lokacji//R101.txt;250;20;swap;3;4544;7698.402274008091;2434.4298131326173;1773.568386078;3490.4040747974736;5641.275315705614;1650.6261951320644;1248.19830444149;2742.45081613206;19;300110.1592;0,28,12,77,76,0,0,53,6,96,93,37,89,0,0,40,58,87,91,17,60,0,0,27,52,88,8,46,48,0,0,94,86,84,0,0,31,62,90,50,0,0,95,98,61,16,43,15,57,0,0,99,85,13,0,0,59,92,2,22,56,4,0,0,21,73,41,54,68,80,0,0,45,82,10,66,65,35,0,0,7,47,36,49,19,0,0,72,23,75,74,0,0,3,33,81,71,9,34,0,0,69,30,51,78,79,24,26,0,0,42,14,44,38,100,97,0,0,5,83,18,0,0,29,25,67,39,55,0,0,11,64,63,32,20,70,1,0
0;pliki//100 lokacji//R101.txt;250;20;invert;3;4542;7698.402274008091;2434.4298131326173;1773.568386078;3490.4040747974736;6053.262935894081;1669.9250623609273;1620.4590440887775;2762.878829444376;19;300065.372;0,53,58,13,97,89,0,0,27,31,70,32,20,24,0,0,28,76,77,3,55,12,0,0,94,87,40,26,0,0,18,84,91,100,37,93,96,6,0,0,1,52,88,48,46,17,60,0,0,69,62,10,90,50,0,0,95,98,61,16,43,74,56,0,0,21,73,22,41,2,92,59,0,0,72,23,75,57,0,0,68,80,54,4,0,0,99,85,0,0,39,67,25,0,0,45,86,5,0,0,82,19,11,7,0,0,63,64,49,36,47,8,83,0,0,30,66,71,9,34,78,33,0,0,79,81,51,65,35,29,0,0,44,38,14,42,15,0
0;pliki//100 lokacji//R101.txt;250;20;invert;3;4543;7698.402274008091;2434.4298131326173;1773.568386078;3490.4040747974736;5938.296291461626;1606.4358498917206;1621.9300581930381;2709.9303833768677;19;300013.3835;0,53,58,13,97,89,0,0,27,31,70,32,20,24,0,0,28,76,77,3,55,12,0,0,18,84,91,100,37,93,96,6,0,0,94,87,40,26,0,0,1,52,88,48,46,17,60,0,0,69,62,10,90,50,0,0,95,92,98,85,0,0,57,43,16,61,5,0,0,25,67,39,56,0,0,68,80,54,4,0,0,30,66,71,9,34,78,33,0,0,7,11,19,8,45,83,0,0,73,72,21,0,0,2,41,22,23,75,74,0,0,63,64,49,36,47,82,0,0,59,86,99,0,0,79,81,51,65,35,29,0,0,44,38,14,42,15,0
0;pliki//100 lokacji//R101.txt;250;20;invert;3;4544;7698.402274008091;2434.4298131326173;1773.568386078;3490.4040747974736;6048.3608585493475;1695.3695598505185;1591.0850029479375;2761.9062957508913;20;300143.7299;0,53,58,13,97,89,0,0,27,31,70,32,20,24,0,0,28,76,77,3,55,12,0,0,6,96,93,37,100,91,17,84,60,0,0,94,87,40,26,0,0,52,88,48,46,18,0,0,69,1,62,10,90,50,0,0,95,98,61,16,43,74,56,0,0,99,85,0,0,21,73,22,41,4,25,54,0,0,59,92,2,0,0,9,65,35,34,78,68,80,0,0,72,75,23,57,0,0,83,45,8,36,49,7,0,0,30,66,71,51,0,0,39,67,0,0,82,47,19,11,64,63,0,0,86,5,0,0,29,79,81,33,0,0,44,38,14,42,15,0
0;pliki//100 lokacji//R101.txt;250;20;insert;3;4542;7698.402274008091;2434.4298131326173;1773.568386078;3490.4040747974736;5450.745039749279;1609.4082487402195;1186.2996989365363;2655.0370920725236;19;300097.3608;0,96,93,91,100,58,0,0,27,52,31,88,0,0,69,62,10,32,90,50,0,0,95,37,98,16,61,6,0,0,99,85,13,0,0,59,92,2,74,22,0,0,21,73,41,56,54,68,0,0,5,82,8,18,89,0,0,28,94,87,0,0,72,23,75,40,0,0,33,81,71,9,66,70,0,0,30,51,79,3,77,0,0,42,14,44,38,43,97,0,0,83,45,17,86,84,60,0,0,12,76,78,34,35,65,0,0,57,15,67,25,55,24,29,80,0,0,7,11,64,49,46,48,0,0,53,39,4,26,0,0,36,47,19,63,20,1,0
0;pliki//100 lokacji//R101.txt;250;20;insert;3;4543;7698.402274008091;2434.4298131326173;1773.568386078;3490.4040747974736;5450.745039749279;1609.4082487402195;1186.2996989365363;2655.0370920725236;19;300009.1088;0,96,93,91,100,58,0,0,27,52,31,88,0,0,69,62,10,32,90,50,0,0,95,37,98,16,61,6,0,0,99,85,13,0,0,59,92,2,74,22,0,0,21,73,41,56,54,68,0,0,5,82,8,18,89,0,0,28,94,87,0,0,72,23,75,40,0,0,33,81,71,9,66,70,0,0,30,51,79,3,77,0,0,42,14,44,38,43,97,0,0,83,45,17,86,84,60,0,0,12,76,78,34,35,65,0,0,57,15,67,25,55,24,29,80,0,0,7,11,64,49,46,48,0,0,53,39,4,26,0,0,36,47,19,63,20,1,0
0;pliki//100 lokacji//R101.txt;250;20;insert;3;4544;7698.402274008091;2434.4298131326173;1773.568386078;3490.4040747974736;5450.745039749279;1609.4082487402195;1186.2996989365363;2655.0370920725236;19;300122.1557;0,96,93,91,100,58,0,0,27,52,31,88,0,0,69,62,10,32,90,50,0,0,95,37,98,16,61,6,0,0,99,85,13,0,0,59,92,2,74,22,0,0,21,73,41,56,54,68,0,0,5,82,8,18,89,0,0,28,94,87,0,0,72,23,75,40,0,0,33,81,71,9,66,70,0,0,30,51,79,3,77,0,0,42,14,44,38,43,97,0,0,83,45,17,86,84,60,0,0,12,76,78,34,35,65,0,0,57,15,67,25,55,24,29,80,0,0,7,11,64,49,46,48,0,0,53,39,4,26,0,0,36,47,19,63,20,1,0
0;pliki//100 lokacji//R101.txt;250;30;swap;3;5542;7698.402274008091;2434.4298131326173;1773.568386078;3490.4040747974736;5608.154253629944;1576.0034064896438;1416.2446937495104;2615.9061533907898;19;300025.1204;0,6,96,57,22,41,74,56,4,0,0,98,16,86,17,0,0,39,67,54,0,0,27,31,30,69,0,0,21,72,75,73,0,0,52,7,47,36,19,10,70,1,0,0,45,8,84,85,0,0,42,15,40,0,0,12,68,80,26,0,0,95,99,61,44,38,100,92,0,0,59,94,13,0,0,33,81,78,79,3,77,0,0,18,83,5,60,89,0,0,28,76,50,51,66,20,0,0,88,62,11,63,90,32,0,0,53,55,25,23,97,91,93,0,0,2,87,43,14,37,0,0,65,71,35,9,34,29,24,58,0,0,82,48,46,49,64,0
0;pliki//100 lokacji//R101.txt;250;30;swap;3;5543;7698.402274008091;2434.4298131326173;1773.568386078;3490.4040747974736;5586.04238945482;1613.5311105281824;1291.8166469363046;2680.694631990334;21;300020.0243;0,19,47,48,18,0,0,65,66,70,0,0,52,7,82,0,0,5,45,17,16,100,97,0,0,28,79,78,9,50,0,0,94,95,13,0,0,76,81,71,35,34,77,0,0,40,21,74,75,22,41,0,0,30,51,33,3,68,0,0,59,93,99,0,0,53,58,2,73,87,0,0,60,83,8,46,36,89,0,0,92,42,98,37,85,0,0,14,91,86,84,96,0,0,62,11,90,20,1,0,0,27,69,31,88,0,0,72,39,4,0,0,49,64,63,32,10,0,0,12,80,29,24,54,0,0,55,25,67,23,56,26,0,0,6,61,44,38,43,15,57,0
0;pliki//100 lokacji//R101.txt;250;30;swap;3;5544;7698.402274008091;2434.4298131326173;1773.568386078;3490.4040747974736;5532.208250921301;1590.2565008674278;1301.6754487967053;2640.276301257168;20;300092.5025;0,68,24,80,0,0,83,45,17,86,84,60,0,0,7,11,64,49,36,48,0,0,52,82,47,19,0,0,59,61,99,94,0,0,53,74,22,75,72,0,0,4,39,67,41,0,0,95,42,15,23,56,0,0,31,62,88,0,0,98,91,85,96,6,0,0,33,81,51,30,66,20,0,0,5,16,44,38,0,0,28,26,21,73,40,0,0,76,3,79,34,77,0,0,2,57,87,13,0,0,12,29,78,9,50,1,0,0,89,18,8,46,0,0,71,65,35,55,25,54,58,0,0,92,93,14,43,100,37,97,0,0,27,69,70,32,90,63,10,0
0;pliki//100 lokacji//R101.txt;250;30;invert;3;5542;7698.402274008091;2434.4298131326173;1773.568386078;3490.4040747974736;6112.412010504651;1642.037486219052;1778.1332734821208;2692.241250803479;19;300093.1044;0,69,70,10,62,88,31,0,0,53,41,75,67,0,0,12,54,55,4,0,0,42,86,5,0,0,50,68,78,35,1,0,0,94,99,87,0,0,82,19,36,47,8,89,0,0,65,71,66,20,32,90,63,7,0,0,95,14,43,15,13,0,0,80,77,3,79,33,51,0,0,18,83,45,84,96,0,0,59,98,91,44,92,97,40,0,0,52,60,85,0,0,73,22,74,56,72,21,0,0,11,64,49,46,17,61,93,6,0,0,27,28,76,81,0,0,58,2,57,38,16,100,37,0,0,29,34,9,30,48,0,0,26,24,25,39,23,0
0;pliki//100 lokacji//R101.txt;250;30;invert;3;5543;7698.402274008091;2434.4298131326173;1773.568386078;3490.4040747974736;6049.844318990843;1667.2378672356208;1649.857513708652;2732.74893804657;20;300112.7203;0,53,58,13,97,89,0,0,27,31,70,32,20,24,0,0,28,76,77,3,55,12,0,0,52,48,46,18,0,0,6,96,93,61,16,17,84,60,0,0,99,85,0,0,95,98,37,100,91,43,57,74,56,0,0,88,62,10,90,50,1,69,0,0,94,87,40,26,0,0,21,73,22,41,15,42,14,0,0,7,49,19,0,0,30,66,71,35,9,51,0,0,72,23,75,0,0,33,81,34,78,79,0,0,2,67,39,0,0,92,44,38,86,0,0,59,0,0,4,25,54,80,68,0,0,5,45,8,83,0,0,82,47,36,64,11,63,65,29,0
0;pliki//100 lokacji//R101.txt;250;30;invert;3;5544;7698.402274008091;2434.4298131326173;1773.568386078;3490.4040747974736;6122.754288985225;1626.473088320095;1807.9100634706206;2688.371137194509;19;301406.924;0,37,87,57,41,72,25,0,0,69,70,32,9,1,0,0,52,62,11,64,47,82,60,0,0,90,30,20,66,65,35,71,51,0,0,95,98,100,91,93,96,6,0,0,92,85,16,99,0,0,89,83,17,45,46,48,0,0,76,77,29,54,4,0,0,5,18,7,88,0,0,50,81,79,0,0,59,44,42,43,15,2,0,0,31,10,63,49,36,0,0,94,58,53,0,0,21,67,55,24,68,0,0,73,74,75,23,27,0,0,40,22,56,39,26,0,0,19,8,84,61,97,13,0,0,14,38,86,0,0,28,3,33,78,34,80,12,0
0;pliki//100 lokacji//R101.txt;250;30;insert;3;5542;7698.402274008091;2434.4298131326173;1773.568386078;3490.4040747974736;5450.745039749279;1609.4082487402195;1186.2996989365363;2655.0370920725236;19;300078.3269;0,96,93,91,100,58,0,0,27,52,31,88,0,0,69,62,10,32,90,50,0,0,95,37,98,16,61,6,0,0,99,85,13,0,0,59,92,2,74,22,0,0,21,73,41,56,54,68,0,0,5,82,8,18,89,0,0,28,94,87,0,0,72,23,75,40,0,0,33,81,71,9,66,70,0,0,30,51,79,3,77,0,0,42,14,44,38,43,97,0,0,83,45,17,86,84,60,0,0,12,76,78,34,35,65,0,0,57,15,67,25,55,24,29,80,0,0,7,11,64,49,46,48,0,0,53,39,4,26,0,0,36,47,19,63,20,1,0
0;pliki//100 lokacji//R101.txt;250;30;insert;3;5543;7698.402274008091;2434.4298131326173;1773.568386078;3490.4040747974736;5450.745039749279;1609.4082487402195;1186.2996989365363;2655.0370920725236;19;300028.1035;0,96,93,91,100,58,0,0,27,52,31,88,0,0,69,62,10,32,90,50,0,0,95,37,98,16,61,6,0,0,99,85,13,0,0,59,92,2,74,22,0,0,21,73,41,56,54,68,0,0,5,82,8,18,89,0,0,28,94,87,0,0,72,23,75,40,0,0,33,81,71,9,66,70,0,0,30,51,79,3,77,0,0,42,14,44,38,43,97,0,0,83,45,17,86,84,60,0,0,12,76,78,34,35,65,0,0,57,15,67,25,55,24,29,80,0,0,7,11,64,49,46,48,0,0,53,39,4,26,0,0,36,47,19,63,20,1,0
0;pliki//100 lokacji//R101.txt;250;30;insert;3;5544;7698.402274008091;2434.4298131326173;1773.568386078;3490.4040747974736;5450.745039749279;1609.4082487402195;1186.2996989365363;2655.0370920725236;19;300006.8639;0,96,93,91,100,58,0,0,27,52,31,88,0,0,69,62,10,32,90,50,0,0,95,37,98,16,61,6,0,0,99,85,13,0,0,59,92,2,74,22,0,0,21,73,41,56,54,68,0,0,5,82,8,18,89,0,0,28,94,87,0,0,72,23,75,40,0,0,33,81,71,9,66,70,0,0,30,51,79,3,77,0,0,42,14,44,38,43,97,0,0,83,45,17,86,84,60,0,0,12,76,78,34,35,65,0,0,57,15,67,25,55,24,29,80,0,0,7,11,64,49,46,48,0,0,53,39,4,26,0,0,36,47,19,63,20,1,0
0;pliki//100 lokacji//R101.txt;250;40;swap;3;6542;7698.402274008091;2434.4298131326173;1773.568386078;3490.4040747974736;5566.479313211013;1568.7986091638268;1386.2603670617523;2611.4203369854336;20;300097.5056;0,51,35,65,66,32,1,0,0,12,29,79,78,34,3,0,0,28,76,77,81,50,0,0,44,38,86,17,60,0,0,33,9,71,20,63,10,0,0,59,95,94,0,0,83,45,8,18,89,0,0,88,11,64,90,0,0,52,7,47,19,48,0,0,69,31,62,49,36,46,0,0,58,2,57,15,43,13,0,0,68,54,55,25,24,80,0,0,40,41,56,39,4,26,0,0,98,99,93,37,96,0,0,27,70,30,0,0,82,85,6,0,0,92,100,91,16,61,84,5,0,0,74,75,23,67,0,0,53,72,21,73,22,0,0,87,42,14,97,0
0;pliki//100 lokacji//R101.txt;250;40;swap;3;6543;7698.402274008091;2434.4298131326173;1773.568386078;3490.4040747974736;5476.332038178605;1562.611926714875;1286.273323410504;2627.4467880532266;19;300752.7677;0,73,74,41,23,67,56,0,0,85,17,84,96,97,0,0,53,40,0,0,44,86,91,42,37,0,0,68,29,78,79,50,0,0,4,39,25,55,54,24,80,0,0,28,12,76,0,0,59,93,16,61,0,0,92,2,75,22,72,26,0,0,94,95,100,98,99,0,0,21,57,15,43,5,60,89,0,0,45,82,83,18,6,13,0,0,14,38,87,58,0,0,33,81,71,65,35,34,0,0,52,7,47,36,49,64,10,0,0,27,69,70,30,66,20,1,0,0,62,88,8,46,48,0,0,31,51,9,3,77,0,0,63,11,19,90,32,0
0;pliki//100 lokacji//R101.txt;250;40;swap;3;6544;7698.402274008091;2434.4298131326173;1773.568386078;3490.4040747974736;5535.49641999226;1560.83928493816;1374.1245423117307;2600.532592742369;20;300007.6776;0,4,39,75,26,0,0,96,99,85,0,0,54,55,25,22,41,23,73,0,0,94,95,0,0,28,0,0,59,37,100,91,93,6,0,0,76,33,35,65,66,63,11,88,0,0,81,34,77,68,80,0,0,57,15,67,56,74,2,58,0,0,83,45,46,8,84,60,89,0,0,92,42,98,16,86,17,0,0,7,19,64,49,36,0,0,82,47,48,18,0,0,5,61,38,43,13,0,0,72,21,40,53,0,0,27,31,70,30,0,0,69,51,71,9,20,1,0,0,14,44,97,87,0,0,12,24,29,78,79,3,50,0,0,52,62,10,90,32,0
0;pliki//100 lokacji//R101.txt;250;40;invert;3;6542;7698.402274008091;2434.4298131326173;1773.568386078;3490.4040747974736;6109.992324227574;1807.0489983804932;1390.98735340091;2911.9559724461706;20;300031.2306;0,53,58,13,97,89,0,0,27,31,70,32,20,24,0,0,28,12,76,77,3,55,0,0,6,96,93,37,100,91,17,60,0,0,94,87,40,26,0,0,52,88,48,46,84,18,0,0,69,1,62,10,90,50,0,0,95,98,61,16,43,74,0,0,99,85,57,25,0,0,59,92,2,22,56,4,0,0,21,73,41,54,68,0,0,83,47,36,49,19,0,0,42,14,44,38,15,0,0,39,67,0,0,5,8,82,7,0,0,80,29,79,78,34,35,0,0,72,23,75,0,0,33,81,51,30,0,0,45,86,0,0,65,71,9,66,63,64,11,0
0;pliki//100 lokacji//R101.txt;250;40;invert;3;6543;7698.402274008091;2434.4298131326173;1773.568386078;3490.4040747974736;6155.820430796307;1804.6565168029344;1444.6939756097386;2906.469938383634;20;300017.1085;0,53,58,13,97,89,0,0,27,31,70,32,20,24,0,0,28,12,76,77,3,55,0,0,1,26,40,87,0,0,6,96,93,37,100,91,17,60,0,0,94,18,0,0,52,88,48,46,84,0,0,69,62,10,90,50,0,0,95,98,61,16,43,74,0,0,99,85,57,25,0,0,59,92,2,22,56,4,0,0,21,73,41,54,68,80,0,0,82,49,8,5,0,0,72,23,75,0,0,42,14,44,0,0,63,64,11,19,36,47,7,0,0,83,45,86,38,15,0,0,29,79,78,34,35,65,51,30,0,0,33,81,9,71,66,0,0,39,67,0
0;pliki//100 lokacji//R101.txt;250;40;invert;3;6544;7698.402274008091;2434.4298131326173;1773.568386078;3490.4040747974736;6144.069860603091;1779.4449034004185;1480.2918504408326;2884.33310676184;20;300027.4138;0,53,58,13,97,89,0,0,27,31,70,32,20,24,0,0,28,12,76,77,3,55,0,0,6,96,93,37,100,91,17,84,60,0,0,94,87,40,26,0,0,1,52,88,48,46,18,0,0,69,62,10,90,50,0,0,95,98,61,16,43,74,0,0,99,85,57,25,0,0,59,92,2,22,56,4,0,0,21,73,41,54,68,80,0,0,5,8,82,0,0,72,23,75,0,0,33,81,51,30,0,0,83,45,86,0,0,42,14,44,38,15,0,0,39,67,0,0,9,35,34,78,79,29,0,0,11,64,63,66,65,71,0,0,7,19,49,36,47,0
0;pliki//100 lokacji//R101.txt;250;40;insert;3;6542;7698.402274008091;2434.4298131326173;1773.568386078;3490.4040747974736;5415.275033145166;1610.1795418381605;1142.1264531983543;2662.969038108651;19;300010.8766;0,28,76,3,77,0,0,96,93,91,100,58,0,0,69,88,62,10,32,90,50,0,0,95,37,98,16,61,6,0,0,99,85,13,0,0,59,92,2,74,22,56,0,0,21,73,41,54,68,80,0,0,5,82,8,18,89,0,0,94,87,0,0,72,23,75,40,0,0,33,81,71,9,66,70,0,0,27,52,31,30,51,0,0,42,14,44,38,43,97,0,0,83,45,17,86,84,60,0,0,12,29,78,79,34,35,65,0,0,57,15,67,25,55,24,0,0,7,11,64,49,46,48,0,0,53,39,4,26,0,0,36,47,19,63,20,1,0
0;pliki//100 lokacji//R101.txt;250;40;insert;3;6543;7698.402274008091;2434.4298131326173;1773.568386078;3490.4040747974736;5415.275033145166;1610.1795418381605;1142.1264531983543;2662.969038108651;19;300019.4787;0,28,76,3,77,0,0,96,93,91,100,58,0,0,69,88,62,10,32,90,50,0,0,95,37,98,16,61,6,0,0,99,85,13,0,0,59,92,2,74,22,56,0,0,21,73,41,54,68,80,0,0,5,82,8,18,89,0,0,94,87,0,0,72,23,75,40,0,0,33,81,71,9,66,70,0,0,27,52,31,30,51,0,0,42,14,44,38,43,97,0,0,83,45,17,86,84,60,0,0,12,29,78,79,34,35,65,0,0,57,15,67,25,55,24,0,0,7,11,64,49,46,48,0,0,53,39,4,26,0,0,36,47,19,63,20,1,0
0;pliki//100 lokacji//R101.txt;250;40;insert;3;6544;7698.402274008091;2434.4298131326173;1773.568386078;3490.4040747974736;5415.275033145166;1610.1795418381605;1142.1264531983543;2662.969038108651;19;300027.8805;0,28,76,3,77,0,0,96,93,91,100,58,0,0,69,88,62,10,32,90,50,0,0,95,37,98,16,61,6,0,0,99,85,13,0,0,59,92,2,74,22,56,0,0,21,73,41,54,68,80,0,0,5,82,8,18,89,0,0,94,87,0,0,72,23,75,40,0,0,33,81,71,9,66,70,0,0,27,52,31,30,51,0,0,42,14,44,38,43,97,0,0,83,45,17,86,84,60,0,0,12,29,78,79,34,35,65,0,0,57,15,67,25,55,24,0,0,7,11,64,49,46,48,0,0,53,39,4,26,0,0,36,47,19,63,20,1,0
0;pliki//100 lokacji//R101.txt;250;50;swap;3;7542;7698.402274008091;2434.4298131326173;1773.568386078;3490.4040747974736;5475.557808878144;1572.973648923063;1239.8765110999113;2662.7076488551697;20;300035.0195;0,80,29,78,34,3,68,0,0,39,54,26,0,0,99,85,91,100,97,0,0,21,73,22,41,74,0,0,72,75,67,25,55,24,0,0,28,30,20,66,51,1,0,0,59,37,98,96,89,0,0,84,17,61,16,93,6,0,0,12,76,77,79,0,0,65,71,35,9,50,0,0,82,48,47,46,8,0,0,42,15,43,14,0,0,40,23,56,4,58,0,0,69,31,81,33,0,0,53,2,57,87,13,0,0,95,94,0,0,83,45,90,32,10,70,0,0,92,38,44,86,0,0,27,62,88,18,60,5,0,0,52,19,11,63,64,49,36,7,0
0;pliki//100 lokacji//R101.txt;250;50;swap;3;7543;7698.402274008091;2434.4298131326173;1773.568386078;3490.4040747974736;5592.49277588494;1622.912128386142;1312.6371724414516;2656.9434750573464;21;300209.1693;0,55,25,67,23,26,0,0,52,7,47,36,49,19,0,0,2,57,87,13,0,0,76,90,32,10,0,0,51,71,9,20,1,0,0,39,4,53,0,0,28,77,3,79,0,0,82,8,5,60,89,0,0,96,93,37,95,58,0,0,27,88,31,70,30,0,0,92,98,61,44,38,14,97,0,0,18,83,84,17,85,6,0,0,69,66,65,35,34,68,0,0,45,46,48,0,0,12,29,78,81,33,50,0,0,40,72,56,75,74,0,0,42,15,43,100,0,0,21,73,22,41,0,0,62,11,64,63,54,24,80,0,0,59,94,0,0,99,16,86,91,0
0;pliki//100 lokacji//R101.txt;250;50;swap;3;7544;7698.402274008091;2434.4298131326173;1773.568386078;3490.4040747974736;5578.002655535558;1602.1530876800916;1332.7046847836896;2643.144883071777;20;300099.6599;0,20,66,71,9,34,78,77,80,0,0,83,45,8,17,86,91,0,0,96,99,85,6,0,0,52,7,82,47,36,46,0,0,39,67,25,55,54,0,0,94,95,98,38,43,97,0,0,14,61,84,18,0,0,42,15,41,22,74,21,0,0,63,64,49,93,37,92,0,0,59,100,44,16,0,0,65,35,81,3,0,0,40,2,57,87,13,0,0,72,23,75,73,0,0,69,10,11,90,32,1,0,0,5,60,89,0,0,53,26,56,4,58,0,0,27,31,70,30,0,0,12,68,76,0,0,88,62,19,48,0,0,28,24,29,79,51,33,50,0
0;pliki//100 lokacji//R101.txt;250;50;invert;3;7542;7698.402274008091;2434.4298131326173;1773.568386078;3490.4040747974736;6106.440874717211;1722.3079768241987;1562.5244274919096;2821.6084704011023;19;300012.385;0,53,58,13,97,89,0,0,27,31,70,32,20,24,0,0,28,12,76,77,3,55,0,0,1,52,88,48,46,18,0,0,94,87,40,26,0,0,6,96,93,37,100,91,17,84,60,0,0,69,62,10,90,50,0,0,95,98,61,16,43,74,0,0,99,85,57,25,0,0,59,92,2,22,56,4,0,0,21,73,41,54,68,80,0,0,83,5,14,42,15,0,0,45,8,82,47,36,49,0,0,72,23,75,0,0,7,19,11,64,63,30,0,0,51,9,35,71,65,66,0,0,33,81,34,78,79,29,0,0,39,67,0,0,44,38,86,0
0;pliki//100 lokacji//R101.txt;250;50;invert;3;7543;7698.402274008091;2434.4298131326173;1773.568386078;3490.4040747974736;6166.611205464583;1790.4924923760402;1486.9404601721417;2889.178252916401;20;300003.1384;0,53,58,13,97,89,0,0,27,31,70,32,20,24,0,0,28,12,76,77,3,55,0,0,6,96,93,37,100,91,17,84,60,0,0,1,52,88,48,46,18,0,0,94,87,40,26,0,0,69,62,10,90,50,0,0,95,98,61,16,43,74,0,0,99,85,57,25,0,0,59,92,2,22,56,4,0,0,21,73,41,54,80,68,0,0,82,7,8,49,19,0,0,5,0,0,72,23,75,0,0,39,67,0,0,33,81,9,71,66,0,0,42,14,44,0,0,30,63,11,64,36,47,0,0,29,79,78,34,35,65,51,0,0,83,45,86,38,15,0
0;pliki//100 lokacji//R101.txt;250;50;invert;3;7544;7698.402274008091;2434.4298131326173;1773.568386078;3490.4040747974736;6147.046236875542;1722.100379295733;1635.8256780950524;2789.1201794847557;19;300021.9379;0,56,57,42,18,47,11,27,0,0,53,23,41,87,0,0,65,71,35,34,29,77,58,0,0,21,67,24,68,0,0,31,88,51,1,0,0,7,19,64,63,90,32,10,70,0,0,14,100,22,26,0,0,99,98,37,91,86,43,0,0,82,48,36,46,45,17,60,0,0,40,72,75,73,0,0,50,33,81,78,79,3,0,0,89,83,84,16,5,0,0,61,44,38,15,13,0,0,69,30,20,66,9,28,0,0,85,92,97,95,0,0,59,93,96,6,0,0,52,62,49,8,0,0,12,4,39,74,0,0,76,80,54,55,25,2,94,0
0;pliki//100 lokacji//R101.txt;250;50;insert;3;7542;7698.402274008091;2434.4298131326173;1773.568386078;3490.4040747974736;5415.275033145166;1610.1795418381605;1142.1264531983543;2662.969038108651;19;300044.9845;0,28,76,3,77,0,0,96,93,91,100,58,0,0,69,88,62,10,32,90,50,0,0,95,37,98,16,61,6,0,0,99,85,13,0,0,59,92,2,74,22,56,0,0,21,73,41,54,68,80,0,0,5,82,8,18,89,0,0,94,87,0,0,72,23,75,40,0,0,33,81,71,9,66,70,0,0,27,52,31,30,51,0,0,42,14,44,38,43,97,0,0,83,45,17,86,84,60,0,0,12,29,78,79,34,35,65,0,0,57,15,67,25,55,24,0,0,7,11,64,49,46,48,0,0,53,39,4,26,0,0,36,47,19,63,20,1,0
0;pliki//100 lokacji//R101.txt;250;50;insert;3;7543;7698.402274008091;2434.4298131326173;1773.568386078;3490.4040747974736;5415.275033145166;1610.1795418381605;1142.1264531983543;2662.969038108651;19;300046.2563;0,28,76,3,77,0,0,96,93,91,100,58,0,0,69,88,62,10,32,90,50,0,0,95,37,98,16,61,6,0,0,99,85,13,0,0,59,92,2,74,22,56,0,0,21,73,41,54,68,80,0,0,5,82,8,18,89,0,0,94,87,0,0,72,23,75,40,0,0,33,81,71,9,66,70,0,0,27,52,31,30,51,0,0,42,14,44,38,43,97,0,0,83,45,17,86,84,60,0,0,12,29,78,79,34,35,65,0,0,57,15,67,25,55,24,0,0,7,11,64,49,46,48,0,0,53,39,4,26,0,0,36,47,19,63,20,1,0
0;pliki//100 lokacji//R101.txt;250;50;insert;3;7544;7698.402274008091;2434.4298131326173;1773.568386078;3490.4040747974736;5415.275033145166;1610.1795418381605;1142.1264531983543;2662.969038108651;19;300046.8238;0,28,76,3,77,0,0,96,93,91,100,58,0,0,69,88,62,10,32,90,50,0,0,95,37,98,16,61,6,0,0,99,85,13,0,0,59,92,2,74,22,56,0,0,21,73,41,54,68,80,0,0,5,82,8,18,89,0,0,94,87,0,0,72,23,75,40,0,0,33,81,71,9,66,70,0,0,27,52,31,30,51,0,0,42,14,44,38,43,97,0,0,83,45,17,86,84,60,0,0,12,29,78,79,34,35,65,0,0,57,15,67,25,55,24,0,0,7,11,64,49,46,48,0,0,53,39,4,26,0,0,36,47,19,63,20,1,0
0;pliki//100 lokacji//R101.txt;300;10;swap;3;4042;7698.402274008091;2434.4298131326173;1773.568386078;3490.4040747974736;5604.149952799888;1579.8553596669926;1353.5253585706546;2670.76923456224;19;300047.2412;0,85,98,99,96,0,0,74,23,75,41,56,55,25,0,0,27,31,88,0,0,58,2,57,87,13,0,0,28,76,3,79,77,0,0,95,42,14,43,15,0,0,52,7,47,19,36,46,60,89,0,0,18,82,48,90,10,0,0,59,93,37,0,0,12,51,9,20,30,1,0,0,83,84,17,8,63,32,70,69,0,0,71,65,66,68,80,0,0,53,40,21,73,22,72,0,0,92,100,38,86,91,97,0,0,39,67,24,29,0,0,62,11,64,49,45,0,0,94,4,54,26,0,0,33,81,35,34,78,50,0,0,5,61,44,16,6,0
0;pliki//100 lokacji//R101.txt;300;10;swap;3;4043;7698.402274008091;2434.4298131326173;1773.568386078;3490.4040747974736;5603.345281005877;1547.0488440918098;1435.6629634397057;2620.633473474362;19;300001.2406;0,100,44,86,0,0,87,13,0,0,2,22,41,39,25,24,80,0,0,40,21,72,4,55,56,74,0,0,69,30,20,71,65,66,1,0,0,61,17,8,48,82,89,0,0,73,23,75,67,0,0,31,62,63,90,32,70,0,0,28,76,78,34,35,9,51,0,0,98,16,85,6,0,0,12,29,3,79,77,0,0,53,26,54,68,0,0,92,42,14,38,43,15,57,58,0,0,27,52,18,60,84,37,97,95,0,0,7,19,47,36,49,10,0,0,88,11,64,46,91,93,0,0,33,81,50,0,0,83,45,5,99,0,0,59,96,94,0
0;pliki//100 lokacji//R101.txt;300;10;swap;3;4044;7698.402274008091;2434.4298131326173;1773.568386078;3490.4040747974736;5570.228360886523;1603.226428762001;1302.6863915367448;2664.315540587777;20;300060.8435;0,14,43,57,87,0,0,63,64,49,11,10,0,0,28,76,68,55,25,0,0,26,39,4,54,80,0,0,94,13,0,0,88,62,90,32,66,20,1,0,0,52,82,36,46,45,17,89,0,0,27,31,70,30,51,0,0,59,61,16,38,100,0,0,42,44,86,6,0,0,72,75,73,40,0,0,18,60,93,92,97,37,58,0,0,65,71,81,0,0,95,99,5,83,8,0,0,21,67,23,56,74,0,0,69,50,33,78,79,34,35,9,0,0,53,2,15,41,22,0,0,12,24,29,3,77,0,0,98,91,85,84,96,0,0,7,48,47,19,0
0;pliki//100 lokacji//R101.txt;300;10;invert;3;4042;7698.402274008091;2434.4298131326173;1773.568386078;3490.4040747974736;5882.092697966053;1528.3950575644276;1798.2933405776807;2555.4042998239447;19;300019.1395;0,80,29,78,35,65,71,81,33,0,0,45,47,36,49,19,0,0,28,88,32,69,27,0,0,21,22,41,43,42,100,95,0,0,89,6,94,0,0,4,39,25,55,54,0,0,72,74,73,40,53,0,0,76,3,79,34,24,26,0,0,92,93,44,16,61,17,0,0,83,85,98,99,0,0,77,68,12,0,0,5,31,0,0,58,2,87,13,0,0,56,23,75,67,0,0,50,51,9,66,20,30,1,0,0,57,15,14,86,0,0,60,84,38,91,37,97,59,96,0,0,62,11,64,63,90,10,70,0,0,52,7,48,46,8,82,18,0
0;pliki//100 lokacji//R101.txt;300;10;invert;3;4043;7698.402274008091;2434.4298131326173;1773.568386078;3490.4040747974736;5859.141840564835;1556.0404023520227;1663.331425569947;2639.7700126428645;19;300070.7807;0,53,58,13,97,89,0,0,27,31,70,32,20,24,0,0,28,76,77,3,55,12,0,0,52,88,62,10,90,50,1,69,0,0,60,84,17,91,100,37,93,0,0,48,46,45,83,18,0,0,94,96,99,87,0,0,39,67,56,74,0,0,9,35,71,65,66,30,0,0,40,26,0,0,6,61,16,86,43,0,0,95,98,85,0,0,21,73,22,41,2,92,59,0,0,7,82,47,8,5,0,0,4,25,54,80,68,0,0,29,79,78,34,81,33,51,0,0,63,64,11,19,49,36,0,0,72,23,75,0,0,44,38,14,42,15,57,0
0;pliki//100 lokacji//R101.txt;300;10;invert;3;4044;7698.402274008091;2434.4298131326173;1773.568386078;3490.4040747974736;5838.86874746754;1501.4671636236626;1788.0158880971826;2549.3856957466946;19;300014.7684;0,93,16,91,59,0,0,26,4,55,25,23,58,0,0,95,92,87,13,0,0,2,57,22,74,72,40,0,0,18,83,84,86,60,0,0,28,50,1,0,0,15,41,75,67,54,24,29,0,0,82,46,47,36,49,11,0,0,8,45,17,61,5,89,0,0,12,80,79,3,77,0,0,6,99,85,96,0,0,69,70,30,20,32,90,63,10,0,0,62,64,48,0,0,76,81,34,68,0,0,27,31,88,19,7,52,0,0,94,98,100,37,0,0,42,43,38,44,14,97,0,0,21,39,56,73,53,0,0,33,78,35,71,65,66,9,51,0
0;pliki//100 lokacji//R101.txt;300;10;insert;3;4042;7698.402274008091;2434.4298131326173;1773.568386078;3490.4040747974736;5469.506374611082;1603.0064726862802;1202.2665590070114;2664.23334291779;19;300085.0341;0,96,93,91,100,58,0,0,27,52,31,88,0,0,69,62,10,32,90,50,0,0,95,37,98,16,61,6,0,0,99,85,13,0,0,59,92,2,22,56,0,0,73,74,41,54,68,80,0,0,5,82,48,8,0,0,28,94,87,0,0,72,21,40,53,0,0,33,81,71,9,66,70,0,0,30,51,79,3,77,0,0,42,14,44,38,43,97,0,0,83,45,17,86,84,60,0,0,12,76,29,78,34,35,65,0,0,57,15,23,67,25,55,24,0,0,7,11,64,49,46,18,89,0,0,4,39,75,26,0,0,36,47,19,63,20,1,0
0;pliki//100 lokacji//R101.txt;300;10;insert;3;4043;7698.402274008091;2434.4298131326173;1773.568386078;3490.4040747974736;5469.506374611082;1603.0064726862802;1202.2665590070114;2664.23334291779;19;300144.3135;0,96,93,91,100,58,0,0,27,52,31,88,0,0,69,62,10,32,90,50,0,0,95,37,98,16,61,6,0,0,99,85,13,0,0,59,92,2,22,56,0,0,73,74,41,54,68,80,0,0,5,82,48,8,0,0,28,94,87,0,0,72,21,40,53,0,0,33,81,71,9,66,70,0,0,30,51,79,3,77,0,0,42,14,44,38,43,97,0,0,83,45,17,86,84,60,0,0,12,76,29,78,34,35,65,0,0,57,15,23,67,25,55,24,0,0,7,11,64,49,46,18,89,0,0,4,39,75,26,0,0,36,47,19,63,20,1,0
0;pliki//100 lokacji//R101.txt;300;10;insert;3;4044;7698.402274008091;2434.4298131326173;1773.568386078;3490.4040747974736;5469.506374611082;1603.0064726862802;1202.2665590070114;2664.23334291779;19;300088.5116;0,96,93,91,100,58,0,0,27,52,31,88,0,0,69,62,10,32,90,50,0,0,95,37,98,16,61,6,0,0,99,85,13,0,0,59,92,2,22,56,0,0,73,74,41,54,68,80,0,0,5,82,48,8,0,0,28,94,87,0,0,72,21,40,53,0,0,33,81,71,9,66,70,0,0,30,51,79,3,77,0,0,42,14,44,38,43,97,0,0,83,45,17,86,84,60,0,0,12,76,29,78,34,35,65,0,0,57,15,23,67,25,55,24,0,0,7,11,64,49,46,18,89,0,0,4,39,75,26,0,0,36,47,19,63,20,1,0
0;pliki//100 lokacji//R101.txt;300;20;swap;3;5042;7698.402274008091;2434.4298131326173;1773.568386078;3490.4040747974736;5641.275315705614;1650.6261951320644;1248.19830444149;2742.45081613206;19;300079.9027;0,28,12,77,76,0,0,53,6,96,93,37,89,0,0,40,58,87,91,17,60,0,0,27,52,88,8,46,48,0,0,94,86,84,0,0,31,62,90,50,0,0,95,98,61,16,43,15,57,0,0,99,85,13,0,0,59,92,2,22,56,4,0,0,21,73,41,54,68,80,0,0,45,82,10,66,65,35,0,0,7,47,36,49,19,0,0,72,23,75,74,0,0,3,33,81,71,9,34,0,0,69,30,51,78,79,24,26,0,0,42,14,44,38,100,97,0,0,5,83,18,0,0,29,25,67,39,55,0,0,11,64,63,32,20,70,1,0
0;pliki//100 lokacji//R101.txt;300;20;swap;3;5043;7698.402274008091;2434.4298131326173;1773.568386078;3490.4040747974736;5641.275315705614;1650.6261951320644;1248.19830444149;2742.45081613206;19;300003.3647;0,28,12,77,76,0,0,53,6,96,93,37,89,0,0,40,58,87,91,17,60,0,0,27,52,88,8,46,48,0,0,94,86,84,0,0,31,62,90,50,0,0,95,98,61,16,43,15,57,0,0,99,85,13,0,0,59,92,2,22,56,4,0,0,21,73,41,54,68,80,0,0,45,82,10,66,65,35,0,0,7,47,36,49,19,0,0,72,23,75,74,0,0,3,33,81,71,9,34,0,0,69,30,51,78,79,24,26,0,0,42,14,44,38,100,97,0,0,5,83,18,0,0,29,25,67,39,55,0,0,11,64,63,32,20,70,1,0
0;pliki//100 lokacji//R101.txt;300;20;swap;3;5044;7698.402274008091;2434.4298131326173;1773.568386078;3490.4040747974736;5583.266473595251;1555.1008159794253;1447.2230326671015;2580.9426249487237;19;300107.9092;0,33,81,34,9,51,50,0,0,98,38,14,100,37,97,0,0,59,93,99,96,6,0,0,65,35,71,66,20,32,0,0,21,4,39,25,55,54,0,0,69,31,10,30,90,63,0,0,95,92,42,43,15,41,56,74,0,0,7,47,36,19,62,70,1,0,0,91,44,61,8,49,89,0,0,40,23,67,26,0,0,84,45,17,16,86,0,0,53,58,2,57,87,0,0,52,48,82,18,0,0,68,24,80,12,0,0,88,11,64,46,83,5,60,0,0,85,13,0,0,27,28,94,0,0,76,77,3,29,78,79,0,0,72,22,75,73,0
0;pliki//100 lokacji//R101.txt;300;20;invert;3;5042;7698.402274008091;2434.4298131326173;1773.568386078;3490.4040747974736;6055.570471456062;1706.1547191500104;1548.7517701441325;2800.6639821619187;20;300133.8228;0,53,58,13,97,89,0,0,27,31,70,32,20,24,0,0,28,76,77,3,55,12,0,0,94,87,40,26,0,0,18,84,91,100,37,93,96,6,0,0,52,88,48,46,17,60,0,0,69,1,62,10,90,50,0,0,95,98,61,16,43,74,56,0,0,4,25,54,80,68,0,0,57,92,85,99,0,0,59,5,0,0,21,73,22,41,2,0,0,30,66,71,9,34,78,33,0,0,72,23,75,0,0,63,64,49,36,47,0,0,83,45,86,0,0,8,82,7,19,11,0,0,39,67,0,0,79,81,51,65,35,29,0,0,44,38,14,42,15,0
0;pliki//100 lokacji//R101.txt;300;20;invert;3;5043;7698.402274008091;2434.4298131326173;1773.568386078;3490.4040747974736;5987.801808256143;1581.1900606434453;1785.4193178473545;2621.192429765343;20;300138.3873;0,52,49,63,66,20,50,0,0,12,29,25,67,54,0,0,100,86,93,0,0,76,77,3,79,0,0,58,2,22,75,21,26,0,0,27,31,62,88,0,0,6,99,85,96,0,0,94,0,0,18,82,8,45,83,89,0,0,95,44,61,17,5,0,0,7,19,11,64,32,10,0,0,1,70,51,9,34,33,0,0,59,37,98,91,16,84,60,0,0,72,23,74,73,40,0,0,69,30,90,71,65,35,78,81,0,0,53,87,13,0,0,15,43,38,14,42,92,97,0,0,57,41,56,39,4,0,0,28,68,80,24,55,0,0,46,36,47,48,0
0;pliki//100 lokacji//R101.txt;300;20;invert;3;5044;7698.402274008091;2434.4298131326173;1773.568386078;3490.4040747974736;5859.8096460122215;1526.0560797443895;1760.8157579611534;2572.9378083066786;19;300047.5357;0,72,3,79,1,0,0,52,19,62,88,31,0,0,28,50,33,51,9,35,78,24,0,0,40,21,73,74,15,43,57,2,58,0,0,69,70,30,66,90,63,10,0,0,92,44,38,14,42,97,0,0,39,67,25,55,54,0,0,5,85,0,0,95,61,86,17,84,60,0,0,27,11,64,49,47,0,0,18,46,45,83,93,99,96,0,0,94,0,0,80,68,29,34,81,0,0,89,82,8,36,48,7,0,0,59,98,37,100,91,16,6,0,0,53,12,0,0,75,23,56,4,26,0,0,76,77,71,65,20,32,0,0,22,41,87,13,0
0;pliki//100 lokacji//R101.txt;300;20;insert;3;5042;7698.402274008091;2434.4298131326173;1773.568386078;3490.4040747974736;5450.745039749279;1609.4082487402195;1186.2996989365363;2655.0370920725236;19;300053.1946;0,96,93,91,100,58,0,0,27,52,31,88,0,0,69,62,10,32,90,50,0,0,95,37,98,16,61,6,0,0,99,85,13,0,0,59,92,2,74,22,0,0,21,73,41,56,54,68,0,0,5,82,8,18,89,0,0,28,94,87,0,0,72,23,75,40,0,0,33,81,71,9,66,70,0,0,30,51,79,3,77,0,0,42,14,44,38,43,97,0,0,83,45,17,86,84,60,0,0,12,76,78,34,35,65,0,0,57,15,67,25,55,24,29,80,0,0,7,11,64,49,46,48,0,0,53,39,4,26,0,0,36,47,19,63,20,1,0
0;pliki//100 lokacji//R101.txt;300;20;insert;3;5043;7698.402274008091;2434.4298131326173;1773.568386078;3490.4040747974736;5450.745039749279;1609.4082487402195;1186.2996989365363;2655.0370920725236;19;300017.8177;0,96,93,91,100,58,0,0,27,52,31,88,0,0,69,62,10,32,90,50,0,0,95,37,98,16,61,6,0,0,99,85,13,0,0,59,92,2,74,22,0,0,21,73,41,56,54,68,0,0,5,82,8,18,89,0,0,28,94,87,0,0,72,23,75,40,0,0,33,81,71,9,66,70,0,0,30,51,79,3,77,0,0,42,14,44,38,43,97,0,0,83,45,17,86,84,60,0,0,12,76,78,34,35,65,0,0,57,15,67,25,55,24,29,80,0,0,7,11,64,49,46,48,0,0,53,39,4,26,0,0,36,47,19,63,20,1,0
0;pliki//100 lokacji//R101.txt;300;20;insert;3;5044;7698.402274008091;2434.4298131326173;1773.568386078;3490.4040747974736;5450.745039749279;1609.4082487402195;1186.2996989365363;2655.0370920725236;19;300038.6004;0,96,93,91,100,58,0,0,27,52,31,88,0,0,69,62,10,32,90,50,0,0,95,37,98,16,61,6,0,0,99,85,13,0,0,59,92,2,74,22,0,0,21,73,41,56,54,68,0,0,5,82,8,18,89,0,0,28,94,87,0,0,72,23,75,40,0,0,33,81,71,9,66,70,0,0,30,51,79,3,77,0,0,42,14,44,38,43,97,0,0,83,45,17,86,84,60,0,0,12,76,78,34,35,65,0,0,57,15,67,25,55,24,29,80,0,0,7,11,64,49,46,48,0,0,53,39,4,26,0,0,36,47,19,63,20,1,0
0;pliki//100 lokacji//R101.txt;300;30;swap;3;6042;7698.402274008091;2434.4298131326173;1773.568386078;3490.4040747974736;5641.275315705614;1650.6261951320644;1248.19830444149;2742.45081613206;19;300029.6519;0,28,12,77,76,0,0,53,6,96,93,37,89,0,0,40,58,87,91,17,60,0,0,27,52,88,8,46,48,0,0,94,86,84,0,0,31,62,90,50,0,0,95,98,61,16,43,15,57,0,0,99,85,13,0,0,59,92,2,22,56,4,0,0,21,73,41,54,68,80,0,0,45,82,10,66,65,35,0,0,7,47,36,49,19,0,0,72,23,75,74,0,0,3,33,81,71,9,34,0,0,69,30,51,78,79,24,26,0,0,42,14,44,38,100,97,0,0,5,83,18,0,0,29,25,67,39,55,0,0,11,64,63,32,20,70,1,0
0;pliki//100 lokacji//R101.txt;300;30;swap;3;6043;7698.402274008091;2434.4298131326173;1773.568386078;3490.4040747974736;5628.452342367689;1614.7438487407653;1285.6665230266055;2728.041970600319;20;300097.5054;0,12,29,24,26,0,0,5,61,44,38,0,0,59,95,94,0,0,28,76,79,34,35,1,0,0,48,62,30,90,63,0,0,72,75,22,74,0,0,56,23,67,55,4,0,0,6,99,87,42,14,37,0,0,40,21,73,39,25,54,0,0,78,81,33,50,0,0,53,2,57,43,15,41,0,0,3,77,68,80,0,0,52,7,47,19,36,49,0,0,16,86,96,0,0,13,97,91,93,58,0,0,65,71,9,0,0,31,88,11,64,10,0,0,82,8,46,45,84,17,83,60,89,0,0,92,100,85,98,18,0,0,27,51,20,66,32,70,69,0
0;pliki//100 lokacji//R101.txt;300;30;swap;3;6044;7698.402274008091;2434.4298131326173;1773.568386078;3490.4040747974736;5458.92181558523;1581.4862542914425;1221.6264699562503;2655.8090913375377;20;300088.8135;0,83,8,82,7,18,0,0,5,61,16,17,84,60,0,0,12,80,68,0,0,14,43,38,100,13,0,0,53,40,56,23,74,0,0,2,57,22,41,15,97,89,0,0,87,42,92,94,0,0,27,69,31,88,0,0,76,81,78,34,55,25,26,58,0,0,72,21,67,4,0,0,33,9,71,51,0,0,59,93,98,37,0,0,28,30,66,65,35,70,0,0,39,75,73,0,0,62,11,63,90,32,20,1,0,0,45,46,36,49,64,10,0,0,52,48,47,19,0,0,54,24,29,79,3,77,50,0,0,96,99,85,6,0,0,95,44,86,91,0
0;pliki//100 lokacji//R101.txt;300;30;invert;3;6042;7698.402274008091;2434.4298131326173;1773.568386078;3490.4040747974736;5958.9246202936865;1631.9510663268468;1613.1270033592573;2713.8465506075827;20;300127.1396;0,53,58,13,97,89,0,0,27,31,70,32,20,24,0,0,28,76,77,3,55,12,0,0,94,95,0,0,62,10,90,50,1,69,0,0,6,61,16,85,0,0,98,93,99,96,0,0,40,87,37,100,91,17,84,60,0,0,52,88,48,46,18,0,0,26,21,73,74,22,41,43,57,2,0,0,33,81,51,30,0,0,82,47,36,49,19,7,0,0,4,25,54,68,0,0,56,23,75,72,0,0,92,59,5,83,8,0,0,80,29,79,78,34,35,0,0,42,14,44,38,15,0,0,45,86,0,0,9,71,65,66,63,64,11,0,0,39,67,0
0;pliki//100 lokacji//R101.txt;300;30;invert;3;6043;7698.402274008091;2434.4298131326173;1773.568386078;3490.4040747974736;5938.884362640534;1592.2763792409758;1669.7741075648855;2676.833875834673;19;300019.633;0,53,58,13,97,89,0,0,27,31,70,32,20,24,0,0,28,76,77,3,55,12,0,0,94,87,40,26,0,0,52,88,48,46,17,60,0,0,18,84,86,16,6,0,0,62,10,90,1,69,0,0,2,57,43,91,100,37,93,96,0,0,95,92,98,85,0,0,54,25,4,56,22,74,0,0,50,68,80,0,0,59,99,61,5,0,0,21,39,67,41,73,0,0,63,11,64,49,36,47,0,0,30,66,71,35,9,34,78,0,0,7,19,82,8,45,83,0,0,72,23,75,0,0,29,79,33,81,65,51,0,0,42,14,44,38,15,0
0;pliki//100 lokacji//R101.txt;300;30;invert;3;6044;7698.402274008091;2434.4298131326173;1773.568386078;3490.4040747974736;6106.101712408961;1704.7100092662563;1603.2011848359236;2798.190518306781;19;300072.2295;0,53,58,13,97,89,0,0,27,31,70,32,20,24,0,0,28,76,77,3,55,12,0,0,6,96,93,37,100,91,17,84,60,0,0,94,87,40,26,0,0,1,52,88,48,46,18,0,0,69,62,10,90,50,0,0,95,98,61,16,43,74,0,0,99,85,57,25,0,0,59,92,2,22,56,21,0,0,4,39,67,41,0,0,54,80,68,0,0,72,23,75,73,0,0,7,11,19,8,83,0,0,63,64,49,36,47,82,0,0,30,66,71,9,34,78,33,0,0,5,45,86,0,0,79,81,51,65,35,29,0,0,44,38,14,42,15,0
0;pliki//100 lokacji//R101.txt;300;30;insert;3;6042;7698.402274008091;2434.4298131326173;1773.568386078;3490.4040747974736;5450.745039749279;1609.4082487402195;1186.2996989365363;2655.0370920725236;19;300025.7335;0,96,93,91,100,58,0,0,27,52,31,88,0,0,69,62,10,32,90,50,0,0,95,37,98,16,61,6,0,0,99,85,13,0,0,59,92,2,74,22,0,0,21,73,41,56,54,68,0,0,5,82,8,18,89,0,0,28,94,87,0,0,72,23,75,40,0,0,33,81,71,9,66,70,0,0,30,51,79,3,77,0,0,42,14,44,38,43,97,0,0,83,45,17,86,84,60,0,0,12,76,78,34,35,65,0,0,57,15,67,25,55,24,29,80,0,0,7,11,64,49,46,48,0,0,53,39,4,26,0,0,36,47,19,63,20,1,0
0;pliki//100 lokacji//R101.txt;300;30;insert;3;6043;7698.402274008091;2434.4298131326173;1773.568386078;3490.4040747974736;5450.745039749279;1609.4082487402195;1186.2996989365363;2655.0370920725236;19;300088.0083;0,96,93,91,100,58,0,0,27,52,31,88,0,0,69,62,10,32,90,50,0,0,95,37,98,16,61,6,0,0,99,85,13,0,0,59,92,2,74,22,0,0,21,73,41,56,54,68,0,0,5,82,8,18,89,0,0,28,94,87,0,0,72,23,75,40,0,0,33,81,71,9,66,70,0,0,30,51,79,3,77,0,0,42,14,44,38,43,97,0,0,83,45,17,86,84,60,0,0,12,76,78,34,35,65,0,0,57,15,67,25,55,24,29,80,0,0,7,11,64,49,46,48,0,0,53,39,4,26,0,0,36,47,19,63,20,1,0
0;pliki//100 lokacji//R101.txt;300;30;insert;3;6044;7698.402274008091;2434.4298131326173;1773.568386078;3490.4040747974736;5450.745039749279;1609.4082487402195;1186.2996989365363;2655.0370920725236;19;300036.274;0,96,93,91,100,58,0,0,27,52,31,88,0,0,69,62,10,32,90,50,0,0,95,37,98,16,61,6,0,0,99,85,13,0,0,59,92,2,74,22,0,0,21,73,41,56,54,68,0,0,5,82,8,18,89,0,0,28,94,87,0,0,72,23,75,40,0,0,33,81,71,9,66,70,0,0,30,51,79,3,77,0,0,42,14,44,38,43,97,0,0,83,45,17,86,84,60,0,0,12,76,78,34,35,65,0,0,57,15,67,25,55,24,29,80,0,0,7,11,64,49,46,48,0,0,53,39,4,26,0,0,36,47,19,63,20,1,0
0;pliki//100 lokacji//R101.txt;300;40;swap;3;7042;7698.402274008091;2434.4298131326173;1773.568386078;3490.4040747974736;5606.52093056553;1619.333914971227;1324.1334108382564;2663.053604756046;21;300118.9269;0,27,31,88,0,0,83,45,8,18,89,0,0,28,12,54,26,0,0,94,0,0,69,70,20,32,90,63,10,0,0,23,75,22,56,55,25,0,0,95,98,37,100,43,15,97,0,0,4,39,67,41,0,0,1,66,71,65,50,0,0,14,38,44,59,0,0,5,84,61,99,96,0,0,58,2,57,73,40,0,0,82,47,19,48,46,0,0,52,62,81,79,77,0,0,16,86,91,0,0,30,51,24,68,0,0,7,11,64,49,36,17,60,0,0,74,72,21,53,0,0,85,93,6,0,0,76,33,3,78,9,35,34,29,80,0,0,92,42,87,13,0
0;pliki//100 lokacji//R101.txt;300;40;swap;3;7043;7698.402274008091;2434.4298131326173;1773.568386078;3490.4040747974736;5641.275315705614;1650.6261951320644;1248.19830444149;2742.45081613206;19;300009.5661;0,28,12,77,76,0,0,53,6,96,93,37,89,0,0,40,58,87,91,17,60,0,0,27,52,88,8,46,48,0,0,94,86,84,0,0,31,62,90,50,0,0,95,98,61,16,43,15,57,0,0,99,85,13,0,0,59,92,2,22,56,4,0,0,21,73,41,54,68,80,0,0,45,82,10,66,65,35,0,0,7,47,36,49,19,0,0,72,23,75,74,0,0,3,33,81,71,9,34,0,0,69,30,51,78,79,24,26,0,0,42,14,44,38,100,97,0,0,5,83,18,0,0,29,25,67,39,55,0,0,11,64,63,32,20,70,1,0
0;pliki//100 lokacji//R101.txt;300;40;swap;3;7044;7698.402274008091;2434.4298131326173;1773.568386078;3490.4040747974736;5619.748420292131;1620.5690617447285;1295.1032699984007;2704.0760885490017;21;300130.0873;0,12,80,68,0,0,2,57,40,0,0,5,60,18,0,0,52,7,82,48,8,17,0,0,94,95,0,0,47,36,49,64,32,70,0,0,58,75,67,24,26,0,0,42,15,43,87,13,0,0,59,37,100,98,99,96,0,0,11,63,90,10,0,0,85,93,6,0,0,83,45,46,19,20,30,1,0,0,65,71,66,50,0,0,51,9,81,3,77,0,0,76,29,79,78,34,35,33,0,0,53,21,39,56,0,0,92,44,16,61,84,89,0,0,27,69,31,62,88,0,0,73,22,41,23,4,0,0,28,72,74,25,55,54,0,0,14,86,38,91,97,0
0;pliki//100 lokacji//R101.txt;300;40;invert;3;7042;7698.402274008091;2434.4298131326173;1773.568386078;3490.4040747974736;6133.309257919174;1675.8327736881618;1743.9008956682214;2713.575588562792;19;300112.9027;0,4,39,87,0,0,27,71,79,29,3,0,0,12,54,55,25,67,0,0,40,73,56,75,41,2,42,13,0,0,95,99,6,0,0,98,85,100,37,0,0,44,61,84,45,46,8,60,89,0,0,31,10,64,49,36,0,0,92,86,38,14,43,0,0,68,77,81,50,0,0,52,82,17,16,93,96,0,0,69,62,11,19,48,0,0,63,65,20,30,70,1,0,0,26,80,72,74,58,0,0,59,5,18,0,0,33,51,9,35,66,32,90,0,0,53,21,23,22,15,57,0,0,28,76,78,34,24,0,0,88,7,47,83,91,97,94,0
0;pliki//100 lokacji//R101.txt;300;40;invert;3;7043;7698.402274008091;2434.4298131326173;1773.568386078;3490.4040747974736;6200.639486856214;1823.0543442142693;1444.8417870856808;2932.743355556264;21;300102.7853;0,53,58,13,97,89,0,0,27,31,70,32,20,24,0,0,28,12,76,77,3,55,0,0,6,96,93,37,100,91,17,84,60,0,0,94,87,0,0,1,52,88,48,46,18,0,0,40,26,0,0,69,62,10,90,50,0,0,95,98,61,16,43,74,0,0,99,85,57,25,0,0,59,92,2,22,56,4,0,0,21,73,41,54,68,80,0,0,5,8,82,49,0,0,72,23,75,0,0,9,71,65,66,63,64,11,0,0,30,51,0,0,83,45,86,0,0,47,36,19,7,0,0,29,79,78,34,35,81,33,0,0,39,67,0,0,42,14,44,38,15,0
0;pliki//100 lokacji//R101.txt;300;40;invert;3;7044;7698.402274008091;2434.4298131326173;1773.568386078;3490.4040747974736;6051.116189500246;1619.3301472761943;1761.002031549698;2670.7840106743533;19;300120.8703;0,53,72,56,25,24,80,0,0,96,99,37,98,5,83,60,0,0,52,85,61,84,17,46,36,0,0,40,22,23,54,0,0,92,42,14,38,93,6,0,0,69,7,82,48,8,89,0,0,28,29,78,34,35,9,66,20,0,0,39,75,41,15,43,97,0,0,76,3,81,71,33,50,0,0,27,10,30,70,1,0,0,18,45,47,49,19,0,0,95,59,16,0,0,100,91,44,86,0,0,67,55,68,77,0,0,58,2,57,87,13,0,0,94,0,0,26,21,73,74,4,12,0,0,88,62,11,64,63,90,32,0,0,31,51,65,79,0
0;pliki//100 lokacji//R101.txt;300;40;insert;3;7042;7698.402274008091;2434.4298131326173;1773.568386078;3490.4040747974736;5415.275033145166;1610.1795418381605;1142.1264531983543;2662.969038108651;19;300141.7725;0,28,76,3,77,0,0,96,93,91,100,58,0,0,69,88,62,10,32,90,50,0,0,95,37,98,16,61,6,0,0,99,85,13,0,0,59,92,2,74,22,56,0,0,21,73,41,54,68,80,0,0,5,82,8,18,89,0,0,94,87,0,0,72,23,75,40,0,0,33,81,71,9,66,70,0,0,27,52,31,30,51,0,0,42,14,44,38,43,97,0,0,83,45,17,86,84,60,0,0,12,29,78,79,34,35,65,0,0,57,15,67,25,55,24,0,0,7,11,64,49,46,48,0,0,53,39,4,26,0,0,36,47,19,63,20,1,0
0;pliki//100 lokacji//R101.txt;300;40;insert;3;7043;7698.402274008091;2434.4298131326173;1773.568386078;3490.4040747974736;5415.275033145166;1610.1795418381605;1142.1264531983543;2662.969038108651;19;300035.0117;0,28,76,3,77,0,0,96,93,91,100,58,0,0,69,88,62,10,32,90,50,0,0,95,37,98,16,61,6,0,0,99,85,13,0,0,59,92,2,74,22,56,0,0,21,73,41,54,68,80,0,0,5,82,8,18,89,0,0,94,87,0,0,72,23,75,40,0,0,33,81,71,9,66,70,0,0,27,52,31,30,51,0,0,42,14,44,38,43,97,0,0,83,45,17,86,84,60,0,0,12,29,78,79,34,35,65,0,0,57,15,67,25,55,24,0,0,7,11,64,49,46,48,0,0,53,39,4,26,0,0,36,47,19,63,20,1,0
0;pliki//100 lokacji//R101.txt;300;40;insert;3;7044;7698.402274008091;2434.4298131326173;1773.568386078;3490.4040747974736;5415.275033145166;1610.1795418381605;1142.1264531983543;2662.969038108651;19;300115.4133;0,28,76,3,77,0,0,96,93,91,100,58,0,0,69,88,62,10,32,90,50,0,0,95,37,98,16,61,6,0,0,99,85,13,0,0,59,92,2,74,22,56,0,0,21,73,41,54,68,80,0,0,5,82,8,18,89,0,0,94,87,0,0,72,23,75,40,0,0,33,81,71,9,66,70,0,0,27,52,31,30,51,0,0,42,14,44,38,43,97,0,0,83,45,17,86,84,60,0,0,12,29,78,79,34,35,65,0,0,57,15,67,25,55,24,0,0,7,11,64,49,46,48,0,0,53,39,4,26,0,0,36,47,19,63,20,1,0
0;pliki//100 lokacji//R101.txt;300;50;swap;3;8042;7698.402274008091;2434.4298131326173;1773.568386078;3490.4040747974736;5568.7117330465335;1649.1647269696373;1203.7913428246936;2715.755663252203;19;300028.4134;0,14,43,22,41,58,0,0,53,2,87,13,0,0,83,45,8,46,48,0,0,16,86,96,0,0,59,5,17,84,60,0,0,19,47,36,49,64,11,0,0,94,61,44,38,91,97,0,0,69,51,66,71,9,50,0,0,27,31,70,30,0,0,23,75,67,56,0,0,95,42,15,57,74,55,25,12,0,0,65,35,78,34,29,68,0,0,52,62,88,79,54,24,80,0,0,76,81,33,3,77,0,0,40,21,26,90,63,10,89,0,0,92,37,100,98,93,0,0,4,39,72,73,0,0,28,99,85,6,0,0,18,82,7,32,20,1,0
0;pliki//100 lokacji//R101.txt;300;50;swap;3;8043;7698.402274008091;2434.4298131326173;1773.568386078;3490.4040747974736;5641.275315705614;1650.6261951320644;1248.19830444149;2742.45081613206;19;300008.8914;0,28,12,77,76,0,0,53,6,96,93,37,89,0,0,40,58,87,91,17,60,0,0,27,52,88,8,46,48,0,0,94,86,84,0,0,31,62,90,50,0,0,95,98,61,16,43,15,57,0,0,99,85,13,0,0,59,92,2,22,56,4,0,0,21,73,41,54,68,80,0,0,45,82,10,66,65,35,0,0,7,47,36,49,19,0,0,72,23,75,74,0,0,3,33,81,71,9,34,0,0,69,30,51,78,79,24,26,0,0,42,14,44,38,100,97,0,0,5,83,18,0,0,29,25,67,39,55,0,0,11,64,63,32,20,70,1,0
0;pliki//100 lokacji//R101.txt;300;50;swap;3;8044;7698.402274008091;2434.4298131326173;1773.568386078;3490.4040747974736;5581.806751941273;1576.279074608237;1365.36455572691;2640.1631216061264;21;300017.9009;0,40,58,0,0,54,25,55,24,68,80,0,0,27,69,70,20,51,0,0,66,65,71,9,50,1,0,0,28,76,77,3,79,0,0,30,90,32,10,0,0,99,85,100,96,0,0,53,21,67,56,26,0,0,72,73,74,75,22,0,0,7,49,36,89,0,0,87,42,86,6,0,0,19,47,46,8,83,0,0,52,82,18,0,0,59,93,13,0,0,31,62,88,0,0,5,91,16,61,84,0,0,94,95,92,98,37,97,0,0,12,29,78,35,34,81,33,0,0,63,64,11,48,45,17,60,0,0,4,39,23,41,0,0,14,44,38,43,15,57,2,0
0;pliki//100 lokacji//R101.txt;300;50;invert;3;8042;7698.402274008091;2434.4298131326173;1773.568386078;3490.4040747974736;6256.24837863209;1840.1516108386363;1478.0815258186049;2938.015241974849;20;300123.0471;0,53,58,13,97,89,0,0,27,31,70,32,20,24,0,0,28,12,76,77,3,55,0,0,6,96,93,37,100,91,17,60,0,0,52,88,48,46,84,18,0,0,94,87,40,26,0,0,69,1,62,10,90,50,0,0,95,98,61,16,43,74,0,0,99,85,57,25,0,0,59,92,2,22,56,4,0,0,21,73,41,54,68,80,0,0,82,8,83,5,0,0,7,19,49,35,0,0,42,14,44,38,15,0,0,29,34,78,79,0,0,39,67,0,0,72,23,75,0,0,33,81,51,30,0,0,47,36,45,86,0,0,9,71,65,66,63,64,11,0
0;pliki//100 lokacji//R101.txt;300;50;invert;3;8043;7698.402274008091;2434.4298131326173;1773.568386078;3490.4040747974736;5937.345661113222;1571.6711115033477;1728.4140844087715;2637.260465201103;19;300094.8277;0,73,56,15,43,86,0,0,76,51,20,66,32,63,0,0,11,64,49,36,46,45,83,0,0,27,88,7,48,10,0,0,5,47,19,82,0,0,6,96,85,58,0,0,9,71,65,34,29,80,12,0,0,18,61,38,14,42,2,40,0,0,59,44,16,17,84,0,0,53,26,54,68,0,0,72,23,87,0,0,74,39,67,25,55,24,0,0,69,1,35,78,81,33,50,0,0,52,8,60,89,0,0,94,95,97,13,0,0,92,98,37,100,91,93,99,0,0,31,62,90,30,70,0,0,21,4,75,22,41,57,0,0,28,77,3,79,0
0;pliki//100 lokacji//R101.txt;300;50;invert;3;8044;7698.402274008091;2434.4298131326173;1773.568386078;3490.4040747974736;6310.719149552136;1824.9063896577572;1557.4421161565608;2928.3706437378178;20;300037.7073;0,53,58,13,97,89,0,0,27,31,70,32,20,24,0,0,28,12,76,77,3,55,0,0,6,96,93,37,100,91,17,84,60,0,0,94,87,0,0,1,52,88,48,46,18,0,0,40,26,0,0,69,62,10,90,50,0,0,95,98,61,16,43,74,0,0,99,85,57,25,0,0,59,92,2,22,56,4,0,0,21,73,41,54,68,80,0,0,5,8,82,49,7,0,0,44,38,14,42,15,0,0,79,78,34,35,71,66,0,0,72,23,75,0,0,33,81,9,51,30,0,0,19,83,86,0,0,39,67,0,0,45,47,36,64,11,63,65,29,0
0;pliki//100 lokacji//R101.txt;300;50;insert;3;8042;7698.402274008091;2434.4298131326173;1773.568386078;3490.4040747974736;5415.275033145166;1610.1795418381605;1142.1264531983543;2662.969038108651;19;300076.6737;0,28,76,3,77,0,0,96,93,91,100,58,0,0,69,88,62,10,32,90,50,0,0,95,37,98,16,61,6,0,0,99,85,13,0,0,59,92,2,74,22,56,0,0,21,73,41,54,68,80,0,0,5,82,8,18,89,0,0,94,87,0,0,72,23,75,40,0,0,33,81,71,9,66,70,0,0,27,52,31,30,51,0,0,42,14,44,38,43,97,0,0,83,45,17,86,84,60,0,0,12,29,78,79,34,35,65,0,0,57,15,67,25,55,24,0,0,7,11,64,49,46,48,0,0,53,39,4,26,0,0,36,47,19,63,20,1,0
0;pliki//100 lokacji//R101.txt;300;50;insert;3;8043;7698.402274008091;2434.4298131326173;1773.568386078;3490.4040747974736;5415.275033145166;1610.1795418381605;1142.1264531983543;2662.969038108651;19;300149.4322;0,28,76,3,77,0,0,96,93,91,100,58,0,0,69,88,62,10,32,90,50,0,0,95,37,98,16,61,6,0,0,99,85,13,0,0,59,92,2,74,22,56,0,0,21,73,41,54,68,80,0,0,5,82,8,18,89,0,0,94,87,0,0,72,23,75,40,0,0,33,81,71,9,66,70,0,0,27,52,31,30,51,0,0,42,14,44,38,43,97,0,0,83,45,17,86,84,60,0,0,12,29,78,79,34,35,65,0,0,57,15,67,25,55,24,0,0,7,11,64,49,46,48,0,0,53,39,4,26,0,0,36,47,19,63,20,1,0
0;pliki//100 lokacji//R101.txt;300;50;insert;3;8044;7698.402274008091;2434.4298131326173;1773.568386078;3490.4040747974736;5415.275033145166;1610.1795418381605;1142.1264531983543;2662.969038108651;19;300049.4883;0,28,76,3,77,0,0,96,93,91,100,58,0,0,69,88,62,10,32,90,50,0,0,95,37,98,16,61,6,0,0,99,85,13,0,0,59,92,2,74,22,56,0,0,21,73,41,54,68,80,0,0,5,82,8,18,89,0,0,94,87,0,0,72,23,75,40,0,0,33,81,71,9,66,70,0,0,27,52,31,30,51,0,0,42,14,44,38,43,97,0,0,83,45,17,86,84,60,0,0,12,29,78,79,34,35,65,0,0,57,15,67,25,55,24,0,0,7,11,64,49,46,48,0,0,53,39,4,26,0,0,36,47,19,63,20,1,0
