ScenarioId;Filename;Iterations;TabuSize;MutationType;Repeat;Seed;GreedyOjective;GreedyTotalCost;GreedyTotalPenalty;GreedyTotalVehicleOperationTime;Objective;TotalCost;TotalPenalty;TotalVehicleOperationTime;RoutesCount;DurationMs;GTR
0;pliki//100 lokacji//R201.txt;50;10;swap;3;1542;6000.382765881199;2129.161766546145;729.4356752389809;3141.785324096073;5254.276063372793;1736.7618207143855;742.3904836619214;2775.1237589964862;18;300133.1019;0,53,58,94,84,8,46,17,37,97,0,0,27,28,26,72,15,2,0,0,93,100,91,60,70,1,0,0,96,99,85,61,6,0,0,13,74,4,68,0,0,40,73,22,41,57,87,56,55,24,0,0,52,7,62,11,19,88,0,0,95,59,0,0,80,29,79,3,76,12,0,0,18,48,90,32,20,0,0,50,9,34,35,66,10,0,0,31,63,64,47,82,0,0,67,23,75,21,0,0,77,78,81,30,0,0,83,45,86,5,0,0,89,98,16,44,38,43,0,0,33,51,71,65,36,49,69,0,0,92,14,42,39,25,54,0
0;pliki//100 lokacji//R201.txt;50;10;swap;3;1543;6000.382765881199;2129.161766546145;729.4356752389809;3141.785324096073;5254.276063372793;1736.7618207143855;742.3904836619214;2775.1237589964862;18;300032.6639;0,53,58,94,84,8,46,17,37,97,0,0,27,28,26,72,15,2,0,0,93,100,91,60,70,1,0,0,96,99,85,61,6,0,0,13,74,4,68,0,0,40,73,22,41,57,87,56,55,24,0,0,52,7,62,11,19,88,0,0,95,59,0,0,80,29,79,3,76,12,0,0,18,48,90,32,20,0,0,50,9,34,35,66,10,0,0,31,63,64,47,82,0,0,67,23,75,21,0,0,77,78,81,30,0,0,83,45,86,5,0,0,89,98,16,44,38,43,0,0,33,51,71,65,36,49,69,0,0,92,14,42,39,25,54,0
0;pliki//100 lokacji//R201.txt;50;10;swap;3;1544;6000.382765881199;2129.161766546145;729.4356752389809;3141.785324096073;5254.276063372793;1736.7618207143855;742.3904836619214;2775.1237589964862;18;300050.6525;0,53,58,94,84,8,46,17,37,97,0,0,27,28,26,72,15,2,0,0,93,100,91,60,70,1,0,0,96,99,85,61,6,0,0,13,74,4,68,0,0,40,73,22,41,57,87,56,55,24,0,0,52,7,62,11,19,88,0,0,95,59,0,0,80,29,79,3,76,12,0,0,18,48,90,32,20,0,0,50,9,34,35,66,10,0,0,31,63,64,47,82,0,0,67,23,75,21,0,0,77,78,81,30,0,0,83,45,86,5,0,0,89,98,16,44,38,43,0,0,33,51,71,65,36,49,69,0,0,92,14,42,39,25,54,0
0;pliki//100 lokacji//R201.txt;50;10;invert;3;1542;6000.382765881199;2129.161766546145;729.4356752389809;3141.785324096073;5335.050861419551;1714.0661588928162;886.2265961716179;2734.758106355118;18;300078.0269;0,53,58,96,84,8,46,17,37,43,97,0,0,27,28,26,72,2,15,91,0,0,89,61,85,99,6,0,0,25,24,1,70,60,93,100,94,0,0,13,74,4,68,0,0,40,73,92,87,57,41,22,56,55,0,0,95,59,5,83,0,0,20,32,90,48,18,0,0,54,39,0,0,77,29,80,12,0,0,51,71,65,66,10,69,0,0,52,19,11,62,88,0,0,98,16,44,38,14,42,0,0,33,81,79,3,76,0,0,31,63,64,49,7,0,0,67,23,75,21,0,0,86,45,36,47,82,0,0,30,9,35,34,78,50,0
0;pliki//100 lokacji//R201.txt;50;10;invert;3;1543;6000.382765881199;2129.161766546145;729.4356752389809;3141.785324096073;5404.603583764738;1777.9869756721598;815.4970027409792;2811.119605351599;18;300104.5635;0,53,58,96,84,8,46,17,37,43,97,0,0,27,28,26,72,2,15,91,0,0,89,61,85,99,6,0,0,25,24,1,70,60,93,100,94,0,0,13,74,4,68,0,0,40,73,92,87,57,41,22,56,55,0,0,52,69,62,64,19,88,0,0,95,59,5,83,0,0,20,32,90,48,18,0,0,80,29,79,3,76,12,0,0,50,9,78,34,35,66,10,0,0,31,63,11,47,82,0,0,21,75,23,67,0,0,77,81,0,0,98,16,44,38,14,42,0,0,86,45,36,49,7,0,0,39,54,0,0,33,51,71,65,30,0
0;pliki//100 lokacji//R201.txt;50;10;invert;3;1544;6000.382765881199;2129.161766546145;729.4356752389809;3141.785324096073;5291.183336781312;1717.936788565539;834.9635158653497;2738.283032350423;18;300027.8605;0,53,58,96,84,8,46,17,37,43,97,0,0,27,28,26,72,2,15,91,0,0,89,61,85,99,6,0,0,25,24,1,70,60,93,100,94,0,0,13,74,4,68,0,0,40,73,55,56,22,41,57,87,0,0,95,59,5,83,0,0,80,78,81,79,3,76,0,0,31,63,64,47,82,0,0,50,51,71,65,66,10,0,0,33,34,35,9,30,69,0,0,54,67,39,0,0,21,23,75,0,0,20,32,90,48,18,0,0,92,98,16,44,38,14,42,0,0,86,45,36,49,7,0,0,77,29,12,0,0,52,19,11,62,88,0
0;pliki//100 lokacji//R201.txt;50;10;insert;3;1542;6000.382765881199;2129.161766546145;729.4356752389809;3141.785324096073;5594.520035155415;1857.0504248478574;841.8569967862919;2895.6126135212658;18;300012.232;0,53,58,96,8,17,84,37,97,0,0,28,26,72,15,2,0,0,93,100,91,60,89,1,24,25,0,0,6,99,61,85,94,0,0,13,74,4,0,0,40,73,22,41,57,87,56,0,0,52,27,69,62,19,88,0,0,95,59,5,83,0,0,68,29,80,12,0,0,18,48,90,32,20,0,0,50,9,34,35,66,70,10,0,0,31,63,11,47,82,0,0,21,75,23,67,0,0,77,3,78,79,76,0,0,7,49,86,81,0,0,16,38,44,98,30,0,0,33,51,71,65,64,36,46,45,0,0,92,14,43,42,39,55,54,0
0;pliki//100 lokacji//R201.txt;50;10;insert;3;1543;6000.382765881199;2129.161766546145;729.4356752389809;3141.785324096073;5594.520035155415;1857.0504248478574;841.8569967862919;2895.6126135212658;18;300054.2517;0,53,58,96,8,17,84,37,97,0,0,28,26,72,15,2,0,0,93,100,91,60,89,1,24,25,0,0,6,99,61,85,94,0,0,13,74,4,0,0,40,73,22,41,57,87,56,0,0,52,27,69,62,19,88,0,0,95,59,5,83,0,0,68,29,80,12,0,0,18,48,90,32,20,0,0,50,9,34,35,66,70,10,0,0,31,63,11,47,82,0,0,21,75,23,67,0,0,77,3,78,79,76,0,0,7,49,86,81,0,0,16,38,44,98,30,0,0,33,51,71,65,64,36,46,45,0,0,92,14,43,42,39,55,54,0
0;pliki//100 lokacji//R201.txt;50;10;insert;3;1544;6000.382765881199;2129.161766546145;729.4356752389809;3141.785324096073;5594.520035155415;1857.0504248478574;841.8569967862919;2895.6126135212658;18;300012.4645;0,53,58,96,8,17,84,37,97,0,0,28,26,72,15,2,0,0,93,100,91,60,89,1,24,25,0,0,6,99,61,85,94,0,0,13,74,4,0,0,40,73,22,41,57,87,56,0,0,52,27,69,62,19,88,0,0,95,59,5,83,0,0,68,29,80,12,0,0,18,48,90,32,20,0,0,50,9,34,35,66,70,10,0,0,31,63,11,47,82,0,0,21,75,23,67,0,0,77,3,78,79,76,0,0,7,49,86,81,0,0,16,38,44,98,30,0,0,33,51,71,65,64,36,46,45,0,0,92,14,43,42,39,55,54,0
0;pliki//100 lokacji//R201.txt;50;20;swap;3;2542;6000.382765881199;2129.161766546145;729.4356752389809;3141.785324096073;5254.276063372793;1736.7618207143855;742.3904836619214;2775.1237589964862;18;300027.6213;0,53,58,94,84,8,46,17,37,97,0,0,27,28,26,72,15,2,0,0,93,100,91,60,70,1,0,0,96,99,85,61,6,0,0,13,74,4,68,0,0,40,73,22,41,57,87,56,55,24,0,0,52,7,62,11,19,88,0,0,95,59,0,0,80,29,79,3,76,12,0,0,18,48,90,32,20,0,0,50,9,34,35,66,10,0,0,31,63,64,47,82,0,0,67,23,75,21,0,0,77,78,81,30,0,0,83,45,86,5,0,0,89,98,16,44,38,43,0,0,33,51,71,65,36,49,69,0,0,92,14,42,39,25,54,0
0;pliki//100 lokacji//R201.txt;50;20;swap;3;2543;6000.382765881199;2129.161766546145;729.4356752389809;3141.785324096073;5254.276063372793;1736.7618207143855;742.3904836619214;2775.1237589964862;18;300033.8463;0,53,58,94,84,8,46,17,37,97,0,0,27,28,26,72,15,2,0,0,93,100,91,60,70,1,0,0,96,99,85,61,6,0,0,13,74,4,68,0,0,40,73,22,41,57,87,56,55,24,0,0,52,7,62,11,19,88,0,0,95,59,0,0,80,29,79,3,76,12,0,0,18,48,90,32,20,0,0,50,9,34,35,66,10,0,0,31,63,64,47,82,0,0,67,23,75,21,0,0,77,78,81,30,0,0,83,45,86,5,0,0,89,98,16,44,38,43,0,0,33,51,71,65,36,49,69,0,0,92,14,42,39,25,54,0
0;pliki//100 lokacji//R201.txt;50;20;swap;3;2544;6000.382765881199;2129.161766546145;729.4356752389809;3141.785324096073;5254.276063372793;1736.7618207143855;742.3904836619214;2775.1237589964862;18;300035.307;0,53,58,94,84,8,46,17,37,97,0,0,27,28,26,72,15,2,0,0,93,100,91,60,70,1,0,0,96,99,85,61,6,0,0,13,74,4,68,0,0,40,73,22,41,57,87,56,55,24,0,0,52,7,62,11,19,88,0,0,95,59,0,0,80,29,79,3,76,12,0,0,18,48,90,32,20,0,0,50,9,34,35,66,10,0,0,31,63,64,47,82,0,0,67,23,75,21,0,0,77,78,81,30,0,0,83,45,86,5,0,0,89,98,16,44,38,43,0,0,33,51,71,65,36,49,69,0,0,92,14,42,39,25,54,0
0;pliki//100 lokacji//R201.txt;50;20;invert;3;2542;6000.382765881199;2129.161766546145;729.4356752389809;3141.785324096073;5362.997543019785;1773.6982475214795;774.9635158653497;2814.335779632955;18;300020.3482;0,53,58,96,84,8,46,17,37,43,97,0,0,27,28,26,72,2,15,91,0,0,89,61,85,99,6,0,0,25,24,1,70,60,93,100,94,0,0,13,74,4,68,0,0,40,73,92,87,57,41,22,56,55,0,0,52,69,62,64,19,88,0,0,95,59,5,83,0,0,20,32,90,48,18,0,0,80,78,81,79,3,76,0,0,31,63,11,47,82,0,0,21,75,23,67,0,0,77,29,12,0,0,7,49,36,45,86,0,0,39,54,0,0,33,51,71,65,66,10,0,0,98,16,44,38,14,42,0,0,30,35,34,9,50,0
0;pliki//100 lokacji//R201.txt;50;20;invert;3;2543;6000.382765881199;2129.161766546145;729.4356752389809;3141.785324096073;5291.2054909782955;1717.0149207124603;833.1200770925601;2741.0704931732753;18;300047.2621;0,53,58,96,84,8,46,17,37,43,97,0,0,27,28,26,72,2,15,91,0,0,94,85,61,99,6,0,0,25,24,1,70,60,93,100,89,0,0,13,74,4,68,0,0,40,73,55,56,22,41,57,87,0,0,86,45,36,47,82,0,0,52,7,11,64,49,19,0,0,39,54,0,0,33,81,77,0,0,67,23,75,21,0,0,10,66,35,34,78,9,50,0,0,20,32,90,48,18,0,0,76,3,79,29,80,12,0,0,83,5,59,95,0,0,31,63,62,88,69,0,0,92,98,16,44,38,14,42,0,0,51,71,65,30,0
0;pliki//100 lokacji//R201.txt;50;20;invert;3;2544;6000.382765881199;2129.161766546145;729.4356752389809;3141.785324096073;5354.3207620025405;1772.4354281119597;774.9635158653497;2806.9218180252315;18;300022.395;0,53,58,96,84,8,46,17,37,43,97,0,0,27,28,26,72,2,15,91,0,0,89,61,85,99,6,0,0,25,24,1,70,60,93,100,94,0,0,13,74,4,68,0,0,40,73,92,87,57,41,22,56,55,0,0,52,69,62,64,19,88,0,0,95,59,5,83,0,0,20,32,90,48,18,0,0,80,78,81,79,3,76,0,0,31,63,11,47,82,0,0,21,23,75,0,0,7,49,36,45,86,0,0,42,14,38,44,16,98,0,0,10,66,65,71,51,33,0,0,54,67,39,0,0,77,29,12,0,0,30,35,34,9,50,0
0;pliki//100 lokacji//R201.txt;50;20;insert;3;2542;6000.382765881199;2129.161766546145;729.4356752389809;3141.785324096073;5594.520035155415;1857.0504248478574;841.8569967862919;2895.6126135212658;18;300072.6566;0,53,58,96,8,17,84,37,97,0,0,28,26,72,15,2,0,0,93,100,91,60,89,1,24,25,0,0,6,99,61,85,94,0,0,13,74,4,0,0,40,73,22,41,57,87,56,0,0,52,27,69,62,19,88,0,0,95,59,5,83,0,0,68,29,80,12,0,0,18,48,90,32,20,0,0,50,9,34,35,66,70,10,0,0,31,63,11,47,82,0,0,21,75,23,67,0,0,77,3,78,79,76,0,0,7,49,86,81,0,0,16,38,44,98,30,0,0,33,51,71,65,64,36,46,45,0,0,92,14,43,42,39,55,54,0
0;pliki//100 lokacji//R201.txt;50;20;insert;3;2543;6000.382765881199;2129.161766546145;729.4356752389809;3141.785324096073;5594.520035155415;1857.0504248478574;841.8569967862919;2895.6126135212658;18;300100.4556;0,53,58,96,8,17,84,37,97,0,0,28,26,72,15,2,0,0,93,100,91,60,89,1,24,25,0,0,6,99,61,85,94,0,0,13,74,4,0,0,40,73,22,41,57,87,56,0,0,52,27,69,62,19,88,0,0,95,59,5,83,0,0,68,29,80,12,0,0,18,48,90,32,20,0,0,50,9,34,35,66,70,10,0,0,31,63,11,47,82,0,0,21,75,23,67,0,0,77,3,78,79,76,0,0,7,49,86,81,0,0,16,38,44,98,30,0,0,33,51,71,65,64,36,46,45,0,0,92,14,43,42,39,55,54,0
0;pliki//100 lokacji//R201.txt;50;20;insert;3;2544;6000.382765881199;2129.161766546145;729.4356752389809;3141.785324096073;5594.520035155415;1857.0504248478574;841.8569967862919;2895.6126135212658;18;300012.9803;0,53,58,96,8,17,84,37,97,0,0,28,26,72,15,2,0,0,93,100,91,60,89,1,24,25,0,0,6,99,61,85,94,0,0,13,74,4,0,0,40,73,22,41,57,87,56,0,0,52,27,69,62,19,88,0,0,95,59,5,83,0,0,68,29,80,12,0,0,18,48,90,32,20,0,0,50,9,34,35,66,70,10,0,0,31,63,11,47,82,0,0,21,75,23,67,0,0,77,3,78,79,76,0,0,7,49,86,81,0,0,16,38,44,98,30,0,0,33,51,71,65,64,36,46,45,0,0,92,14,43,42,39,55,54,0
0;pliki//100 lokacji//R201.txt;50;30;swap;3;3542;6000.382765881199;2129.161766546145;729.4356752389809;3141.785324096073;5254.276063372793;1736.7618207143855;742.3904836619214;2775.1237589964862;18;300017.7209;0,53,58,94,84,8,46,17,37,97,0,0,27,28,26,72,15,2,0,0,93,100,91,60,70,1,0,0,96,99,85,61,6,0,0,13,74,4,68,0,0,40,73,22,41,57,87,56,55,24,0,0,52,7,62,11,19,88,0,0,95,59,0,0,80,29,79,3,76,12,0,0,18,48,90,32,20,0,0,50,9,34,35,66,10,0,0,31,63,64,47,82,0,0,67,23,75,21,0,0,77,78,81,30,0,0,83,45,86,5,0,0,89,98,16,44,38,43,0,0,33,51,71,65,36,49,69,0,0,92,14,42,39,25,54,0
0;pliki//100 lokacji//R201.txt;50;30;swap;3;3543;6000.382765881199;2129.161766546145;729.4356752389809;3141.785324096073;5254.276063372793;1736.7618207143855;742.3904836619214;2775.1237589964862;18;300027.3873;0,53,58,94,84,8,46,17,37,97,0,0,27,28,26,72,15,2,0,0,93,100,91,60,70,1,0,0,96,99,85,61,6,0,0,13,74,4,68,0,0,40,73,22,41,57,87,56,55,24,0,0,52,7,62,11,19,88,0,0,95,59,0,0,80,29,79,3,76,12,0,0,18,48,90,32,20,0,0,50,9,34,35,66,10,0,0,31,63,64,47,82,0,0,67,23,75,21,0,0,77,78,81,30,0,0,83,45,86,5,0,0,89,98,16,44,38,43,0,0,33,51,71,65,36,49,69,0,0,92,14,42,39,25,54,0
0;pliki//100 lokacji//R201.txt;50;30;swap;3;3544;6000.382765881199;2129.161766546145;729.4356752389809;3141.785324096073;5254.276063372793;1736.7618207143855;742.3904836619214;2775.1237589964862;18;300004.345;0,53,58,94,84,8,46,17,37,97,0,0,27,28,26,72,15,2,0,0,93,100,91,60,70,1,0,0,96,99,85,61,6,0,0,13,74,4,68,0,0,40,73,22,41,57,87,56,55,24,0,0,52,7,62,11,19,88,0,0,95,59,0,0,80,29,79,3,76,12,0,0,18,48,90,32,20,0,0,50,9,34,35,66,10,0,0,31,63,64,47,82,0,0,67,23,75,21,0,0,77,78,81,30,0,0,83,45,86,5,0,0,89,98,16,44,38,43,0,0,33,51,71,65,36,49,69,0,0,92,14,42,39,25,54,0
0;pliki//100 lokacji//R201.txt;50;30;invert;3;3542;6000.382765881199;2129.161766546145;729.4356752389809;3141.785324096073;5342.0999795961725;1720.3675406744444;874.9635158653497;2746.7689230563783;18;300079.2707;0,53,58,96,84,8,46,17,37,43,97,0,0,27,28,26,72,2,15,91,0,0,89,61,85,99,6,0,0,25,24,1,70,60,93,100,94,0,0,13,74,4,68,0,0,40,73,55,56,22,41,57,87,0,0,86,45,47,82,0,0,67,23,75,21,0,0,77,29,54,39,0,0,7,36,49,11,62,88,69,0,0,95,59,5,83,0,0,18,48,90,32,20,0,0,80,78,81,79,3,76,0,0,31,63,64,19,52,0,0,92,98,16,44,38,14,42,0,0,12,0,0,10,66,65,71,51,33,0,0,30,35,34,9,50,0
0;pliki//100 lokacji//R201.txt;50;30;invert;3;3543;6000.382765881199;2129.161766546145;729.4356752389809;3141.785324096073;5351.345060058454;1780.6988783959005;762.3904836619214;2808.255698000632;18;300038.921;0,53,58,96,84,8,46,17,37,43,97,0,0,27,28,26,72,2,15,91,0,0,94,85,61,99,6,0,0,25,24,1,70,60,93,100,89,0,0,13,74,4,68,0,0,40,73,92,87,57,41,22,56,55,0,0,52,69,62,64,19,88,0,0,83,5,59,95,0,0,20,32,90,48,18,0,0,80,29,79,3,76,12,0,0,10,66,35,34,78,9,50,0,0,31,63,11,47,82,0,0,67,23,75,21,0,0,77,81,0,0,30,65,71,51,33,0,0,54,39,0,0,7,49,36,45,86,0,0,42,14,38,44,16,98,0
0;pliki//100 lokacji//R201.txt;50;30;invert;3;3544;6000.382765881199;2129.161766546145;729.4356752389809;3141.785324096073;5362.817151652499;1780.6988783959007;762.3904836619214;2819.727789594677;18;300082.828;0,53,58,96,84,8,46,17,37,43,97,0,0,27,28,26,72,2,15,91,0,0,94,85,61,99,6,0,0,25,24,1,70,60,93,100,89,0,0,13,74,4,68,0,0,40,73,92,87,57,41,22,56,55,0,0,52,69,62,64,19,88,0,0,95,59,5,83,0,0,10,66,35,34,78,9,50,0,0,20,32,90,48,18,0,0,80,29,79,3,76,12,0,0,31,63,11,47,82,0,0,21,75,23,67,0,0,77,81,0,0,98,16,44,38,14,42,0,0,86,45,36,49,7,0,0,39,54,0,0,33,51,71,65,30,0
0;pliki//100 lokacji//R201.txt;50;30;insert;3;3542;6000.382765881199;2129.161766546145;729.4356752389809;3141.785324096073;5594.520035155415;1857.0504248478574;841.8569967862919;2895.6126135212658;18;300025.8459;0,53,58,96,8,17,84,37,97,0,0,28,26,72,15,2,0,0,93,100,91,60,89,1,24,25,0,0,6,99,61,85,94,0,0,13,74,4,0,0,40,73,22,41,57,87,56,0,0,52,27,69,62,19,88,0,0,95,59,5,83,0,0,68,29,80,12,0,0,18,48,90,32,20,0,0,50,9,34,35,66,70,10,0,0,31,63,11,47,82,0,0,21,75,23,67,0,0,77,3,78,79,76,0,0,7,49,86,81,0,0,16,38,44,98,30,0,0,33,51,71,65,64,36,46,45,0,0,92,14,43,42,39,55,54,0
0;pliki//100 lokacji//R201.txt;50;30;insert;3;3543;6000.382765881199;2129.161766546145;729.4356752389809;3141.785324096073;5594.520035155415;1857.0504248478574;841.8569967862919;2895.6126135212658;18;300064.6169;0,53,58,96,8,17,84,37,97,0,0,28,26,72,15,2,0,0,93,100,91,60,89,1,24,25,0,0,6,99,61,85,94,0,0,13,74,4,0,0,40,73,22,41,57,87,56,0,0,52,27,69,62,19,88,0,0,95,59,5,83,0,0,68,29,80,12,0,0,18,48,90,32,20,0,0,50,9,34,35,66,70,10,0,0,31,63,11,47,82,0,0,21,75,23,67,0,0,77,3,78,79,76,0,0,7,49,86,81,0,0,16,38,44,98,30,0,0,33,51,71,65,64,36,46,45,0,0,92,14,43,42,39,55,54,0
0;pliki//100 lokacji//R201.txt;50;30;insert;3;3544;6000.382765881199;2129.161766546145;729.4356752389809;3141.785324096073;5594.520035155415;1857.0504248478574;841.8569967862919;2895.6126135212658;18;300059.2185;0,53,58,96,8,17,84,37,97,0,0,28,26,72,15,2,0,0,93,100,91,60,89,1,24,25,0,0,6,99,61,85,94,0,0,13,74,4,0,0,40,73,22,41,57,87,56,0,0,52,27,69,62,19,88,0,0,95,59,5,83,0,0,68,29,80,12,0,0,18,48,90,32,20,0,0,50,9,34,35,66,70,10,0,0,31,63,11,47,82,0,0,21,75,23,67,0,0,77,3,78,79,76,0,0,7,49,86,81,0,0,16,38,44,98,30,0,0,33,51,71,65,64,36,46,45,0,0,92,14,43,42,39,55,54,0
0;pliki//100 lokacji//R201.txt;50;40;swap;3;4542;6000.382765881199;2129.161766546145;729.4356752389809;3141.785324096073;5254.276063372793;1736.7618207143855;742.3904836619214;2775.1237589964862;18;300138.7028;0,53,58,94,84,8,46,17,37,97,0,0,27,28,26,72,15,2,0,0,93,100,91,60,70,1,0,0,96,99,85,61,6,0,0,13,74,4,68,0,0,40,73,22,41,57,87,56,55,24,0,0,52,7,62,11,19,88,0,0,95,59,0,0,80,29,79,3,76,12,0,0,18,48,90,32,20,0,0,50,9,34,35,66,10,0,0,31,63,64,47,82,0,0,67,23,75,21,0,0,77,78,81,30,0,0,83,45,86,5,0,0,89,98,16,44,38,43,0,0,33,51,71,65,36,49,69,0,0,92,14,42,39,25,54,0
0;pliki//100 lokacji//R201.txt;50;40;swap;3;4543;6000.382765881199;2129.161766546145;729.4356752389809;3141.785324096073;5254.276063372793;1736.7618207143855;742.3904836619214;2775.1237589964862;18;300077.685;0,53,58,94,84,8,46,17,37,97,0,0,27,28,26,72,15,2,0,0,93,100,91,60,70,1,0,0,96,99,85,61,6,0,0,13,74,4,68,0,0,40,73,22,41,57,87,56,55,24,0,0,52,7,62,11,19,88,0,0,95,59,0,0,80,29,79,3,76,12,0,0,18,48,90,32,20,0,0,50,9,34,35,66,10,0,0,31,63,64,47,82,0,0,67,23,75,21,0,0,77,78,81,30,0,0,83,45,86,5,0,0,89,98,16,44,38,43,0,0,33,51,71,65,36,49,69,0,0,92,14,42,39,25,54,0
0;pliki//100 lokacji//R201.txt;50;40;swap;3;4544;6000.382765881199;2129.161766546145;729.4356752389809;3141.785324096073;5254.276063372793;1736.7618207143855;742.3904836619214;2775.1237589964862;18;300090.0813;0,53,58,94,84,8,46,17,37,97,0,0,27,28,26,72,15,2,0,0,93,100,91,60,70,1,0,0,96,99,85,61,6,0,0,13,74,4,68,0,0,40,73,22,41,57,87,56,55,24,0,0,52,7,62,11,19,88,0,0,95,59,0,0,80,29,79,3,76,12,0,0,18,48,90,32,20,0,0,50,9,34,35,66,10,0,0,31,63,64,47,82,0,0,67,23,75,21,0,0,77,78,81,30,0,0,83,45,86,5,0,0,89,98,16,44,38,43,0,0,33,51,71,65,36,49,69,0,0,92,14,42,39,25,54,0
0;pliki//100 lokacji//R201.txt;50;40;invert;3;4542;6000.382765881199;2129.161766546145;729.4356752389809;3141.785324096073;5357.597984883498;1780.4869654663771;774.9635158653497;2802.147503551771;18;300062.5287;0,53,58,96,84,8,46,17,37,43,97,0,0,27,28,26,72,2,15,91,0,0,89,61,85,99,6,0,0,25,24,1,70,60,93,100,94,0,0,13,74,4,68,0,0,40,73,92,87,57,41,22,56,55,0,0,52,69,62,64,19,88,0,0,95,59,5,83,0,0,20,32,90,48,18,0,0,80,78,81,79,3,76,0,0,31,63,11,47,82,0,0,67,23,75,21,0,0,77,29,12,0,0,30,65,71,51,33,0,0,54,39,0,0,7,49,36,45,86,0,0,42,14,38,44,16,98,0,0,10,66,35,34,9,50,0
0;pliki//100 lokacji//R201.txt;50;40;invert;3;4543;6000.382765881199;2129.161766546145;729.4356752389809;3141.785324096073;5351.345060058454;1780.6988783959005;762.3904836619214;2808.255698000632;18;300145.8739;0,53,58,96,84,8,46,17,37,43,97,0,0,27,28,26,72,2,15,91,0,0,94,85,61,99,6,0,0,25,24,1,70,60,93,100,89,0,0,13,74,4,68,0,0,40,73,92,87,57,41,22,56,55,0,0,52,69,62,64,19,88,0,0,83,5,59,95,0,0,20,32,90,48,18,0,0,80,29,79,3,76,12,0,0,10,66,35,34,78,9,50,0,0,31,63,11,47,82,0,0,67,23,75,21,0,0,77,81,0,0,30,65,71,51,33,0,0,54,39,0,0,7,49,36,45,86,0,0,42,14,38,44,16,98,0
0;pliki//100 lokacji//R201.txt;50;40;invert;3;4544;6000.382765881199;2129.161766546145;729.4356752389809;3141.785324096073;5351.345060058455;1780.6988783959007;762.3904836619214;2808.2556980006325;18;300033.2936;0,53,58,96,84,8,46,17,37,43,97,0,0,27,28,26,72,2,15,91,0,0,94,85,61,99,6,0,0,25,24,1,70,60,93,100,89,0,0,13,74,4,68,0,0,40,73,92,87,57,41,22,56,55,0,0,52,69,62,64,19,88,0,0,10,66,35,34,78,9,50,0,0,20,32,90,48,18,0,0,80,29,79,3,76,12,0,0,83,5,59,95,0,0,31,63,11,47,82,0,0,67,23,75,21,0,0,77,81,0,0,98,16,44,38,14,42,0,0,86,45,36,49,7,0,0,39,54,0,0,33,51,71,65,30,0
0;pliki//100 lokacji//R201.txt;50;40;insert;3;4542;6000.382765881199;2129.161766546145;729.4356752389809;3141.785324096073;5594.520035155415;1857.0504248478574;841.8569967862919;2895.6126135212658;18;300097.9;0,53,58,96,8,17,84,37,97,0,0,28,26,72,15,2,0,0,93,100,91,60,89,1,24,25,0,0,6,99,61,85,94,0,0,13,74,4,0,0,40,73,22,41,57,87,56,0,0,52,27,69,62,19,88,0,0,95,59,5,83,0,0,68,29,80,12,0,0,18,48,90,32,20,0,0,50,9,34,35,66,70,10,0,0,31,63,11,47,82,0,0,21,75,23,67,0,0,77,3,78,79,76,0,0,7,49,86,81,0,0,16,38,44,98,30,0,0,33,51,71,65,64,36,46,45,0,0,92,14,43,42,39,55,54,0
0;pliki//100 lokacji//R201.txt;50;40;insert;3;4543;6000.382765881199;2129.161766546145;729.4356752389809;3141.785324096073;5594.520035155415;1857.0504248478574;841.8569967862919;2895.6126135212658;18;300085.0589;0,53,58,96,8,17,84,37,97,0,0,28,26,72,15,2,0,0,93,100,91,60,89,1,24,25,0,0,6,99,61,85,94,0,0,13,74,4,0,0,40,73,22,41,57,87,56,0,0,52,27,69,62,19,88,0,0,95,59,5,83,0,0,68,29,80,12,0,0,18,48,90,32,20,0,0,50,9,34,35,66,70,10,0,0,31,63,11,47,82,0,0,21,75,23,67,0,0,77,3,78,79,76,0,0,7,49,86,81,0,0,16,38,44,98,30,0,0,33,51,71,65,64,36,46,45,0,0,92,14,43,42,39,55,54,0
0;pliki//100 lokacji//R201.txt;50;40;insert;3;4544;6000.382765881199;2129.161766546145;729.4356752389809;3141.785324096073;5594.520035155415;1857.0504248478574;841.8569967862919;2895.6126135212658;18;300013.061;0,53,58,96,8,17,84,37,97,0,0,28,26,72,15,2,0,0,93,100,91,60,89,1,24,25,0,0,6,99,61,85,94,0,0,13,74,4,0,0,40,73,22,41,57,87,56,0,0,52,27,69,62,19,88,0,0,95,59,5,83,0,0,68,29,80,12,0,0,18,48,90,32,20,0,0,50,9,34,35,66,70,10,0,0,31,63,11,47,82,0,0,21,75,23,67,0,0,77,3,78,79,76,0,0,7,49,86,81,0,0,16,38,44,98,30,0,0,33,51,71,65,64,36,46,45,0,0,92,14,43,42,39,55,54,0
0;pliki//100 lokacji//R201.txt;50;50;swap;3;5542;6000.382765881199;2129.161766546145;729.4356752389809;3141.785324096073;5254.276063372793;1736.7618207143855;742.3904836619214;2775.1237589964862;18;300089.601;0,53,58,94,84,8,46,17,37,97,0,0,27,28,26,72,15,2,0,0,93,100,91,60,70,1,0,0,96,99,85,61,6,0,0,13,74,4,68,0,0,40,73,22,41,57,87,56,55,24,0,0,52,7,62,11,19,88,0,0,95,59,0,0,80,29,79,3,76,12,0,0,18,48,90,32,20,0,0,50,9,34,35,66,10,0,0,31,63,64,47,82,0,0,67,23,75,21,0,0,77,78,81,30,0,0,83,45,86,5,0,0,89,98,16,44,38,43,0,0,33,51,71,65,36,49,69,0,0,92,14,42,39,25,54,0
0;pliki//100 lokacji//R201.txt;50;50;swap;3;5543;6000.382765881199;2129.161766546145;729.4356752389809;3141.785324096073;5254.276063372793;1736.7618207143855;742.3904836619214;2775.1237589964862;18;300945.8109;0,53,58,94,84,8,46,17,37,97,0,0,27,28,26,72,15,2,0,0,93,100,91,60,70,1,0,0,96,99,85,61,6,0,0,13,74,4,68,0,0,40,73,22,41,57,87,56,55,24,0,0,52,7,62,11,19,88,0,0,95,59,0,0,80,29,79,3,76,12,0,0,18,48,90,32,20,0,0,50,9,34,35,66,10,0,0,31,63,64,47,82,0,0,67,23,75,21,0,0,77,78,81,30,0,0,83,45,86,5,0,0,89,98,16,44,38,43,0,0,33,51,71,65,36,49,69,0,0,92,14,42,39,25,54,0
0;pliki//100 lokacji//R201.txt;50;50;swap;3;5544;6000.382765881199;2129.161766546145;729.4356752389809;3141.785324096073;5254.276063372793;1736.7618207143855;742.3904836619214;2775.1237589964862;18;300078.9961;0,53,58,94,84,8,46,17,37,97,0,0,27,28,26,72,15,2,0,0,93,100,91,60,70,1,0,0,96,99,85,61,6,0,0,13,74,4,68,0,0,40,73,22,41,57,87,56,55,24,0,0,52,7,62,11,19,88,0,0,95,59,0,0,80,29,79,3,76,12,0,0,18,48,90,32,20,0,0,50,9,34,35,66,10,0,0,31,63,64,47,82,0,0,67,23,75,21,0,0,77,78,81,30,0,0,83,45,86,5,0,0,89,98,16,44,38,43,0,0,33,51,71,65,36,49,69,0,0,92,14,42,39,25,54,0
0;pliki//100 lokacji//R201.txt;50;50;invert;3;5542;6000.382765881199;2129.161766546145;729.4356752389809;3141.785324096073;5362.817151652499;1780.6988783959007;762.3904836619214;2819.727789594677;18;300065.9271;0,53,58,96,84,8,46,17,37,43,97,0,0,27,28,26,72,2,15,91,0,0,94,85,61,99,6,0,0,25,24,1,70,60,93,100,89,0,0,13,74,4,68,0,0,40,73,92,87,57,41,22,56,55,0,0,52,69,62,64,19,88,0,0,95,59,5,83,0,0,10,66,35,34,78,9,50,0,0,20,32,90,48,18,0,0,80,29,79,3,76,12,0,0,31,63,11,47,82,0,0,21,75,23,67,0,0,77,81,0,0,98,16,44,38,14,42,0,0,86,45,36,49,7,0,0,39,54,0,0,33,51,71,65,30,0
0;pliki//100 lokacji//R201.txt;50;50;invert;3;5543;6000.382765881199;2129.161766546145;729.4356752389809;3141.785324096073;5360.829687843692;1739.9063213280497;847.5825861285317;2773.3407803871114;17;300015.9301;0,53,58,96,84,8,46,17,37,43,97,0,0,27,28,26,72,2,15,91,0,0,94,85,61,99,6,0,0,25,24,1,70,60,93,100,89,0,0,13,74,4,68,0,0,40,73,92,87,57,41,22,56,55,0,0,52,19,64,62,88,69,0,0,10,66,35,34,78,9,50,0,0,20,32,90,48,18,0,0,76,3,79,29,80,12,0,0,83,5,59,95,0,0,31,63,11,47,82,0,0,67,23,75,21,0,0,77,51,71,65,30,0,0,7,49,36,45,86,0,0,42,14,38,44,16,98,0,0,39,54,81,33,0
0;pliki//100 lokacji//R201.txt;50;50;invert;3;5544;6000.382765881199;2129.161766546145;729.4356752389809;3141.785324096073;5351.345060058454;1780.6988783959007;762.3904836619214;2808.2556980006316;18;300020.4165;0,53,58,96,84,8,46,17,37,43,97,0,0,27,28,26,72,2,15,91,0,0,94,85,61,99,6,0,0,25,24,1,70,60,93,100,89,0,0,13,74,4,68,0,0,40,73,92,87,57,41,22,56,55,0,0,52,69,62,64,19,88,0,0,95,59,5,83,0,0,10,66,35,34,78,9,50,0,0,20,32,90,48,18,0,0,80,29,79,3,76,12,0,0,31,63,11,47,82,0,0,67,23,75,21,0,0,77,81,0,0,98,16,44,38,14,42,0,0,86,45,36,49,7,0,0,39,54,0,0,33,51,71,65,30,0
0;pliki//100 lokacji//R201.txt;50;50;insert;3;5542;6000.382765881199;2129.161766546145;729.4356752389809;3141.785324096073;5594.520035155415;1857.0504248478574;841.8569967862919;2895.6126135212658;18;300031.795;0,53,58,96,8,17,84,37,97,0,0,28,26,72,15,2,0,0,93,100,91,60,89,1,24,25,0,0,6,99,61,85,94,0,0,13,74,4,0,0,40,73,22,41,57,87,56,0,0,52,27,69,62,19,88,0,0,95,59,5,83,0,0,68,29,80,12,0,0,18,48,90,32,20,0,0,50,9,34,35,66,70,10,0,0,31,63,11,47,82,0,0,21,75,23,67,0,0,77,3,78,79,76,0,0,7,49,86,81,0,0,16,38,44,98,30,0,0,33,51,71,65,64,36,46,45,0,0,92,14,43,42,39,55,54,0
0;pliki//100 lokacji//R201.txt;50;50;insert;3;5543;6000.382765881199;2129.161766546145;729.4356752389809;3141.785324096073;5594.520035155415;1857.0504248478574;841.8569967862919;2895.6126135212658;18;300083.1892;0,53,58,96,8,17,84,37,97,0,0,28,26,72,15,2,0,0,93,100,91,60,89,1,24,25,0,0,6,99,61,85,94,0,0,13,74,4,0,0,40,73,22,41,57,87,56,0,0,52,27,69,62,19,88,0,0,95,59,5,83,0,0,68,29,80,12,0,0,18,48,90,32,20,0,0,50,9,34,35,66,70,10,0,0,31,63,11,47,82,0,0,21,75,23,67,0,0,77,3,78,79,76,0,0,7,49,86,81,0,0,16,38,44,98,30,0,0,33,51,71,65,64,36,46,45,0,0,92,14,43,42,39,55,54,0
0;pliki//100 lokacji//R201.txt;50;50;insert;3;5544;6000.382765881199;2129.161766546145;729.4356752389809;3141.785324096073;5594.520035155415;1857.0504248478574;841.8569967862919;2895.6126135212658;18;300110.396;0,53,58,96,8,17,84,37,97,0,0,28,26,72,15,2,0,0,93,100,91,60,89,1,24,25,0,0,6,99,61,85,94,0,0,13,74,4,0,0,40,73,22,41,57,87,56,0,0,52,27,69,62,19,88,0,0,95,59,5,83,0,0,68,29,80,12,0,0,18,48,90,32,20,0,0,50,9,34,35,66,70,10,0,0,31,63,11,47,82,0,0,21,75,23,67,0,0,77,3,78,79,76,0,0,7,49,86,81,0,0,16,38,44,98,30,0,0,33,51,71,65,64,36,46,45,0,0,92,14,43,42,39,55,54,0
0;pliki//100 lokacji//R201.txt;100;10;swap;3;2042;6000.382765881199;2129.161766546145;729.4356752389809;3141.785324096073;5073.57021889968;1547.5185087405846;960;2566.051710159096;19;300089.3668;0,32,63,10,0,0,89,94,73,41,57,87,0,0,51,30,90,64,49,8,0,0,95,92,37,14,42,13,0,0,7,47,36,46,91,100,59,0,0,53,44,38,86,6,0,0,4,39,56,72,21,0,0,96,98,16,61,17,84,18,0,0,54,55,25,67,23,0,0,58,40,26,28,0,0,60,83,45,5,0,0,77,3,79,78,34,9,0,0,70,20,66,65,35,1,0,0,71,81,33,50,69,27,0,0,82,48,11,19,0,0,80,68,29,24,12,76,0,0,2,74,75,22,15,43,97,0,0,88,62,31,52,0,0,85,93,99,0
0;pliki//100 lokacji//R201.txt;100;10;swap;3;2043;6000.382765881199;2129.161766546145;729.4356752389809;3141.785324096073;5169.039149262091;1587.3458016437949;980.8612882491034;2600.8320593691924;19;300124.9878;0,57,15,41,23,75,74,73,0,0,31,32,30,70,0,0,63,66,65,35,51,69,27,0,0,10,11,62,52,0,0,45,17,38,14,91,92,95,0,0,68,77,3,50,0,0,94,59,5,83,0,0,1,33,79,12,28,0,0,21,56,67,39,4,0,0,96,61,16,86,84,0,0,9,71,34,78,55,25,26,53,0,0,18,8,46,85,99,6,0,0,97,42,43,22,72,40,0,0,93,60,48,89,0,0,54,24,29,80,0,0,7,19,90,20,81,76,0,0,82,47,36,49,64,88,0,0,13,87,2,58,0,0,37,100,44,98,0
0;pliki//100 lokacji//R201.txt;100;10;swap;3;2044;6000.382765881199;2129.161766546145;729.4356752389809;3141.785324096073;5174.749393926108;1669.4306243822457;824.5537244469283;2680.765045096933;19;300084.4605;0,40,72,15,43,14,98,0,0,2,57,42,82,48,0,0,74,22,56,39,55,54,0,0,1,50,0,0,24,25,67,23,41,53,0,0,68,79,78,81,0,0,80,29,44,38,16,61,99,0,0,77,9,35,34,3,26,0,0,83,17,45,7,31,69,27,0,0,87,92,93,59,0,0,91,85,86,84,0,0,58,97,100,37,13,0,0,94,6,52,62,88,0,0,21,73,75,4,12,0,0,63,32,30,28,0,0,89,60,8,49,19,18,0,0,70,10,11,64,90,0,0,47,36,46,5,96,95,0,0,76,33,51,71,65,66,20,0
0;pliki//100 lokacji//R201.txt;100;10;invert;3;2042;6000.382765881199;2129.161766546145;729.4356752389809;3141.785324096073;5124.109199687592;1455.3759451507706;1213.3573093860502;2455.3759451507713;19;300102.6795;0,77,68,29,24,54,0,0,45,17,85,98,97,0,0,89,18,83,84,46,82,7,0,0,50,3,76,12,0,0,80,79,78,34,9,81,0,0,99,93,5,52,27,0,0,94,95,57,72,0,0,1,30,32,90,70,0,0,48,47,19,11,0,0,13,0,0,56,39,67,25,55,28,0,0,60,8,36,49,64,63,10,69,0,0,96,16,86,61,6,0,0,40,73,74,75,22,41,58,0,0,87,37,100,91,92,59,0,0,53,21,23,4,26,0,0,42,44,38,14,43,15,2,0,0,33,35,71,65,66,20,51,0,0,88,62,31,0
0;pliki//100 lokacji//R201.txt;100;10;invert;3;2043;6000.382765881199;2129.161766546145;729.4356752389809;3141.785324096073;5271.119939886918;1704.036703495874;826.2265961716179;2740.856640219425;18;300060.8707;0,53,58,96,84,8,46,17,37,43,97,0,0,27,28,26,72,2,15,91,0,0,89,61,85,99,6,0,0,25,24,1,70,60,93,100,94,0,0,13,74,4,68,0,0,40,73,56,22,41,57,87,0,0,10,66,65,71,51,33,0,0,20,32,90,48,18,0,0,86,45,36,47,82,0,0,21,23,75,0,0,39,67,55,54,0,0,7,49,64,62,88,69,0,0,80,78,81,79,3,76,0,0,92,98,16,44,38,14,42,0,0,83,5,59,95,0,0,31,63,11,19,52,0,0,77,29,12,0,0,30,35,34,9,50,0
0;pliki//100 lokacji//R201.txt;100;10;invert;3;2044;6000.382765881199;2129.161766546145;729.4356752389809;3141.785324096073;5300.924298517628;1718.171225933844;826.2265961716179;2756.5264764121657;18;300109.728;0,53,58,96,84,8,46,17,37,43,97,0,0,27,28,26,72,2,15,91,0,0,89,61,85,99,6,0,0,25,24,1,70,60,93,100,94,0,0,13,74,4,68,0,0,86,45,36,47,82,0,0,21,23,75,73,40,0,0,87,57,41,22,56,55,0,0,7,49,64,62,88,69,0,0,83,5,59,95,0,0,20,32,90,48,18,0,0,80,78,81,79,3,76,0,0,31,63,11,19,52,0,0,92,98,16,44,38,14,42,0,0,10,66,65,71,51,33,0,0,39,67,54,0,0,77,29,12,0,0,30,35,34,9,50,0
0;pliki//100 lokacji//R201.txt;100;10;insert;3;2042;6000.382765881199;2129.161766546145;729.4356752389809;3141.785324096073;5594.520035155415;1857.0504248478574;841.8569967862919;2895.6126135212658;18;300129.0252;0,53,58,96,8,17,84,37,97,0,0,28,26,72,15,2,0,0,93,100,91,60,89,1,24,25,0,0,6,99,61,85,94,0,0,13,74,4,0,0,40,73,22,41,57,87,56,0,0,52,27,69,62,19,88,0,0,95,59,5,83,0,0,68,29,80,12,0,0,18,48,90,32,20,0,0,50,9,34,35,66,70,10,0,0,31,63,11,47,82,0,0,21,75,23,67,0,0,77,3,78,79,76,0,0,7,49,86,81,0,0,16,38,44,98,30,0,0,33,51,71,65,64,36,46,45,0,0,92,14,43,42,39,55,54,0
0;pliki//100 lokacji//R201.txt;100;10;insert;3;2043;6000.382765881199;2129.161766546145;729.4356752389809;3141.785324096073;5594.520035155415;1857.0504248478574;841.8569967862919;2895.6126135212658;18;300012.7692;0,53,58,96,8,17,84,37,97,0,0,28,26,72,15,2,0,0,93,100,91,60,89,1,24,25,0,0,6,99,61,85,94,0,0,13,74,4,0,0,40,73,22,41,57,87,56,0,0,52,27,69,62,19,88,0,0,95,59,5,83,0,0,68,29,80,12,0,0,18,48,90,32,20,0,0,50,9,34,35,66,70,10,0,0,31,63,11,47,82,0,0,21,75,23,67,0,0,77,3,78,79,76,0,0,7,49,86,81,0,0,16,38,44,98,30,0,0,33,51,71,65,64,36,46,45,0,0,92,14,43,42,39,55,54,0
0;pliki//100 lokacji//R201.txt;100;10;insert;3;2044;6000.382765881199;2129.161766546145;729.4356752389809;3141.785324096073;5594.520035155415;1857.0504248478574;841.8569967862919;2895.6126135212658;18;300006.5418;0,53,58,96,8,17,84,37,97,0,0,28,26,72,15,2,0,0,93,100,91,60,89,1,24,25,0,0,6,99,61,85,94,0,0,13,74,4,0,0,40,73,22,41,57,87,56,0,0,52,27,69,62,19,88,0,0,95,59,5,83,0,0,68,29,80,12,0,0,18,48,90,32,20,0,0,50,9,34,35,66,70,10,0,0,31,63,11,47,82,0,0,21,75,23,67,0,0,77,3,78,79,76,0,0,7,49,86,81,0,0,16,38,44,98,30,0,0,33,51,71,65,64,36,46,45,0,0,92,14,43,42,39,55,54,0
0;pliki//100 lokacji//R201.txt;100;20;swap;3;3042;6000.382765881199;2129.161766546145;729.4356752389809;3141.785324096073;5006.037644244483;1512.573535925822;960;2533.464108318661;19;300077.7406;0,10,90,32,66,65,35,0,0,82,7,88,11,48,46,8,0,0,47,36,49,64,63,69,0,0,51,71,20,30,70,0,0,77,81,9,78,79,0,0,94,98,38,43,15,57,58,0,0,13,97,100,37,0,0,19,62,31,52,0,0,74,22,73,53,0,0,40,2,42,14,44,91,93,0,0,25,67,39,4,21,0,0,18,83,45,17,61,5,60,0,0,68,29,12,0,0,89,85,99,6,0,0,27,1,50,33,76,28,0,0,84,16,86,87,0,0,80,3,34,24,55,54,26,0,0,96,59,92,95,0,0,72,75,56,23,41,0
0;pliki//100 lokacji//R201.txt;100;20;swap;3;3043;6000.382765881199;2129.161766546145;729.4356752389809;3141.785324096073;5046.224804284432;1536.1211928026303;961.242145210588;2548.861466271214;19;300165.3982;0,2,15,22,74,21,40,58,0,0,33,81,71,35,34,78,0,0,72,75,56,39,0,0,13,37,100,89,0,0,4,67,23,73,0,0,60,84,8,77,3,9,20,0,0,51,65,66,32,90,63,0,0,28,50,1,69,31,27,0,0,11,64,49,19,82,0,0,5,17,45,83,0,0,88,62,10,30,70,0,0,68,29,80,12,0,0,18,46,36,47,48,7,52,0,0,95,92,14,43,42,0,0,59,85,0,0,96,93,61,91,98,99,6,0,0,94,97,87,57,41,53,0,0,26,54,55,25,24,79,76,0,0,44,38,86,16,0
0;pliki//100 lokacji//R201.txt;100;20;swap;3;3044;6000.382765881199;2129.161766546145;729.4356752389809;3141.785324096073;5073.037475847056;1516.2760676167932;1011.5807425154499;2545.180665714813;18;300015.0735;0,33,71,65,66,31,0,0,1,51,20,30,70,62,0,0,94,45,48,82,0,0,50,81,79,76,0,0,97,87,57,41,22,53,0,0,21,56,23,24,34,35,9,0,0,85,98,15,73,40,0,0,19,64,49,46,8,89,0,0,96,93,5,83,60,0,0,91,44,86,16,61,99,6,0,0,32,90,10,88,18,17,84,0,0,4,39,67,25,55,0,0,58,74,75,72,0,0,77,3,78,29,68,80,0,0,37,100,14,38,43,42,2,0,0,52,7,47,36,11,63,69,27,0,0,13,95,92,59,0,0,26,54,12,28,0
0;pliki//100 lokacji//R201.txt;100;20;invert;3;3042;6000.382765881199;2129.161766546145;729.4356752389809;3141.785324096073;5247.958911773989;1695.1439823845553;833.1200770925601;2719.694852296873;18;300111.9024;0,53,58,96,84,8,46,17,37,43,97,0,0,27,28,26,72,2,15,91,0,0,94,85,61,99,6,0,0,25,24,1,70,60,93,100,89,0,0,13,74,4,68,0,0,40,73,56,22,41,57,87,0,0,39,55,54,0,0,77,81,33,0,0,67,23,75,21,0,0,86,45,36,47,82,0,0,52,7,11,64,49,19,0,0,10,66,35,34,78,9,50,0,0,20,32,90,48,18,0,0,76,3,79,29,80,12,0,0,83,5,59,95,0,0,31,63,62,88,69,0,0,92,98,16,44,38,14,42,0,0,51,71,65,30,0
0;pliki//100 lokacji//R201.txt;100;20;invert;3;3043;6000.382765881199;2129.161766546145;729.4356752389809;3141.785324096073;5235.715526441629;1578.9812286384874;1060;2596.7342978031415;19;300116.3983;0,51,20,66,65,35,34,50,0,0,88,19,64,49,8,18,0,0,22,23,67,25,55,0,0,53,59,92,95,0,0,31,69,1,28,12,0,0,85,86,17,46,0,0,68,80,24,29,78,32,90,0,0,73,72,75,4,26,0,0,10,63,36,47,82,52,0,0,58,87,13,0,0,94,93,5,83,0,0,97,14,38,100,37,98,0,0,2,57,42,43,15,41,74,21,54,0,0,6,61,16,44,91,99,96,0,0,3,79,81,76,0,0,62,11,48,7,0,0,70,30,71,9,0,0,45,84,60,89,0,0,40,56,39,77,33,27,0
0;pliki//100 lokacji//R201.txt;100;20;invert;3;3044;6000.382765881199;2129.161766546145;729.4356752389809;3141.785324096073;5232.843728582548;1700.3417142280173;814.9635158653497;2717.538498489181;18;300028.6497;0,53,58,96,84,8,46,17,37,43,97,0,0,27,28,26,72,2,15,91,0,0,89,61,85,99,6,0,0,25,24,1,70,60,93,100,94,0,0,13,74,4,68,0,0,40,73,56,22,41,57,87,0,0,86,45,36,49,7,0,0,39,55,54,0,0,51,71,65,66,10,69,0,0,20,32,90,48,18,0,0,80,78,81,79,3,76,0,0,82,47,11,62,88,0,0,77,29,12,0,0,50,33,34,35,9,30,0,0,67,23,75,21,0,0,31,63,64,19,52,0,0,95,59,5,83,0,0,92,98,16,44,38,14,42,0
0;pliki//100 lokacji//R201.txt;100;20;insert;3;3042;6000.382765881199;2129.161766546145;729.4356752389809;3141.785324096073;5594.520035155415;1857.0504248478574;841.8569967862919;2895.6126135212658;18;300022.6852;0,53,58,96,8,17,84,37,97,0,0,28,26,72,15,2,0,0,93,100,91,60,89,1,24,25,0,0,6,99,61,85,94,0,0,13,74,4,0,0,40,73,22,41,57,87,56,0,0,52,27,69,62,19,88,0,0,95,59,5,83,0,0,68,29,80,12,0,0,18,48,90,32,20,0,0,50,9,34,35,66,70,10,0,0,31,63,11,47,82,0,0,21,75,23,67,0,0,77,3,78,79,76,0,0,7,49,86,81,0,0,16,38,44,98,30,0,0,33,51,71,65,64,36,46,45,0,0,92,14,43,42,39,55,54,0
0;pliki//100 lokacji//R201.txt;100;20;insert;3;3043;6000.382765881199;2129.161766546145;729.4356752389809;3141.785324096073;5594.520035155415;1857.0504248478574;841.8569967862919;2895.6126135212658;18;300088.4974;0,53,58,96,8,17,84,37,97,0,0,28,26,72,15,2,0,0,93,100,91,60,89,1,24,25,0,0,6,99,61,85,94,0,0,13,74,4,0,0,40,73,22,41,57,87,56,0,0,52,27,69,62,19,88,0,0,95,59,5,83,0,0,68,29,80,12,0,0,18,48,90,32,20,0,0,50,9,34,35,66,70,10,0,0,31,63,11,47,82,0,0,21,75,23,67,0,0,77,3,78,79,76,0,0,7,49,86,81,0,0,16,38,44,98,30,0,0,33,51,71,65,64,36,46,45,0,0,92,14,43,42,39,55,54,0
0;pliki//100 lokacji//R201.txt;100;20;insert;3;3044;6000.382765881199;2129.161766546145;729.4356752389809;3141.785324096073;5594.520035155415;1857.0504248478574;841.8569967862919;2895.6126135212658;18;300122.292;0,53,58,96,8,17,84,37,97,0,0,28,26,72,15,2,0,0,93,100,91,60,89,1,24,25,0,0,6,99,61,85,94,0,0,13,74,4,0,0,40,73,22,41,57,87,56,0,0,52,27,69,62,19,88,0,0,95,59,5,83,0,0,68,29,80,12,0,0,18,48,90,32,20,0,0,50,9,34,35,66,70,10,0,0,31,63,11,47,82,0,0,21,75,23,67,0,0,77,3,78,79,76,0,0,7,49,86,81,0,0,16,38,44,98,30,0,0,33,51,71,65,64,36,46,45,0,0,92,14,43,42,39,55,54,0
0;pliki//100 lokacji//R201.txt;100;30;swap;3;4042;6000.382765881199;2129.161766546145;729.4356752389809;3141.785324096073;5120.616113156257;1561.487356820175;980;2579.1287563360816;19;300075.8139;0,95,96,5,83,60,0,0,77,3,29,80,12,0,0,94,99,17,84,89,0,0,1,30,32,90,70,0,0,37,85,93,6,0,0,51,71,9,78,79,76,0,0,2,13,88,11,62,0,0,10,63,19,48,0,0,67,23,75,21,0,0,100,14,38,44,16,0,0,26,4,39,40,0,0,59,61,86,91,92,97,0,0,18,82,7,52,0,0,50,81,35,34,24,25,55,54,0,0,28,68,33,69,27,0,0,64,49,36,47,46,45,8,0,0,58,73,72,15,43,42,98,0,0,53,87,57,41,22,74,56,0,0,65,66,20,31,0
0;pliki//100 lokacji//R201.txt;100;30;swap;3;4043;6000.382765881199;2129.161766546145;729.4356752389809;3141.785324096073;5113.04006746377;1675.2801192307313;743.5737884878172;2694.1861597452216;18;300106.0925;0,24,3,50,96,93,97,0,0,83,45,46,36,48,27,0,0,33,81,9,66,63,69,0,0,30,51,29,77,12,0,0,71,35,65,90,19,7,8,18,0,0,37,61,16,86,17,84,60,0,0,88,62,31,52,0,0,95,59,5,0,0,15,2,41,23,75,74,73,0,0,13,22,67,56,55,0,0,21,98,100,91,44,38,43,40,0,0,64,49,47,11,82,0,0,80,68,34,78,79,76,0,0,1,20,32,10,70,0,0,57,87,94,53,0,0,58,72,4,26,28,0,0,92,14,42,39,25,54,0,0,89,85,99,6,0
0;pliki//100 lokacji//R201.txt;100;30;swap;3;4044;6000.382765881199;2129.161766546145;729.4356752389809;3141.785324096073;5089.435415965578;1527.231748489468;1004.8249215334565;2557.378745942653;18;300028.9996;0,53,26,40,13,94,0,0,58,41,22,56,25,55,54,28,0,0,79,78,34,9,81,0,0,73,72,74,2,5,17,84,0,0,87,97,37,98,93,6,0,0,27,33,65,35,29,80,12,0,0,68,24,39,4,0,0,95,83,49,64,11,0,0,96,85,59,0,0,57,15,38,44,16,61,99,0,0,92,100,91,86,14,43,42,0,0,19,62,30,70,0,0,89,88,20,66,71,51,0,0,1,69,50,3,77,76,0,0,8,48,47,36,46,45,60,0,0,10,63,90,32,31,0,0,18,82,7,52,0,0,67,23,75,21,0
0;pliki//100 lokacji//R201.txt;100;30;invert;3;4042;6000.382765881199;2129.161766546145;729.4356752389809;3141.785324096073;5201.657386735727;1530.234843631076;1121.4518405229683;2549.970702581684;19;300127.8058;0,100,38,86,16,91,0,0,37,14,42,41,72,58,0,0,31,47,82,18,0,0,69,70,90,63,64,11,62,0,0,13,87,97,61,60,6,0,0,28,68,50,1,27,0,0,22,75,74,73,26,0,0,34,71,9,81,0,0,2,23,39,56,21,0,0,57,15,43,44,98,93,99,0,0,89,83,84,5,0,0,53,12,3,29,24,80,76,0,0,95,59,96,0,0,17,45,46,48,7,52,0,0,88,10,19,49,36,8,0,0,32,66,20,30,0,0,85,92,94,0,0,33,51,65,35,78,79,77,0,0,54,55,25,67,4,40,0
0;pliki//100 lokacji//R201.txt;100;30;invert;3;4043;6000.382765881199;2129.161766546145;729.4356752389809;3141.785324096073;5237.929866128127;1558.2599922319707;1120;2559.669873896157;19;300090.5762;0,81,66,20,1,69,27,0,0,88,48,82,0,0,5,17,61,59,0,0,87,98,85,0,0,37,42,43,15,2,21,56,75,73,0,0,68,29,54,26,0,0,70,30,32,90,10,0,0,40,74,23,67,25,55,0,0,95,97,100,93,0,0,53,28,76,31,0,0,58,22,41,57,13,0,0,50,51,33,3,24,80,12,0,0,89,18,8,45,46,36,47,52,0,0,94,92,14,16,84,83,60,6,0,0,35,65,71,63,19,0,0,91,44,38,86,99,96,0,0,7,49,64,11,62,0,0,4,39,72,0,0,77,79,78,34,9,0
0;pliki//100 lokacji//R201.txt;100;30;invert;3;4044;6000.382765881199;2129.161766546145;729.4356752389809;3141.785324096073;5351.5254514257385;1773.6982475214795;774.9635158653497;2802.8636880389095;18;300084.5741;0,53,58,96,84,8,46,17,37,43,97,0,0,27,28,26,72,2,15,91,0,0,89,61,85,99,6,0,0,25,24,1,70,60,93,100,94,0,0,13,74,4,68,0,0,40,73,92,87,57,41,22,56,55,0,0,52,69,62,64,19,88,0,0,95,59,5,83,0,0,20,32,90,48,18,0,0,80,78,81,79,3,76,0,0,31,63,11,47,82,0,0,67,23,75,21,0,0,77,29,12,0,0,30,35,34,9,50,0,0,7,49,36,45,86,0,0,33,51,71,65,66,10,0,0,42,14,38,44,16,98,0,0,54,39,0
0;pliki//100 lokacji//R201.txt;100;30;insert;3;4042;6000.382765881199;2129.161766546145;729.4356752389809;3141.785324096073;5594.520035155415;1857.0504248478574;841.8569967862919;2895.6126135212658;18;300013.1165;0,53,58,96,8,17,84,37,97,0,0,28,26,72,15,2,0,0,93,100,91,60,89,1,24,25,0,0,6,99,61,85,94,0,0,13,74,4,0,0,40,73,22,41,57,87,56,0,0,52,27,69,62,19,88,0,0,95,59,5,83,0,0,68,29,80,12,0,0,18,48,90,32,20,0,0,50,9,34,35,66,70,10,0,0,31,63,11,47,82,0,0,21,75,23,67,0,0,77,3,78,79,76,0,0,7,49,86,81,0,0,16,38,44,98,30,0,0,33,51,71,65,64,36,46,45,0,0,92,14,43,42,39,55,54,0
0;pliki//100 lokacji//R201.txt;100;30;insert;3;4043;6000.382765881199;2129.161766546145;729.4356752389809;3141.785324096073;5594.520035155415;1857.0504248478574;841.8569967862919;2895.6126135212658;18;300066.8611;0,53,58,96,8,17,84,37,97,0,0,28,26,72,15,2,0,0,93,100,91,60,89,1,24,25,0,0,6,99,61,85,94,0,0,13,74,4,0,0,40,73,22,41,57,87,56,0,0,52,27,69,62,19,88,0,0,95,59,5,83,0,0,68,29,80,12,0,0,18,48,90,32,20,0,0,50,9,34,35,66,70,10,0,0,31,63,11,47,82,0,0,21,75,23,67,0,0,77,3,78,79,76,0,0,7,49,86,81,0,0,16,38,44,98,30,0,0,33,51,71,65,64,36,46,45,0,0,92,14,43,42,39,55,54,0
0;pliki//100 lokacji//R201.txt;100;30;insert;3;4044;6000.382765881199;2129.161766546145;729.4356752389809;3141.785324096073;5594.520035155415;1857.0504248478574;841.8569967862919;2895.6126135212658;18;300003.9707;0,53,58,96,8,17,84,37,97,0,0,28,26,72,15,2,0,0,93,100,91,60,89,1,24,25,0,0,6,99,61,85,94,0,0,13,74,4,0,0,40,73,22,41,57,87,56,0,0,52,27,69,62,19,88,0,0,95,59,5,83,0,0,68,29,80,12,0,0,18,48,90,32,20,0,0,50,9,34,35,66,70,10,0,0,31,63,11,47,82,0,0,21,75,23,67,0,0,77,3,78,79,76,0,0,7,49,86,81,0,0,16,38,44,98,30,0,0,33,51,71,65,64,36,46,45,0,0,92,14,43,42,39,55,54,0
0;pliki//100 lokacji//R201.txt;100;40;swap;3;5042;6000.382765881199;2129.161766546145;729.4356752389809;3141.785324096073;5121.869745322601;1587.9133439968653;921.6690651357939;2612.287336189943;19;300356.5177;0,88,63,64,11,17,16,61,0,0,56,72,12,77,76,0,0,28,2,42,95,31,52,0,0,89,8,18,84,86,53,0,0,70,30,71,9,51,50,0,0,58,87,13,0,0,21,23,75,73,40,0,0,3,79,78,34,35,81,0,0,45,46,47,36,49,19,0,0,54,24,29,68,80,0,0,74,22,41,15,43,57,26,0,0,32,90,10,0,0,85,91,98,92,0,0,94,59,5,83,60,0,0,100,14,38,44,99,6,0,0,62,48,82,7,0,0,33,65,66,20,1,69,27,0,0,4,39,67,25,55,0,0,93,37,97,96,0
0;pliki//100 lokacji//R201.txt;100;40;swap;3;5043;6000.382765881199;2129.161766546145;729.4356752389809;3141.785324096073;5144.544910418307;1643.7513405584666;826.4107212332202;2674.38284862662;20;300147.6436;0,93,91,100,13,0,0,19,62,88,0,0,85,16,61,6,0,0,94,96,99,5,0,0,48,8,84,57,53,0,0,58,97,37,60,89,0,0,87,42,14,98,59,0,0,33,81,35,65,28,0,0,80,24,29,79,51,30,90,0,0,50,3,77,68,0,0,11,64,71,9,34,78,76,0,0,26,54,12,0,0,21,74,22,23,56,73,0,0,4,39,67,25,55,0,0,75,41,44,38,86,0,0,31,63,10,69,27,0,0,40,72,15,43,2,0,0,95,92,17,45,83,18,0,0,7,47,49,36,46,82,52,0,0,1,20,66,32,70,0
0;pliki//100 lokacji//R201.txt;100;40;swap;3;5044;6000.382765881199;2129.161766546145;729.4356752389809;3141.785324096073;5148.7647517164005;1558.5147031358274;1020;2570.2500485805726;19;300014.7021;0,53,73,74,22,41,57,58,0,0,26,54,80,12,0,0,87,42,14,38,43,2,0,0,100,44,16,61,17,84,99,6,0,0,96,86,91,94,0,0,24,34,9,51,32,90,63,0,0,40,72,21,28,0,0,13,95,92,37,59,0,0,20,66,65,29,68,0,0,82,47,19,62,0,0,97,93,8,7,88,0,0,18,83,45,48,0,0,56,23,75,15,0,0,85,98,89,52,0,0,1,70,30,10,31,69,0,0,55,25,67,39,4,0,0,60,5,46,36,49,64,11,0,0,77,35,71,33,50,27,0,0,3,79,78,81,76,0
0;pliki//100 lokacji//R201.txt;100;40;invert;3;5042;6000.382765881199;2129.161766546145;729.4356752389809;3141.785324096073;5362.8171516525;1780.6988783959007;762.3904836619214;2819.7277895946777;18;300108.5599;0,53,58,96,84,8,46,17,37,43,97,0,0,27,28,26,72,2,15,91,0,0,94,85,61,99,6,0,0,25,24,1,70,60,93,100,89,0,0,13,74,4,68,0,0,40,73,92,87,57,41,22,56,55,0,0,52,69,62,64,19,88,0,0,10,66,35,34,78,9,50,0,0,20,32,90,48,18,0,0,80,29,79,3,76,12,0,0,83,5,59,95,0,0,31,63,11,47,82,0,0,21,75,23,67,0,0,77,81,0,0,98,16,44,38,14,42,0,0,86,45,36,49,7,0,0,39,54,0,0,33,51,71,65,30,0
0;pliki//100 lokacji//R201.txt;100;40;invert;3;5043;6000.382765881199;2129.161766546145;729.4356752389809;3141.785324096073;5358.433453665306;1774.5098186371415;781.8569967862919;2802.0666382418726;18;300045.5043;0,53,58,96,84,8,46,17,37,43,97,0,0,27,28,26,72,2,15,91,0,0,94,85,61,99,6,0,0,25,24,1,70,60,93,100,89,0,0,13,74,4,68,0,0,40,73,92,87,57,41,22,56,55,0,0,52,69,62,64,19,88,0,0,20,32,90,48,18,0,0,76,3,79,29,80,12,0,0,83,5,59,95,0,0,10,66,35,34,78,9,50,0,0,31,63,11,47,82,0,0,67,23,75,21,0,0,77,81,0,0,98,16,44,38,14,42,0,0,86,45,36,49,7,0,0,39,54,0,0,33,51,71,65,30,0
0;pliki//100 lokacji//R201.txt;100;40;invert;3;5044;6000.382765881199;2129.161766546145;729.4356752389809;3141.785324096073;5358.433453665306;1774.5098186371415;781.8569967862919;2802.0666382418726;18;300118.6267;0,53,58,96,84,8,46,17,37,43,97,0,0,27,28,26,72,2,15,91,0,0,94,85,61,99,6,0,0,25,24,1,70,60,93,100,89,0,0,13,74,4,68,0,0,40,73,92,87,57,41,22,56,55,0,0,52,69,62,64,19,88,0,0,83,5,59,95,0,0,10,66,35,34,78,9,50,0,0,20,32,90,48,18,0,0,76,3,79,29,80,12,0,0,31,63,11,47,82,0,0,67,23,75,21,0,0,77,81,0,0,39,54,0,0,33,51,71,65,30,0,0,7,49,36,45,86,0,0,42,14,38,44,16,98,0
0;pliki//100 lokacji//R201.txt;100;40;insert;3;5042;6000.382765881199;2129.161766546145;729.4356752389809;3141.785324096073;5594.520035155415;1857.0504248478574;841.8569967862919;2895.6126135212658;18;300066.1976;0,53,58,96,8,17,84,37,97,0,0,28,26,72,15,2,0,0,93,100,91,60,89,1,24,25,0,0,6,99,61,85,94,0,0,13,74,4,0,0,40,73,22,41,57,87,56,0,0,52,27,69,62,19,88,0,0,95,59,5,83,0,0,68,29,80,12,0,0,18,48,90,32,20,0,0,50,9,34,35,66,70,10,0,0,31,63,11,47,82,0,0,21,75,23,67,0,0,77,3,78,79,76,0,0,7,49,86,81,0,0,16,38,44,98,30,0,0,33,51,71,65,64,36,46,45,0,0,92,14,43,42,39,55,54,0
0;pliki//100 lokacji//R201.txt;100;40;insert;3;5043;6000.382765881199;2129.161766546145;729.4356752389809;3141.785324096073;5594.520035155415;1857.0504248478574;841.8569967862919;2895.6126135212658;18;300071.2382;0,53,58,96,8,17,84,37,97,0,0,28,26,72,15,2,0,0,93,100,91,60,89,1,24,25,0,0,6,99,61,85,94,0,0,13,74,4,0,0,40,73,22,41,57,87,56,0,0,52,27,69,62,19,88,0,0,95,59,5,83,0,0,68,29,80,12,0,0,18,48,90,32,20,0,0,50,9,34,35,66,70,10,0,0,31,63,11,47,82,0,0,21,75,23,67,0,0,77,3,78,79,76,0,0,7,49,86,81,0,0,16,38,44,98,30,0,0,33,51,71,65,64,36,46,45,0,0,92,14,43,42,39,55,54,0
0;pliki//100 lokacji//R201.txt;100;40;insert;3;5044;6000.382765881199;2129.161766546145;729.4356752389809;3141.785324096073;5594.520035155415;1857.0504248478574;841.8569967862919;2895.6126135212658;18;300116.0734;0,53,58,96,8,17,84,37,97,0,0,28,26,72,15,2,0,0,93,100,91,60,89,1,24,25,0,0,6,99,61,85,94,0,0,13,74,4,0,0,40,73,22,41,57,87,56,0,0,52,27,69,62,19,88,0,0,95,59,5,83,0,0,68,29,80,12,0,0,18,48,90,32,20,0,0,50,9,34,35,66,70,10,0,0,31,63,11,47,82,0,0,21,75,23,67,0,0,77,3,78,79,76,0,0,7,49,86,81,0,0,16,38,44,98,30,0,0,33,51,71,65,64,36,46,45,0,0,92,14,43,42,39,55,54,0
0;pliki//100 lokacji//R201.txt;100;50;swap;3;6042;6000.382765881199;2129.161766546145;729.4356752389809;3141.785324096073;5172.224967816208;1583.271750081211;1000;2588.9532177349965;21;300146.0743;0,5,84,45,83,60,18,0,0,48,47,36,49,0,0,56,23,75,73,40,0,0,93,61,99,96,0,0,4,67,39,0,0,54,55,25,24,80,0,0,29,78,34,35,20,30,0,0,9,71,65,66,51,1,69,0,0,13,87,2,58,0,0,62,11,64,19,88,0,0,97,42,92,59,95,0,0,94,37,98,91,16,8,7,0,0,15,43,14,17,46,82,52,0,0,12,72,74,21,0,0,50,33,81,77,28,0,0,100,44,38,86,6,0,0,70,32,90,63,10,27,0,0,31,0,0,89,85,0,0,57,41,22,26,53,0,0,68,79,3,76,0
0;pliki//100 lokacji//R201.txt;100;50;swap;3;6043;6000.382765881199;2129.161766546145;729.4356752389809;3141.785324096073;5136.323706391766;1620.743187923771;880;2635.580518467995;20;300108.8692;0,10,11,49,62,88,0,0,9,71,51,30,0,0,54,4,56,25,55,24,68,0,0,60,18,0,0,94,44,38,16,6,0,0,65,66,20,63,82,52,0,0,31,27,28,97,98,0,0,3,79,78,81,50,0,0,93,61,86,17,8,0,0,58,74,23,75,73,0,0,77,76,0,0,89,99,85,96,0,0,19,64,90,32,70,0,0,92,37,91,100,22,72,40,0,0,95,13,53,0,0,87,42,14,43,15,57,2,0,0,69,1,33,35,34,29,80,12,0,0,26,39,67,41,21,0,0,83,84,5,59,0,0,7,48,47,36,46,45,0
0;pliki//100 lokacji//R201.txt;100;50;swap;3;6044;6000.382765881199;2129.161766546145;729.4356752389809;3141.785324096073;5102.785315666339;1490.9150470104523;1100;2511.870268655886;19;300012.0618;0,52,7,31,69,27,0,0,97,43,15,22,75,58,0,0,37,44,38,86,61,6,0,0,19,64,49,36,46,8,18,0,0,95,92,59,94,0,0,96,99,98,87,40,0,0,48,11,62,88,0,0,85,16,91,100,0,0,68,77,76,0,0,42,14,93,47,82,0,0,70,20,66,65,71,51,1,0,0,21,73,25,55,54,3,78,79,0,0,26,39,72,74,2,0,0,9,35,34,29,24,80,12,0,0,30,32,90,63,10,0,0,5,84,17,45,83,60,89,0,0,13,53,0,0,4,67,23,56,41,57,0,0,50,33,81,28,0
0;pliki//100 lokacji//R201.txt;100;50;invert;3;6042;6000.382765881199;2129.161766546145;729.4356752389809;3141.785324096073;5351.345060058454;1780.6988783959005;762.3904836619214;2808.255698000632;18;300081.5527;0,53,58,96,84,8,46,17,37,43,97,0,0,27,28,26,72,2,15,91,0,0,94,85,61,99,6,0,0,25,24,1,70,60,93,100,89,0,0,13,74,4,68,0,0,40,73,92,87,57,41,22,56,55,0,0,52,69,62,64,19,88,0,0,95,59,5,83,0,0,20,32,90,48,18,0,0,80,29,79,3,76,12,0,0,10,66,35,34,78,9,50,0,0,31,63,11,47,82,0,0,67,23,75,21,0,0,77,81,0,0,30,65,71,51,33,0,0,54,39,0,0,7,49,36,45,86,0,0,42,14,38,44,16,98,0
0;pliki//100 lokacji//R201.txt;100;50;invert;3;6043;6000.382765881199;2129.161766546145;729.4356752389809;3141.785324096073;5357.597984883498;1780.4869654663771;774.9635158653497;2802.147503551771;18;300021.3038;0,53,58,96,84,8,46,17,37,43,97,0,0,27,28,26,72,2,15,91,0,0,89,61,85,99,6,0,0,25,24,1,70,60,93,100,94,0,0,13,74,4,68,0,0,40,73,92,87,57,41,22,56,55,0,0,52,69,62,64,19,88,0,0,95,59,5,83,0,0,20,32,90,48,18,0,0,80,78,81,79,3,76,0,0,31,63,11,47,82,0,0,67,23,75,21,0,0,77,29,12,0,0,30,65,71,51,33,0,0,54,39,0,0,7,49,36,45,86,0,0,42,14,38,44,16,98,0,0,10,66,35,34,9,50,0
0;pliki//100 lokacji//R201.txt;100;50;invert;3;6044;6000.382765881199;2129.161766546145;729.4356752389809;3141.785324096073;5351.345060058455;1780.6988783959007;762.3904836619214;2808.2556980006325;18;300082.007;0,53,58,96,84,8,46,17,37,43,97,0,0,27,28,26,72,2,15,91,0,0,94,85,61,99,6,0,0,25,24,1,70,60,93,100,89,0,0,13,74,4,68,0,0,40,73,92,87,57,41,22,56,55,0,0,52,69,62,64,19,88,0,0,10,66,35,34,78,9,50,0,0,20,32,90,48,18,0,0,80,29,79,3,76,12,0,0,83,5,59,95,0,0,31,63,11,47,82,0,0,67,23,75,21,0,0,77,81,0,0,98,16,44,38,14,42,0,0,86,45,36,49,7,0,0,39,54,0,0,33,51,71,65,30,0
0;pliki//100 lokacji//R201.txt;100;50;insert;3;6042;6000.382765881199;2129.161766546145;729.4356752389809;3141.785324096073;5594.520035155415;1857.0504248478574;841.8569967862919;2895.6126135212658;18;300050.4231;0,53,58,96,8,17,84,37,97,0,0,28,26,72,15,2,0,0,93,100,91,60,89,1,24,25,0,0,6,99,61,85,94,0,0,13,74,4,0,0,40,73,22,41,57,87,56,0,0,52,27,69,62,19,88,0,0,95,59,5,83,0,0,68,29,80,12,0,0,18,48,90,32,20,0,0,50,9,34,35,66,70,10,0,0,31,63,11,47,82,0,0,21,75,23,67,0,0,77,3,78,79,76,0,0,7,49,86,81,0,0,16,38,44,98,30,0,0,33,51,71,65,64,36,46,45,0,0,92,14,43,42,39,55,54,0
0;pliki//100 lokacji//R201.txt;100;50;insert;3;6043;6000.382765881199;2129.161766546145;729.4356752389809;3141.785324096073;5594.520035155415;1857.0504248478574;841.8569967862919;2895.6126135212658;18;300038.0313;0,53,58,96,8,17,84,37,97,0,0,28,26,72,15,2,0,0,93,100,91,60,89,1,24,25,0,0,6,99,61,85,94,0,0,13,74,4,0,0,40,73,22,41,57,87,56,0,0,52,27,69,62,19,88,0,0,95,59,5,83,0,0,68,29,80,12,0,0,18,48,90,32,20,0,0,50,9,34,35,66,70,10,0,0,31,63,11,47,82,0,0,21,75,23,67,0,0,77,3,78,79,76,0,0,7,49,86,81,0,0,16,38,44,98,30,0,0,33,51,71,65,64,36,46,45,0,0,92,14,43,42,39,55,54,0
0;pliki//100 lokacji//R201.txt;100;50;insert;3;6044;6000.382765881199;2129.161766546145;729.4356752389809;3141.785324096073;5594.520035155415;1857.0504248478574;841.8569967862919;2895.6126135212658;18;300024.379;0,53,58,96,8,17,84,37,97,0,0,28,26,72,15,2,0,0,93,100,91,60,89,1,24,25,0,0,6,99,61,85,94,0,0,13,74,4,0,0,40,73,22,41,57,87,56,0,0,52,27,69,62,19,88,0,0,95,59,5,83,0,0,68,29,80,12,0,0,18,48,90,32,20,0,0,50,9,34,35,66,70,10,0,0,31,63,11,47,82,0,0,21,75,23,67,0,0,77,3,78,79,76,0,0,7,49,86,81,0,0,16,38,44,98,30,0,0,33,51,71,65,64,36,46,45,0,0,92,14,43,42,39,55,54,0
0;pliki//100 lokacji//R201.txt;150;10;swap;3;2542;6000.382765881199;2129.161766546145;729.4356752389809;3141.785324096073;5043.729927460441;1572.3779386495473;880;2591.351988810894;19;300061.6779;0,89,60,83,0,0,3,79,65,35,34,29,0,0,62,11,64,66,90,70,1,0,0,18,8,46,36,49,47,19,0,0,77,68,24,80,0,0,58,40,73,56,67,55,54,0,0,51,20,71,9,81,78,76,0,0,100,44,16,93,6,0,0,5,45,17,59,92,94,0,0,37,98,91,85,61,99,0,0,74,72,75,21,0,0,69,33,50,28,0,0,4,25,39,23,0,0,7,48,82,52,0,0,32,63,31,27,0,0,84,86,87,53,0,0,13,22,41,57,97,96,0,0,95,14,38,43,15,42,2,0,0,26,12,30,10,88,0
0;pliki//100 lokacji//R201.txt;150;10;swap;3;2543;6000.382765881199;2129.161766546145;729.4356752389809;3141.785324096073;5112.570448697295;1525.1114006938328;1060;2527.4590480034626;20;300136.3503;0,60,83,84,5,59,0,0,13,44,38,43,0,0,85,100,97,0,0,94,99,96,6,0,0,50,79,78,35,9,81,0,0,31,1,69,27,0,0,58,87,53,0,0,25,67,39,4,0,0,54,68,3,77,0,0,95,92,37,42,14,86,17,0,0,72,22,41,15,57,2,0,0,18,82,7,19,62,0,0,48,47,46,45,8,0,0,89,61,16,91,98,93,0,0,10,90,32,20,30,70,0,0,51,66,65,71,33,28,0,0,26,12,76,0,0,88,63,36,49,64,11,52,0,0,40,21,74,73,0,0,75,56,23,55,29,34,24,80,0
0;pliki//100 lokacji//R201.txt;150;10;swap;3;2544;6000.382765881199;2129.161766546145;729.4356752389809;3141.785324096073;5089.773458890477;1568.001157845162;902.9415432348424;2618.8307578104723;19;300086.1983;0,5,44,14,42,43,15,2,0,0,80,68,29,24,12,0,0,87,72,21,53,0,0,88,10,90,32,7,8,70,1,0,0,33,65,66,20,31,69,0,0,19,46,17,85,99,6,0,0,77,76,0,0,82,47,49,64,63,0,0,94,38,86,84,96,0,0,28,27,0,0,83,45,36,11,62,52,0,0,60,61,16,48,18,0,0,59,98,100,92,97,95,0,0,39,67,25,55,54,0,0,9,71,35,34,78,81,0,0,50,30,51,79,3,0,0,26,4,74,22,41,57,58,0,0,13,37,91,93,89,0,0,56,23,75,73,40,0
0;pliki//100 lokacji//R201.txt;150;10;invert;3;2542;6000.382765881199;2129.161766546145;729.4356752389809;3141.785324096073;5214.136770431894;1467.0683852159466;1280;2467.0683852159473;19;300121.1974;0,6,96,59,92,87,0,0,50,78,34,35,65,66,1,0,0,18,83,60,89,0,0,93,16,61,84,5,0,0,70,30,51,71,81,0,0,42,14,38,44,91,100,37,0,0,19,49,47,7,52,0,0,94,85,98,97,0,0,12,3,76,28,0,0,32,64,11,48,0,0,54,4,67,25,55,24,26,0,0,13,95,0,0,99,86,17,45,46,36,8,82,0,0,57,43,15,22,75,74,73,0,0,88,62,31,27,0,0,58,72,21,53,0,0,33,9,20,90,63,10,69,0,0,40,56,39,23,41,2,0,0,80,68,29,79,77,0
0;pliki//100 lokacji//R201.txt;150;10;invert;3;2543;6000.382765881199;2129.161766546145;729.4356752389809;3141.785324096073;5130.010859587319;1490.570838511132;1140;2499.4400210761873;19;300055.5892;0,60,17,86,91,100,13,0,0,94,59,95,0,0,12,77,79,28,0,0,7,11,49,64,63,90,10,0,0,40,74,75,39,4,0,0,81,9,35,34,78,76,0,0,89,93,16,98,96,0,0,52,88,62,31,27,0,0,54,55,25,24,29,68,80,0,0,33,71,65,66,20,70,69,0,0,1,50,3,26,0,0,44,38,14,42,43,15,41,21,0,0,83,45,36,47,82,18,0,0,37,85,5,0,0,19,48,46,8,84,61,6,0,0,72,22,73,53,0,0,32,30,51,0,0,56,23,67,0,0,99,92,97,87,57,2,58,0
0;pliki//100 lokacji//R201.txt;150;10;invert;3;2544;6000.382765881199;2129.161766546145;729.4356752389809;3141.785324096073;5166.280464458585;1451.8498340408837;1247.645754134601;2466.7848762830995;18;300008.4409;0,1,30,20,71,66,90,0,0,13,99,6,89,0,0,18,82,64,63,62,88,0,0,93,85,61,0,0,95,92,44,38,14,43,0,0,58,40,26,80,29,3,77,0,0,96,59,98,91,100,37,97,0,0,2,57,42,15,41,22,75,74,21,0,0,83,8,46,36,49,19,11,0,0,54,24,55,39,4,53,0,0,12,68,28,0,0,50,81,79,76,0,0,72,87,94,52,0,0,25,67,23,56,73,0,0,31,10,32,70,69,0,0,60,45,47,48,7,0,0,16,86,17,84,5,0,0,33,78,34,35,65,9,51,27,0
0;pliki//100 lokacji//R201.txt;150;10;insert;3;2542;6000.382765881199;2129.161766546145;729.4356752389809;3141.785324096073;5594.520035155415;1857.0504248478574;841.8569967862919;2895.6126135212658;18;300036.4608;0,53,58,96,8,17,84,37,97,0,0,28,26,72,15,2,0,0,93,100,91,60,89,1,24,25,0,0,6,99,61,85,94,0,0,13,74,4,0,0,40,73,22,41,57,87,56,0,0,52,27,69,62,19,88,0,0,95,59,5,83,0,0,68,29,80,12,0,0,18,48,90,32,20,0,0,50,9,34,35,66,70,10,0,0,31,63,11,47,82,0,0,21,75,23,67,0,0,77,3,78,79,76,0,0,7,49,86,81,0,0,16,38,44,98,30,0,0,33,51,71,65,64,36,46,45,0,0,92,14,43,42,39,55,54,0
0;pliki//100 lokacji//R201.txt;150;10;insert;3;2543;6000.382765881199;2129.161766546145;729.4356752389809;3141.785324096073;5594.520035155415;1857.0504248478574;841.8569967862919;2895.6126135212658;18;300097.2099;0,53,58,96,8,17,84,37,97,0,0,28,26,72,15,2,0,0,93,100,91,60,89,1,24,25,0,0,6,99,61,85,94,0,0,13,74,4,0,0,40,73,22,41,57,87,56,0,0,52,27,69,62,19,88,0,0,95,59,5,83,0,0,68,29,80,12,0,0,18,48,90,32,20,0,0,50,9,34,35,66,70,10,0,0,31,63,11,47,82,0,0,21,75,23,67,0,0,77,3,78,79,76,0,0,7,49,86,81,0,0,16,38,44,98,30,0,0,33,51,71,65,64,36,46,45,0,0,92,14,43,42,39,55,54,0
0;pliki//100 lokacji//R201.txt;150;10;insert;3;2544;6000.382765881199;2129.161766546145;729.4356752389809;3141.785324096073;5594.520035155415;1857.0504248478574;841.8569967862919;2895.6126135212658;18;300098.2841;0,53,58,96,8,17,84,37,97,0,0,28,26,72,15,2,0,0,93,100,91,60,89,1,24,25,0,0,6,99,61,85,94,0,0,13,74,4,0,0,40,73,22,41,57,87,56,0,0,52,27,69,62,19,88,0,0,95,59,5,83,0,0,68,29,80,12,0,0,18,48,90,32,20,0,0,50,9,34,35,66,70,10,0,0,31,63,11,47,82,0,0,21,75,23,67,0,0,77,3,78,79,76,0,0,7,49,86,81,0,0,16,38,44,98,30,0,0,33,51,71,65,64,36,46,45,0,0,92,14,43,42,39,55,54,0
0;pliki//100 lokacji//R201.txt;150;20;swap;3;3542;6000.382765881199;2129.161766546145;729.4356752389809;3141.785324096073;5063.405587982135;1585.6360702167142;861.147557830666;2616.6219599347555;19;300113.7924;0,74,22,56,4,54,26,0,0,7,11,62,88,0,0,18,48,8,17,84,60,96,0,0,55,25,39,15,43,57,2,58,0,0,10,63,31,69,27,0,0,33,30,20,65,29,24,0,0,83,45,46,36,47,82,52,0,0,9,71,35,78,79,76,0,0,94,99,93,5,0,0,73,72,21,40,37,98,0,0,77,66,32,70,1,0,0,50,51,81,34,3,0,0,12,80,68,28,0,0,19,49,64,90,0,0,95,59,92,13,0,0,89,61,100,87,53,0,0,86,38,14,42,97,0,0,85,91,44,16,6,0,0,67,23,75,41,0
0;pliki//100 lokacji//R201.txt;150;20;swap;3;3543;6000.382765881199;2129.161766546145;729.4356752389809;3141.785324096073;5130.088049881982;1617.2371195552385;860;2652.8509303267433;19;300031.5321;0,64,49,19,62,0,0,71,65,35,34,29,0,0,31,69,27,0,0,7,47,36,32,33,28,0,0,42,14,100,59,95,0,0,15,57,2,23,75,73,0,0,4,39,67,56,41,0,0,88,63,11,82,18,52,0,0,80,54,24,55,25,74,13,89,0,0,37,85,99,96,6,0,0,97,98,16,61,91,87,0,0,1,51,66,20,30,70,0,0,10,90,9,3,68,0,0,92,93,5,45,83,0,0,94,60,84,17,8,46,48,0,0,86,44,38,43,0,0,77,79,78,81,50,0,0,53,40,26,12,76,0,0,21,72,22,58,0
0;pliki//100 lokacji//R201.txt;150;20;swap;3;3544;6000.382765881199;2129.161766546145;729.4356752389809;3141.785324096073;5151.17816891254;1545.3918385989236;1040;2565.7863303136164;19;300043.6881;0,48,47,64,19,0,0,51,81,68,80,53,0,0,50,29,67,41,22,74,0,0,70,66,71,9,79,76,0,0,94,92,37,93,5,0,0,95,42,43,38,14,91,98,0,0,31,88,7,82,52,89,0,0,11,62,30,1,0,0,58,57,15,87,13,0,0,20,32,90,63,10,27,0,0,78,34,35,65,33,69,28,0,0,26,12,0,0,100,85,99,6,0,0,24,55,25,39,56,72,0,0,54,4,23,75,0,0,18,8,49,36,46,45,83,0,0,96,59,97,2,73,21,40,0,0,60,84,17,86,44,16,61,0,0,77,3,0
0;pliki//100 lokacji//R201.txt;150;20;invert;3;3542;6000.382765881199;2129.161766546145;729.4356752389809;3141.785324096073;5278.349518056473;1539.8661196129408;1180;2558.483398443532;19;300030.8309;0,99,93,85,0,0,28,0,0,57,15,41,23,67,25,24,0,0,1,70,63,11,36,31,27,0,0,87,42,14,44,91,98,0,0,80,29,35,65,71,9,77,0,0,4,39,56,72,21,0,0,26,54,12,76,50,0,0,89,61,86,16,6,0,0,81,51,66,32,69,0,0,60,84,17,45,83,18,7,88,52,0,0,95,97,92,59,0,0,58,2,22,75,74,73,40,0,0,94,96,5,0,0,13,43,38,100,37,0,0,8,46,47,48,82,0,0,10,90,30,33,34,3,0,0,62,64,49,19,0,0,20,78,79,68,55,53,0
0;pliki//100 lokacji//R201.txt;150;20;invert;3;3543;6000.382765881199;2129.161766546145;729.4356752389809;3141.785324096073;5361.390998740523;1611.2413078451214;1123.3333713347806;2626.816319560621;19;300121.9015;0,1,69,52,0,0,9,34,78,79,3,76,0,0,28,33,20,66,63,70,27,0,0,11,64,48,18,0,0,89,60,83,45,84,5,0,0,40,26,54,80,12,0,0,21,72,56,23,41,15,0,0,100,85,99,6,0,0,94,61,17,8,46,36,47,82,0,0,68,29,35,81,0,0,95,97,37,91,16,93,0,0,88,62,31,0,0,58,87,44,86,0,0,2,14,38,43,75,53,0,0,4,39,67,73,0,0,51,71,65,32,10,0,0,13,42,98,92,59,96,0,0,57,22,74,25,55,24,77,50,0,0,7,19,49,90,30,0
0;pliki//100 lokacji//R201.txt;150;20;invert;3;3544;6000.382765881199;2129.161766546145;729.4356752389809;3141.785324096073;5219.976327020733;1506.451372632964;1176.5493867906173;2536.9755675971514;19;301210.0634;0,4,56,23,67,25,55,80,0,0,52,7,36,49,64,10,69,0,0,12,77,76,50,27,0,0,2,57,42,14,43,15,75,26,0,0,97,98,44,86,16,6,0,0,3,79,78,34,29,24,0,0,5,84,17,45,83,60,0,0,99,93,59,95,0,0,13,58,40,74,22,41,0,0,73,72,21,0,0,53,100,38,61,89,0,0,31,63,11,19,0,0,33,81,68,28,0,0,51,9,35,71,65,66,0,0,1,70,30,20,32,90,0,0,48,8,96,94,0,0,88,62,47,46,82,18,0,0,39,54,0,0,92,85,91,37,87,0
0;pliki//100 lokacji//R201.txt;150;20;insert;3;3542;6000.382765881199;2129.161766546145;729.4356752389809;3141.785324096073;5594.520035155415;1857.0504248478574;841.8569967862919;2895.6126135212658;18;300047.5806;0,53,58,96,8,17,84,37,97,0,0,28,26,72,15,2,0,0,93,100,91,60,89,1,24,25,0,0,6,99,61,85,94,0,0,13,74,4,0,0,40,73,22,41,57,87,56,0,0,52,27,69,62,19,88,0,0,95,59,5,83,0,0,68,29,80,12,0,0,18,48,90,32,20,0,0,50,9,34,35,66,70,10,0,0,31,63,11,47,82,0,0,21,75,23,67,0,0,77,3,78,79,76,0,0,7,49,86,81,0,0,16,38,44,98,30,0,0,33,51,71,65,64,36,46,45,0,0,92,14,43,42,39,55,54,0
0;pliki//100 lokacji//R201.txt;150;20;insert;3;3543;6000.382765881199;2129.161766546145;729.4356752389809;3141.785324096073;5594.520035155415;1857.0504248478574;841.8569967862919;2895.6126135212658;18;300040.8439;0,53,58,96,8,17,84,37,97,0,0,28,26,72,15,2,0,0,93,100,91,60,89,1,24,25,0,0,6,99,61,85,94,0,0,13,74,4,0,0,40,73,22,41,57,87,56,0,0,52,27,69,62,19,88,0,0,95,59,5,83,0,0,68,29,80,12,0,0,18,48,90,32,20,0,0,50,9,34,35,66,70,10,0,0,31,63,11,47,82,0,0,21,75,23,67,0,0,77,3,78,79,76,0,0,7,49,86,81,0,0,16,38,44,98,30,0,0,33,51,71,65,64,36,46,45,0,0,92,14,43,42,39,55,54,0
0;pliki//100 lokacji//R201.txt;150;20;insert;3;3544;6000.382765881199;2129.161766546145;729.4356752389809;3141.785324096073;5594.520035155415;1857.0504248478574;841.8569967862919;2895.6126135212658;18;300022.4715;0,53,58,96,8,17,84,37,97,0,0,28,26,72,15,2,0,0,93,100,91,60,89,1,24,25,0,0,6,99,61,85,94,0,0,13,74,4,0,0,40,73,22,41,57,87,56,0,0,52,27,69,62,19,88,0,0,95,59,5,83,0,0,68,29,80,12,0,0,18,48,90,32,20,0,0,50,9,34,35,66,70,10,0,0,31,63,11,47,82,0,0,21,75,23,67,0,0,77,3,78,79,76,0,0,7,49,86,81,0,0,16,38,44,98,30,0,0,33,51,71,65,64,36,46,45,0,0,92,14,43,42,39,55,54,0
0;pliki//100 lokacji//R201.txt;150;30;swap;3;4542;6000.382765881199;2129.161766546145;729.4356752389809;3141.785324096073;5045.345463594623;1547.4148313919197;929.7862272461749;2568.144404956528;19;300085.7219;0,5,60,18,32,20,1,0,0,21,72,39,28,0,0,52,82,46,17,61,16,44,99,6,0,0,48,19,7,88,0,0,94,59,98,93,0,0,14,38,86,84,0,0,8,47,49,36,45,83,0,0,69,70,10,62,31,0,0,30,90,63,64,11,27,0,0,50,33,78,29,80,12,0,0,4,56,23,75,74,73,0,0,3,79,81,9,0,0,26,54,55,25,67,40,0,0,76,77,71,65,66,51,0,0,35,34,24,68,0,0,96,85,91,92,95,0,0,13,97,100,37,89,0,0,2,57,15,43,42,87,0,0,58,41,22,53,0
0;pliki//100 lokacji//R201.txt;150;30;swap;3;4543;6000.382765881199;2129.161766546145;729.4356752389809;3141.785324096073;5153.414763757419;1496.510818266412;1140;2516.903945491007;18;300102.7139;0,13,97,37,93,0,0,54,24,29,68,77,0,0,48,7,1,80,12,0,0,51,66,65,35,81,33,0,0,19,49,47,82,0,0,85,86,17,84,0,0,27,90,63,64,11,62,88,0,0,70,30,50,76,0,0,95,92,100,42,43,15,57,2,58,0,0,99,61,44,16,83,8,18,0,0,4,39,23,56,0,0,3,79,9,71,34,78,0,0,6,96,59,60,89,0,0,91,38,14,87,28,0,0,40,21,75,67,25,55,26,0,0,72,74,22,41,73,53,0,0,52,36,46,45,5,98,94,0,0,31,10,32,20,69,0
0;pliki//100 lokacji//R201.txt;150;30;swap;3;4544;6000.382765881199;2129.161766546145;729.4356752389809;3141.785324096073;4995.531485730356;1473.7509344830462;1040;2481.7805512473096;19;300079.0837;0,13,57,2,28,0,0,96,16,86,61,0,0,70,10,63,19,46,82,52,0,0,7,47,36,49,64,11,27,0,0,1,30,20,9,51,76,0,0,55,25,67,23,56,75,0,0,93,5,84,60,89,0,0,58,73,74,22,41,0,0,97,37,98,85,0,0,92,100,91,44,38,17,45,83,0,0,4,39,72,40,0,0,35,71,65,66,32,90,0,0,94,59,95,0,0,77,68,80,12,0,0,88,62,31,69,0,0,53,6,99,18,8,48,0,0,87,42,14,43,15,21,0,0,50,33,29,24,54,26,0,0,34,78,81,79,3,0
0;pliki//100 lokacji//R201.txt;150;30;invert;3;4542;6000.382765881199;2129.161766546145;729.4356752389809;3141.785324096073;5291.2054909782955;1717.0149207124603;833.1200770925601;2741.0704931732753;18;300089.3229;0,53,58,96,84,8,46,17,37,43,97,0,0,27,28,26,72,2,15,91,0,0,94,85,61,99,6,0,0,25,24,1,70,60,93,100,89,0,0,13,74,4,68,0,0,40,73,55,56,22,41,57,87,0,0,86,45,36,47,82,0,0,52,7,11,64,49,19,0,0,39,54,0,0,33,81,77,0,0,67,23,75,21,0,0,10,66,35,34,78,9,50,0,0,20,32,90,48,18,0,0,76,3,79,29,80,12,0,0,83,5,59,95,0,0,31,63,62,88,69,0,0,92,98,16,44,38,14,42,0,0,51,71,65,30,0
0;pliki//100 lokacji//R201.txt;150;30;invert;3;4543;6000.382765881199;2129.161766546145;729.4356752389809;3141.785324096073;5267.0340217810135;1703.9901203667785;841.8569967862919;2721.1869046279426;18;300068.5953;0,53,58,96,84,8,46,17,37,43,97,0,0,27,28,26,72,2,15,91,0,0,94,85,61,99,6,0,0,25,24,1,70,60,93,100,89,0,0,13,74,4,68,0,0,40,73,56,22,41,57,87,0,0,33,81,77,0,0,54,55,39,0,0,30,65,66,10,0,0,67,23,75,21,0,0,82,47,11,62,88,69,0,0,51,71,35,34,78,9,50,0,0,20,32,90,48,18,0,0,76,3,79,29,80,12,0,0,31,63,64,19,52,0,0,95,59,5,83,0,0,92,98,16,44,38,14,42,0,0,86,45,36,49,7,0
0;pliki//100 lokacji//R201.txt;150;30;invert;3;4544;6000.382765881199;2129.161766546145;729.4356752389809;3141.785324096073;5247.958911773989;1695.1439823845553;833.1200770925601;2719.694852296873;18;300073.9204;0,53,58,96,84,8,46,17,37,43,97,0,0,27,28,26,72,2,15,91,0,0,94,85,61,99,6,0,0,25,24,1,70,60,93,100,89,0,0,13,74,4,68,0,0,40,73,56,22,41,57,87,0,0,52,7,11,64,49,19,0,0,39,55,54,0,0,77,81,33,0,0,67,23,75,21,0,0,86,45,36,47,82,0,0,10,66,35,34,78,9,50,0,0,20,32,90,48,18,0,0,76,3,79,29,80,12,0,0,83,5,59,95,0,0,31,63,62,88,69,0,0,92,98,16,44,38,14,42,0,0,51,71,65,30,0
0;pliki//100 lokacji//R201.txt;150;30;insert;3;4542;6000.382765881199;2129.161766546145;729.4356752389809;3141.785324096073;5594.520035155415;1857.0504248478574;841.8569967862919;2895.6126135212658;18;300089.8678;0,53,58,96,8,17,84,37,97,0,0,28,26,72,15,2,0,0,93,100,91,60,89,1,24,25,0,0,6,99,61,85,94,0,0,13,74,4,0,0,40,73,22,41,57,87,56,0,0,52,27,69,62,19,88,0,0,95,59,5,83,0,0,68,29,80,12,0,0,18,48,90,32,20,0,0,50,9,34,35,66,70,10,0,0,31,63,11,47,82,0,0,21,75,23,67,0,0,77,3,78,79,76,0,0,7,49,86,81,0,0,16,38,44,98,30,0,0,33,51,71,65,64,36,46,45,0,0,92,14,43,42,39,55,54,0
0;pliki//100 lokacji//R201.txt;150;30;insert;3;4543;6000.382765881199;2129.161766546145;729.4356752389809;3141.785324096073;5594.520035155415;1857.0504248478574;841.8569967862919;2895.6126135212658;18;300003.2265;0,53,58,96,8,17,84,37,97,0,0,28,26,72,15,2,0,0,93,100,91,60,89,1,24,25,0,0,6,99,61,85,94,0,0,13,74,4,0,0,40,73,22,41,57,87,56,0,0,52,27,69,62,19,88,0,0,95,59,5,83,0,0,68,29,80,12,0,0,18,48,90,32,20,0,0,50,9,34,35,66,70,10,0,0,31,63,11,47,82,0,0,21,75,23,67,0,0,77,3,78,79,76,0,0,7,49,86,81,0,0,16,38,44,98,30,0,0,33,51,71,65,64,36,46,45,0,0,92,14,43,42,39,55,54,0
0;pliki//100 lokacji//R201.txt;150;30;insert;3;4544;6000.382765881199;2129.161766546145;729.4356752389809;3141.785324096073;5594.520035155415;1857.0504248478574;841.8569967862919;2895.6126135212658;18;300036.7684;0,53,58,96,8,17,84,37,97,0,0,28,26,72,15,2,0,0,93,100,91,60,89,1,24,25,0,0,6,99,61,85,94,0,0,13,74,4,0,0,40,73,22,41,57,87,56,0,0,52,27,69,62,19,88,0,0,95,59,5,83,0,0,68,29,80,12,0,0,18,48,90,32,20,0,0,50,9,34,35,66,70,10,0,0,31,63,11,47,82,0,0,21,75,23,67,0,0,77,3,78,79,76,0,0,7,49,86,81,0,0,16,38,44,98,30,0,0,33,51,71,65,64,36,46,45,0,0,92,14,43,42,39,55,54,0
0;pliki//100 lokacji//R201.txt;150;40;swap;3;5542;6000.382765881199;2129.161766546145;729.4356752389809;3141.785324096073;5076.13071476824;1602.6958822755107;858.5771541349059;2614.857678357824;18;300112.6625;0,42,43,14,16,5,0,0,85,86,17,84,0,0,48,47,62,0,0,37,98,88,51,9,35,34,76,0,0,33,71,65,66,20,70,69,0,0,53,58,57,41,22,56,4,25,55,0,0,28,79,78,29,24,12,0,0,54,23,21,40,0,0,73,74,75,15,38,44,6,0,0,83,45,46,36,49,11,52,0,0,39,67,72,0,0,94,93,61,99,96,0,0,7,19,64,90,10,30,0,0,95,59,92,87,2,0,0,77,81,3,50,1,0,0,68,80,26,97,100,91,60,0,0,13,89,18,8,82,0,0,32,63,31,27,0
0;pliki//100 lokacji//R201.txt;150;40;swap;3;5543;6000.382765881199;2129.161766546145;729.4356752389809;3141.785324096073;5090.439378951329;1562.5188792118404;960;2567.9204997394877;20;300030.9469;0,1,51,9,81,50,0,0,95,92,97,43,15,41,74,73,21,0,0,63,90,32,66,71,20,0,0,93,91,100,13,0,0,62,64,49,19,0,0,60,83,45,46,36,47,11,10,0,0,40,75,4,24,78,79,0,0,33,65,35,34,29,80,26,0,0,48,82,52,0,0,58,87,57,53,0,0,54,55,25,67,23,0,0,96,59,5,0,0,18,8,7,88,0,0,70,30,3,77,76,0,0,31,69,27,0,0,2,42,14,38,86,0,0,39,56,22,72,0,0,84,61,99,85,6,0,0,94,37,98,44,16,17,89,0,0,12,68,28,0
0;pliki//100 lokacji//R201.txt;150;40;swap;3;5544;6000.382765881199;2129.161766546145;729.4356752389809;3141.785324096073;5061.544404947896;1529.1562732681282;980;2552.388131679768;19;300016.8581;0,86,16,61,99,6,0,0,66,65,34,29,12,0,0,40,72,74,56,39,0,0,37,100,85,84,60,0,0,89,46,48,82,0,0,70,30,20,71,35,9,51,0,0,31,62,49,36,0,0,96,93,98,38,44,91,0,0,2,42,57,22,23,21,0,0,4,67,25,54,53,0,0,7,11,64,19,47,8,18,0,0,80,68,3,24,55,26,0,0,83,45,17,5,94,0,0,77,79,78,81,0,0,28,76,33,50,1,69,27,0,0,97,14,43,15,41,75,73,0,0,13,58,0,0,88,63,90,32,10,52,0,0,95,59,92,87,0
0;pliki//100 lokacji//R201.txt;150;40;invert;3;5542;6000.382765881199;2129.161766546145;729.4356752389809;3141.785324096073;5359.245647747688;1643.2379796007044;1068.9193770213785;2647.0882911256053;19;300038.5596;0,26,4,67,55,81,0,0,68,54,2,57,43,97,0,0,91,61,5,69,28,0,0,80,24,33,9,65,71,51,27,0,0,89,7,11,64,90,30,70,0,0,58,73,72,21,0,0,94,38,86,16,6,0,0,83,8,46,19,63,31,0,0,42,14,92,59,95,0,0,40,39,23,41,15,0,0,50,35,34,78,79,3,76,0,0,96,85,93,0,0,1,20,66,32,10,0,0,74,22,75,56,25,0,0,13,37,87,53,0,0,18,48,62,88,0,0,77,29,12,0,0,49,36,47,82,52,0,0,60,84,45,17,44,100,98,99,0
0;pliki//100 lokacji//R201.txt;150;40;invert;3;5543;6000.382765881199;2129.161766546145;729.4356752389809;3141.785324096073;5368.347293987752;1769.4667387983648;801.8569967862919;2797.0235584030956;18;300016.0614;0,53,58,96,84,8,46,17,37,43,97,0,0,27,28,26,72,2,15,91,0,0,94,85,61,99,6,0,0,25,24,1,70,60,93,100,89,0,0,13,74,4,68,0,0,40,73,92,87,57,41,22,56,55,0,0,52,69,62,64,19,88,0,0,20,32,90,48,18,0,0,76,3,79,29,80,12,0,0,83,5,59,95,0,0,10,66,35,34,78,9,50,0,0,31,63,11,47,82,0,0,67,23,75,21,0,0,77,81,33,0,0,54,39,0,0,7,49,36,45,86,0,0,42,14,38,44,16,98,0,0,51,71,65,30,0
0;pliki//100 lokacji//R201.txt;150;40;invert;3;5544;6000.382765881199;2129.161766546145;729.4356752389809;3141.785324096073;5358.433453665306;1774.5098186371415;781.8569967862919;2802.0666382418726;18;300042.2506;0,53,58,96,84,8,46,17,37,43,97,0,0,27,28,26,72,2,15,91,0,0,94,85,61,99,6,0,0,25,24,1,70,60,93,100,89,0,0,13,74,4,68,0,0,40,73,92,87,57,41,22,56,55,0,0,52,69,62,64,19,88,0,0,10,66,35,34,78,9,50,0,0,20,32,90,48,18,0,0,76,3,79,29,80,12,0,0,83,5,59,95,0,0,31,63,11,47,82,0,0,67,23,75,21,0,0,77,81,0,0,98,16,44,38,14,42,0,0,86,45,36,49,7,0,0,39,54,0,0,33,51,71,65,30,0
0;pliki//100 lokacji//R201.txt;150;40;insert;3;5542;6000.382765881199;2129.161766546145;729.4356752389809;3141.785324096073;5594.520035155415;1857.0504248478574;841.8569967862919;2895.6126135212658;18;300057.6969;0,53,58,96,8,17,84,37,97,0,0,28,26,72,15,2,0,0,93,100,91,60,89,1,24,25,0,0,6,99,61,85,94,0,0,13,74,4,0,0,40,73,22,41,57,87,56,0,0,52,27,69,62,19,88,0,0,95,59,5,83,0,0,68,29,80,12,0,0,18,48,90,32,20,0,0,50,9,34,35,66,70,10,0,0,31,63,11,47,82,0,0,21,75,23,67,0,0,77,3,78,79,76,0,0,7,49,86,81,0,0,16,38,44,98,30,0,0,33,51,71,65,64,36,46,45,0,0,92,14,43,42,39,55,54,0
0;pliki//100 lokacji//R201.txt;150;40;insert;3;5543;6000.382765881199;2129.161766546145;729.4356752389809;3141.785324096073;5594.520035155415;1857.0504248478574;841.8569967862919;2895.6126135212658;18;300114.9113;0,53,58,96,8,17,84,37,97,0,0,28,26,72,15,2,0,0,93,100,91,60,89,1,24,25,0,0,6,99,61,85,94,0,0,13,74,4,0,0,40,73,22,41,57,87,56,0,0,52,27,69,62,19,88,0,0,95,59,5,83,0,0,68,29,80,12,0,0,18,48,90,32,20,0,0,50,9,34,35,66,70,10,0,0,31,63,11,47,82,0,0,21,75,23,67,0,0,77,3,78,79,76,0,0,7,49,86,81,0,0,16,38,44,98,30,0,0,33,51,71,65,64,36,46,45,0,0,92,14,43,42,39,55,54,0
0;pliki//100 lokacji//R201.txt;150;40;insert;3;5544;6000.382765881199;2129.161766546145;729.4356752389809;3141.785324096073;5594.520035155415;1857.0504248478574;841.8569967862919;2895.6126135212658;18;300062.9453;0,53,58,96,8,17,84,37,97,0,0,28,26,72,15,2,0,0,93,100,91,60,89,1,24,25,0,0,6,99,61,85,94,0,0,13,74,4,0,0,40,73,22,41,57,87,56,0,0,52,27,69,62,19,88,0,0,95,59,5,83,0,0,68,29,80,12,0,0,18,48,90,32,20,0,0,50,9,34,35,66,70,10,0,0,31,63,11,47,82,0,0,21,75,23,67,0,0,77,3,78,79,76,0,0,7,49,86,81,0,0,16,38,44,98,30,0,0,33,51,71,65,64,36,46,45,0,0,92,14,43,42,39,55,54,0
0;pliki//100 lokacji//R201.txt;150;50;swap;3;6542;6000.382765881199;2129.161766546145;729.4356752389809;3141.785324096073;5128.101783595518;1560.8003956346965;961.4451717884149;2605.8562161724067;19;300083.1264;0,89,8,46,19,88,0,0,27,10,63,11,62,70,69,0,0,77,3,79,0,0,59,100,91,5,60,0,0,95,92,84,17,45,83,0,0,44,43,15,57,41,22,74,73,0,0,40,75,4,12,0,0,39,67,25,55,54,0,0,53,72,23,56,21,0,0,1,30,20,51,9,35,78,76,0,0,7,36,49,64,31,0,0,96,6,99,94,13,0,0,18,61,16,86,38,0,0,93,85,98,0,0,82,47,48,52,0,0,87,14,42,2,58,0,0,50,81,66,32,90,0,0,28,33,71,65,34,29,24,0,0,68,80,26,97,37,0
0;pliki//100 lokacji//R201.txt;150;50;swap;3;6543;6000.382765881199;2129.161766546145;729.4356752389809;3141.785324096073;5195.333931346298;1579.3967951271668;1020;2595.937136219131;19;300054.1063;0,87,37,98,0,0,42,14,44,91,85,0,0,50,9,34,78,79,76,0,0,75,56,23,25,55,24,74,41,57,0,0,10,90,32,20,30,0,0,83,45,46,36,49,64,0,0,92,100,61,17,5,89,0,0,28,77,33,1,69,27,0,0,18,8,7,88,31,0,0,48,47,82,52,0,0,22,15,43,38,16,99,6,0,0,3,68,81,51,0,0,66,65,71,35,29,80,0,0,26,21,54,12,0,0,70,63,11,19,62,0,0,40,39,72,2,58,0,0,94,73,67,4,53,0,0,13,97,86,84,60,0,0,95,59,93,96,0
0;pliki//100 lokacji//R201.txt;150;50;swap;3;6544;6000.382765881199;2129.161766546145;729.4356752389809;3141.785324096073;5140.537981560191;1602.5333721839756;920;2618.0046093762153;20;300016.1352;0,28,77,50,1,69,27,0,0,54,55,25,56,4,26,0,0,34,65,66,10,31,0,0,100,86,99,94,0,0,95,42,43,15,2,58,0,0,96,93,6,0,0,75,23,73,40,0,0,39,67,24,29,78,33,0,0,97,87,13,0,0,63,49,48,7,0,0,68,80,74,22,41,57,0,0,53,72,21,12,0,0,62,11,64,19,88,0,0,92,37,14,85,98,0,0,3,79,81,76,0,0,59,5,84,89,0,0,8,17,16,38,44,91,61,0,0,20,51,9,35,71,32,90,0,0,30,70,52,0,0,60,83,45,46,36,47,82,18,0
0;pliki//100 lokacji//R201.txt;150;50;invert;3;6542;6000.382765881199;2129.161766546145;729.4356752389809;3141.785324096073;5351.345060058454;1780.6988783959005;762.3904836619214;2808.255698000632;18;300037.5867;0,53,58,96,84,8,46,17,37,43,97,0,0,27,28,26,72,2,15,91,0,0,94,85,61,99,6,0,0,25,24,1,70,60,93,100,89,0,0,13,74,4,68,0,0,40,73,92,87,57,41,22,56,55,0,0,52,69,62,64,19,88,0,0,95,59,5,83,0,0,20,32,90,48,18,0,0,80,29,79,3,76,12,0,0,10,66,35,34,78,9,50,0,0,31,63,11,47,82,0,0,67,23,75,21,0,0,77,81,0,0,30,65,71,51,33,0,0,54,39,0,0,7,49,36,45,86,0,0,42,14,38,44,16,98,0
0;pliki//100 lokacji//R201.txt;150;50;invert;3;6543;6000.382765881199;2129.161766546145;729.4356752389809;3141.785324096073;5351.345060058455;1780.6988783959007;762.3904836619214;2808.2556980006325;18;300005.869;0,53,58,96,84,8,46,17,37,43,97,0,0,27,28,26,72,2,15,91,0,0,94,85,61,99,6,0,0,25,24,1,70,60,93,100,89,0,0,13,74,4,68,0,0,40,73,92,87,57,41,22,56,55,0,0,52,69,62,64,19,88,0,0,10,66,35,34,78,9,50,0,0,20,32,90,48,18,0,0,80,29,79,3,76,12,0,0,83,5,59,95,0,0,31,63,11,47,82,0,0,67,23,75,21,0,0,77,81,0,0,98,16,44,38,14,42,0,0,86,45,36,49,7,0,0,39,54,0,0,33,51,71,65,30,0
0;pliki//100 lokacji//R201.txt;150;50;invert;3;6544;6000.382765881199;2129.161766546145;729.4356752389809;3141.785324096073;5358.433453665306;1774.5098186371415;781.8569967862919;2802.0666382418726;18;300059.1083;0,53,58,96,84,8,46,17,37,43,97,0,0,27,28,26,72,2,15,91,0,0,94,85,61,99,6,0,0,25,24,1,70,60,93,100,89,0,0,13,74,4,68,0,0,40,73,92,87,57,41,22,56,55,0,0,52,69,62,64,19,88,0,0,95,59,5,83,0,0,10,66,35,34,78,9,50,0,0,20,32,90,48,18,0,0,76,3,79,29,80,12,0,0,31,63,11,47,82,0,0,67,23,75,21,0,0,77,81,0,0,98,16,44,38,14,42,0,0,86,45,36,49,7,0,0,39,54,0,0,33,51,71,65,30,0
0;pliki//100 lokacji//R201.txt;150;50;insert;3;6542;6000.382765881199;2129.161766546145;729.4356752389809;3141.785324096073;5594.520035155415;1857.0504248478574;841.8569967862919;2895.6126135212658;18;300001.9154;0,53,58,96,8,17,84,37,97,0,0,28,26,72,15,2,0,0,93,100,91,60,89,1,24,25,0,0,6,99,61,85,94,0,0,13,74,4,0,0,40,73,22,41,57,87,56,0,0,52,27,69,62,19,88,0,0,95,59,5,83,0,0,68,29,80,12,0,0,18,48,90,32,20,0,0,50,9,34,35,66,70,10,0,0,31,63,11,47,82,0,0,21,75,23,67,0,0,77,3,78,79,76,0,0,7,49,86,81,0,0,16,38,44,98,30,0,0,33,51,71,65,64,36,46,45,0,0,92,14,43,42,39,55,54,0
0;pliki//100 lokacji//R201.txt;150;50;insert;3;6543;6000.382765881199;2129.161766546145;729.4356752389809;3141.785324096073;5594.520035155415;1857.0504248478574;841.8569967862919;2895.6126135212658;18;300002.3971;0,53,58,96,8,17,84,37,97,0,0,28,26,72,15,2,0,0,93,100,91,60,89,1,24,25,0,0,6,99,61,85,94,0,0,13,74,4,0,0,40,73,22,41,57,87,56,0,0,52,27,69,62,19,88,0,0,95,59,5,83,0,0,68,29,80,12,0,0,18,48,90,32,20,0,0,50,9,34,35,66,70,10,0,0,31,63,11,47,82,0,0,21,75,23,67,0,0,77,3,78,79,76,0,0,7,49,86,81,0,0,16,38,44,98,30,0,0,33,51,71,65,64,36,46,45,0,0,92,14,43,42,39,55,54,0
0;pliki//100 lokacji//R201.txt;150;50;insert;3;6544;6000.382765881199;2129.161766546145;729.4356752389809;3141.785324096073;5594.520035155415;1857.0504248478574;841.8569967862919;2895.6126135212658;18;300062.5438;0,53,58,96,8,17,84,37,97,0,0,28,26,72,15,2,0,0,93,100,91,60,89,1,24,25,0,0,6,99,61,85,94,0,0,13,74,4,0,0,40,73,22,41,57,87,56,0,0,52,27,69,62,19,88,0,0,95,59,5,83,0,0,68,29,80,12,0,0,18,48,90,32,20,0,0,50,9,34,35,66,70,10,0,0,31,63,11,47,82,0,0,21,75,23,67,0,0,77,3,78,79,76,0,0,7,49,86,81,0,0,16,38,44,98,30,0,0,33,51,71,65,64,36,46,45,0,0,92,14,43,42,39,55,54,0
0;pliki//100 lokacji//R201.txt;200;10;swap;3;3042;6000.382765881199;2129.161766546145;729.4356752389809;3141.785324096073;5170.263181542237;1583.1075520371737;981.3032929115323;2605.852336593531;19;300014.1417;0,96,5,83,31,0,0,70,32,66,65,20,69,0,0,28,3,33,81,29,24,0,0,13,42,14,100,37,0,0,38,44,16,86,6,0,0,30,62,88,0,0,97,98,85,99,0,0,9,71,35,34,78,79,76,0,0,95,92,59,94,0,0,82,48,8,45,0,0,80,68,77,1,0,0,2,41,74,56,4,54,12,0,0,60,84,61,91,87,57,53,0,0,43,15,22,75,21,40,0,0,93,17,47,49,52,0,0,7,19,11,90,51,50,0,0,67,23,73,58,0,0,89,18,46,36,64,63,10,27,0,0,72,39,25,55,26,0
0;pliki//100 lokacji//R201.txt;200;10;swap;3;3043;6000.382765881199;2129.161766546145;729.4356752389809;3141.785324096073;5145.9277284385225;1571.0332462471074;973.6847910596704;2601.2096911317444;19;300061.9841;0,54,55,25,39,4,26,0,0,18,85,99,6,94,0,0,19,36,47,82,7,52,0,0,96,59,92,95,0,0,33,71,65,30,69,27,0,0,48,49,46,89,0,0,93,100,37,97,0,0,58,87,42,43,14,98,0,0,50,31,10,88,0,0,28,2,57,15,41,24,29,12,0,0,91,44,38,16,86,17,0,0,1,51,9,81,3,76,0,0,70,20,66,32,90,63,11,0,0,53,72,73,21,0,0,13,40,0,0,62,64,35,34,78,79,0,0,77,68,80,56,22,0,0,5,61,84,45,8,83,60,0,0,74,75,23,67,0
0;pliki//100 lokacji//R201.txt;200;10;swap;3;3044;6000.382765881199;2129.161766546145;729.4356752389809;3141.785324096073;5128.217501649669;1583.4447418484788;944.5537244469283;2600.2190353542624;20;300016.8347;0,42,43,14,86,91,95,0,0,75,23,38,44,6,0,0,30,32,90,63,27,0,0,77,3,9,34,56,74,26,0,0,1,51,20,66,65,71,35,78,0,0,60,83,46,47,48,52,0,0,53,73,40,0,0,7,82,8,17,16,61,84,18,0,0,19,62,88,0,0,87,37,100,98,0,0,68,80,24,29,79,0,0,94,92,45,36,49,64,11,0,0,55,25,67,39,4,0,0,96,59,5,0,0,69,70,10,31,0,0,50,33,81,28,0,0,58,97,13,89,0,0,54,12,76,0,0,21,72,22,41,15,57,2,0,0,93,99,85,0
0;pliki//100 lokacji//R201.txt;200;10;invert;3;3042;6000.382765881199;2129.161766546145;729.4356752389809;3141.785324096073;5161.735491811314;1481.0412979681469;1165.9406740152706;2514.753519827896;18;300007.1003;0,52,30,51,20,66,35,78,24,55,0,0,58,72,73,2,57,15,43,0,0,92,93,5,45,83,0,0,69,90,63,64,49,36,46,8,82,0,0,96,59,100,14,42,0,0,50,33,3,77,76,0,0,56,39,67,25,4,0,0,22,23,75,74,40,0,0,34,65,71,9,81,0,0,79,29,54,21,41,53,0,0,94,87,13,0,0,18,17,86,84,60,89,0,0,28,1,70,31,27,0,0,10,32,11,19,88,0,0,85,91,98,37,95,0,0,26,12,80,68,0,0,62,47,48,7,0,0,97,44,38,16,61,99,6,0
0;pliki//100 lokacji//R201.txt;200;10;invert;3;3043;6000.382765881199;2129.161766546145;729.4356752389809;3141.785324096073;5153.607061685507;1518.184840431822;1106.4887885212265;2528.9334327324577;18;300086.9847;0,74,56,23,67,25,55,0,0,5,84,17,45,83,60,89,0,0,97,37,91,16,61,93,99,0,0,96,85,98,0,0,27,10,90,63,49,7,52,0,0,2,57,14,100,13,0,0,18,48,19,0,0,51,20,65,35,34,29,24,54,0,0,32,71,9,81,0,0,53,72,12,28,0,0,80,68,3,77,76,0,0,94,44,38,86,6,0,0,40,21,22,75,4,0,0,95,59,92,42,43,15,58,0,0,46,47,36,64,66,30,1,0,0,26,73,39,41,87,0,0,88,62,11,82,8,0,0,50,79,78,33,70,31,69,0
0;pliki//100 lokacji//R201.txt;200;10;invert;3;3044;6000.382765881199;2129.161766546145;729.4356752389809;3141.785324096073;5144.56285294292;1439.467534433115;1240;2465.095318509805;18;300011.8987;0,18,83,5,60,89,0,0,88,11,64,49,19,0,0,13,95,96,94,0,0,100,85,99,6,0,0,92,16,17,61,93,59,0,0,8,36,47,48,82,0,0,3,29,78,35,71,9,33,0,0,53,39,67,25,55,80,0,0,10,63,90,32,1,28,0,0,40,21,75,23,56,26,0,0,87,97,37,98,91,44,84,0,0,50,81,34,79,0,0,51,65,66,20,30,70,0,0,46,45,86,38,14,0,0,76,77,68,24,12,0,0,2,42,43,15,57,41,22,74,0,0,52,7,62,31,69,27,0,0,54,4,72,73,58,0
0;pliki//100 lokacji//R201.txt;200;10;insert;3;3042;6000.382765881199;2129.161766546145;729.4356752389809;3141.785324096073;5594.520035155415;1857.0504248478574;841.8569967862919;2895.6126135212658;18;300056.6144;0,53,58,96,8,17,84,37,97,0,0,28,26,72,15,2,0,0,93,100,91,60,89,1,24,25,0,0,6,99,61,85,94,0,0,13,74,4,0,0,40,73,22,41,57,87,56,0,0,52,27,69,62,19,88,0,0,95,59,5,83,0,0,68,29,80,12,0,0,18,48,90,32,20,0,0,50,9,34,35,66,70,10,0,0,31,63,11,47,82,0,0,21,75,23,67,0,0,77,3,78,79,76,0,0,7,49,86,81,0,0,16,38,44,98,30,0,0,33,51,71,65,64,36,46,45,0,0,92,14,43,42,39,55,54,0
0;pliki//100 lokacji//R201.txt;200;10;insert;3;3043;6000.382765881199;2129.161766546145;729.4356752389809;3141.785324096073;5594.520035155415;1857.0504248478574;841.8569967862919;2895.6126135212658;18;300033.8703;0,53,58,96,8,17,84,37,97,0,0,28,26,72,15,2,0,0,93,100,91,60,89,1,24,25,0,0,6,99,61,85,94,0,0,13,74,4,0,0,40,73,22,41,57,87,56,0,0,52,27,69,62,19,88,0,0,95,59,5,83,0,0,68,29,80,12,0,0,18,48,90,32,20,0,0,50,9,34,35,66,70,10,0,0,31,63,11,47,82,0,0,21,75,23,67,0,0,77,3,78,79,76,0,0,7,49,86,81,0,0,16,38,44,98,30,0,0,33,51,71,65,64,36,46,45,0,0,92,14,43,42,39,55,54,0
0;pliki//100 lokacji//R201.txt;200;10;insert;3;3044;6000.382765881199;2129.161766546145;729.4356752389809;3141.785324096073;5594.520035155415;1857.0504248478574;841.8569967862919;2895.6126135212658;18;300048.8831;0,53,58,96,8,17,84,37,97,0,0,28,26,72,15,2,0,0,93,100,91,60,89,1,24,25,0,0,6,99,61,85,94,0,0,13,74,4,0,0,40,73,22,41,57,87,56,0,0,52,27,69,62,19,88,0,0,95,59,5,83,0,0,68,29,80,12,0,0,18,48,90,32,20,0,0,50,9,34,35,66,70,10,0,0,31,63,11,47,82,0,0,21,75,23,67,0,0,77,3,78,79,76,0,0,7,49,86,81,0,0,16,38,44,98,30,0,0,33,51,71,65,64,36,46,45,0,0,92,14,43,42,39,55,54,0
0;pliki//100 lokacji//R201.txt;200;20;swap;3;4042;6000.382765881199;2129.161766546145;729.4356752389809;3141.785324096073;5051.286758814642;1554.6003781915367;920;2576.6863806231054;19;300037.7193;0,45,46,36,47,48,0,0,96,92,85,17,5,0,0,91,86,93,94,0,0,13,42,59,95,0,0,18,6,97,87,57,41,22,0,0,58,73,74,56,53,0,0,9,71,35,34,78,81,0,0,63,90,50,33,3,29,28,0,0,26,54,24,79,77,76,0,0,67,23,75,21,0,0,98,37,100,14,43,15,40,0,0,68,80,12,0,0,31,10,32,70,52,0,0,2,72,39,25,55,4,0,0,30,62,88,0,0,11,64,49,19,7,0,0,82,8,83,89,0,0,60,84,61,16,44,38,99,0,0,1,51,65,66,20,69,27,0
0;pliki//100 lokacji//R201.txt;200;20;swap;3;4043;6000.382765881199;2129.161766546145;729.4356752389809;3141.785324096073;5122.079124865799;1521.2934950792628;1055.8645911002736;2544.921038686263;19;300013.9547;0,99,16,38,86,17,60,0,0,6,52,88,81,78,79,76,0,0,18,48,82,27,0,0,74,22,41,15,43,57,13,0,0,4,73,87,58,53,0,0,3,34,35,65,66,20,0,0,94,95,0,0,92,37,100,93,5,0,0,97,98,85,61,0,0,70,30,71,9,51,0,0,55,39,54,12,0,0,89,83,84,45,8,46,47,0,0,77,29,24,80,68,0,0,28,50,33,1,69,31,0,0,96,59,91,44,14,42,0,0,75,56,23,67,25,0,0,62,63,90,32,10,0,0,7,36,49,64,11,19,0,0,26,72,2,21,40,0
0;pliki//100 lokacji//R201.txt;200;20;swap;3;4044;6000.382765881199;2129.161766546145;729.4356752389809;3141.785324096073;5145.161700149385;1588.840795236008;960;2596.3209049133766;19;300050.8667;0,40,73,72,21,26,0,0,95,14,44,38,15,2,0,0,47,36,49,10,0,0,51,20,71,35,9,81,0,0,60,83,45,84,5,0,0,97,87,13,53,0,0,4,39,54,28,0,0,96,93,98,100,91,16,0,0,68,80,76,61,86,0,0,33,65,66,32,90,63,0,0,31,70,30,1,69,27,0,0,74,22,41,17,46,8,0,0,75,56,23,67,25,55,0,0,77,3,29,24,12,0,0,18,85,99,0,0,58,57,43,42,37,92,59,0,0,50,34,78,79,89,6,94,0,0,82,48,52,0,0,62,11,64,19,7,88,0
0;pliki//100 lokacji//R201.txt;200;20;invert;3;4042;6000.382765881199;2129.161766546145;729.4356752389809;3141.785324096073;5159.280095687614;1467.3530440408006;1220;2471.9270516468146;19;300061.9446;0,60,83,84,5,0,0,93,85,61,0,0,39,67,56,53,0,0,18,8,47,48,52,0,0,77,68,80,24,25,55,0,0,50,35,65,71,9,51,0,0,76,3,78,34,81,33,0,0,63,11,64,49,36,46,45,17,0,0,7,82,19,62,88,0,0,37,98,91,44,16,99,96,6,0,0,22,23,75,74,40,0,0,100,14,43,42,13,0,0,2,41,15,38,86,89,0,0,94,59,92,97,95,0,0,31,10,30,69,0,0,26,12,28,0,0,1,20,66,32,90,70,27,0,0,79,29,54,4,21,0,0,58,73,72,57,87,0
0;pliki//100 lokacji//R201.txt;200;20;invert;3;4043;6000.382765881199;2129.161766546145;729.4356752389809;3141.785324096073;5257.5453419309615;1538.7555306434629;1169.800635325573;2548.989175961926;19;300079.9666;0,84,61,86,16,37,99,0,0,70,32,20,65,34,33,0,0,95,92,85,94,0,0,87,13,27,0,0,53,73,74,22,67,0,0,2,42,14,38,43,15,0,0,89,83,5,0,0,10,90,63,11,19,36,46,45,0,0,54,24,55,25,39,4,21,0,0,82,47,49,64,88,0,0,62,31,0,0,26,12,80,3,77,76,0,0,78,9,35,71,66,69,0,0,56,23,75,41,57,58,0,0,40,72,96,59,17,60,0,0,97,100,44,91,98,93,6,0,0,18,8,48,7,52,0,0,1,30,51,81,50,0,0,79,29,68,28,0
0;pliki//100 lokacji//R201.txt;200;20;invert;3;4044;6000.382765881199;2129.161766546145;729.4356752389809;3141.785324096073;5169.68271016863;1504.547095963898;1140;2525.1356142047325;19;300090.3645;0,31,90,47,46,45,8,18,0,0,50,33,81,28,0,0,95,59,98,14,42,0,0,64,63,66,65,20,69,27,0,0,2,15,22,23,74,21,0,0,26,40,73,41,56,67,55,4,0,0,6,96,99,5,84,17,83,0,0,92,37,91,44,86,38,43,0,0,53,0,0,51,9,71,35,34,78,29,0,0,49,36,48,82,0,0,70,10,32,30,1,0,0,54,24,79,3,77,76,0,0,94,100,87,57,58,0,0,52,7,19,11,62,88,0,0,25,39,75,72,0,0,85,16,61,60,0,0,68,80,12,0,0,13,97,93,89,0
0;pliki//100 lokacji//R201.txt;200;20;insert;3;4042;6000.382765881199;2129.161766546145;729.4356752389809;3141.785324096073;5594.520035155415;1857.0504248478574;841.8569967862919;2895.6126135212658;18;300009.751;0,53,58,96,8,17,84,37,97,0,0,28,26,72,15,2,0,0,93,100,91,60,89,1,24,25,0,0,6,99,61,85,94,0,0,13,74,4,0,0,40,73,22,41,57,87,56,0,0,52,27,69,62,19,88,0,0,95,59,5,83,0,0,68,29,80,12,0,0,18,48,90,32,20,0,0,50,9,34,35,66,70,10,0,0,31,63,11,47,82,0,0,21,75,23,67,0,0,77,3,78,79,76,0,0,7,49,86,81,0,0,16,38,44,98,30,0,0,33,51,71,65,64,36,46,45,0,0,92,14,43,42,39,55,54,0
0;pliki//100 lokacji//R201.txt;200;20;insert;3;4043;6000.382765881199;2129.161766546145;729.4356752389809;3141.785324096073;5594.520035155415;1857.0504248478574;841.8569967862919;2895.6126135212658;18;300014.0918;0,53,58,96,8,17,84,37,97,0,0,28,26,72,15,2,0,0,93,100,91,60,89,1,24,25,0,0,6,99,61,85,94,0,0,13,74,4,0,0,40,73,22,41,57,87,56,0,0,52,27,69,62,19,88,0,0,95,59,5,83,0,0,68,29,80,12,0,0,18,48,90,32,20,0,0,50,9,34,35,66,70,10,0,0,31,63,11,47,82,0,0,21,75,23,67,0,0,77,3,78,79,76,0,0,7,49,86,81,0,0,16,38,44,98,30,0,0,33,51,71,65,64,36,46,45,0,0,92,14,43,42,39,55,54,0
0;pliki//100 lokacji//R201.txt;200;20;insert;3;4044;6000.382765881199;2129.161766546145;729.4356752389809;3141.785324096073;5594.520035155415;1857.0504248478574;841.8569967862919;2895.6126135212658;18;300114.1444;0,53,58,96,8,17,84,37,97,0,0,28,26,72,15,2,0,0,93,100,91,60,89,1,24,25,0,0,6,99,61,85,94,0,0,13,74,4,0,0,40,73,22,41,57,87,56,0,0,52,27,69,62,19,88,0,0,95,59,5,83,0,0,68,29,80,12,0,0,18,48,90,32,20,0,0,50,9,34,35,66,70,10,0,0,31,63,11,47,82,0,0,21,75,23,67,0,0,77,3,78,79,76,0,0,7,49,86,81,0,0,16,38,44,98,30,0,0,33,51,71,65,64,36,46,45,0,0,92,14,43,42,39,55,54,0
0;pliki//100 lokacji//R201.txt;200;30;swap;3;5042;6000.382765881199;2129.161766546145;729.4356752389809;3141.785324096073;5086.264802696605;1494.215945004601;1091.1574680077397;2500.891389684264;18;300018.8837;0,3,79,78,35,9,81,0,0,73,74,72,26,12,0,0,97,42,14,43,15,75,40,0,0,28,68,80,24,29,34,0,0,45,46,36,47,31,69,27,0,0,76,77,33,51,20,32,90,0,0,19,49,64,62,0,0,13,2,44,100,37,98,0,0,11,63,66,65,71,70,1,0,0,18,8,82,48,7,52,0,0,93,5,84,17,83,60,0,0,89,99,85,96,0,0,54,4,21,53,0,0,94,59,92,95,0,0,22,39,67,25,55,0,0,50,30,10,88,0,0,58,87,57,41,23,56,0,0,38,86,16,61,91,6,0
0;pliki//100 lokacji//R201.txt;200;30;swap;3;5043;6000.382765881199;2129.161766546145;729.4356752389809;3141.785324096073;5027.794907754971;1535.278258228773;940;2552.5166495261983;19;300011.5884;0,13,95,94,0,0,59,92,37,100,14,42,0,0,26,54,24,29,12,0,0,91,85,99,96,6,0,0,63,11,64,49,36,47,0,0,97,87,2,58,0,0,55,25,67,74,22,41,57,0,0,77,33,51,81,79,0,0,70,30,71,35,34,78,76,0,0,19,62,88,0,0,28,65,66,27,0,0,18,48,82,52,0,0,89,60,84,86,16,61,0,0,4,39,56,72,40,0,0,1,50,3,68,80,0,0,10,90,32,20,9,53,0,0,15,43,23,75,21,73,0,0,69,31,7,8,46,38,44,98,0,0,83,45,17,5,93,0
0;pliki//100 lokacji//R201.txt;200;30;swap;3;5044;6000.382765881199;2129.161766546145;729.4356752389809;3141.785324096073;5106.079573520222;1522.3181084991977;1048;2535.7614650210244;19;300095.3243;0,94,6,60,8,46,48,53,0,0,84,17,86,16,61,99,0,0,40,73,23,39,0,0,58,87,13,0,0,69,31,10,88,27,0,0,5,45,83,0,0,7,19,36,49,62,0,0,97,92,85,59,0,0,68,80,12,0,0,1,51,65,35,34,29,24,54,0,0,4,67,56,22,41,57,0,0,95,44,38,14,42,98,0,0,70,30,90,63,64,11,47,0,0,21,72,74,75,25,55,26,0,0,2,15,43,18,82,52,0,0,89,37,100,91,93,96,0,0,32,20,66,71,9,0,0,50,78,79,76,0,0,77,3,81,33,28,0
0;pliki//100 lokacji//R201.txt;200;30;invert;3;5042;6000.382765881199;2129.161766546145;729.4356752389809;3141.785324096073;5306.9335304796905;1569.9533844752852;1160;2576.9801460044055;19;300055.4832;0,53,21,72,22,58,0,0,97,85,59,0,0,52,63,90,30,31,0,0,87,61,16,86,17,0,0,2,57,15,41,23,56,75,74,0,0,18,8,60,5,99,94,0,0,80,68,77,76,28,0,0,50,9,81,3,0,0,40,42,95,13,0,0,4,39,67,25,55,0,0,92,100,43,14,84,45,83,0,0,78,34,51,70,10,62,88,0,0,89,96,0,0,7,11,32,66,65,33,0,0,6,93,98,91,44,38,37,0,0,20,71,35,79,26,73,0,0,12,54,24,29,1,69,27,0,0,46,36,49,64,19,0,0,48,47,82,0
0;pliki//100 lokacji//R201.txt;200;30;invert;3;5043;6000.382765881199;2129.161766546145;729.4356752389809;3141.785324096073;5366.182744725048;1780.4869654663771;774.9635158653497;2810.7322633933213;18;300022.3028;0,53,58,96,84,8,46,17,37,43,97,0,0,27,28,26,72,2,15,91,0,0,89,61,85,99,6,0,0,25,24,1,70,60,93,100,94,0,0,13,74,4,68,0,0,40,73,92,87,57,41,22,56,55,0,0,52,69,62,64,19,88,0,0,83,5,59,95,0,0,20,32,90,48,18,0,0,80,78,81,79,3,76,0,0,31,63,11,47,82,0,0,67,23,75,21,0,0,77,29,12,0,0,50,9,34,35,66,10,0,0,98,16,44,38,14,42,0,0,86,45,36,49,7,0,0,39,54,0,0,33,51,71,65,30,0
0;pliki//100 lokacji//R201.txt;200;30;invert;3;5044;6000.382765881199;2129.161766546145;729.4356752389809;3141.785324096073;5199.276407785312;1534.6930925221923;1111.0264950510514;2553.5568202120676;19;300097.1784;0,73,72,15,43,42,97,0,0,26,24,29,78,34,35,71,70,0,0,55,25,67,23,21,40,0,0,4,39,75,74,2,0,0,50,79,3,76,0,0,91,16,14,92,13,58,0,0,27,7,48,47,36,8,0,0,10,90,63,49,46,45,84,60,0,0,87,57,41,22,56,53,0,0,18,5,59,94,0,0,19,64,11,62,88,0,0,37,98,93,99,96,6,0,0,33,77,68,80,28,0,0,54,12,1,69,52,0,0,65,66,32,31,0,0,17,86,38,44,61,0,0,85,100,95,0,0,30,20,51,9,81,0,0,89,83,82,0
0;pliki//100 lokacji//R201.txt;200;30;insert;3;5042;6000.382765881199;2129.161766546145;729.4356752389809;3141.785324096073;5594.520035155415;1857.0504248478574;841.8569967862919;2895.6126135212658;18;300138.0135;0,53,58,96,8,17,84,37,97,0,0,28,26,72,15,2,0,0,93,100,91,60,89,1,24,25,0,0,6,99,61,85,94,0,0,13,74,4,0,0,40,73,22,41,57,87,56,0,0,52,27,69,62,19,88,0,0,95,59,5,83,0,0,68,29,80,12,0,0,18,48,90,32,20,0,0,50,9,34,35,66,70,10,0,0,31,63,11,47,82,0,0,21,75,23,67,0,0,77,3,78,79,76,0,0,7,49,86,81,0,0,16,38,44,98,30,0,0,33,51,71,65,64,36,46,45,0,0,92,14,43,42,39,55,54,0
0;pliki//100 lokacji//R201.txt;200;30;insert;3;5043;6000.382765881199;2129.161766546145;729.4356752389809;3141.785324096073;5594.520035155415;1857.0504248478574;841.8569967862919;2895.6126135212658;18;300053.8156;0,53,58,96,8,17,84,37,97,0,0,28,26,72,15,2,0,0,93,100,91,60,89,1,24,25,0,0,6,99,61,85,94,0,0,13,74,4,0,0,40,73,22,41,57,87,56,0,0,52,27,69,62,19,88,0,0,95,59,5,83,0,0,68,29,80,12,0,0,18,48,90,32,20,0,0,50,9,34,35,66,70,10,0,0,31,63,11,47,82,0,0,21,75,23,67,0,0,77,3,78,79,76,0,0,7,49,86,81,0,0,16,38,44,98,30,0,0,33,51,71,65,64,36,46,45,0,0,92,14,43,42,39,55,54,0
0;pliki//100 lokacji//R201.txt;200;30;insert;3;5044;6000.382765881199;2129.161766546145;729.4356752389809;3141.785324096073;5594.520035155415;1857.0504248478574;841.8569967862919;2895.6126135212658;18;300096.9321;0,53,58,96,8,17,84,37,97,0,0,28,26,72,15,2,0,0,93,100,91,60,89,1,24,25,0,0,6,99,61,85,94,0,0,13,74,4,0,0,40,73,22,41,57,87,56,0,0,52,27,69,62,19,88,0,0,95,59,5,83,0,0,68,29,80,12,0,0,18,48,90,32,20,0,0,50,9,34,35,66,70,10,0,0,31,63,11,47,82,0,0,21,75,23,67,0,0,77,3,78,79,76,0,0,7,49,86,81,0,0,16,38,44,98,30,0,0,33,51,71,65,64,36,46,45,0,0,92,14,43,42,39,55,54,0
0;pliki//100 lokacji//R201.txt;200;40;swap;3;6042;6000.382765881199;2129.161766546145;729.4356752389809;3141.785324096073;5093.022373994331;1597.2100275725857;881.3032929115323;2614.5090535102136;19;300421.397;0,72,56,39,25,55,4,0,0,42,43,14,100,54,24,29,80,0,0,50,81,78,79,76,0,0,60,83,45,31,69,27,0,0,70,30,51,33,28,0,0,95,92,59,5,0,0,74,67,41,22,73,53,0,0,38,44,16,84,18,89,0,0,58,2,57,87,13,0,0,71,65,66,90,64,11,88,0,0,97,37,91,93,96,0,0,85,86,17,46,8,0,0,7,49,19,62,0,0,26,12,68,0,0,40,21,75,23,15,98,0,0,52,48,47,36,82,0,0,1,20,32,63,10,0,0,34,35,9,3,77,0,0,94,99,61,6,0
0;pliki//100 lokacji//R201.txt;200;40;swap;3;6043;6000.382765881199;2129.161766546145;729.4356752389809;3141.785324096073;5083.6979677754625;1526.5728572779153;1011.7459868439367;2545.37912365361;19;300123.5602;0,13,96,60,84,100,37,0,0,10,63,66,65,71,35,0,0,97,42,14,44,91,98,94,0,0,4,67,22,74,73,0,0,5,93,59,0,0,1,30,20,9,51,0,0,50,79,78,34,81,33,0,0,85,92,95,0,0,11,49,64,90,32,0,0,82,47,36,46,45,83,0,0,40,72,39,56,41,2,0,0,21,75,23,15,57,58,0,0,7,48,8,18,0,0,53,52,19,62,88,0,0,89,17,86,61,6,0,0,76,77,3,29,12,0,0,31,70,69,27,28,0,0,87,43,38,16,99,0,0,54,55,25,24,68,80,26,0
0;pliki//100 lokacji//R201.txt;200;40;swap;3;6044;6000.382765881199;2129.161766546145;729.4356752389809;3141.785324096073;5093.819739569881;1613.9951254438263;840;2639.8246141260543;19;300003.1064;0,87,15,43,16,61,6,0,0,19,62,30,0,0,38,44,41,22,67,0,0,51,9,81,78,79,76,0,0,31,27,0,0,60,84,17,70,34,24,56,74,2,97,100,37,0,0,10,63,90,32,20,1,69,0,0,13,40,53,0,0,93,5,83,89,0,0,18,8,46,36,49,64,11,52,0,0,77,29,68,12,0,0,57,42,14,86,45,0,0,66,65,71,35,33,28,0,0,58,73,75,23,0,0,26,25,55,54,80,3,50,0,0,94,98,91,85,99,0,0,96,59,92,95,0,0,21,72,39,4,0,0,82,47,48,7,88,0
0;pliki//100 lokacji//R201.txt;200;40;invert;3;6042;6000.382765881199;2129.161766546145;729.4356752389809;3141.785324096073;5332.818441299851;1642.0005713233925;1040;2650.817869976459;19;300103.319;0,19,47,48,0,0,72,39,24,80,28,0,0,51,71,20,30,70,69,27,0,0,33,65,66,32,90,63,0,0,94,59,97,95,0,0,88,62,11,64,49,0,0,2,15,43,44,16,61,84,0,0,89,18,82,0,0,26,40,41,57,87,99,96,0,0,13,37,100,91,98,0,0,68,78,79,3,76,0,0,58,73,74,56,67,25,4,0,0,60,5,45,46,36,83,52,0,0,53,75,23,55,54,0,0,10,8,17,86,93,0,0,6,42,22,21,12,0,0,92,14,38,85,0,0,77,81,9,35,34,0,0,7,31,1,50,29,0
0;pliki//100 lokacji//R201.txt;200;40;invert;3;6043;6000.382765881199;2129.161766546145;729.4356752389809;3141.785324096073;5358.433453665306;1774.5098186371415;781.8569967862919;2802.0666382418726;18;300088.1709;0,53,58,96,84,8,46,17,37,43,97,0,0,27,28,26,72,2,15,91,0,0,94,85,61,99,6,0,0,25,24,1,70,60,93,100,89,0,0,13,74,4,68,0,0,40,73,92,87,57,41,22,56,55,0,0,52,69,62,64,19,88,0,0,95,59,5,83,0,0,10,66,35,34,78,9,50,0,0,20,32,90,48,18,0,0,76,3,79,29,80,12,0,0,31,63,11,47,82,0,0,67,23,75,21,0,0,77,81,0,0,98,16,44,38,14,42,0,0,86,45,36,49,7,0,0,30,65,71,51,33,0,0,54,39,0
0;pliki//100 lokacji//R201.txt;200;40;invert;3;6044;6000.382765881199;2129.161766546145;729.4356752389809;3141.785324096073;5269.0821561897465;1610.400508682855;1028.2064819089892;2630.4751655979026;19;300068.2744;0,33,65,29,28,53,58,0,0,2,14,100,37,99,96,52,0,0,89,5,17,45,47,0,0,4,67,56,22,40,0,0,50,3,24,80,12,76,0,0,13,98,85,0,0,73,74,41,23,39,25,0,0,94,44,38,16,84,0,0,31,63,32,51,1,0,0,95,92,59,0,0,70,10,62,19,8,60,6,0,0,82,48,7,69,0,0,77,68,54,55,26,0,0,30,20,71,66,90,88,0,0,79,78,34,35,9,81,0,0,75,72,21,27,0,0,18,83,46,36,49,64,11,0,0,93,61,86,91,97,0,0,87,42,43,15,57,0
0;pliki//100 lokacji//R201.txt;200;40;insert;3;6042;6000.382765881199;2129.161766546145;729.4356752389809;3141.785324096073;5594.520035155415;1857.0504248478574;841.8569967862919;2895.6126135212658;18;300059.1359;0,53,58,96,8,17,84,37,97,0,0,28,26,72,15,2,0,0,93,100,91,60,89,1,24,25,0,0,6,99,61,85,94,0,0,13,74,4,0,0,40,73,22,41,57,87,56,0,0,52,27,69,62,19,88,0,0,95,59,5,83,0,0,68,29,80,12,0,0,18,48,90,32,20,0,0,50,9,34,35,66,70,10,0,0,31,63,11,47,82,0,0,21,75,23,67,0,0,77,3,78,79,76,0,0,7,49,86,81,0,0,16,38,44,98,30,0,0,33,51,71,65,64,36,46,45,0,0,92,14,43,42,39,55,54,0
0;pliki//100 lokacji//R201.txt;200;40;insert;3;6043;6000.382765881199;2129.161766546145;729.4356752389809;3141.785324096073;5594.520035155415;1857.0504248478574;841.8569967862919;2895.6126135212658;18;300096.0329;0,53,58,96,8,17,84,37,97,0,0,28,26,72,15,2,0,0,93,100,91,60,89,1,24,25,0,0,6,99,61,85,94,0,0,13,74,4,0,0,40,73,22,41,57,87,56,0,0,52,27,69,62,19,88,0,0,95,59,5,83,0,0,68,29,80,12,0,0,18,48,90,32,20,0,0,50,9,34,35,66,70,10,0,0,31,63,11,47,82,0,0,21,75,23,67,0,0,77,3,78,79,76,0,0,7,49,86,81,0,0,16,38,44,98,30,0,0,33,51,71,65,64,36,46,45,0,0,92,14,43,42,39,55,54,0
0;pliki//100 lokacji//R201.txt;200;40;insert;3;6044;6000.382765881199;2129.161766546145;729.4356752389809;3141.785324096073;5594.520035155415;1857.0504248478574;841.8569967862919;2895.6126135212658;18;300022.0907;0,53,58,96,8,17,84,37,97,0,0,28,26,72,15,2,0,0,93,100,91,60,89,1,24,25,0,0,6,99,61,85,94,0,0,13,74,4,0,0,40,73,22,41,57,87,56,0,0,52,27,69,62,19,88,0,0,95,59,5,83,0,0,68,29,80,12,0,0,18,48,90,32,20,0,0,50,9,34,35,66,70,10,0,0,31,63,11,47,82,0,0,21,75,23,67,0,0,77,3,78,79,76,0,0,7,49,86,81,0,0,16,38,44,98,30,0,0,33,51,71,65,64,36,46,45,0,0,92,14,43,42,39,55,54,0
0;pliki//100 lokacji//R201.txt;200;50;swap;3;7042;6000.382765881199;2129.161766546145;729.4356752389809;3141.785324096073;5132.624312540718;1544.8702222333748;1006.7997284833609;2580.9543618239827;19;300152.3647;0,82,47,46,19,7,88,0,0,52,28,29,24,54,12,0,0,100,14,44,98,59,0,0,30,62,99,6,89,0,0,95,92,97,13,0,0,21,73,15,42,2,0,0,50,79,78,9,81,0,0,72,75,56,39,55,0,0,18,61,93,96,94,0,0,10,63,90,32,66,20,0,0,69,1,70,31,27,0,0,91,85,37,87,0,0,16,86,38,43,40,0,0,77,3,68,80,26,0,0,48,8,45,17,5,0,0,51,71,65,35,34,33,76,0,0,58,22,41,57,53,0,0,60,84,83,36,49,64,11,0,0,74,23,67,25,4,0
0;pliki//100 lokacji//R201.txt;200;50;swap;3;7043;6000.382765881199;2129.161766546145;729.4356752389809;3141.785324096073;5071.7840117718115;1521.7434183749244;1020;2530.040593396887;19;300130.2462;0,95,92,43,15,57,41,22,21,0,0,60,16,38,86,18,0,0,68,29,80,12,0,0,32,90,63,31,27,0,0,93,61,85,0,0,11,64,19,48,7,0,0,10,62,88,0,0,13,94,17,84,0,0,8,46,36,49,47,82,52,0,0,89,6,96,99,87,53,0,0,77,3,79,78,24,54,0,0,1,50,28,72,73,0,0,74,23,67,25,55,76,0,0,5,45,83,0,0,33,34,35,71,65,66,69,0,0,70,30,20,51,9,81,0,0,75,56,39,4,26,0,0,58,40,2,97,37,59,0,0,44,14,42,100,91,98,0
0;pliki//100 lokacji//R201.txt;200;50;swap;3;7044;6000.382765881199;2129.161766546145;729.4356752389809;3141.785324096073;4981.758370377247;1482.855850894522;1004.7942898662477;2494.1082296164777;19;300067.3948;0,18,8,46,47,36,49,64,11,0,0,37,98,91,16,86,17,84,0,0,80,68,77,3,50,0,0,26,54,24,12,0,0,58,2,75,23,25,55,0,0,97,87,73,22,56,0,0,93,61,85,6,0,0,44,38,14,43,42,0,0,51,9,65,35,34,29,28,0,0,1,70,30,32,90,10,0,0,69,31,88,62,27,0,0,33,20,66,63,19,7,0,0,40,72,74,41,15,57,0,0,95,59,99,96,0,0,67,39,4,21,0,0,92,100,5,45,83,60,0,0,79,78,71,81,76,0,0,89,82,48,52,0,0,53,13,94,0
0;pliki//100 lokacji//R201.txt;200;50;invert;3;7042;6000.382765881199;2129.161766546145;729.4356752389809;3141.785324096073;5351.345060058454;1780.6988783959005;762.3904836619214;2808.255698000632;18;300100.9217;0,53,58,96,84,8,46,17,37,43,97,0,0,27,28,26,72,2,15,91,0,0,94,85,61,99,6,0,0,25,24,1,70,60,93,100,89,0,0,13,74,4,68,0,0,40,73,92,87,57,41,22,56,55,0,0,52,69,62,64,19,88,0,0,95,59,5,83,0,0,20,32,90,48,18,0,0,80,29,79,3,76,12,0,0,10,66,35,34,78,9,50,0,0,31,63,11,47,82,0,0,67,23,75,21,0,0,77,81,0,0,30,65,71,51,33,0,0,54,39,0,0,7,49,36,45,86,0,0,42,14,38,44,16,98,0
0;pliki//100 lokacji//R201.txt;200;50;invert;3;7043;6000.382765881199;2129.161766546145;729.4356752389809;3141.785324096073;5351.345060058455;1780.6988783959007;762.3904836619214;2808.2556980006325;18;300154.7505;0,53,58,96,84,8,46,17,37,43,97,0,0,27,28,26,72,2,15,91,0,0,94,85,61,99,6,0,0,25,24,1,70,60,93,100,89,0,0,13,74,4,68,0,0,40,73,92,87,57,41,22,56,55,0,0,52,69,62,64,19,88,0,0,10,66,35,34,78,9,50,0,0,20,32,90,48,18,0,0,80,29,79,3,76,12,0,0,83,5,59,95,0,0,31,63,11,47,82,0,0,67,23,75,21,0,0,77,81,0,0,98,16,44,38,14,42,0,0,86,45,36,49,7,0,0,39,54,0,0,33,51,71,65,30,0
0;pliki//100 lokacji//R201.txt;200;50;invert;3;7044;6000.382765881199;2129.161766546145;729.4356752389809;3141.785324096073;5351.345060058454;1780.6988783959007;762.3904836619214;2808.2556980006316;18;300061.9213;0,53,58,96,84,8,46,17,37,43,97,0,0,27,28,26,72,2,15,91,0,0,94,85,61,99,6,0,0,25,24,1,70,60,93,100,89,0,0,13,74,4,68,0,0,40,73,92,87,57,41,22,56,55,0,0,52,69,62,64,19,88,0,0,95,59,5,83,0,0,10,66,35,34,78,9,50,0,0,20,32,90,48,18,0,0,80,29,79,3,76,12,0,0,31,63,11,47,82,0,0,67,23,75,21,0,0,77,81,0,0,98,16,44,38,14,42,0,0,86,45,36,49,7,0,0,39,54,0,0,33,51,71,65,30,0
0;pliki//100 lokacji//R201.txt;200;50;insert;3;7042;6000.382765881199;2129.161766546145;729.4356752389809;3141.785324096073;5594.520035155415;1857.0504248478574;841.8569967862919;2895.6126135212658;18;300033.7803;0,53,58,96,8,17,84,37,97,0,0,28,26,72,15,2,0,0,93,100,91,60,89,1,24,25,0,0,6,99,61,85,94,0,0,13,74,4,0,0,40,73,22,41,57,87,56,0,0,52,27,69,62,19,88,0,0,95,59,5,83,0,0,68,29,80,12,0,0,18,48,90,32,20,0,0,50,9,34,35,66,70,10,0,0,31,63,11,47,82,0,0,21,75,23,67,0,0,77,3,78,79,76,0,0,7,49,86,81,0,0,16,38,44,98,30,0,0,33,51,71,65,64,36,46,45,0,0,92,14,43,42,39,55,54,0
0;pliki//100 lokacji//R201.txt;200;50;insert;3;7043;6000.382765881199;2129.161766546145;729.4356752389809;3141.785324096073;5594.520035155415;1857.0504248478574;841.8569967862919;2895.6126135212658;18;300066.7317;0,53,58,96,8,17,84,37,97,0,0,28,26,72,15,2,0,0,93,100,91,60,89,1,24,25,0,0,6,99,61,85,94,0,0,13,74,4,0,0,40,73,22,41,57,87,56,0,0,52,27,69,62,19,88,0,0,95,59,5,83,0,0,68,29,80,12,0,0,18,48,90,32,20,0,0,50,9,34,35,66,70,10,0,0,31,63,11,47,82,0,0,21,75,23,67,0,0,77,3,78,79,76,0,0,7,49,86,81,0,0,16,38,44,98,30,0,0,33,51,71,65,64,36,46,45,0,0,92,14,43,42,39,55,54,0
0;pliki//100 lokacji//R201.txt;200;50;insert;3;7044;6000.382765881199;2129.161766546145;729.4356752389809;3141.785324096073;5594.520035155415;1857.0504248478574;841.8569967862919;2895.6126135212658;18;300101.0955;0,53,58,96,8,17,84,37,97,0,0,28,26,72,15,2,0,0,93,100,91,60,89,1,24,25,0,0,6,99,61,85,94,0,0,13,74,4,0,0,40,73,22,41,57,87,56,0,0,52,27,69,62,19,88,0,0,95,59,5,83,0,0,68,29,80,12,0,0,18,48,90,32,20,0,0,50,9,34,35,66,70,10,0,0,31,63,11,47,82,0,0,21,75,23,67,0,0,77,3,78,79,76,0,0,7,49,86,81,0,0,16,38,44,98,30,0,0,33,51,71,65,64,36,46,45,0,0,92,14,43,42,39,55,54,0
0;pliki//100 lokacji//R201.txt;250;10;swap;3;3542;6000.382765881199;2129.161766546145;729.4356752389809;3141.785324096073;5096.616495282076;1558.4909992848286;949.8209569388562;2588.3045390583916;19;300070.9486;0,50,51,33,3,77,28,0,0,94,95,2,22,75,0,0,83,45,46,36,47,82,52,0,0,58,74,26,0,0,29,24,54,21,91,44,38,98,0,0,1,20,66,65,35,81,69,0,0,5,59,92,0,0,57,41,23,67,25,55,0,0,100,14,43,15,42,87,0,0,8,19,10,70,40,73,53,0,0,4,39,56,72,0,0,31,90,32,30,0,0,89,18,7,11,62,88,0,0,60,84,17,86,16,61,6,0,0,85,93,99,0,0,68,80,12,27,0,0,9,71,34,78,79,76,0,0,48,49,64,63,0,0,13,97,37,96,0
0;pliki//100 lokacji//R201.txt;250;10;swap;3;3543;6000.382765881199;2129.161766546145;729.4356752389809;3141.785324096073;5133.371054848206;1521.9655352399832;1060;2551.4055196082227;18;300117.7957;0,95,92,93,59,0,0,58,57,100,98,37,97,94,0,0,26,72,2,13,0,0,10,63,90,32,51,33,0,0,62,11,49,36,82,0,0,56,67,39,28,0,0,80,68,50,69,31,0,0,16,38,86,17,46,8,84,60,0,0,7,19,48,18,0,0,74,22,41,15,43,42,87,0,0,65,66,20,30,70,27,0,0,40,4,25,55,29,77,12,0,0,54,24,78,79,3,76,0,0,1,9,71,35,34,81,0,0,89,45,47,64,88,52,0,0,96,99,61,91,85,6,0,0,21,23,75,73,53,0,0,83,5,44,14,0
0;pliki//100 lokacji//R201.txt;250;10;swap;3;3544;6000.382765881199;2129.161766546145;729.4356752389809;3141.785324096073;5156.032890481427;1572.0174396168495;992.9766004093398;2591.038850455238;19;301458.5499;0,96,99,86,84,8,0,0,70,10,32,20,30,0,0,55,25,67,39,56,21,40,0,0,74,22,57,87,53,0,0,19,49,36,47,42,15,0,0,28,27,1,69,64,11,88,0,0,90,63,48,46,45,83,0,0,73,72,4,54,26,0,0,68,29,24,80,12,0,0,31,62,7,82,52,0,0,93,61,17,5,60,89,0,0,77,81,71,9,0,0,51,66,65,35,34,78,33,50,0,0,13,14,100,37,0,0,18,85,97,94,0,0,43,38,44,16,91,98,6,0,0,95,92,59,0,0,3,79,76,0,0,58,2,75,23,41,0
0;pliki//100 lokacji//R201.txt;250;10;invert;3;3542;6000.382765881199;2129.161766546145;729.4356752389809;3141.785324096073;5081.486570554729;1464.244576691591;1140;2477.2419938631388;19;300084.7819;0,59,92,57,72,21,0,0,26,4,39,55,54,0,0,22,23,75,73,0,0,9,71,65,35,34,28,0,0,70,30,20,66,10,88,0,0,7,47,19,11,62,0,0,89,83,84,17,86,98,0,0,46,36,49,64,63,90,32,0,0,100,91,44,16,61,99,0,0,53,12,77,3,76,0,0,52,31,27,0,0,25,67,56,74,41,87,97,0,0,69,1,33,29,24,80,68,0,0,58,42,14,38,43,15,2,40,0,0,18,45,8,48,82,0,0,60,5,37,95,96,94,0,0,13,0,0,50,51,81,78,79,0,0,85,93,6,0
0;pliki//100 lokacji//R201.txt;250;10;invert;3;3543;6000.382765881199;2129.161766546145;729.4356752389809;3141.785324096073;5253.88879566124;1524.6062027570306;1189.5361250829503;2539.746467821259;18;300112.0653;0,60,83,84,17,45,46,36,47,82,0,0,96,16,61,8,48,0,0,52,11,10,20,30,0,0,58,54,80,68,28,0,0,4,39,67,25,24,0,0,31,27,0,0,26,12,77,3,76,0,0,97,43,15,41,23,56,75,0,0,53,40,79,9,51,50,0,0,2,87,42,57,22,73,21,0,0,89,94,95,13,0,0,74,72,55,29,34,35,66,0,0,92,100,14,38,86,0,0,70,32,90,63,64,7,18,0,0,59,37,98,91,44,5,6,0,0,78,65,71,81,33,1,69,0,0,85,93,99,0,0,19,49,62,88,0
0;pliki//100 lokacji//R201.txt;250;10;invert;3;3544;6000.382765881199;2129.161766546145;729.4356752389809;3141.785324096073;5204.957974008681;1523.9557397404253;1148.9216278187544;2532.080606449501;19;300002.5256;0,3,79,76,53,0,0,26,72,2,87,0,0,91,44,38,86,61,6,0,0,93,98,37,94,0,0,21,39,23,74,40,0,0,100,14,15,22,75,0,0,13,0,0,89,60,83,45,84,5,0,0,50,33,81,31,52,0,0,29,78,34,65,9,51,69,27,0,0,95,85,92,58,0,0,54,24,68,80,12,0,0,7,19,62,88,0,0,63,11,64,49,47,8,0,0,42,43,17,46,36,48,82,18,0,0,96,99,16,59,0,0,4,55,25,67,56,73,41,57,97,0,0,1,70,30,32,90,10,0,0,20,66,71,35,77,28,0
0;pliki//100 lokacji//R201.txt;250;10;insert;3;3542;6000.382765881199;2129.161766546145;729.4356752389809;3141.785324096073;5594.520035155415;1857.0504248478574;841.8569967862919;2895.6126135212658;18;300054.6054;0,53,58,96,8,17,84,37,97,0,0,28,26,72,15,2,0,0,93,100,91,60,89,1,24,25,0,0,6,99,61,85,94,0,0,13,74,4,0,0,40,73,22,41,57,87,56,0,0,52,27,69,62,19,88,0,0,95,59,5,83,0,0,68,29,80,12,0,0,18,48,90,32,20,0,0,50,9,34,35,66,70,10,0,0,31,63,11,47,82,0,0,21,75,23,67,0,0,77,3,78,79,76,0,0,7,49,86,81,0,0,16,38,44,98,30,0,0,33,51,71,65,64,36,46,45,0,0,92,14,43,42,39,55,54,0
0;pliki//100 lokacji//R201.txt;250;10;insert;3;3543;6000.382765881199;2129.161766546145;729.4356752389809;3141.785324096073;5594.520035155415;1857.0504248478574;841.8569967862919;2895.6126135212658;18;300099.8223;0,53,58,96,8,17,84,37,97,0,0,28,26,72,15,2,0,0,93,100,91,60,89,1,24,25,0,0,6,99,61,85,94,0,0,13,74,4,0,0,40,73,22,41,57,87,56,0,0,52,27,69,62,19,88,0,0,95,59,5,83,0,0,68,29,80,12,0,0,18,48,90,32,20,0,0,50,9,34,35,66,70,10,0,0,31,63,11,47,82,0,0,21,75,23,67,0,0,77,3,78,79,76,0,0,7,49,86,81,0,0,16,38,44,98,30,0,0,33,51,71,65,64,36,46,45,0,0,92,14,43,42,39,55,54,0
0;pliki//100 lokacji//R201.txt;250;10;insert;3;3544;6000.382765881199;2129.161766546145;729.4356752389809;3141.785324096073;5594.520035155415;1857.0504248478574;841.8569967862919;2895.6126135212658;18;300080.31;0,53,58,96,8,17,84,37,97,0,0,28,26,72,15,2,0,0,93,100,91,60,89,1,24,25,0,0,6,99,61,85,94,0,0,13,74,4,0,0,40,73,22,41,57,87,56,0,0,52,27,69,62,19,88,0,0,95,59,5,83,0,0,68,29,80,12,0,0,18,48,90,32,20,0,0,50,9,34,35,66,70,10,0,0,31,63,11,47,82,0,0,21,75,23,67,0,0,77,3,78,79,76,0,0,7,49,86,81,0,0,16,38,44,98,30,0,0,33,51,71,65,64,36,46,45,0,0,92,14,43,42,39,55,54,0
0;pliki//100 lokacji//R201.txt;250;20;swap;3;4542;6000.382765881199;2129.161766546145;729.4356752389809;3141.785324096073;5163.486173338439;1585.4981456262985;980;2597.9880277121406;19;300001.9872;0,46,36,49,63,10,69,27,0,0,13,59,5,0,0,51,71,66,32,64,90,0,0,76,77,68,12,0,0,87,14,38,43,15,42,0,0,7,48,82,52,0,0,40,2,73,74,72,21,58,0,0,50,9,35,34,3,80,26,0,0,93,86,44,98,0,0,96,99,100,37,94,53,0,0,79,33,65,20,70,31,0,0,83,17,45,8,18,0,0,25,39,4,97,92,95,0,0,89,60,84,61,16,6,0,0,56,67,23,75,0,0,19,47,11,62,88,0,0,28,54,55,24,29,78,81,0,0,1,30,0,0,91,85,22,41,57,0
0;pliki//100 lokacji//R201.txt;250;20;swap;3;4543;6000.382765881199;2129.161766546145;729.4356752389809;3141.785324096073;5199.00695097706;1582.5779390194687;1000.370266556102;2616.05874540149;19;300030.7655;0,59,85,37,92,0,0,57,42,17,45,63,66,20,69,27,0,0,31,3,29,12,0,0,4,39,54,28,0,0,50,81,51,1,0,0,96,94,13,0,0,33,9,71,65,35,34,0,0,8,47,36,49,19,52,0,0,95,100,14,43,15,2,0,0,53,58,87,97,0,0,89,60,83,84,5,0,0,68,80,88,7,18,0,0,91,44,38,98,93,99,0,0,70,30,32,90,10,0,0,62,48,82,0,0,40,21,25,55,24,78,79,77,76,0,0,56,67,23,22,41,0,0,11,64,46,86,16,61,6,0,0,73,74,75,72,26,0
0;pliki//100 lokacji//R201.txt;250;20;swap;3;4544;6000.382765881199;2129.161766546145;729.4356752389809;3141.785324096073;5212.816929928769;1623.8096493535902;941.8569967862919;2647.1502837888875;19;300046.0112;0,42,14,38,45,46,36,47,0,0,7,19,64,49,17,99,0,0,56,23,75,0,0,35,65,66,10,52,0,0,31,63,11,62,88,0,0,28,3,81,33,69,27,0,0,18,82,48,8,89,0,0,96,98,91,16,86,61,6,0,0,4,39,67,25,24,80,0,0,90,32,20,71,78,76,0,0,94,44,43,15,57,50,51,1,0,0,58,87,13,0,0,5,93,59,0,0,79,34,9,30,70,0,0,21,72,74,2,97,95,0,0,77,29,68,12,0,0,83,85,100,92,0,0,53,40,73,22,41,37,84,60,0,0,54,55,26,0
0;pliki//100 lokacji//R201.txt;250;20;invert;3;4542;6000.382765881199;2129.161766546145;729.4356752389809;3141.785324096073;5310.461798538809;1590.7105726516727;1120;2599.7512258871357;19;300023.1532;0,42,59,93,5,0,0,89,0,0,100,44,86,16,91,6,0,0,87,57,15,41,23,40,0,0,33,81,35,65,9,51,0,0,94,95,96,17,83,7,52,0,0,88,11,64,62,8,18,99,0,0,49,36,47,48,0,0,58,21,56,4,25,55,24,80,68,0,0,92,98,37,14,38,43,97,0,0,2,72,39,53,0,0,54,29,3,77,76,0,0,30,20,66,90,19,0,0,70,32,63,10,82,0,0,13,26,12,28,0,0,31,69,27,0,0,1,50,71,34,78,79,0,0,85,61,84,45,46,60,0,0,67,75,22,74,73,0
0;pliki//100 lokacji//R201.txt;250;20;invert;3;4543;6000.382765881199;2129.161766546145;729.4356752389809;3141.785324096073;5292.740348927511;1562.3239399375575;1160;2570.416408989953;19;300136.4349;0,39,55,29,76,28,0,0,47,36,19,11,63,10,0,0,78,34,35,71,65,66,1,0,0,50,33,81,30,27,0,0,54,23,22,21,0,0,97,87,57,53,0,0,95,14,42,2,40,58,0,0,62,64,49,82,7,0,0,85,93,6,0,0,37,98,91,44,38,16,61,0,0,70,51,9,3,77,12,0,0,89,18,48,46,17,84,96,0,0,31,69,0,0,99,86,100,92,59,0,0,94,5,45,8,83,60,0,0,79,20,32,90,88,52,0,0,75,41,15,43,13,0,0,68,80,24,25,67,56,0,0,26,4,72,74,73,0
0;pliki//100 lokacji//R201.txt;250;20;invert;3;4544;6000.382765881199;2129.161766546145;729.4356752389809;3141.785324096073;5297.872778797562;1551.049903400701;1180;2566.822875396862;19;300079.282;0,70,32,90,63,31,52,0,0,56,67,23,41,57,0,0,18,86,14,94,0,0,97,42,43,15,87,0,0,27,20,65,64,11,19,7,0,0,96,99,0,0,93,85,91,98,92,0,0,37,100,44,38,16,61,0,0,26,68,77,76,0,0,2,75,39,72,0,0,13,95,59,0,0,53,40,21,74,22,73,58,0,0,48,49,10,88,0,0,28,24,29,34,81,33,69,0,0,50,9,35,78,79,3,80,0,0,60,83,45,36,47,82,0,0,30,66,71,51,1,0,0,4,25,55,54,12,0,0,89,6,5,84,17,8,46,62,0
0;pliki//100 lokacji//R201.txt;250;20;insert;3;4542;6000.382765881199;2129.161766546145;729.4356752389809;3141.785324096073;5594.520035155415;1857.0504248478574;841.8569967862919;2895.6126135212658;18;300130.5807;0,53,58,96,8,17,84,37,97,0,0,28,26,72,15,2,0,0,93,100,91,60,89,1,24,25,0,0,6,99,61,85,94,0,0,13,74,4,0,0,40,73,22,41,57,87,56,0,0,52,27,69,62,19,88,0,0,95,59,5,83,0,0,68,29,80,12,0,0,18,48,90,32,20,0,0,50,9,34,35,66,70,10,0,0,31,63,11,47,82,0,0,21,75,23,67,0,0,77,3,78,79,76,0,0,7,49,86,81,0,0,16,38,44,98,30,0,0,33,51,71,65,64,36,46,45,0,0,92,14,43,42,39,55,54,0
0;pliki//100 lokacji//R201.txt;250;20;insert;3;4543;6000.382765881199;2129.161766546145;729.4356752389809;3141.785324096073;5594.520035155415;1857.0504248478574;841.8569967862919;2895.6126135212658;18;300106.5306;0,53,58,96,8,17,84,37,97,0,0,28,26,72,15,2,0,0,93,100,91,60,89,1,24,25,0,0,6,99,61,85,94,0,0,13,74,4,0,0,40,73,22,41,57,87,56,0,0,52,27,69,62,19,88,0,0,95,59,5,83,0,0,68,29,80,12,0,0,18,48,90,32,20,0,0,50,9,34,35,66,70,10,0,0,31,63,11,47,82,0,0,21,75,23,67,0,0,77,3,78,79,76,0,0,7,49,86,81,0,0,16,38,44,98,30,0,0,33,51,71,65,64,36,46,45,0,0,92,14,43,42,39,55,54,0
0;pliki//100 lokacji//R201.txt;250;20;insert;3;4544;6000.382765881199;2129.161766546145;729.4356752389809;3141.785324096073;5594.520035155415;1857.0504248478574;841.8569967862919;2895.6126135212658;18;300023.1731;0,53,58,96,8,17,84,37,97,0,0,28,26,72,15,2,0,0,93,100,91,60,89,1,24,25,0,0,6,99,61,85,94,0,0,13,74,4,0,0,40,73,22,41,57,87,56,0,0,52,27,69,62,19,88,0,0,95,59,5,83,0,0,68,29,80,12,0,0,18,48,90,32,20,0,0,50,9,34,35,66,70,10,0,0,31,63,11,47,82,0,0,21,75,23,67,0,0,77,3,78,79,76,0,0,7,49,86,81,0,0,16,38,44,98,30,0,0,33,51,71,65,64,36,46,45,0,0,92,14,43,42,39,55,54,0
0;pliki//100 lokacji//R201.txt;250;30;swap;3;5542;6000.382765881199;2129.161766546145;729.4356752389809;3141.785324096073;5141.713372540525;1567.7233946048937;982.5005166921699;2591.489461243461;19;300105.4633;0,3,78,51,1,40,73,74,22,0,0,30,71,9,81,0,0,50,33,90,49,36,47,52,0,0,68,24,55,25,4,0,0,96,85,93,0,0,18,60,5,98,94,0,0,91,44,16,61,99,6,0,0,89,82,62,19,7,0,0,31,27,28,0,0,57,41,87,100,37,0,0,70,10,32,63,64,11,0,0,83,45,8,46,48,88,0,0,53,58,2,13,0,0,67,23,75,21,0,0,15,43,38,86,17,84,0,0,97,42,14,92,59,95,0,0,72,56,39,54,0,0,79,34,35,65,66,20,69,0,0,76,77,29,80,12,26,0
0;pliki//100 lokacji//R201.txt;250;30;swap;3;5543;6000.382765881199;2129.161766546145;729.4356752389809;3141.785324096073;5145.272560248594;1579.1393208445722;950.226922717749;2615.9063166862734;19;300005.7451;0,94,98,91,44,38,100,37,0,0,97,42,87,26,12,0,0,70,32,66,65,20,69,0,0,83,45,17,14,43,15,2,0,0,93,85,61,6,0,0,3,9,71,35,34,78,80,0,0,41,75,23,67,56,0,0,11,64,19,48,8,0,0,53,58,40,73,74,22,57,0,0,50,33,51,63,49,36,27,0,0,10,62,90,30,0,0,28,68,24,29,77,0,0,7,88,1,81,79,76,0,0,99,16,86,84,18,0,0,54,55,25,0,0,13,95,92,59,0,0,89,60,5,96,0,0,4,39,72,21,0,0,31,47,46,82,52,0
0;pliki//100 lokacji//R201.txt;250;30;swap;3;5544;6000.382765881199;2129.161766546145;729.4356752389809;3141.785324096073;5084.829146644063;1596.613940064536;865.109847738252;2623.105358841275;19;300172.6288;0,94,44,38,16,61,6,0,0,28,0,0,51,9,81,79,53,0,0,26,12,77,76,0,0,7,19,64,71,35,34,78,0,0,33,65,66,20,31,69,0,0,54,24,29,30,90,10,0,0,89,99,85,91,57,41,0,0,59,92,97,87,58,0,0,13,37,93,96,0,0,1,50,3,25,55,80,68,0,0,47,49,36,46,45,18,0,0,4,39,67,2,0,0,5,14,43,42,95,0,0,60,83,8,82,62,88,0,0,40,73,72,74,22,21,0,0,84,86,17,48,0,0,56,23,75,15,100,98,0,0,27,70,32,63,11,52,0
0;pliki//100 lokacji//R201.txt;250;30;invert;3;5542;6000.382765881199;2129.161766546145;729.4356752389809;3141.785324096073;5254.315067049864;1539.3945299498357;1164.5537244469283;2550.3668126531;19;300109.3633;0,58,97,93,13,0,0,33,35,65,66,20,90,63,69,0,0,31,46,86,16,91,98,0,0,2,57,42,14,38,44,37,0,0,52,47,36,49,62,0,0,6,96,59,43,15,87,0,0,89,0,0,3,79,68,28,0,0,4,72,22,41,53,0,0,70,10,11,48,82,0,0,21,73,74,75,56,67,25,55,0,0,26,54,12,76,0,0,51,9,71,34,78,81,0,0,60,83,45,17,84,61,5,0,0,40,23,39,24,29,80,0,0,77,50,30,32,0,0,99,92,95,94,0,0,1,88,64,19,7,8,18,27,0,0,100,85,0
0;pliki//100 lokacji//R201.txt;250;30;invert;3;5543;6000.382765881199;2129.161766546145;729.4356752389809;3141.785324096073;5357.597984883498;1780.4869654663771;774.9635158653497;2802.147503551771;18;300019.2083;0,53,58,96,84,8,46,17,37,43,97,0,0,27,28,26,72,2,15,91,0,0,89,61,85,99,6,0,0,25,24,1,70,60,93,100,94,0,0,13,74,4,68,0,0,40,73,92,87,57,41,22,56,55,0,0,52,69,62,64,19,88,0,0,95,59,5,83,0,0,20,32,90,48,18,0,0,80,78,81,79,3,76,0,0,31,63,11,47,82,0,0,67,23,75,21,0,0,77,29,12,0,0,30,65,71,51,33,0,0,54,39,0,0,7,49,36,45,86,0,0,42,14,38,44,16,98,0,0,10,66,35,34,9,50,0
0;pliki//100 lokacji//R201.txt;250;30;invert;3;5544;6000.382765881199;2129.161766546145;729.4356752389809;3141.785324096073;5299.93311444166;1720.933691226015;820.6891052075895;2758.3103180080557;18;300058.0717;0,53,58,96,84,8,46,17,37,43,97,0,0,27,28,26,72,2,15,91,0,0,89,61,85,99,6,0,0,25,24,1,70,60,93,100,94,0,0,13,74,4,68,0,0,40,73,56,22,41,57,87,0,0,39,55,54,0,0,33,51,71,65,66,10,0,0,80,78,81,79,3,76,0,0,31,63,11,47,82,0,0,67,23,75,21,0,0,77,29,12,0,0,30,35,34,9,50,0,0,20,32,90,48,18,0,0,95,59,5,83,0,0,52,19,64,62,88,69,0,0,92,98,16,44,38,14,42,0,0,7,49,36,45,86,0
0;pliki//100 lokacji//R201.txt;250;30;insert;3;5542;6000.382765881199;2129.161766546145;729.4356752389809;3141.785324096073;5594.520035155415;1857.0504248478574;841.8569967862919;2895.6126135212658;18;300088.4885;0,53,58,96,8,17,84,37,97,0,0,28,26,72,15,2,0,0,93,100,91,60,89,1,24,25,0,0,6,99,61,85,94,0,0,13,74,4,0,0,40,73,22,41,57,87,56,0,0,52,27,69,62,19,88,0,0,95,59,5,83,0,0,68,29,80,12,0,0,18,48,90,32,20,0,0,50,9,34,35,66,70,10,0,0,31,63,11,47,82,0,0,21,75,23,67,0,0,77,3,78,79,76,0,0,7,49,86,81,0,0,16,38,44,98,30,0,0,33,51,71,65,64,36,46,45,0,0,92,14,43,42,39,55,54,0
0;pliki//100 lokacji//R201.txt;250;30;insert;3;5543;6000.382765881199;2129.161766546145;729.4356752389809;3141.785324096073;5594.520035155415;1857.0504248478574;841.8569967862919;2895.6126135212658;18;300058.7086;0,53,58,96,8,17,84,37,97,0,0,28,26,72,15,2,0,0,93,100,91,60,89,1,24,25,0,0,6,99,61,85,94,0,0,13,74,4,0,0,40,73,22,41,57,87,56,0,0,52,27,69,62,19,88,0,0,95,59,5,83,0,0,68,29,80,12,0,0,18,48,90,32,20,0,0,50,9,34,35,66,70,10,0,0,31,63,11,47,82,0,0,21,75,23,67,0,0,77,3,78,79,76,0,0,7,49,86,81,0,0,16,38,44,98,30,0,0,33,51,71,65,64,36,46,45,0,0,92,14,43,42,39,55,54,0
0;pliki//100 lokacji//R201.txt;250;30;insert;3;5544;6000.382765881199;2129.161766546145;729.4356752389809;3141.785324096073;5594.520035155415;1857.0504248478574;841.8569967862919;2895.6126135212658;18;300039.2707;0,53,58,96,8,17,84,37,97,0,0,28,26,72,15,2,0,0,93,100,91,60,89,1,24,25,0,0,6,99,61,85,94,0,0,13,74,4,0,0,40,73,22,41,57,87,56,0,0,52,27,69,62,19,88,0,0,95,59,5,83,0,0,68,29,80,12,0,0,18,48,90,32,20,0,0,50,9,34,35,66,70,10,0,0,31,63,11,47,82,0,0,21,75,23,67,0,0,77,3,78,79,76,0,0,7,49,86,81,0,0,16,38,44,98,30,0,0,33,51,71,65,64,36,46,45,0,0,92,14,43,42,39,55,54,0
0;pliki//100 lokacji//R201.txt;250;40;swap;3;6542;6000.382765881199;2129.161766546145;729.4356752389809;3141.785324096073;5143.149212823467;1520.0233854956687;1085.7976291228001;2537.328198204998;18;300029.1831;0,42,43,14,17,45,83,60,0,0,12,29,34,35,30,0,0,20,71,9,81,51,0,0,18,82,47,36,64,11,52,0,0,89,5,84,93,99,0,0,44,38,86,16,6,0,0,94,13,0,0,77,3,79,68,0,0,54,80,78,24,55,25,39,21,40,0,0,8,46,49,19,70,50,76,0,0,73,72,2,57,15,87,0,0,7,48,62,88,0,0,10,63,90,32,1,69,27,0,0,96,59,100,37,92,95,0,0,28,33,65,66,31,0,0,53,75,23,74,58,0,0,97,98,91,61,85,0,0,22,41,56,67,4,26,0
0;pliki//100 lokacji//R201.txt;250;40;swap;3;6543;6000.382765881199;2129.161766546145;729.4356752389809;3141.785324096073;5114.119920024225;1523.3970316094221;1052.721359549996;2538.0015288648074;19;300074.7081;0,1,66,32,69,27,0,0,63,49,36,46,8,45,17,83,0,0,3,79,78,68,80,0,0,77,29,24,54,12,0,0,92,85,93,99,0,0,53,40,73,22,57,0,0,100,14,43,15,98,6,89,0,0,70,30,9,81,76,0,0,96,61,91,44,16,84,18,0,0,26,72,0,0,7,48,47,82,0,0,31,19,64,11,52,0,0,13,97,87,94,0,0,4,39,67,56,25,55,0,0,50,51,20,90,10,62,88,0,0,59,5,60,0,0,34,35,65,71,33,28,0,0,21,74,75,23,41,2,58,0,0,42,38,86,37,95,0
0;pliki//100 lokacji//R201.txt;250;40;swap;3;6544;6000.382765881199;2129.161766546145;729.4356752389809;3141.785324096073;5237.535251515257;1673.6496865328681;868.2983487935217;2695.587216188868;20;300064.6512;0,18,83,82,11,90,10,70,88,0,0,72,15,43,42,14,91,17,98,2,0,0,58,23,67,56,26,0,0,5,45,0,0,39,4,12,28,0,0,3,79,81,50,0,0,46,8,86,84,60,89,0,0,96,85,99,0,0,62,48,7,52,0,0,54,55,25,24,80,68,0,0,51,9,78,29,22,41,57,53,0,0,93,100,37,13,0,0,1,66,20,0,0,63,49,36,47,31,0,0,94,44,38,16,61,6,0,0,40,73,74,75,21,0,0,77,76,0,0,95,59,92,97,87,0,0,33,34,35,65,71,69,27,0,0,19,64,32,30,0
0;pliki//100 lokacji//R201.txt;250;40;invert;3;6542;6000.382765881199;2129.161766546145;729.4356752389809;3141.785324096073;5351.345060058455;1780.6988783959007;762.3904836619214;2808.2556980006325;18;300088.6469;0,53,58,96,84,8,46,17,37,43,97,0,0,27,28,26,72,2,15,91,0,0,94,85,61,99,6,0,0,25,24,1,70,60,93,100,89,0,0,13,74,4,68,0,0,40,73,92,87,57,41,22,56,55,0,0,52,69,62,64,19,88,0,0,10,66,35,34,78,9,50,0,0,20,32,90,48,18,0,0,80,29,79,3,76,12,0,0,83,5,59,95,0,0,31,63,11,47,82,0,0,67,23,75,21,0,0,77,81,0,0,98,16,44,38,14,42,0,0,86,45,36,49,7,0,0,39,54,0,0,33,51,71,65,30,0
0;pliki//100 lokacji//R201.txt;250;40;invert;3;6543;6000.382765881199;2129.161766546145;729.4356752389809;3141.785324096073;5329.868867880946;1738.8327321193913;833.1200770925601;2757.9160586689945;18;300018.9713;0,53,58,96,84,8,46,17,37,43,97,0,0,27,28,26,72,2,15,91,0,0,94,85,61,99,6,0,0,25,24,1,70,60,93,100,89,0,0,13,74,4,68,0,0,40,73,92,87,57,41,22,56,55,0,0,31,63,64,49,7,0,0,39,54,0,0,52,19,11,62,88,0,0,10,66,35,34,78,9,50,0,0,77,81,33,69,0,0,83,5,59,95,0,0,76,3,79,29,80,12,0,0,20,32,90,48,18,0,0,67,23,75,21,0,0,51,71,65,30,0,0,86,45,36,47,82,0,0,42,14,38,44,16,98,0
0;pliki//100 lokacji//R201.txt;250;40;invert;3;6544;6000.382765881199;2129.161766546145;729.4356752389809;3141.785324096073;5333.43227534077;1606.147001129518;1087.2246396582007;2640.060634553051;19;300099.0959;0,28,34,65,9,33,0,0,19,11,63,90,32,20,0,0,60,45,46,47,36,49,64,0,0,74,22,41,87,96,0,0,30,76,12,0,0,67,23,56,21,40,0,0,85,100,92,58,0,0,80,81,78,24,54,4,26,0,0,95,59,93,6,0,0,18,17,44,14,42,43,15,57,0,0,27,70,7,48,82,52,0,0,94,99,5,83,89,0,0,13,53,0,0,73,72,75,25,29,0,0,1,31,10,62,88,0,0,51,66,71,35,79,3,0,0,97,37,98,91,61,86,84,8,0,0,55,39,2,38,16,0,0,68,77,50,69,0
0;pliki//100 lokacji//R201.txt;250;40;insert;3;6542;6000.382765881199;2129.161766546145;729.4356752389809;3141.785324096073;5594.520035155415;1857.0504248478574;841.8569967862919;2895.6126135212658;18;300011.4748;0,53,58,96,8,17,84,37,97,0,0,28,26,72,15,2,0,0,93,100,91,60,89,1,24,25,0,0,6,99,61,85,94,0,0,13,74,4,0,0,40,73,22,41,57,87,56,0,0,52,27,69,62,19,88,0,0,95,59,5,83,0,0,68,29,80,12,0,0,18,48,90,32,20,0,0,50,9,34,35,66,70,10,0,0,31,63,11,47,82,0,0,21,75,23,67,0,0,77,3,78,79,76,0,0,7,49,86,81,0,0,16,38,44,98,30,0,0,33,51,71,65,64,36,46,45,0,0,92,14,43,42,39,55,54,0
0;pliki//100 lokacji//R201.txt;250;40;insert;3;6543;6000.382765881199;2129.161766546145;729.4356752389809;3141.785324096073;5594.520035155415;1857.0504248478574;841.8569967862919;2895.6126135212658;18;300046.8315;0,53,58,96,8,17,84,37,97,0,0,28,26,72,15,2,0,0,93,100,91,60,89,1,24,25,0,0,6,99,61,85,94,0,0,13,74,4,0,0,40,73,22,41,57,87,56,0,0,52,27,69,62,19,88,0,0,95,59,5,83,0,0,68,29,80,12,0,0,18,48,90,32,20,0,0,50,9,34,35,66,70,10,0,0,31,63,11,47,82,0,0,21,75,23,67,0,0,77,3,78,79,76,0,0,7,49,86,81,0,0,16,38,44,98,30,0,0,33,51,71,65,64,36,46,45,0,0,92,14,43,42,39,55,54,0
0;pliki//100 lokacji//R201.txt;250;40;insert;3;6544;6000.382765881199;2129.161766546145;729.4356752389809;3141.785324096073;5594.520035155415;1857.0504248478574;841.8569967862919;2895.6126135212658;18;300034.5409;0,53,58,96,8,17,84,37,97,0,0,28,26,72,15,2,0,0,93,100,91,60,89,1,24,25,0,0,6,99,61,85,94,0,0,13,74,4,0,0,40,73,22,41,57,87,56,0,0,52,27,69,62,19,88,0,0,95,59,5,83,0,0,68,29,80,12,0,0,18,48,90,32,20,0,0,50,9,34,35,66,70,10,0,0,31,63,11,47,82,0,0,21,75,23,67,0,0,77,3,78,79,76,0,0,7,49,86,81,0,0,16,38,44,98,30,0,0,33,51,71,65,64,36,46,45,0,0,92,14,43,42,39,55,54,0
0;pliki//100 lokacji//R201.txt;250;50;swap;3;7542;6000.382765881199;2129.161766546145;729.4356752389809;3141.785324096073;5151.368904678964;1562.0797591456842;1020.5865640699726;2568.7025814633066;20;300041.9871;0,91,16,98,93,99,0,0,70,30,66,71,51,1,0,0,21,72,0,0,43,15,41,67,39,0,0,7,64,19,48,18,0,0,77,3,79,76,0,0,53,61,85,84,0,0,8,46,45,5,89,0,0,68,80,12,0,0,50,78,34,9,81,0,0,94,6,87,13,0,0,97,14,42,57,2,22,74,40,0,0,88,63,90,32,33,28,0,0,60,83,17,86,38,44,0,0,24,29,35,65,20,10,62,0,0,31,69,27,0,0,96,59,100,37,92,95,0,0,4,25,55,54,26,0,0,11,49,36,47,82,52,0,0,56,23,75,73,58,0
0;pliki//100 lokacji//R201.txt;250;50;swap;3;7543;6000.382765881199;2129.161766546145;729.4356752389809;3141.785324096073;5192.913469808271;1606.0838225919188;960;2626.8296472163515;20;300029.8072;0,93,91,100,94,0,0,95,97,42,43,15,2,0,0,20,65,66,32,64,0,0,58,87,57,41,23,56,0,0,13,38,16,99,0,0,77,3,79,76,0,0,80,54,55,25,24,29,34,35,71,0,0,75,72,21,40,0,0,47,36,46,45,84,83,60,89,0,0,39,67,4,0,0,88,62,30,70,0,0,6,44,61,85,96,0,0,48,82,52,0,0,26,73,74,22,53,0,0,7,19,49,8,18,0,0,69,1,33,68,12,0,0,59,98,37,92,28,0,0,5,17,86,14,0,0,50,78,51,9,81,0,0,11,63,90,10,31,27,0
0;pliki//100 lokacji//R201.txt;250;50;swap;3;7544;6000.382765881199;2129.161766546145;729.4356752389809;3141.785324096073;5166.78112453014;1639.8743275794332;885.3562769506557;2641.5505200000516;20;300129.9172;0,87,42,15,57,2,0,0,53,40,21,73,12,0,0,18,83,45,17,5,0,0,77,3,29,68,80,0,0,7,36,49,31,69,27,0,0,85,61,16,98,0,0,13,97,91,93,89,0,0,81,9,35,65,66,20,0,0,37,44,38,86,99,6,0,0,63,32,51,33,28,0,0,82,47,48,52,0,0,62,11,64,19,88,0,0,74,75,23,4,0,0,70,10,90,30,79,76,0,0,60,84,46,8,96,0,0,39,67,24,54,0,0,1,50,0,0,94,59,92,95,0,0,58,72,22,56,25,55,26,0,0,100,14,43,41,71,34,78,0
0;pliki//100 lokacji//R201.txt;250;50;invert;3;7542;6000.382765881199;2129.161766546145;729.4356752389809;3141.785324096073;5362.817151652499;1780.6988783959007;762.3904836619214;2819.727789594677;18;300057.9169;0,53,58,96,84,8,46,17,37,43,97,0,0,27,28,26,72,2,15,91,0,0,94,85,61,99,6,0,0,25,24,1,70,60,93,100,89,0,0,13,74,4,68,0,0,40,73,92,87,57,41,22,56,55,0,0,52,69,62,64,19,88,0,0,95,59,5,83,0,0,10,66,35,34,78,9,50,0,0,20,32,90,48,18,0,0,80,29,79,3,76,12,0,0,31,63,11,47,82,0,0,21,75,23,67,0,0,77,81,0,0,98,16,44,38,14,42,0,0,86,45,36,49,7,0,0,39,54,0,0,33,51,71,65,30,0
0;pliki//100 lokacji//R201.txt;250;50;invert;3;7543;6000.382765881199;2129.161766546145;729.4356752389809;3141.785324096073;5358.433453665306;1774.5098186371415;781.8569967862919;2802.0666382418726;18;300094.8223;0,53,58,96,84,8,46,17,37,43,97,0,0,27,28,26,72,2,15,91,0,0,94,85,61,99,6,0,0,25,24,1,70,60,93,100,89,0,0,13,74,4,68,0,0,40,73,92,87,57,41,22,56,55,0,0,52,69,62,64,19,88,0,0,83,5,59,95,0,0,10,66,35,34,78,9,50,0,0,20,32,90,48,18,0,0,76,3,79,29,80,12,0,0,31,63,11,47,82,0,0,67,23,75,21,0,0,77,81,0,0,98,16,44,38,14,42,0,0,86,45,36,49,7,0,0,39,54,0,0,33,51,71,65,30,0
0;pliki//100 lokacji//R201.txt;250;50;invert;3;7544;6000.382765881199;2129.161766546145;729.4356752389809;3141.785324096073;5351.5254514257385;1773.6982475214795;774.9635158653497;2802.8636880389095;18;300017.5511;0,53,58,96,84,8,46,17,37,43,97,0,0,27,28,26,72,2,15,91,0,0,89,61,85,99,6,0,0,25,24,1,70,60,93,100,94,0,0,13,74,4,68,0,0,40,73,92,87,57,41,22,56,55,0,0,52,69,62,64,19,88,0,0,83,5,59,95,0,0,20,32,90,48,18,0,0,80,78,81,79,3,76,0,0,31,63,11,47,82,0,0,67,23,75,21,0,0,77,29,12,0,0,42,14,38,44,16,98,0,0,86,45,36,49,7,0,0,54,39,0,0,33,51,71,65,66,10,0,0,30,35,34,9,50,0
0;pliki//100 lokacji//R201.txt;250;50;insert;3;7542;6000.382765881199;2129.161766546145;729.4356752389809;3141.785324096073;5594.520035155415;1857.0504248478574;841.8569967862919;2895.6126135212658;18;300056.6307;0,53,58,96,8,17,84,37,97,0,0,28,26,72,15,2,0,0,93,100,91,60,89,1,24,25,0,0,6,99,61,85,94,0,0,13,74,4,0,0,40,73,22,41,57,87,56,0,0,52,27,69,62,19,88,0,0,95,59,5,83,0,0,68,29,80,12,0,0,18,48,90,32,20,0,0,50,9,34,35,66,70,10,0,0,31,63,11,47,82,0,0,21,75,23,67,0,0,77,3,78,79,76,0,0,7,49,86,81,0,0,16,38,44,98,30,0,0,33,51,71,65,64,36,46,45,0,0,92,14,43,42,39,55,54,0
0;pliki//100 lokacji//R201.txt;250;50;insert;3;7543;6000.382765881199;2129.161766546145;729.4356752389809;3141.785324096073;5594.520035155415;1857.0504248478574;841.8569967862919;2895.6126135212658;18;300126.7544;0,53,58,96,8,17,84,37,97,0,0,28,26,72,15,2,0,0,93,100,91,60,89,1,24,25,0,0,6,99,61,85,94,0,0,13,74,4,0,0,40,73,22,41,57,87,56,0,0,52,27,69,62,19,88,0,0,95,59,5,83,0,0,68,29,80,12,0,0,18,48,90,32,20,0,0,50,9,34,35,66,70,10,0,0,31,63,11,47,82,0,0,21,75,23,67,0,0,77,3,78,79,76,0,0,7,49,86,81,0,0,16,38,44,98,30,0,0,33,51,71,65,64,36,46,45,0,0,92,14,43,42,39,55,54,0
0;pliki//100 lokacji//R201.txt;250;50;insert;3;7544;6000.382765881199;2129.161766546145;729.4356752389809;3141.785324096073;5594.520035155415;1857.0504248478574;841.8569967862919;2895.6126135212658;18;300062.8486;0,53,58,96,8,17,84,37,97,0,0,28,26,72,15,2,0,0,93,100,91,60,89,1,24,25,0,0,6,99,61,85,94,0,0,13,74,4,0,0,40,73,22,41,57,87,56,0,0,52,27,69,62,19,88,0,0,95,59,5,83,0,0,68,29,80,12,0,0,18,48,90,32,20,0,0,50,9,34,35,66,70,10,0,0,31,63,11,47,82,0,0,21,75,23,67,0,0,77,3,78,79,76,0,0,7,49,86,81,0,0,16,38,44,98,30,0,0,33,51,71,65,64,36,46,45,0,0,92,14,43,42,39,55,54,0
0;pliki//100 lokacji//R201.txt;300;10;swap;3;4042;6000.382765881199;2129.161766546145;729.4356752389809;3141.785324096073;5254.276063372793;1736.7618207143855;742.3904836619214;2775.1237589964862;18;300004.0171;0,53,58,94,84,8,46,17,37,97,0,0,27,28,26,72,15,2,0,0,93,100,91,60,70,1,0,0,96,99,85,61,6,0,0,13,74,4,68,0,0,40,73,22,41,57,87,56,55,24,0,0,52,7,62,11,19,88,0,0,95,59,0,0,80,29,79,3,76,12,0,0,18,48,90,32,20,0,0,50,9,34,35,66,10,0,0,31,63,64,47,82,0,0,67,23,75,21,0,0,77,78,81,30,0,0,83,45,86,5,0,0,89,98,16,44,38,43,0,0,33,51,71,65,36,49,69,0,0,92,14,42,39,25,54,0
0;pliki//100 lokacji//R201.txt;300;10;swap;3;4043;6000.382765881199;2129.161766546145;729.4356752389809;3141.785324096073;5097.525965693865;1591.3238338026174;909.8503263759496;2596.351805515298;19;300110.0194;0,32,63,31,27,0,0,23,67,25,54,0,0,95,37,100,55,24,29,12,0,0,83,46,36,49,64,11,52,0,0,33,35,71,65,66,20,70,69,0,0,62,47,8,82,18,0,0,85,86,60,6,0,0,53,72,21,0,0,91,44,38,16,61,99,0,0,87,15,75,73,40,0,0,80,68,28,0,0,89,10,90,30,0,0,4,39,43,14,97,0,0,13,57,41,22,74,56,26,0,0,7,48,19,88,0,0,96,5,84,45,17,42,2,58,0,0,77,81,34,3,50,0,0,94,92,98,93,59,0,0,1,51,9,78,79,76,0
0;pliki//100 lokacji//R201.txt;300;10;swap;3;4044;6000.382765881199;2129.161766546145;729.4356752389809;3141.785324096073;5130.296316643235;1556.4949444718686;1000;2573.801372171366;19;300526.0868;0,56,23,75,74,73,94,0,0,48,36,49,64,0,0,77,68,80,12,0,0,33,65,66,20,31,69,0,0,89,52,84,61,16,99,6,0,0,70,32,63,11,17,5,60,0,0,28,0,0,55,25,4,22,41,13,0,0,50,81,34,3,26,0,0,29,24,54,21,40,53,0,0,47,46,45,83,18,27,0,0,95,92,98,37,87,2,58,0,0,62,10,90,30,1,0,0,72,67,39,0,0,85,93,96,0,0,100,44,86,38,57,0,0,97,42,15,43,14,91,59,0,0,7,19,82,8,88,0,0,51,9,71,35,78,79,76,0
0;pliki//100 lokacji//R201.txt;300;10;invert;3;4042;6000.382765881199;2129.161766546145;729.4356752389809;3141.785324096073;5249.662494319156;1535.0463099336048;1162.0851804584647;2552.5310039270876;18;300048.3702;0,76,3,9,32,90,0,0,37,87,15,2,74,72,0,0,1,66,65,35,34,78,33,0,0,77,68,80,54,26,0,0,93,59,13,0,0,31,64,11,62,0,0,70,30,20,71,51,79,0,0,95,16,5,89,0,0,60,83,84,86,14,43,0,0,7,47,36,49,63,69,27,0,0,58,73,22,41,57,97,0,0,17,61,85,99,96,6,0,0,42,100,38,44,91,98,92,94,0,0,4,39,67,25,55,24,0,0,18,82,48,52,0,0,21,56,23,75,40,53,0,0,81,29,12,28,0,0,50,10,88,19,46,45,8,0
0;pliki//100 lokacji//R201.txt;300;10;invert;3;4043;6000.382765881199;2129.161766546145;729.4356752389809;3141.785324096073;5178.974983077544;1478.002442545215;1200;2500.9725405323293;18;300062.2422;0,40,74,41,2,87,13,0,0,58,92,59,5,60,89,0,0,26,12,67,22,0,0,7,36,46,45,17,86,38,37,0,0,72,56,39,25,55,4,0,0,94,44,16,61,99,96,0,0,6,93,85,98,0,0,10,63,64,49,19,0,0,18,83,8,47,11,62,0,0,68,3,76,0,0,54,24,29,34,35,78,79,80,0,0,82,48,52,0,0,57,42,15,43,14,91,100,97,0,0,21,23,75,73,53,0,0,90,32,20,30,70,69,0,0,51,9,71,65,66,1,0,0,50,33,81,77,28,0,0,95,84,88,31,27,0
0;pliki//100 lokacji//R201.txt;300;10;invert;3;4044;6000.382765881199;2129.161766546145;729.4356752389809;3141.785324096073;5077.708640227567;1417.1059123805353;1229.8348573511093;2430.767870495923;18;300010.6152;0,76,80,29,33,20,32,1,0,0,47,36,49,19,7,52,0,0,94,95,59,5,0,0,26,4,25,24,68,28,0,0,85,16,61,6,0,0,58,73,74,22,23,56,0,0,51,71,65,66,30,0,0,87,97,98,93,99,0,0,13,53,0,0,2,57,41,75,72,21,40,0,0,18,48,62,88,0,0,54,55,67,39,0,0,91,44,38,86,17,89,0,0,96,92,37,100,14,43,15,42,0,0,60,83,84,45,46,8,82,69,27,0,0,50,81,9,35,34,78,0,0,77,79,3,12,0,0,70,90,63,64,11,10,31,0
0;pliki//100 lokacji//R201.txt;300;10;insert;3;4042;6000.382765881199;2129.161766546145;729.4356752389809;3141.785324096073;5594.520035155415;1857.0504248478574;841.8569967862919;2895.6126135212658;18;300020.9446;0,53,58,96,8,17,84,37,97,0,0,28,26,72,15,2,0,0,93,100,91,60,89,1,24,25,0,0,6,99,61,85,94,0,0,13,74,4,0,0,40,73,22,41,57,87,56,0,0,52,27,69,62,19,88,0,0,95,59,5,83,0,0,68,29,80,12,0,0,18,48,90,32,20,0,0,50,9,34,35,66,70,10,0,0,31,63,11,47,82,0,0,21,75,23,67,0,0,77,3,78,79,76,0,0,7,49,86,81,0,0,16,38,44,98,30,0,0,33,51,71,65,64,36,46,45,0,0,92,14,43,42,39,55,54,0
0;pliki//100 lokacji//R201.txt;300;10;insert;3;4043;6000.382765881199;2129.161766546145;729.4356752389809;3141.785324096073;5594.520035155415;1857.0504248478574;841.8569967862919;2895.6126135212658;18;300085.3097;0,53,58,96,8,17,84,37,97,0,0,28,26,72,15,2,0,0,93,100,91,60,89,1,24,25,0,0,6,99,61,85,94,0,0,13,74,4,0,0,40,73,22,41,57,87,56,0,0,52,27,69,62,19,88,0,0,95,59,5,83,0,0,68,29,80,12,0,0,18,48,90,32,20,0,0,50,9,34,35,66,70,10,0,0,31,63,11,47,82,0,0,21,75,23,67,0,0,77,3,78,79,76,0,0,7,49,86,81,0,0,16,38,44,98,30,0,0,33,51,71,65,64,36,46,45,0,0,92,14,43,42,39,55,54,0
0;pliki//100 lokacji//R201.txt;300;10;insert;3;4044;6000.382765881199;2129.161766546145;729.4356752389809;3141.785324096073;5594.520035155415;1857.0504248478574;841.8569967862919;2895.6126135212658;18;300039.2317;0,53,58,96,8,17,84,37,97,0,0,28,26,72,15,2,0,0,93,100,91,60,89,1,24,25,0,0,6,99,61,85,94,0,0,13,74,4,0,0,40,73,22,41,57,87,56,0,0,52,27,69,62,19,88,0,0,95,59,5,83,0,0,68,29,80,12,0,0,18,48,90,32,20,0,0,50,9,34,35,66,70,10,0,0,31,63,11,47,82,0,0,21,75,23,67,0,0,77,3,78,79,76,0,0,7,49,86,81,0,0,16,38,44,98,30,0,0,33,51,71,65,64,36,46,45,0,0,92,14,43,42,39,55,54,0
0;pliki//100 lokacji//R201.txt;300;20;swap;3;5042;6000.382765881199;2129.161766546145;729.4356752389809;3141.785324096073;5066.540084342023;1580.1457068391767;900;2586.3943775028465;19;300026.9287;0,60,18,96,97,87,0,0,88,11,64,49,19,0,0,26,67,23,21,0,0,85,98,94,0,0,62,63,10,31,69,0,0,39,25,55,24,54,12,0,0,82,48,7,52,0,0,66,65,35,81,33,27,0,0,68,80,22,73,53,0,0,58,40,4,56,41,57,13,0,0,76,29,71,9,30,70,0,0,47,36,46,8,5,89,0,0,92,42,74,75,72,28,0,0,95,59,17,45,83,0,0,93,61,86,84,0,0,91,44,38,16,99,6,0,0,1,50,3,77,0,0,2,15,43,14,100,37,0,0,90,32,20,51,34,78,79,0
0;pliki//100 lokacji//R201.txt;300;20;swap;3;5043;6000.382765881199;2129.161766546145;729.4356752389809;3141.785324096073;5115.721959844859;1590.3295065602579;905.948817700608;2619.443635583994;19;300157.8152;0,56,23,75,73,0,0,49,36,48,82,0,0,54,76,3,81,50,0,0,90,11,19,7,8,18,89,0,0,40,74,22,41,15,43,42,2,0,0,60,83,45,5,0,0,68,80,12,0,0,37,98,85,61,17,46,84,0,0,91,38,14,72,21,26,0,0,70,32,63,64,47,52,0,0,58,87,57,53,0,0,86,44,16,99,6,0,0,4,25,55,24,34,9,78,79,0,0,93,100,97,13,0,0,77,29,35,71,66,20,51,0,0,39,67,28,0,0,31,10,62,88,0,0,1,33,65,30,69,27,0,0,96,59,92,95,94,0
0;pliki//100 lokacji//R201.txt;300;20;swap;3;5044;6000.382765881199;2129.161766546145;729.4356752389809;3141.785324096073;5072.017230720062;1566.7621302090379;900;2605.255100511024;19;300078.4969;0,4,23,75,74,73,0,0,68,79,3,76,0,0,13,95,92,37,59,0,0,18,82,48,0,0,5,83,28,0,0,100,85,99,6,0,0,39,67,25,54,0,0,53,72,21,0,0,94,97,57,41,22,56,55,26,0,0,30,20,51,50,77,80,40,0,0,89,60,84,93,96,0,0,27,1,35,65,66,10,52,0,0,62,64,11,88,0,0,87,42,14,43,15,2,58,0,0,44,38,86,17,8,7,0,0,19,49,36,47,46,45,0,0,70,31,98,91,16,61,0,0,12,24,29,78,34,71,9,0,0,33,81,32,90,63,69,0
0;pliki//100 lokacji//R201.txt;300;20;invert;3;5042;6000.382765881199;2129.161766546145;729.4356752389809;3141.785324096073;5222.091713769824;1554.8098566930523;1091.4669372240903;2575.8149198526817;18;300094.5701;0,52,88,31,32,1,0,0,26,23,22,74,73,0,0,30,51,71,35,34,78,0,0,95,59,92,37,14,42,0,0,96,61,38,44,91,100,97,0,0,19,48,82,8,0,0,56,39,67,55,54,0,0,50,33,79,68,76,0,0,40,21,75,15,98,93,0,0,58,13,87,43,57,0,0,84,86,16,99,53,0,0,5,17,45,83,18,0,0,20,10,90,63,64,62,0,0,7,46,47,36,49,11,70,69,0,0,89,60,85,94,6,0,0,2,41,72,28,27,0,0,81,3,77,80,12,0,0,66,65,9,29,24,25,4,0
0;pliki//100 lokacji//R201.txt;300;20;invert;3;5043;6000.382765881199;2129.161766546145;729.4356752389809;3141.785324096073;5275.518018809897;1547.5431542284693;1160.8049564675166;2567.16990811391;19;300077.2679;0,52,18,83,17,16,91,93,0,0,53,73,56,25,55,54,12,0,0,9,34,78,77,76,0,0,89,84,45,8,46,36,47,82,0,0,72,74,75,39,0,0,13,0,0,50,33,81,68,0,0,94,95,92,97,42,14,99,0,0,51,71,66,20,30,0,0,2,57,15,41,23,67,0,0,10,63,90,32,1,28,0,0,58,22,87,100,0,0,7,88,62,31,69,0,0,43,38,44,86,61,60,0,0,37,98,85,96,6,0,0,3,79,35,65,27,0,0,70,11,64,49,19,0,0,48,5,59,0,0,26,80,29,24,4,21,40,0
0;pliki//100 lokacji//R201.txt;300;20;invert;3;5044;6000.382765881199;2129.161766546145;729.4356752389809;3141.785324096073;5247.958911773989;1695.1439823845553;833.1200770925601;2719.6948522968733;18;300003.0127;0,53,58,96,84,8,46,17,37,43,97,0,0,27,28,26,72,2,15,91,0,0,94,85,61,99,6,0,0,25,24,1,70,60,93,100,89,0,0,13,74,4,68,0,0,40,73,56,22,41,57,87,0,0,86,45,36,47,82,0,0,52,7,11,64,49,19,0,0,77,81,33,0,0,39,55,54,0,0,67,23,75,21,0,0,83,5,59,95,0,0,20,32,90,48,18,0,0,76,3,79,29,80,12,0,0,10,66,35,34,78,9,50,0,0,31,63,62,88,69,0,0,92,98,16,44,38,14,42,0,0,51,71,65,30,0
0;pliki//100 lokacji//R201.txt;300;20;insert;3;5042;6000.382765881199;2129.161766546145;729.4356752389809;3141.785324096073;5594.520035155415;1857.0504248478574;841.8569967862919;2895.6126135212658;18;300070.3964;0,53,58,96,8,17,84,37,97,0,0,28,26,72,15,2,0,0,93,100,91,60,89,1,24,25,0,0,6,99,61,85,94,0,0,13,74,4,0,0,40,73,22,41,57,87,56,0,0,52,27,69,62,19,88,0,0,95,59,5,83,0,0,68,29,80,12,0,0,18,48,90,32,20,0,0,50,9,34,35,66,70,10,0,0,31,63,11,47,82,0,0,21,75,23,67,0,0,77,3,78,79,76,0,0,7,49,86,81,0,0,16,38,44,98,30,0,0,33,51,71,65,64,36,46,45,0,0,92,14,43,42,39,55,54,0
0;pliki//100 lokacji//R201.txt;300;20;insert;3;5043;6000.382765881199;2129.161766546145;729.4356752389809;3141.785324096073;5594.520035155415;1857.0504248478574;841.8569967862919;2895.6126135212658;18;300059.9527;0,53,58,96,8,17,84,37,97,0,0,28,26,72,15,2,0,0,93,100,91,60,89,1,24,25,0,0,6,99,61,85,94,0,0,13,74,4,0,0,40,73,22,41,57,87,56,0,0,52,27,69,62,19,88,0,0,95,59,5,83,0,0,68,29,80,12,0,0,18,48,90,32,20,0,0,50,9,34,35,66,70,10,0,0,31,63,11,47,82,0,0,21,75,23,67,0,0,77,3,78,79,76,0,0,7,49,86,81,0,0,16,38,44,98,30,0,0,33,51,71,65,64,36,46,45,0,0,92,14,43,42,39,55,54,0
0;pliki//100 lokacji//R201.txt;300;20;insert;3;5044;6000.382765881199;2129.161766546145;729.4356752389809;3141.785324096073;5594.520035155415;1857.0504248478574;841.8569967862919;2895.6126135212658;18;300052.3312;0,53,58,96,8,17,84,37,97,0,0,28,26,72,15,2,0,0,93,100,91,60,89,1,24,25,0,0,6,99,61,85,94,0,0,13,74,4,0,0,40,73,22,41,57,87,56,0,0,52,27,69,62,19,88,0,0,95,59,5,83,0,0,68,29,80,12,0,0,18,48,90,32,20,0,0,50,9,34,35,66,70,10,0,0,31,63,11,47,82,0,0,21,75,23,67,0,0,77,3,78,79,76,0,0,7,49,86,81,0,0,16,38,44,98,30,0,0,33,51,71,65,64,36,46,45,0,0,92,14,43,42,39,55,54,0
0;pliki//100 lokacji//R201.txt;300;30;swap;3;6042;6000.382765881199;2129.161766546145;729.4356752389809;3141.785324096073;5224.0552968068805;1653.0576586370119;900;2670.9976381698684;19;300038.3013;0,33,81,79,28,27,0,0,22,41,56,4,55,35,9,20,70,0,0,60,83,17,45,47,82,52,0,0,26,80,24,29,78,34,3,50,0,0,57,15,44,61,84,8,7,10,0,0,87,42,14,5,0,0,76,12,21,74,73,40,53,0,0,31,36,64,11,19,18,0,0,2,72,75,39,0,0,1,90,49,46,48,0,0,38,86,16,98,6,0,0,58,43,37,97,13,0,0,30,66,65,71,51,0,0,93,91,100,0,0,77,68,0,0,23,67,25,54,0,0,94,59,92,95,0,0,69,32,63,62,88,0,0,89,99,85,96,0
0;pliki//100 lokacji//R201.txt;300;30;swap;3;6043;6000.382765881199;2129.161766546145;729.4356752389809;3141.785324096073;5154.328996188591;1613.8983559296;920;2620.430640258991;19;300103.9879;0,53,72,41,15,2,58,0,0,18,83,82,52,0,0,9,71,20,30,1,0,0,13,93,96,0,0,51,81,79,56,22,57,0,0,31,88,10,90,32,70,0,0,34,35,65,66,63,0,0,89,99,85,6,0,0,62,11,64,19,0,0,26,21,87,97,98,94,0,0,76,78,29,68,12,0,0,50,33,3,77,28,0,0,60,5,45,8,7,69,27,0,0,38,16,61,84,17,86,91,0,0,46,36,49,47,48,0,0,59,44,14,42,92,95,0,0,75,23,73,40,0,0,54,55,25,74,43,100,37,0,0,4,39,67,24,80,0
0;pliki//100 lokacji//R201.txt;300;30;swap;3;6044;6000.382765881199;2129.161766546145;729.4356752389809;3141.785324096073;5176.787415093217;1648.5947816745982;840;2688.1926334186182;20;300066.2547;0,58,87,94,0,0,26,54,12,0,0,13,97,89,0,0,86,16,61,6,0,0,18,7,90,81,55,4,56,37,96,0,0,83,46,36,49,47,82,0,0,2,15,73,72,21,40,53,0,0,30,71,9,51,0,0,52,48,8,45,84,60,0,0,28,50,1,69,27,0,0,91,44,38,17,100,57,41,22,0,0,70,32,63,10,31,0,0,77,68,24,80,0,0,95,92,93,5,0,0,85,98,99,0,0,20,66,65,35,34,78,33,29,0,0,67,23,75,74,0,0,76,3,79,25,39,0,0,42,43,14,59,0,0,62,11,64,19,88,0
0;pliki//100 lokacji//R201.txt;300;30;invert;3;6042;6000.382765881199;2129.161766546145;729.4356752389809;3141.785324096073;5351.5254514257385;1773.6982475214795;774.9635158653497;2802.8636880389095;18;300055.727;0,53,58,96,84,8,46,17,37,43,97,0,0,27,28,26,72,2,15,91,0,0,89,61,85,99,6,0,0,25,24,1,70,60,93,100,94,0,0,13,74,4,68,0,0,40,73,92,87,57,41,22,56,55,0,0,52,69,62,64,19,88,0,0,95,59,5,83,0,0,20,32,90,48,18,0,0,80,78,81,79,3,76,0,0,31,63,11,47,82,0,0,67,23,75,21,0,0,77,29,12,0,0,30,35,34,9,50,0,0,7,49,36,45,86,0,0,42,14,38,44,16,98,0,0,39,54,0,0,33,51,71,65,66,10,0
0;pliki//100 lokacji//R201.txt;300;30;invert;3;6043;6000.382765881199;2129.161766546145;729.4356752389809;3141.785324096073;5302.296642082778;1722.1154550465744;820.6891052075895;2759.4920818286146;18;300013.9193;0,53,58,96,84,8,46,17,37,43,97,0,0,27,28,26,72,2,15,91,0,0,89,61,85,99,6,0,0,25,24,1,70,60,93,100,94,0,0,13,74,4,68,0,0,40,73,56,22,41,57,87,0,0,42,14,38,44,16,98,0,0,39,55,54,0,0,33,51,71,65,66,10,0,0,80,78,81,79,3,76,0,0,31,63,11,47,82,0,0,67,23,75,21,0,0,77,29,12,0,0,30,35,34,9,50,0,0,20,32,90,48,18,0,0,83,5,59,95,0,0,52,19,64,62,88,69,0,0,92,86,45,36,49,7,0
0;pliki//100 lokacji//R201.txt;300;30;invert;3;6044;6000.382765881199;2129.161766546145;729.4356752389809;3141.785324096073;5266.24421302574;1583.0968488945045;1085.7037543496297;2597.443609781605;19;300100.8651;0,56,23,41,22,73,58,0,0,28,0,0,18,88,10,90,30,51,76,0,0,27,7,63,11,47,45,60,0,0,57,42,100,38,44,91,96,0,0,16,86,61,5,0,0,85,98,95,0,0,13,2,21,40,12,0,0,72,54,24,80,68,0,0,20,66,65,71,29,0,0,93,37,97,74,4,0,0,31,70,32,62,0,0,50,81,9,34,78,3,0,0,94,6,99,87,53,0,0,83,8,46,36,49,64,19,0,0,89,82,48,52,0,0,26,77,79,35,33,1,69,0,0,92,59,84,17,14,43,15,0,0,55,25,67,39,75,0
0;pliki//100 lokacji//R201.txt;300;30;insert;3;6042;6000.382765881199;2129.161766546145;729.4356752389809;3141.785324096073;5594.520035155415;1857.0504248478574;841.8569967862919;2895.6126135212658;18;300094.473;0,53,58,96,8,17,84,37,97,0,0,28,26,72,15,2,0,0,93,100,91,60,89,1,24,25,0,0,6,99,61,85,94,0,0,13,74,4,0,0,40,73,22,41,57,87,56,0,0,52,27,69,62,19,88,0,0,95,59,5,83,0,0,68,29,80,12,0,0,18,48,90,32,20,0,0,50,9,34,35,66,70,10,0,0,31,63,11,47,82,0,0,21,75,23,67,0,0,77,3,78,79,76,0,0,7,49,86,81,0,0,16,38,44,98,30,0,0,33,51,71,65,64,36,46,45,0,0,92,14,43,42,39,55,54,0
0;pliki//100 lokacji//R201.txt;300;30;insert;3;6043;6000.382765881199;2129.161766546145;729.4356752389809;3141.785324096073;5594.520035155415;1857.0504248478574;841.8569967862919;2895.6126135212658;18;300045.6724;0,53,58,96,8,17,84,37,97,0,0,28,26,72,15,2,0,0,93,100,91,60,89,1,24,25,0,0,6,99,61,85,94,0,0,13,74,4,0,0,40,73,22,41,57,87,56,0,0,52,27,69,62,19,88,0,0,95,59,5,83,0,0,68,29,80,12,0,0,18,48,90,32,20,0,0,50,9,34,35,66,70,10,0,0,31,63,11,47,82,0,0,21,75,23,67,0,0,77,3,78,79,76,0,0,7,49,86,81,0,0,16,38,44,98,30,0,0,33,51,71,65,64,36,46,45,0,0,92,14,43,42,39,55,54,0
0;pliki//100 lokacji//R201.txt;300;30;insert;3;6044;6000.382765881199;2129.161766546145;729.4356752389809;3141.785324096073;5594.520035155415;1857.0504248478574;841.8569967862919;2895.6126135212658;18;300056.6158;0,53,58,96,8,17,84,37,97,0,0,28,26,72,15,2,0,0,93,100,91,60,89,1,24,25,0,0,6,99,61,85,94,0,0,13,74,4,0,0,40,73,22,41,57,87,56,0,0,52,27,69,62,19,88,0,0,95,59,5,83,0,0,68,29,80,12,0,0,18,48,90,32,20,0,0,50,9,34,35,66,70,10,0,0,31,63,11,47,82,0,0,21,75,23,67,0,0,77,3,78,79,76,0,0,7,49,86,81,0,0,16,38,44,98,30,0,0,33,51,71,65,64,36,46,45,0,0,92,14,43,42,39,55,54,0
0;pliki//100 lokacji//R201.txt;300;40;swap;3;7042;6000.382765881199;2129.161766546145;729.4356752389809;3141.785324096073;5063.525390787085;1597.7707933960057;860;2605.7545973910796;19;300122.3089;0,95,97,59,94,0,0,58,100,91,37,13,0,0,18,8,45,83,5,0,0,54,25,55,3,50,0,0,87,98,44,16,61,6,0,0,26,21,75,74,73,40,0,0,72,39,4,0,0,9,71,35,34,78,79,76,0,0,89,12,80,24,81,51,0,0,77,70,64,11,62,52,0,0,42,14,38,86,17,84,60,0,0,66,65,33,29,68,0,0,53,22,41,57,96,0,0,2,43,15,23,67,56,0,0,46,36,48,31,27,0,0,99,93,85,92,0,0,88,63,90,10,69,28,0,0,32,20,30,1,0,0,82,47,49,19,7,0
0;pliki//100 lokacji//R201.txt;300;40;swap;3;7043;6000.382765881199;2129.161766546145;729.4356752389809;3141.785324096073;5088.261876581088;1512.2454341287507;1060;2516.0164424523373;19;300041.1691;0,81,35,34,29,12,0,0,87,43,15,57,2,58,0,0,63,90,66,65,71,9,0,0,24,55,25,67,41,22,73,0,0,85,16,61,99,0,0,53,72,75,74,21,0,0,77,3,33,50,0,0,94,98,100,97,40,0,0,83,17,46,36,47,48,0,0,7,19,88,51,78,79,76,0,0,52,49,64,11,62,0,0,4,39,23,56,0,0,96,59,93,37,92,0,0,26,54,80,68,28,0,0,18,60,5,84,45,8,82,0,0,31,10,32,69,27,0,0,95,14,42,13,0,0,89,91,44,38,86,6,0,0,1,20,30,70,0
0;pliki//100 lokacji//R201.txt;300;40;swap;3;7044;6000.382765881199;2129.161766546145;729.4356752389809;3141.785324096073;5122.032006439531;1579.6375471336016;940;2602.394459305929;19;300024.3682;0,16,44,38,86,0,0,20,32,63,10,69,27,0,0,49,64,62,52,0,0,2,42,14,43,15,75,74,73,0,0,18,45,36,47,48,0,0,89,5,84,83,60,0,0,50,79,51,9,81,78,0,0,97,98,17,61,91,87,57,58,0,0,34,29,68,80,12,0,0,7,88,70,1,40,22,41,53,0,0,30,90,11,19,46,8,82,0,0,33,66,65,71,35,3,0,0,13,95,92,59,0,0,4,67,25,24,77,76,0,0,21,72,26,28,0,0,56,23,39,55,54,0,0,37,100,85,0,0,96,93,99,6,94,0,0,31,0
0;pliki//100 lokacji//R201.txt;300;40;invert;3;7042;6000.382765881199;2129.161766546145;729.4356752389809;3141.785324096073;5358.433453665306;1774.5098186371415;781.8569967862919;2802.0666382418726;18;300108.1333;0,53,58,96,84,8,46,17,37,43,97,0,0,27,28,26,72,2,15,91,0,0,94,85,61,99,6,0,0,25,24,1,70,60,93,100,89,0,0,13,74,4,68,0,0,40,73,92,87,57,41,22,56,55,0,0,52,69,62,64,19,88,0,0,95,59,5,83,0,0,10,66,35,34,78,9,50,0,0,20,32,90,48,18,0,0,76,3,79,29,80,12,0,0,31,63,11,47,82,0,0,67,23,75,21,0,0,77,81,0,0,98,16,44,38,14,42,0,0,86,45,36,49,7,0,0,39,54,0,0,33,51,71,65,30,0
0;pliki//100 lokacji//R201.txt;300;40;invert;3;7043;6000.382765881199;2129.161766546145;729.4356752389809;3141.785324096073;5351.345060058454;1780.6988783959005;762.3904836619214;2808.255698000632;18;300086.7031;0,53,58,96,84,8,46,17,37,43,97,0,0,27,28,26,72,2,15,91,0,0,94,85,61,99,6,0,0,25,24,1,70,60,93,100,89,0,0,13,74,4,68,0,0,40,73,92,87,57,41,22,56,55,0,0,52,69,62,64,19,88,0,0,95,59,5,83,0,0,20,32,90,48,18,0,0,80,29,79,3,76,12,0,0,10,66,35,34,78,9,50,0,0,31,63,11,47,82,0,0,67,23,75,21,0,0,77,81,0,0,30,65,71,51,33,0,0,54,39,0,0,7,49,36,45,86,0,0,42,14,38,44,16,98,0
0;pliki//100 lokacji//R201.txt;300;40;invert;3;7044;6000.382765881199;2129.161766546145;729.4356752389809;3141.785324096073;5351.345060058454;1780.6988783959005;762.3904836619214;2808.255698000632;18;300047.3453;0,53,58,96,84,8,46,17,37,43,97,0,0,27,28,26,72,2,15,91,0,0,94,85,61,99,6,0,0,25,24,1,70,60,93,100,89,0,0,13,74,4,68,0,0,40,73,92,87,57,41,22,56,55,0,0,52,69,62,64,19,88,0,0,95,59,5,83,0,0,20,32,90,48,18,0,0,80,29,79,3,76,12,0,0,10,66,35,34,78,9,50,0,0,31,63,11,47,82,0,0,67,23,75,21,0,0,77,81,0,0,30,65,71,51,33,0,0,54,39,0,0,7,49,36,45,86,0,0,42,14,38,44,16,98,0
0;pliki//100 lokacji//R201.txt;300;40;insert;3;7042;6000.382765881199;2129.161766546145;729.4356752389809;3141.785324096073;5594.520035155415;1857.0504248478574;841.8569967862919;2895.6126135212658;18;300015.0558;0,53,58,96,8,17,84,37,97,0,0,28,26,72,15,2,0,0,93,100,91,60,89,1,24,25,0,0,6,99,61,85,94,0,0,13,74,4,0,0,40,73,22,41,57,87,56,0,0,52,27,69,62,19,88,0,0,95,59,5,83,0,0,68,29,80,12,0,0,18,48,90,32,20,0,0,50,9,34,35,66,70,10,0,0,31,63,11,47,82,0,0,21,75,23,67,0,0,77,3,78,79,76,0,0,7,49,86,81,0,0,16,38,44,98,30,0,0,33,51,71,65,64,36,46,45,0,0,92,14,43,42,39,55,54,0
0;pliki//100 lokacji//R201.txt;300;40;insert;3;7043;6000.382765881199;2129.161766546145;729.4356752389809;3141.785324096073;5594.520035155415;1857.0504248478574;841.8569967862919;2895.6126135212658;18;300021.8246;0,53,58,96,8,17,84,37,97,0,0,28,26,72,15,2,0,0,93,100,91,60,89,1,24,25,0,0,6,99,61,85,94,0,0,13,74,4,0,0,40,73,22,41,57,87,56,0,0,52,27,69,62,19,88,0,0,95,59,5,83,0,0,68,29,80,12,0,0,18,48,90,32,20,0,0,50,9,34,35,66,70,10,0,0,31,63,11,47,82,0,0,21,75,23,67,0,0,77,3,78,79,76,0,0,7,49,86,81,0,0,16,38,44,98,30,0,0,33,51,71,65,64,36,46,45,0,0,92,14,43,42,39,55,54,0
0;pliki//100 lokacji//R201.txt;300;40;insert;3;7044;6000.382765881199;2129.161766546145;729.4356752389809;3141.785324096073;5594.520035155415;1857.0504248478574;841.8569967862919;2895.6126135212658;18;300078.0718;0,53,58,96,8,17,84,37,97,0,0,28,26,72,15,2,0,0,93,100,91,60,89,1,24,25,0,0,6,99,61,85,94,0,0,13,74,4,0,0,40,73,22,41,57,87,56,0,0,52,27,69,62,19,88,0,0,95,59,5,83,0,0,68,29,80,12,0,0,18,48,90,32,20,0,0,50,9,34,35,66,70,10,0,0,31,63,11,47,82,0,0,21,75,23,67,0,0,77,3,78,79,76,0,0,7,49,86,81,0,0,16,38,44,98,30,0,0,33,51,71,65,64,36,46,45,0,0,92,14,43,42,39,55,54,0
0;pliki//100 lokacji//R201.txt;300;50;swap;3;8042;6000.382765881199;2129.161766546145;729.4356752389809;3141.785324096073;5085.202483922933;1544.6561770069102;967.3388216796423;2573.207485236381;19;300135.7252;0,87,14,38,44,0,0,77,29,68,12,0,0,13,97,42,43,15,57,2,0,0,96,5,45,46,8,83,60,0,0,99,93,59,92,95,0,0,58,72,39,4,0,0,26,21,23,75,74,0,0,48,47,82,0,0,70,30,69,0,0,76,3,33,35,65,20,28,0,0,94,37,98,85,6,0,0,10,63,31,0,0,1,51,32,90,80,24,54,0,0,100,91,16,61,86,17,84,0,0,89,18,36,49,19,7,0,0,50,81,34,78,79,0,0,53,27,52,62,88,0,0,11,64,66,71,9,0,0,40,73,41,22,56,67,25,55,0
0;pliki//100 lokacji//R201.txt;300;50;swap;3;8043;6000.382765881199;2129.161766546145;729.4356752389809;3141.785324096073;5254.276063372793;1736.7618207143855;742.3904836619214;2775.1237589964862;18;300019.8533;0,53,58,94,84,8,46,17,37,97,0,0,27,28,26,72,15,2,0,0,93,100,91,60,70,1,0,0,96,99,85,61,6,0,0,13,74,4,68,0,0,40,73,22,41,57,87,56,55,24,0,0,52,7,62,11,19,88,0,0,95,59,0,0,80,29,79,3,76,12,0,0,18,48,90,32,20,0,0,50,9,34,35,66,10,0,0,31,63,64,47,82,0,0,67,23,75,21,0,0,77,78,81,30,0,0,83,45,86,5,0,0,89,98,16,44,38,43,0,0,33,51,71,65,36,49,69,0,0,92,14,42,39,25,54,0
0;pliki//100 lokacji//R201.txt;300;50;swap;3;8044;6000.382765881199;2129.161766546145;729.4356752389809;3141.785324096073;5182.815307376844;1556.962246651466;1041.2202195105845;2584.632841214794;18;300093.9595;0,98,37,100,91,60,70,30,0,0,7,48,11,10,88,0,0,2,74,75,72,28,0,0,53,73,41,22,56,4,26,0,0,94,16,86,17,8,18,0,0,83,45,46,36,47,82,52,0,0,68,79,3,76,0,0,63,90,20,66,65,71,27,0,0,23,67,62,0,0,19,49,64,32,0,0,12,54,55,25,39,0,0,31,69,34,35,9,51,1,0,0,5,84,61,14,43,15,42,0,0,40,21,57,38,44,93,0,0,96,59,92,97,95,0,0,77,80,24,29,78,81,33,50,0,0,89,85,99,6,0,0,58,87,13,0
0;pliki//100 lokacji//R201.txt;300;50;invert;3;8042;6000.382765881199;2129.161766546145;729.4356752389809;3141.785324096073;5358.433453665306;1774.5098186371415;781.8569967862919;2802.0666382418726;18;300051.7224;0,53,58,96,84,8,46,17,37,43,97,0,0,27,28,26,72,2,15,91,0,0,94,85,61,99,6,0,0,25,24,1,70,60,93,100,89,0,0,13,74,4,68,0,0,40,73,92,87,57,41,22,56,55,0,0,52,69,62,64,19,88,0,0,83,5,59,95,0,0,10,66,35,34,78,9,50,0,0,20,32,90,48,18,0,0,76,3,79,29,80,12,0,0,31,63,11,47,82,0,0,67,23,75,21,0,0,77,81,0,0,98,16,44,38,14,42,0,0,86,45,36,49,7,0,0,39,54,0,0,33,51,71,65,30,0
0;pliki//100 lokacji//R201.txt;300;50;invert;3;8043;6000.382765881199;2129.161766546145;729.4356752389809;3141.785324096073;5358.433453665306;1774.5098186371415;781.8569967862919;2802.066638241873;18;300015.0956;0,53,58,96,84,8,46,17,37,43,97,0,0,27,28,26,72,2,15,91,0,0,94,85,61,99,6,0,0,25,24,1,70,60,93,100,89,0,0,13,74,4,68,0,0,40,73,92,87,57,41,22,56,55,0,0,52,69,62,64,19,88,0,0,10,66,35,34,78,9,50,0,0,20,32,90,48,18,0,0,76,3,79,29,80,12,0,0,83,5,59,95,0,0,31,63,11,47,82,0,0,67,23,75,21,0,0,77,81,0,0,30,65,71,51,33,0,0,54,39,0,0,7,49,36,45,86,0,0,98,16,44,38,14,42,0
0;pliki//100 lokacji//R201.txt;300;50;invert;3;8044;6000.382765881199;2129.161766546145;729.4356752389809;3141.785324096073;5212.890693697287;1501.1633567817867;1196.6021456950216;2515.1251912204784;19;300079.3024;0,4,54,24,12,0,0,52,82,46,49,19,88,0,0,55,39,56,72,21,0,0,13,87,42,2,53,0,0,99,59,93,60,83,0,0,51,9,35,71,65,66,0,0,80,68,3,77,76,0,0,1,33,81,34,78,79,0,0,57,14,38,43,15,41,73,40,0,0,94,98,44,16,61,6,0,0,29,25,67,23,0,0,69,70,10,62,31,0,0,32,63,48,0,0,96,85,97,0,0,7,47,36,64,11,90,20,30,0,0,89,5,17,45,8,18,0,0,58,22,75,74,26,0,0,84,86,91,100,37,92,95,0,0,28,50,27,0
0;pliki//100 lokacji//R201.txt;300;50;insert;3;8042;6000.382765881199;2129.161766546145;729.4356752389809;3141.785324096073;5594.520035155415;1857.0504248478574;841.8569967862919;2895.6126135212658;18;300146.2896;0,53,58,96,8,17,84,37,97,0,0,28,26,72,15,2,0,0,93,100,91,60,89,1,24,25,0,0,6,99,61,85,94,0,0,13,74,4,0,0,40,73,22,41,57,87,56,0,0,52,27,69,62,19,88,0,0,95,59,5,83,0,0,68,29,80,12,0,0,18,48,90,32,20,0,0,50,9,34,35,66,70,10,0,0,31,63,11,47,82,0,0,21,75,23,67,0,0,77,3,78,79,76,0,0,7,49,86,81,0,0,16,38,44,98,30,0,0,33,51,71,65,64,36,46,45,0,0,92,14,43,42,39,55,54,0
0;pliki//100 lokacji//R201.txt;300;50;insert;3;8043;6000.382765881199;2129.161766546145;729.4356752389809;3141.785324096073;5594.520035155415;1857.0504248478574;841.8569967862919;2895.6126135212658;18;300040.2075;0,53,58,96,8,17,84,37,97,0,0,28,26,72,15,2,0,0,93,100,91,60,89,1,24,25,0,0,6,99,61,85,94,0,0,13,74,4,0,0,40,73,22,41,57,87,56,0,0,52,27,69,62,19,88,0,0,95,59,5,83,0,0,68,29,80,12,0,0,18,48,90,32,20,0,0,50,9,34,35,66,70,10,0,0,31,63,11,47,82,0,0,21,75,23,67,0,0,77,3,78,79,76,0,0,7,49,86,81,0,0,16,38,44,98,30,0,0,33,51,71,65,64,36,46,45,0,0,92,14,43,42,39,55,54,0
0;pliki//100 lokacji//R201.txt;300;50;insert;3;8044;6000.382765881199;2129.161766546145;729.4356752389809;3141.785324096073;5594.520035155415;1857.0504248478574;841.8569967862919;2895.6126135212658;18;300053.1313;0,53,58,96,8,17,84,37,97,0,0,28,26,72,15,2,0,0,93,100,91,60,89,1,24,25,0,0,6,99,61,85,94,0,0,13,74,4,0,0,40,73,22,41,57,87,56,0,0,52,27,69,62,19,88,0,0,95,59,5,83,0,0,68,29,80,12,0,0,18,48,90,32,20,0,0,50,9,34,35,66,70,10,0,0,31,63,11,47,82,0,0,21,75,23,67,0,0,77,3,78,79,76,0,0,7,49,86,81,0,0,16,38,44,98,30,0,0,33,51,71,65,64,36,46,45,0,0,92,14,43,42,39,55,54,0
