ScenarioId;Filename;Iterations;TabuSize;MutationType;Repeat;Seed;GreedyOjective;GreedyTotalCost;GreedyTotalPenalty;GreedyTotalVehicleOperationTime;Objective;TotalCost;TotalPenalty;TotalVehicleOperationTime;RoutesCount;DurationMs;GTR
0;pliki//100 lokacji//C101.txt;50;10;swap;3;1542;31116.470064570312;3041.8972699703177;14660.070472174175;13414.50232242582;25947.34603758918;2017.8220110878592;12070.640691746841;11858.883334754482;24;300056.5006;0,67,65,83,84,0,0,24,25,22,0,0,40,54,53,56,0,0,98,96,94,93,97,0,0,5,7,44,45,68,59,50,52,0,0,32,33,27,0,0,17,18,19,30,26,0,0,43,62,74,0,0,66,72,64,69,1,75,0,0,90,95,92,9,0,0,3,8,11,10,28,23,0,0,70,76,71,0,0,63,0,0,81,78,73,77,79,80,0,0,87,86,82,61,48,51,0,0,42,41,57,0,0,36,37,39,34,0,0,55,58,60,0,0,6,2,100,4,0,0,31,35,38,29,0,0,85,88,89,91,99,0,0,13,15,21,0,0,20,16,14,12,0,0,47,46,49,0
0;pliki//100 lokacji//C101.txt;50;10;swap;3;1543;31116.470064570312;3041.8972699703177;14660.070472174175;13414.50232242582;25969.94085966603;2035.6364647838247;12074.518892934486;11859.785501947717;24;300105.7751;0,67,65,83,84,28,23,0,0,24,25,22,0,0,40,54,53,56,0,0,98,96,94,93,97,0,0,5,3,44,45,68,59,50,52,0,0,32,33,27,0,0,17,18,19,30,26,0,0,43,62,74,0,0,66,72,64,69,1,75,0,0,90,95,92,9,0,0,7,8,10,11,0,0,70,76,71,0,0,63,0,0,81,78,73,77,79,80,0,0,87,86,82,61,48,51,0,0,42,41,0,0,36,37,39,34,0,0,55,58,60,0,0,6,2,100,4,0,0,31,35,38,29,0,0,85,88,89,91,99,0,0,13,15,21,0,0,20,16,14,12,0,0,57,46,49,47,0
0;pliki//100 lokacji//C101.txt;50;10;swap;3;1544;31116.470064570312;3041.8972699703177;14660.070472174175;13414.50232242582;25947.34603758918;2017.8220110878592;12070.640691746841;11858.883334754482;24;300062.3452;0,67,65,83,84,0,0,24,25,22,0,0,40,54,53,56,0,0,98,96,94,93,97,0,0,5,7,44,45,68,59,50,52,0,0,32,33,27,0,0,17,18,19,30,26,0,0,43,62,74,0,0,66,72,64,69,1,75,0,0,90,95,92,9,0,0,3,8,11,10,28,23,0,0,70,76,71,0,0,63,0,0,81,78,73,77,79,80,0,0,87,86,82,61,48,51,0,0,42,41,57,0,0,36,37,39,34,0,0,55,58,60,0,0,6,2,100,4,0,0,31,35,38,29,0,0,85,88,89,91,99,0,0,13,15,21,0,0,20,16,14,12,0,0,47,46,49,0
0;pliki//100 lokacji//C101.txt;50;10;invert;3;1542;31116.470064570312;3041.8972699703177;14660.070472174175;13414.50232242582;29236.063155901596;2658.332009893883;13879.842267191447;12697.888878816266;23;300052.4326;0,67,84,83,41,28,50,99,0,0,20,25,35,37,0,0,43,54,53,56,0,0,90,86,94,93,9,0,0,5,7,44,61,48,59,91,52,0,0,32,33,27,0,0,13,19,18,29,26,0,0,24,31,71,72,64,69,1,0,0,98,95,97,92,89,0,0,3,4,10,11,8,47,34,0,0,57,76,80,46,0,0,65,63,30,0,0,81,78,73,77,79,66,0,0,87,88,82,45,51,0,0,42,40,49,39,23,0,0,6,75,0,0,62,74,68,0,0,21,22,0,0,12,100,2,0,0,55,58,60,36,0,0,96,85,70,0,0,15,16,14,0,0,17,38,0
0;pliki//100 lokacji//C101.txt;50;10;invert;3;1543;31116.470064570312;3041.8972699703177;14660.070472174175;13414.50232242582;29236.063155901596;2658.332009893883;13879.842267191447;12697.888878816266;23;300132.8647;0,67,84,83,41,28,50,99,0,0,20,25,35,37,0,0,43,54,53,56,0,0,90,86,94,93,9,0,0,5,7,44,61,48,59,91,52,0,0,32,33,27,0,0,13,19,18,29,26,0,0,24,31,71,72,64,69,1,0,0,98,95,97,92,89,0,0,3,4,10,11,8,47,34,0,0,57,76,80,46,0,0,65,63,30,0,0,81,78,73,77,79,66,0,0,87,88,82,45,51,0,0,42,40,49,39,23,0,0,6,75,0,0,62,74,68,0,0,21,22,0,0,12,100,2,0,0,55,58,60,36,0,0,96,85,70,0,0,15,16,14,0,0,17,38,0
0;pliki//100 lokacji//C101.txt;50;10;invert;3;1544;31116.470064570312;3041.8972699703177;14660.070472174175;13414.50232242582;29236.063155901596;2658.332009893883;13879.842267191447;12697.888878816266;23;300176.1886;0,67,84,83,41,28,50,99,0,0,20,25,35,37,0,0,43,54,53,56,0,0,90,86,94,93,9,0,0,5,7,44,61,48,59,91,52,0,0,32,33,27,0,0,13,19,18,29,26,0,0,24,31,71,72,64,69,1,0,0,98,95,97,92,89,0,0,3,4,10,11,8,47,34,0,0,57,76,80,46,0,0,65,63,30,0,0,81,78,73,77,79,66,0,0,87,88,82,45,51,0,0,42,40,49,39,23,0,0,6,75,0,0,62,74,68,0,0,21,22,0,0,12,100,2,0,0,55,58,60,36,0,0,96,85,70,0,0,15,16,14,0,0,17,38,0
0;pliki//100 lokacji//C101.txt;50;10;insert;3;1542;31116.470064570312;3041.8972699703177;14660.070472174175;13414.50232242582;26992.486418677883;2342.230930366539;12443.68362917178;12206.571859139565;24;300142.167;0,20,37,35,0,0,43,54,53,56,0,0,90,86,94,93,0,0,5,7,44,61,48,50,0,0,32,33,27,0,0,13,18,26,0,0,24,31,52,59,72,64,69,0,0,98,95,92,97,0,0,3,8,0,0,41,57,46,0,0,67,65,63,0,0,81,78,73,77,79,66,0,0,87,82,83,88,0,0,42,40,47,49,39,23,0,0,25,30,29,21,0,0,28,22,91,99,75,0,0,62,58,60,51,0,0,6,1,2,100,4,0,0,10,11,12,36,34,0,0,45,89,85,80,68,0,0,17,15,19,14,9,0,0,55,38,16,0,0,70,76,71,0,0,96,84,74,0
0;pliki//100 lokacji//C101.txt;50;10;insert;3;1543;31116.470064570312;3041.8972699703177;14660.070472174175;13414.50232242582;26992.486418677883;2342.230930366539;12443.68362917178;12206.571859139565;24;300228.9761;0,20,37,35,0,0,43,54,53,56,0,0,90,86,94,93,0,0,5,7,44,61,48,50,0,0,32,33,27,0,0,13,18,26,0,0,24,31,52,59,72,64,69,0,0,98,95,92,97,0,0,3,8,0,0,41,57,46,0,0,67,65,63,0,0,81,78,73,77,79,66,0,0,87,82,83,88,0,0,42,40,47,49,39,23,0,0,25,30,29,21,0,0,28,22,91,99,75,0,0,62,58,60,51,0,0,6,1,2,100,4,0,0,10,11,12,36,34,0,0,45,89,85,80,68,0,0,17,15,19,14,9,0,0,55,38,16,0,0,70,76,71,0,0,96,84,74,0
0;pliki//100 lokacji//C101.txt;50;10;insert;3;1544;31116.470064570312;3041.8972699703177;14660.070472174175;13414.50232242582;26992.486418677883;2342.230930366539;12443.68362917178;12206.571859139565;24;300074.5054;0,20,37,35,0,0,43,54,53,56,0,0,90,86,94,93,0,0,5,7,44,61,48,50,0,0,32,33,27,0,0,13,18,26,0,0,24,31,52,59,72,64,69,0,0,98,95,92,97,0,0,3,8,0,0,41,57,46,0,0,67,65,63,0,0,81,78,73,77,79,66,0,0,87,82,83,88,0,0,42,40,47,49,39,23,0,0,25,30,29,21,0,0,28,22,91,99,75,0,0,62,58,60,51,0,0,6,1,2,100,4,0,0,10,11,12,36,34,0,0,45,89,85,80,68,0,0,17,15,19,14,9,0,0,55,38,16,0,0,70,76,71,0,0,96,84,74,0
0;pliki//100 lokacji//C101.txt;50;20;swap;3;2542;31116.470064570312;3041.8972699703177;14660.070472174175;13414.50232242582;25710.645426541145;2175.91231928396;11579.391761806326;11955.341345450857;26;300025.5855;0,67,65,83,84,0,0,89,91,99,0,0,20,33,35,37,0,0,43,54,53,56,0,0,96,94,92,93,0,0,5,3,0,0,61,68,59,50,52,0,0,24,25,27,21,0,0,17,18,19,14,9,0,0,32,31,44,45,0,0,66,72,64,69,1,75,0,0,98,95,97,0,0,7,8,10,11,0,0,78,76,71,80,0,0,22,23,30,28,34,0,0,81,70,73,77,79,0,0,87,86,82,0,0,42,40,49,29,26,48,51,0,0,63,0,0,57,58,60,0,0,6,2,100,4,0,0,74,36,39,0,0,90,85,88,0,0,13,15,12,0,0,41,38,16,0,0,55,62,46,47,0
0;pliki//100 lokacji//C101.txt;50;20;swap;3;2543;31116.470064570312;3041.8972699703177;14660.070472174175;13414.50232242582;25710.645426541145;2175.91231928396;11579.391761806326;11955.341345450857;26;300223.3254;0,67,65,83,84,0,0,89,91,99,0,0,20,33,35,37,0,0,43,54,53,56,0,0,96,94,92,93,0,0,5,3,0,0,61,68,59,50,52,0,0,24,25,27,21,0,0,17,18,19,14,9,0,0,32,31,44,45,0,0,66,72,64,69,1,75,0,0,98,95,97,0,0,7,8,10,11,0,0,78,76,71,80,0,0,22,23,30,28,34,0,0,81,70,73,77,79,0,0,87,86,82,0,0,42,40,49,29,26,48,51,0,0,63,0,0,57,58,60,0,0,6,2,100,4,0,0,74,36,39,0,0,90,85,88,0,0,13,15,12,0,0,41,38,16,0,0,55,62,46,47,0
0;pliki//100 lokacji//C101.txt;50;20;swap;3;2544;31116.470064570312;3041.8972699703177;14660.070472174175;13414.50232242582;25710.645426541145;2175.91231928396;11579.391761806326;11955.341345450857;26;300035.7486;0,67,65,83,84,0,0,89,91,99,0,0,20,33,35,37,0,0,43,54,53,56,0,0,96,94,92,93,0,0,5,3,0,0,61,68,59,50,52,0,0,24,25,27,21,0,0,17,18,19,14,9,0,0,32,31,44,45,0,0,66,72,64,69,1,75,0,0,98,95,97,0,0,7,8,10,11,0,0,78,76,71,80,0,0,22,23,30,28,34,0,0,81,70,73,77,79,0,0,87,86,82,0,0,42,40,49,29,26,48,51,0,0,63,0,0,57,58,60,0,0,6,2,100,4,0,0,74,36,39,0,0,90,85,88,0,0,13,15,12,0,0,41,38,16,0,0,55,62,46,47,0
0;pliki//100 lokacji//C101.txt;50;20;invert;3;2542;31116.470064570312;3041.8972699703177;14660.070472174175;13414.50232242582;28922.1537961145;2766.7976442493937;13440.62472861105;12714.731423254058;23;300073.4974;0,67,41,83,84,28,50,99,0,0,20,25,35,37,0,0,43,54,53,56,0,0,90,86,94,93,9,0,0,5,7,44,61,48,59,91,52,0,0,32,33,27,0,0,13,19,18,29,26,0,0,24,31,71,72,64,69,1,0,0,98,95,97,92,89,0,0,3,8,11,4,10,34,47,0,0,57,76,80,46,0,0,63,65,30,0,0,81,78,73,77,79,66,0,0,87,82,88,45,51,0,0,42,40,68,49,39,0,0,21,22,23,75,0,0,62,58,60,0,0,6,2,100,0,0,74,36,12,0,0,55,0,0,96,85,70,0,0,15,16,14,0,0,17,38,0
0;pliki//100 lokacji//C101.txt;50;20;invert;3;2543;31116.470064570312;3041.8972699703177;14660.070472174175;13414.50232242582;28922.1537961145;2766.7976442493937;13440.62472861105;12714.731423254058;23;300037.5622;0,67,41,83,84,28,50,99,0,0,20,25,35,37,0,0,43,54,53,56,0,0,90,86,94,93,9,0,0,5,7,44,61,48,59,91,52,0,0,32,33,27,0,0,13,19,18,29,26,0,0,24,31,71,72,64,69,1,0,0,98,95,97,92,89,0,0,3,8,11,4,10,34,47,0,0,57,76,80,46,0,0,63,65,30,0,0,81,78,73,77,79,66,0,0,87,82,88,45,51,0,0,42,40,68,49,39,0,0,21,22,23,75,0,0,62,58,60,0,0,6,2,100,0,0,74,36,12,0,0,55,0,0,96,85,70,0,0,15,16,14,0,0,17,38,0
0;pliki//100 lokacji//C101.txt;50;20;invert;3;2544;31116.470064570312;3041.8972699703177;14660.070472174175;13414.50232242582;28922.1537961145;2766.7976442493937;13440.62472861105;12714.731423254058;23;300044.4407;0,67,41,83,84,28,50,99,0,0,20,25,35,37,0,0,43,54,53,56,0,0,90,86,94,93,9,0,0,5,7,44,61,48,59,91,52,0,0,32,33,27,0,0,13,19,18,29,26,0,0,24,31,71,72,64,69,1,0,0,98,95,97,92,89,0,0,3,8,11,4,10,34,47,0,0,57,76,80,46,0,0,63,65,30,0,0,81,78,73,77,79,66,0,0,87,82,88,45,51,0,0,42,40,68,49,39,0,0,21,22,23,75,0,0,62,58,60,0,0,6,2,100,0,0,74,36,12,0,0,55,0,0,96,85,70,0,0,15,16,14,0,0,17,38,0
0;pliki//100 lokacji//C101.txt;50;20;insert;3;2542;31116.470064570312;3041.8972699703177;14660.070472174175;13414.50232242582;27506.673142240907;2419.9358406380047;12854.592464908563;12232.144836694337;24;300093.5668;0,67,83,84,0,0,20,25,35,37,0,0,43,54,53,56,0,0,90,86,94,93,0,0,5,7,44,61,48,59,50,52,0,0,32,33,27,0,0,13,19,18,29,0,0,24,31,0,0,98,95,97,92,89,0,0,3,8,11,10,0,0,57,76,80,0,0,63,41,47,0,0,81,73,77,79,72,69,64,66,0,0,87,82,88,45,51,0,0,42,40,49,46,68,0,0,26,28,34,21,0,0,22,23,91,75,0,0,65,62,58,60,0,0,6,2,99,100,4,0,0,74,36,39,0,0,85,12,14,30,0,0,17,15,96,1,9,0,0,55,38,16,0,0,78,70,71,0
0;pliki//100 lokacji//C101.txt;50;20;insert;3;2543;31116.470064570312;3041.8972699703177;14660.070472174175;13414.50232242582;27506.673142240907;2419.9358406380047;12854.592464908563;12232.144836694337;24;300175.6551;0,67,83,84,0,0,20,25,35,37,0,0,43,54,53,56,0,0,90,86,94,93,0,0,5,7,44,61,48,59,50,52,0,0,32,33,27,0,0,13,19,18,29,0,0,24,31,0,0,98,95,97,92,89,0,0,3,8,11,10,0,0,57,76,80,0,0,63,41,47,0,0,81,73,77,79,72,69,64,66,0,0,87,82,88,45,51,0,0,42,40,49,46,68,0,0,26,28,34,21,0,0,22,23,91,75,0,0,65,62,58,60,0,0,6,2,99,100,4,0,0,74,36,39,0,0,85,12,14,30,0,0,17,15,96,1,9,0,0,55,38,16,0,0,78,70,71,0
0;pliki//100 lokacji//C101.txt;50;20;insert;3;2544;31116.470064570312;3041.8972699703177;14660.070472174175;13414.50232242582;27506.673142240907;2419.9358406380047;12854.592464908563;12232.144836694337;24;300134.6398;0,67,83,84,0,0,20,25,35,37,0,0,43,54,53,56,0,0,90,86,94,93,0,0,5,7,44,61,48,59,50,52,0,0,32,33,27,0,0,13,19,18,29,0,0,24,31,0,0,98,95,97,92,89,0,0,3,8,11,10,0,0,57,76,80,0,0,63,41,47,0,0,81,73,77,79,72,69,64,66,0,0,87,82,88,45,51,0,0,42,40,49,46,68,0,0,26,28,34,21,0,0,22,23,91,75,0,0,65,62,58,60,0,0,6,2,99,100,4,0,0,74,36,39,0,0,85,12,14,30,0,0,17,15,96,1,9,0,0,55,38,16,0,0,78,70,71,0
0;pliki//100 lokacji//C101.txt;50;30;swap;3;3542;31116.470064570312;3041.8972699703177;14660.070472174175;13414.50232242582;25632.47087735904;2269.676432170794;11372.072071849041;11990.722373339206;28;300112.5784;0,67,65,83,84,0,0,89,91,99,0,0,32,38,35,0,0,43,54,53,56,0,0,96,94,93,9,0,0,5,0,0,45,48,51,50,52,0,0,20,27,25,21,0,0,17,18,19,26,0,0,24,31,39,37,0,0,68,64,69,1,75,0,0,98,95,92,97,0,0,3,8,30,36,34,0,0,90,76,74,0,0,66,72,80,0,0,42,41,49,29,28,0,0,81,78,73,77,79,0,0,88,85,61,59,0,0,55,40,44,46,47,0,0,22,23,0,0,63,0,0,57,58,60,0,0,6,2,100,4,0,0,7,10,11,14,16,0,0,87,86,82,0,0,13,15,12,0,0,33,0,0,62,70,71,0
0;pliki//100 lokacji//C101.txt;50;30;swap;3;3543;31116.470064570312;3041.8972699703177;14660.070472174175;13414.50232242582;25632.47087735904;2269.676432170794;11372.072071849041;11990.722373339206;28;300060.1503;0,67,65,83,84,0,0,89,91,99,0,0,32,38,35,0,0,43,54,53,56,0,0,96,94,93,9,0,0,5,0,0,45,48,51,50,52,0,0,20,27,25,21,0,0,17,18,19,26,0,0,24,31,39,37,0,0,68,64,69,1,75,0,0,98,95,92,97,0,0,3,8,30,36,34,0,0,90,76,74,0,0,66,72,80,0,0,42,41,49,29,28,0,0,81,78,73,77,79,0,0,88,85,61,59,0,0,55,40,44,46,47,0,0,22,23,0,0,63,0,0,57,58,60,0,0,6,2,100,4,0,0,7,10,11,14,16,0,0,87,86,82,0,0,13,15,12,0,0,33,0,0,62,70,71,0
0;pliki//100 lokacji//C101.txt;50;30;swap;3;3544;31116.470064570312;3041.8972699703177;14660.070472174175;13414.50232242582;25632.47087735904;2269.676432170794;11372.072071849041;11990.722373339206;28;300123.4725;0,67,65,83,84,0,0,89,91,99,0,0,32,38,35,0,0,43,54,53,56,0,0,96,94,93,9,0,0,5,0,0,45,48,51,50,52,0,0,20,27,25,21,0,0,17,18,19,26,0,0,24,31,39,37,0,0,68,64,69,1,75,0,0,98,95,92,97,0,0,3,8,30,36,34,0,0,90,76,74,0,0,66,72,80,0,0,42,41,49,29,28,0,0,81,78,73,77,79,0,0,88,85,61,59,0,0,55,40,44,46,47,0,0,22,23,0,0,63,0,0,57,58,60,0,0,6,2,100,4,0,0,7,10,11,14,16,0,0,87,86,82,0,0,13,15,12,0,0,33,0,0,62,70,71,0
0;pliki//100 lokacji//C101.txt;50;30;invert;3;3542;31116.470064570312;3041.8972699703177;14660.070472174175;13414.50232242582;28922.1537961145;2766.7976442493937;13440.62472861105;12714.731423254058;23;300119.1007;0,67,41,83,84,28,50,99,0,0,20,25,35,37,0,0,43,54,53,56,0,0,90,86,94,93,9,0,0,5,7,44,61,48,59,91,52,0,0,32,33,27,0,0,13,19,18,29,26,0,0,24,31,71,72,64,69,1,0,0,98,95,97,92,89,0,0,3,8,11,4,10,34,47,0,0,57,76,80,46,0,0,63,65,30,0,0,81,78,73,77,79,66,0,0,87,82,88,45,51,0,0,42,40,68,49,39,0,0,21,22,23,75,0,0,62,58,60,0,0,6,2,100,0,0,74,36,12,0,0,55,0,0,96,85,70,0,0,15,16,14,0,0,17,38,0
0;pliki//100 lokacji//C101.txt;50;30;invert;3;3543;31116.470064570312;3041.8972699703177;14660.070472174175;13414.50232242582;28900.791307897427;2735.399614976755;13496.931523048343;12668.460169872329;23;300120.7884;0,67,41,83,84,28,50,99,0,0,20,25,35,37,0,0,43,54,53,56,0,0,90,86,94,93,9,0,0,5,7,44,61,48,59,91,52,0,0,32,33,27,0,0,13,19,18,29,26,0,0,24,31,71,72,64,69,1,0,0,98,95,97,92,89,0,0,3,8,11,4,10,34,47,0,0,57,76,80,46,0,0,63,65,30,0,0,81,78,73,77,79,66,0,0,87,82,88,45,51,0,0,42,40,68,49,39,0,0,21,22,23,75,0,0,62,58,60,0,0,6,2,0,0,55,74,0,0,36,12,100,0,0,96,85,70,0,0,15,16,14,0,0,17,38,0
0;pliki//100 lokacji//C101.txt;50;30;invert;3;3544;31116.470064570312;3041.8972699703177;14660.070472174175;13414.50232242582;28922.1537961145;2766.7976442493937;13440.62472861105;12714.731423254058;23;300194.7696;0,67,41,83,84,28,50,99,0,0,20,25,35,37,0,0,43,54,53,56,0,0,90,86,94,93,9,0,0,5,7,44,61,48,59,91,52,0,0,32,33,27,0,0,13,19,18,29,26,0,0,24,31,71,72,64,69,1,0,0,98,95,97,92,89,0,0,3,8,11,4,10,34,47,0,0,57,76,80,46,0,0,63,65,30,0,0,81,78,73,77,79,66,0,0,87,82,88,45,51,0,0,42,40,68,49,39,0,0,21,22,23,75,0,0,62,58,60,0,0,6,2,100,0,0,74,36,12,0,0,55,0,0,96,85,70,0,0,15,16,14,0,0,17,38,0
0;pliki//100 lokacji//C101.txt;50;30;insert;3;3542;31116.470064570312;3041.8972699703177;14660.070472174175;13414.50232242582;27389.356233709375;2562.4823331916937;12226.920967164868;12599.952933352812;23;300126.0388;0,67,84,0,0,20,25,35,37,0,0,43,54,53,56,0,0,90,86,94,93,0,0,5,7,44,61,59,50,0,0,32,33,27,0,0,13,18,29,26,0,0,24,31,52,64,72,69,0,0,98,95,97,92,89,0,0,3,8,11,9,10,34,0,0,57,76,46,47,0,0,63,41,0,0,81,73,77,79,66,28,0,0,87,82,83,45,51,48,0,0,42,40,49,30,39,68,0,0,22,21,23,75,0,0,65,62,58,60,0,0,6,1,2,100,4,0,0,74,36,12,0,0,85,88,80,91,99,0,0,17,15,19,14,96,0,0,55,38,16,0,0,78,70,71,0
0;pliki//100 lokacji//C101.txt;50;30;insert;3;3543;31116.470064570312;3041.8972699703177;14660.070472174175;13414.50232242582;27389.356233709375;2562.4823331916937;12226.920967164868;12599.952933352812;23;300036.2947;0,67,84,0,0,20,25,35,37,0,0,43,54,53,56,0,0,90,86,94,93,0,0,5,7,44,61,59,50,0,0,32,33,27,0,0,13,18,29,26,0,0,24,31,52,64,72,69,0,0,98,95,97,92,89,0,0,3,8,11,9,10,34,0,0,57,76,46,47,0,0,63,41,0,0,81,73,77,79,66,28,0,0,87,82,83,45,51,48,0,0,42,40,49,30,39,68,0,0,22,21,23,75,0,0,65,62,58,60,0,0,6,1,2,100,4,0,0,74,36,12,0,0,85,88,80,91,99,0,0,17,15,19,14,96,0,0,55,38,16,0,0,78,70,71,0
0;pliki//100 lokacji//C101.txt;50;30;insert;3;3544;31116.470064570312;3041.8972699703177;14660.070472174175;13414.50232242582;27389.356233709375;2562.4823331916937;12226.920967164868;12599.952933352812;23;300104.6038;0,67,84,0,0,20,25,35,37,0,0,43,54,53,56,0,0,90,86,94,93,0,0,5,7,44,61,59,50,0,0,32,33,27,0,0,13,18,29,26,0,0,24,31,52,64,72,69,0,0,98,95,97,92,89,0,0,3,8,11,9,10,34,0,0,57,76,46,47,0,0,63,41,0,0,81,73,77,79,66,28,0,0,87,82,83,45,51,48,0,0,42,40,49,30,39,68,0,0,22,21,23,75,0,0,65,62,58,60,0,0,6,1,2,100,4,0,0,74,36,12,0,0,85,88,80,91,99,0,0,17,15,19,14,96,0,0,55,38,16,0,0,78,70,71,0
0;pliki//100 lokacji//C101.txt;50;40;swap;3;4542;31116.470064570312;3041.8972699703177;14660.070472174175;13414.50232242582;25467.88921364273;2102.076755366955;11401.662544049095;11964.149914226682;26;300131.6061;0,67,62,83,84,0,0,11,9,6,4,0,0,24,35,38,37,36,0,0,43,54,53,56,0,0,90,86,92,93,0,0,5,3,0,0,70,61,48,51,50,52,0,0,31,25,0,0,17,18,19,30,26,0,0,65,74,66,0,0,68,64,69,1,75,0,0,98,95,94,97,100,0,0,7,8,0,0,57,76,71,80,72,0,0,63,0,0,81,78,73,77,79,0,0,87,82,85,0,0,41,49,29,39,34,0,0,21,22,28,23,0,0,55,40,60,58,59,0,0,88,89,91,99,0,0,32,33,27,0,0,96,2,0,0,13,15,10,0,0,20,16,14,12,0,0,42,45,44,46,47,0
0;pliki//100 lokacji//C101.txt;50;40;swap;3;4543;31116.470064570312;3041.8972699703177;14660.070472174175;13414.50232242582;25467.88921364273;2102.076755366955;11401.662544049095;11964.149914226682;26;300190.2361;0,67,62,83,84,0,0,11,9,6,4,0,0,24,35,38,37,36,0,0,43,54,53,56,0,0,90,86,92,93,0,0,5,3,0,0,70,61,48,51,50,52,0,0,31,25,0,0,17,18,19,30,26,0,0,65,74,66,0,0,68,64,69,1,75,0,0,98,95,94,97,100,0,0,7,8,0,0,57,76,71,80,72,0,0,63,0,0,81,78,73,77,79,0,0,87,82,85,0,0,41,49,29,39,34,0,0,21,22,28,23,0,0,55,40,60,58,59,0,0,88,89,91,99,0,0,32,33,27,0,0,96,2,0,0,13,15,10,0,0,20,16,14,12,0,0,42,45,44,46,47,0
0;pliki//100 lokacji//C101.txt;50;40;swap;3;4544;31116.470064570312;3041.8972699703177;14660.070472174175;13414.50232242582;25467.88921364273;2102.076755366955;11401.662544049095;11964.149914226682;26;300249.5284;0,67,62,83,84,0,0,11,9,6,4,0,0,24,35,38,37,36,0,0,43,54,53,56,0,0,90,86,92,93,0,0,5,3,0,0,70,61,48,51,50,52,0,0,31,25,0,0,17,18,19,30,26,0,0,65,74,66,0,0,68,64,69,1,75,0,0,98,95,94,97,100,0,0,7,8,0,0,57,76,71,80,72,0,0,63,0,0,81,78,73,77,79,0,0,87,82,85,0,0,41,49,29,39,34,0,0,21,22,28,23,0,0,55,40,60,58,59,0,0,88,89,91,99,0,0,32,33,27,0,0,96,2,0,0,13,15,10,0,0,20,16,14,12,0,0,42,45,44,46,47,0
0;pliki//100 lokacji//C101.txt;50;40;invert;3;4542;31116.470064570312;3041.8972699703177;14660.070472174175;13414.50232242582;28870.339925126325;2740.890708755306;13440.62472861105;12688.824487759968;23;300034.7074;0,67,41,83,84,28,50,99,0,0,20,25,35,37,0,0,43,54,53,56,0,0,90,86,94,93,9,0,0,5,7,44,61,48,59,91,52,0,0,32,33,27,0,0,13,19,18,29,26,0,0,24,31,71,72,64,69,1,0,0,98,95,97,92,89,0,0,3,8,11,4,10,34,47,0,0,57,76,80,46,0,0,63,65,30,0,0,81,78,73,77,79,66,0,0,87,82,88,45,51,0,0,42,40,68,49,39,0,0,21,22,23,75,0,0,62,58,60,0,0,6,2,100,0,0,36,12,0,0,55,74,0,0,96,85,70,0,0,15,16,14,0,0,17,38,0
0;pliki//100 lokacji//C101.txt;50;40;invert;3;4543;31116.470064570312;3041.8972699703177;14660.070472174175;13414.50232242582;28900.791307897427;2735.399614976755;13496.931523048343;12668.460169872329;23;300139.2414;0,67,41,83,84,28,50,99,0,0,20,25,35,37,0,0,43,54,53,56,0,0,90,86,94,93,9,0,0,5,7,44,61,48,59,91,52,0,0,32,33,27,0,0,13,19,18,29,26,0,0,24,31,71,72,64,69,1,0,0,98,95,97,92,89,0,0,3,8,11,4,10,34,47,0,0,57,76,80,46,0,0,63,65,30,0,0,81,78,73,77,79,66,0,0,87,82,88,45,51,0,0,42,40,68,49,39,0,0,21,22,23,75,0,0,62,58,60,0,0,6,2,0,0,55,74,0,0,36,12,100,0,0,96,85,70,0,0,15,16,14,0,0,17,38,0
0;pliki//100 lokacji//C101.txt;50;40;invert;3;4544;31116.470064570312;3041.8972699703177;14660.070472174175;13414.50232242582;28922.1537961145;2766.7976442493937;13440.62472861105;12714.731423254058;23;300045.4667;0,67,41,83,84,28,50,99,0,0,20,25,35,37,0,0,43,54,53,56,0,0,90,86,94,93,9,0,0,5,7,44,61,48,59,91,52,0,0,32,33,27,0,0,13,19,18,29,26,0,0,24,31,71,72,64,69,1,0,0,98,95,97,92,89,0,0,3,8,11,4,10,34,47,0,0,57,76,80,46,0,0,63,65,30,0,0,81,78,73,77,79,66,0,0,87,82,88,45,51,0,0,42,40,68,49,39,0,0,21,22,23,75,0,0,62,58,60,0,0,6,2,100,0,0,74,36,12,0,0,55,0,0,96,85,70,0,0,15,16,14,0,0,17,38,0
0;pliki//100 lokacji//C101.txt;50;40;insert;3;4542;31116.470064570312;3041.8972699703177;14660.070472174175;13414.50232242582;26994.878978257573;2478.4268438332583;12130.571170515988;12385.880963908327;24;300069.4794;0,67,0,0,20,25,35,37,0,0,43,54,53,56,0,0,90,86,94,93,0,0,5,7,44,61,59,50,52,0,0,32,33,27,0,0,13,19,18,29,0,0,24,31,0,0,98,95,97,92,0,0,3,8,11,1,26,34,0,0,57,76,84,89,0,0,63,41,0,0,81,73,77,79,72,69,64,66,0,0,87,82,83,45,51,48,0,0,42,40,49,30,39,68,0,0,47,46,28,21,0,0,22,23,4,75,0,0,65,62,58,60,0,0,6,9,2,100,99,0,0,74,36,12,0,0,85,88,80,91,0,0,10,17,15,14,96,0,0,55,38,16,0,0,78,70,71,0
0;pliki//100 lokacji//C101.txt;50;40;insert;3;4543;31116.470064570312;3041.8972699703177;14660.070472174175;13414.50232242582;26994.878978257573;2478.4268438332583;12130.571170515988;12385.880963908327;24;300043.5236;0,67,0,0,20,25,35,37,0,0,43,54,53,56,0,0,90,86,94,93,0,0,5,7,44,61,59,50,52,0,0,32,33,27,0,0,13,19,18,29,0,0,24,31,0,0,98,95,97,92,0,0,3,8,11,1,26,34,0,0,57,76,84,89,0,0,63,41,0,0,81,73,77,79,72,69,64,66,0,0,87,82,83,45,51,48,0,0,42,40,49,30,39,68,0,0,47,46,28,21,0,0,22,23,4,75,0,0,65,62,58,60,0,0,6,9,2,100,99,0,0,74,36,12,0,0,85,88,80,91,0,0,10,17,15,14,96,0,0,55,38,16,0,0,78,70,71,0
0;pliki//100 lokacji//C101.txt;50;40;insert;3;4544;31116.470064570312;3041.8972699703177;14660.070472174175;13414.50232242582;26994.878978257573;2478.4268438332583;12130.571170515988;12385.880963908327;24;300067.2996;0,67,0,0,20,25,35,37,0,0,43,54,53,56,0,0,90,86,94,93,0,0,5,7,44,61,59,50,52,0,0,32,33,27,0,0,13,19,18,29,0,0,24,31,0,0,98,95,97,92,0,0,3,8,11,1,26,34,0,0,57,76,84,89,0,0,63,41,0,0,81,73,77,79,72,69,64,66,0,0,87,82,83,45,51,48,0,0,42,40,49,30,39,68,0,0,47,46,28,21,0,0,22,23,4,75,0,0,65,62,58,60,0,0,6,9,2,100,99,0,0,74,36,12,0,0,85,88,80,91,0,0,10,17,15,14,96,0,0,55,38,16,0,0,78,70,71,0
0;pliki//100 lokacji//C101.txt;50;50;swap;3;5542;31116.470064570312;3041.8972699703177;14660.070472174175;13414.50232242582;25467.88921364273;2102.076755366955;11401.662544049095;11964.149914226682;26;300137.595;0,67,62,83,84,0,0,11,9,6,4,0,0,24,35,38,37,36,0,0,43,54,53,56,0,0,90,86,92,93,0,0,5,3,0,0,70,61,48,51,50,52,0,0,31,25,0,0,17,18,19,30,26,0,0,65,74,66,0,0,68,64,69,1,75,0,0,98,95,94,97,100,0,0,7,8,0,0,57,76,71,80,72,0,0,63,0,0,81,78,73,77,79,0,0,87,82,85,0,0,41,49,29,39,34,0,0,21,22,28,23,0,0,55,40,60,58,59,0,0,88,89,91,99,0,0,32,33,27,0,0,96,2,0,0,13,15,10,0,0,20,16,14,12,0,0,42,45,44,46,47,0
0;pliki//100 lokacji//C101.txt;50;50;swap;3;5543;31116.470064570312;3041.8972699703177;14660.070472174175;13414.50232242582;25467.88921364273;2102.076755366955;11401.662544049095;11964.149914226682;26;300164.4678;0,67,62,83,84,0,0,11,9,6,4,0,0,24,35,38,37,36,0,0,43,54,53,56,0,0,90,86,92,93,0,0,5,3,0,0,70,61,48,51,50,52,0,0,31,25,0,0,17,18,19,30,26,0,0,65,74,66,0,0,68,64,69,1,75,0,0,98,95,94,97,100,0,0,7,8,0,0,57,76,71,80,72,0,0,63,0,0,81,78,73,77,79,0,0,87,82,85,0,0,41,49,29,39,34,0,0,21,22,28,23,0,0,55,40,60,58,59,0,0,88,89,91,99,0,0,32,33,27,0,0,96,2,0,0,13,15,10,0,0,20,16,14,12,0,0,42,45,44,46,47,0
0;pliki//100 lokacji//C101.txt;50;50;swap;3;5544;31116.470064570312;3041.8972699703177;14660.070472174175;13414.50232242582;25467.88921364273;2102.076755366955;11401.662544049095;11964.149914226682;26;300199.1549;0,67,62,83,84,0,0,11,9,6,4,0,0,24,35,38,37,36,0,0,43,54,53,56,0,0,90,86,92,93,0,0,5,3,0,0,70,61,48,51,50,52,0,0,31,25,0,0,17,18,19,30,26,0,0,65,74,66,0,0,68,64,69,1,75,0,0,98,95,94,97,100,0,0,7,8,0,0,57,76,71,80,72,0,0,63,0,0,81,78,73,77,79,0,0,87,82,85,0,0,41,49,29,39,34,0,0,21,22,28,23,0,0,55,40,60,58,59,0,0,88,89,91,99,0,0,32,33,27,0,0,96,2,0,0,13,15,10,0,0,20,16,14,12,0,0,42,45,44,46,47,0
0;pliki//100 lokacji//C101.txt;50;50;invert;3;5542;31116.470064570312;3041.8972699703177;14660.070472174175;13414.50232242582;28900.791307897427;2735.399614976755;13496.931523048343;12668.460169872329;23;300008.3986;0,67,41,83,84,28,50,99,0,0,20,25,35,37,0,0,43,54,53,56,0,0,90,86,94,93,9,0,0,5,7,44,61,48,59,91,52,0,0,32,33,27,0,0,13,19,18,29,26,0,0,24,31,71,72,64,69,1,0,0,98,95,97,92,89,0,0,3,8,11,4,10,34,47,0,0,57,76,80,46,0,0,63,65,30,0,0,81,78,73,77,79,66,0,0,87,82,88,45,51,0,0,42,40,68,49,39,0,0,21,22,23,75,0,0,62,58,60,0,0,6,2,0,0,55,74,0,0,36,12,100,0,0,96,85,70,0,0,15,16,14,0,0,17,38,0
0;pliki//100 lokacji//C101.txt;50;50;invert;3;5543;31116.470064570312;3041.8972699703177;14660.070472174175;13414.50232242582;28870.339925126325;2740.890708755306;13440.62472861105;12688.824487759968;23;300062.9085;0,67,41,83,84,28,50,99,0,0,20,25,35,37,0,0,43,54,53,56,0,0,90,86,94,93,9,0,0,5,7,44,61,48,59,91,52,0,0,32,33,27,0,0,13,19,18,29,26,0,0,24,31,71,72,64,69,1,0,0,98,95,97,92,89,0,0,3,8,11,4,10,34,47,0,0,57,76,80,46,0,0,63,65,30,0,0,81,78,73,77,79,66,0,0,87,82,88,45,51,0,0,42,40,68,49,39,0,0,21,22,23,75,0,0,62,58,60,0,0,6,2,100,0,0,36,12,0,0,55,74,0,0,96,85,70,0,0,15,16,14,0,0,17,38,0
0;pliki//100 lokacji//C101.txt;50;50;invert;3;5544;31116.470064570312;3041.8972699703177;14660.070472174175;13414.50232242582;28900.791307897427;2735.399614976755;13496.931523048343;12668.460169872329;23;300128.497;0,67,41,83,84,28,50,99,0,0,20,25,35,37,0,0,43,54,53,56,0,0,90,86,94,93,9,0,0,5,7,44,61,48,59,91,52,0,0,32,33,27,0,0,13,19,18,29,26,0,0,24,31,71,72,64,69,1,0,0,98,95,97,92,89,0,0,3,8,11,4,10,34,47,0,0,57,76,80,46,0,0,63,65,30,0,0,81,78,73,77,79,66,0,0,87,82,88,45,51,0,0,42,40,68,49,39,0,0,21,22,23,75,0,0,62,58,60,0,0,6,2,0,0,55,74,0,0,36,12,100,0,0,96,85,70,0,0,15,16,14,0,0,17,38,0
0;pliki//100 lokacji//C101.txt;50;50;insert;3;5542;31116.470064570312;3041.8972699703177;14660.070472174175;13414.50232242582;27062.997357883723;2489.9768144697914;11992.827469532544;12580.193073881386;24;300055.5059;0,67,84,0,0,20,25,35,37,0,0,43,54,53,56,0,0,90,86,94,93,0,0,5,7,44,61,59,50,52,0,0,32,33,27,0,0,13,18,19,26,0,0,24,31,0,0,98,95,97,92,89,0,0,3,8,11,0,0,57,76,46,47,0,0,63,41,0,0,81,73,77,79,72,69,64,66,0,0,87,82,83,45,51,48,0,0,42,40,49,29,39,68,0,0,30,28,34,21,0,0,22,23,4,1,75,0,0,65,62,58,60,0,0,6,9,2,100,99,0,0,74,36,12,0,0,85,88,80,91,0,0,10,17,15,14,96,0,0,55,38,16,0,0,78,70,71,0
0;pliki//100 lokacji//C101.txt;50;50;insert;3;5543;31116.470064570312;3041.8972699703177;14660.070472174175;13414.50232242582;27062.997357883723;2489.9768144697914;11992.827469532544;12580.193073881386;24;300094.0337;0,67,84,0,0,20,25,35,37,0,0,43,54,53,56,0,0,90,86,94,93,0,0,5,7,44,61,59,50,52,0,0,32,33,27,0,0,13,18,19,26,0,0,24,31,0,0,98,95,97,92,89,0,0,3,8,11,0,0,57,76,46,47,0,0,63,41,0,0,81,73,77,79,72,69,64,66,0,0,87,82,83,45,51,48,0,0,42,40,49,29,39,68,0,0,30,28,34,21,0,0,22,23,4,1,75,0,0,65,62,58,60,0,0,6,9,2,100,99,0,0,74,36,12,0,0,85,88,80,91,0,0,10,17,15,14,96,0,0,55,38,16,0,0,78,70,71,0
0;pliki//100 lokacji//C101.txt;50;50;insert;3;5544;31116.470064570312;3041.8972699703177;14660.070472174175;13414.50232242582;27062.997357883723;2489.9768144697914;11992.827469532544;12580.193073881386;24;300130.5922;0,67,84,0,0,20,25,35,37,0,0,43,54,53,56,0,0,90,86,94,93,0,0,5,7,44,61,59,50,52,0,0,32,33,27,0,0,13,18,19,26,0,0,24,31,0,0,98,95,97,92,89,0,0,3,8,11,0,0,57,76,46,47,0,0,63,41,0,0,81,73,77,79,72,69,64,66,0,0,87,82,83,45,51,48,0,0,42,40,49,29,39,68,0,0,30,28,34,21,0,0,22,23,4,1,75,0,0,65,62,58,60,0,0,6,9,2,100,99,0,0,74,36,12,0,0,85,88,80,91,0,0,10,17,15,14,96,0,0,55,38,16,0,0,78,70,71,0
0;pliki//100 lokacji//C101.txt;100;10;swap;3;2042;31116.470064570312;3041.8972699703177;14660.070472174175;13414.50232242582;25969.94085966603;2035.6364647838247;12074.518892934486;11859.785501947717;24;300006.0434;0,67,65,83,84,28,23,0,0,24,25,22,0,0,40,54,53,56,0,0,98,96,94,93,97,0,0,5,3,44,45,68,59,50,52,0,0,32,33,27,0,0,17,18,19,30,26,0,0,43,62,74,0,0,66,72,64,69,1,75,0,0,90,95,92,9,0,0,7,8,10,11,0,0,70,76,71,0,0,63,0,0,81,78,73,77,79,80,0,0,87,86,82,61,48,51,0,0,42,41,0,0,36,37,39,34,0,0,55,58,60,0,0,6,2,100,4,0,0,31,35,38,29,0,0,85,88,89,91,99,0,0,13,15,21,0,0,20,16,14,12,0,0,57,46,49,47,0
0;pliki//100 lokacji//C101.txt;100;10;swap;3;2043;31116.470064570312;3041.8972699703177;14660.070472174175;13414.50232242582;25741.6437673195;2085.3016395310538;12108.775828658478;11547.566299129969;26;300104.1643;0,87,86,0,0,65,62,74,0,0,29,34,28,23,75,0,0,40,54,53,56,0,0,20,22,21,0,0,15,30,9,6,4,0,0,67,0,0,24,25,0,0,3,10,12,16,0,0,35,38,37,0,0,5,8,7,0,0,44,46,45,48,51,50,52,0,0,17,14,19,36,39,27,0,0,42,41,57,0,0,90,84,83,88,0,0,13,11,100,97,96,0,0,81,79,82,85,0,0,73,70,80,61,68,59,0,0,98,95,94,2,1,0,0,32,18,26,0,0,78,76,71,77,72,64,0,0,33,31,0,0,63,0,0,55,58,60,66,69,0,0,92,93,99,89,91,0,0,43,47,49,0
0;pliki//100 lokacji//C101.txt;100;10;swap;3;2044;31116.470064570312;3041.8972699703177;14660.070472174175;13414.50232242582;25947.34603758918;2017.8220110878592;12070.640691746841;11858.883334754482;24;300031.0252;0,67,65,83,84,0,0,24,25,22,0,0,40,54,53,56,0,0,98,96,94,93,97,0,0,5,7,44,45,68,59,50,52,0,0,32,33,27,0,0,17,18,19,30,26,0,0,43,62,74,0,0,66,72,64,69,1,75,0,0,90,95,92,9,0,0,3,8,11,10,28,23,0,0,70,76,71,0,0,63,0,0,81,78,73,77,79,80,0,0,87,86,82,61,48,51,0,0,42,41,57,0,0,36,37,39,34,0,0,55,58,60,0,0,6,2,100,4,0,0,31,35,38,29,0,0,85,88,89,91,99,0,0,13,15,21,0,0,20,16,14,12,0,0,47,46,49,0
0;pliki//100 lokacji//C101.txt;100;10;invert;3;2042;31116.470064570312;3041.8972699703177;14660.070472174175;13414.50232242582;29236.063155901596;2658.332009893883;13879.842267191447;12697.888878816266;23;300026.3165;0,67,84,83,41,28,50,99,0,0,20,25,35,37,0,0,43,54,53,56,0,0,90,86,94,93,9,0,0,5,7,44,61,48,59,91,52,0,0,32,33,27,0,0,13,19,18,29,26,0,0,24,31,71,72,64,69,1,0,0,98,95,97,92,89,0,0,3,4,10,11,8,47,34,0,0,57,76,80,46,0,0,65,63,30,0,0,81,78,73,77,79,66,0,0,87,88,82,45,51,0,0,42,40,49,39,23,0,0,6,75,0,0,62,74,68,0,0,21,22,0,0,12,100,2,0,0,55,58,60,36,0,0,96,85,70,0,0,15,16,14,0,0,17,38,0
0;pliki//100 lokacji//C101.txt;100;10;invert;3;2043;31116.470064570312;3041.8972699703177;14660.070472174175;13414.50232242582;29236.063155901596;2658.332009893883;13879.842267191447;12697.888878816266;23;300012.766;0,67,84,83,41,28,50,99,0,0,20,25,35,37,0,0,43,54,53,56,0,0,90,86,94,93,9,0,0,5,7,44,61,48,59,91,52,0,0,32,33,27,0,0,13,19,18,29,26,0,0,24,31,71,72,64,69,1,0,0,98,95,97,92,89,0,0,3,4,10,11,8,47,34,0,0,57,76,80,46,0,0,65,63,30,0,0,81,78,73,77,79,66,0,0,87,88,82,45,51,0,0,42,40,49,39,23,0,0,6,75,0,0,62,74,68,0,0,21,22,0,0,12,100,2,0,0,55,58,60,36,0,0,96,85,70,0,0,15,16,14,0,0,17,38,0
0;pliki//100 lokacji//C101.txt;100;10;invert;3;2044;31116.470064570312;3041.8972699703177;14660.070472174175;13414.50232242582;29236.063155901596;2658.332009893883;13879.842267191447;12697.888878816266;23;300023.3054;0,67,84,83,41,28,50,99,0,0,20,25,35,37,0,0,43,54,53,56,0,0,90,86,94,93,9,0,0,5,7,44,61,48,59,91,52,0,0,32,33,27,0,0,13,19,18,29,26,0,0,24,31,71,72,64,69,1,0,0,98,95,97,92,89,0,0,3,4,10,11,8,47,34,0,0,57,76,80,46,0,0,65,63,30,0,0,81,78,73,77,79,66,0,0,87,88,82,45,51,0,0,42,40,49,39,23,0,0,6,75,0,0,62,74,68,0,0,21,22,0,0,12,100,2,0,0,55,58,60,36,0,0,96,85,70,0,0,15,16,14,0,0,17,38,0
0;pliki//100 lokacji//C101.txt;100;10;insert;3;2042;31116.470064570312;3041.8972699703177;14660.070472174175;13414.50232242582;26992.486418677883;2342.230930366539;12443.68362917178;12206.571859139565;24;300008.3;0,20,37,35,0,0,43,54,53,56,0,0,90,86,94,93,0,0,5,7,44,61,48,50,0,0,32,33,27,0,0,13,18,26,0,0,24,31,52,59,72,64,69,0,0,98,95,92,97,0,0,3,8,0,0,41,57,46,0,0,67,65,63,0,0,81,78,73,77,79,66,0,0,87,82,83,88,0,0,42,40,47,49,39,23,0,0,25,30,29,21,0,0,28,22,91,99,75,0,0,62,58,60,51,0,0,6,1,2,100,4,0,0,10,11,12,36,34,0,0,45,89,85,80,68,0,0,17,15,19,14,9,0,0,55,38,16,0,0,70,76,71,0,0,96,84,74,0
0;pliki//100 lokacji//C101.txt;100;10;insert;3;2043;31116.470064570312;3041.8972699703177;14660.070472174175;13414.50232242582;26992.486418677883;2342.230930366539;12443.68362917178;12206.571859139565;24;300150.659;0,20,37,35,0,0,43,54,53,56,0,0,90,86,94,93,0,0,5,7,44,61,48,50,0,0,32,33,27,0,0,13,18,26,0,0,24,31,52,59,72,64,69,0,0,98,95,92,97,0,0,3,8,0,0,41,57,46,0,0,67,65,63,0,0,81,78,73,77,79,66,0,0,87,82,83,88,0,0,42,40,47,49,39,23,0,0,25,30,29,21,0,0,28,22,91,99,75,0,0,62,58,60,51,0,0,6,1,2,100,4,0,0,10,11,12,36,34,0,0,45,89,85,80,68,0,0,17,15,19,14,9,0,0,55,38,16,0,0,70,76,71,0,0,96,84,74,0
0;pliki//100 lokacji//C101.txt;100;10;insert;3;2044;31116.470064570312;3041.8972699703177;14660.070472174175;13414.50232242582;26992.486418677883;2342.230930366539;12443.68362917178;12206.571859139565;24;300194.844;0,20,37,35,0,0,43,54,53,56,0,0,90,86,94,93,0,0,5,7,44,61,48,50,0,0,32,33,27,0,0,13,18,26,0,0,24,31,52,59,72,64,69,0,0,98,95,92,97,0,0,3,8,0,0,41,57,46,0,0,67,65,63,0,0,81,78,73,77,79,66,0,0,87,82,83,88,0,0,42,40,47,49,39,23,0,0,25,30,29,21,0,0,28,22,91,99,75,0,0,62,58,60,51,0,0,6,1,2,100,4,0,0,10,11,12,36,34,0,0,45,89,85,80,68,0,0,17,15,19,14,9,0,0,55,38,16,0,0,70,76,71,0,0,96,84,74,0
0;pliki//100 lokacji//C101.txt;100;20;swap;3;3042;31116.470064570312;3041.8972699703177;14660.070472174175;13414.50232242582;25432.573977453783;1963.731740625607;11508.082494116781;11960.759742711394;27;300244.3778;0,32,33,0,0,3,18,14,12,9,0,0,5,79,73,70,77,80,0,0,24,27,0,0,38,37,39,0,0,87,86,83,85,0,0,98,95,97,100,99,0,0,36,34,51,50,47,52,0,0,13,11,10,0,0,17,15,2,1,0,0,68,53,60,61,64,69,0,0,31,35,29,26,28,0,0,90,84,82,0,0,40,44,46,0,0,88,89,91,0,0,65,74,0,0,67,62,66,0,0,23,4,75,0,0,7,6,8,0,0,42,45,48,49,0,0,96,94,92,93,0,0,20,25,22,0,0,16,19,30,21,0,0,43,41,56,58,59,0,0,55,54,57,0,0,81,76,71,78,72,0,0,63,0
0;pliki//100 lokacji//C101.txt;100;20;swap;3;3043;31116.470064570312;3041.8972699703177;14660.070472174175;13414.50232242582;25586.512693970522;2158.3331298638404;11545.029850330457;11883.149713776225;28;300155.6965;0,96,94,92,93,0,0,57,59,45,0,0,78,76,71,0,0,63,0,0,13,17,19,39,0,0,98,95,97,100,99,0,0,15,16,14,0,0,43,0,0,65,74,62,0,0,81,70,73,0,0,5,6,8,11,0,0,3,1,2,12,9,0,0,40,58,60,72,89,0,0,33,31,29,0,0,88,91,75,0,0,7,10,0,0,20,27,35,38,37,0,0,53,56,61,36,34,0,0,25,44,46,0,0,47,48,51,50,0,0,32,52,49,0,0,55,54,0,0,24,22,21,0,0,42,41,0,0,67,66,64,68,69,0,0,87,82,83,79,77,80,0,0,18,26,30,28,23,4,0,0,90,86,84,85,0
0;pliki//100 lokacji//C101.txt;100;20;swap;3;3044;31116.470064570312;3041.8972699703177;14660.070472174175;13414.50232242582;25698.86010151641;2183.5574216498026;11579.335226425703;11935.967453440906;27;300017.0349;0,57,54,55,68,0,0,82,76,71,77,45,48,50,0,0,20,0,0,96,93,97,0,0,90,88,53,56,61,0,0,32,38,35,29,0,0,3,25,22,0,0,42,41,49,30,28,0,0,81,78,79,58,59,0,0,69,64,0,0,5,12,15,0,0,17,18,19,0,0,62,40,44,46,47,0,0,7,6,8,0,0,43,51,60,0,0,36,37,39,34,0,0,98,95,94,92,0,0,13,16,14,0,0,73,70,85,0,0,24,27,26,0,0,66,72,80,91,0,0,87,86,83,84,89,0,0,1,2,100,99,75,0,0,10,11,9,21,23,4,0,0,33,31,52,0,0,67,65,74,0,0,63,0
0;pliki//100 lokacji//C101.txt;100;20;invert;3;3042;31116.470064570312;3041.8972699703177;14660.070472174175;13414.50232242582;28922.1537961145;2766.7976442493937;13440.62472861105;12714.731423254058;23;300037.1756;0,67,41,83,84,28,50,99,0,0,20,25,35,37,0,0,43,54,53,56,0,0,90,86,94,93,9,0,0,5,7,44,61,48,59,91,52,0,0,32,33,27,0,0,13,19,18,29,26,0,0,24,31,71,72,64,69,1,0,0,98,95,97,92,89,0,0,3,8,11,4,10,34,47,0,0,57,76,80,46,0,0,63,65,30,0,0,81,78,73,77,79,66,0,0,87,82,88,45,51,0,0,42,40,68,49,39,0,0,21,22,23,75,0,0,62,58,60,0,0,6,2,100,0,0,74,36,12,0,0,55,0,0,96,85,70,0,0,15,16,14,0,0,17,38,0
0;pliki//100 lokacji//C101.txt;100;20;invert;3;3043;31116.470064570312;3041.8972699703177;14660.070472174175;13414.50232242582;28922.1537961145;2766.7976442493937;13440.62472861105;12714.731423254058;23;300197.239;0,67,41,83,84,28,50,99,0,0,20,25,35,37,0,0,43,54,53,56,0,0,90,86,94,93,9,0,0,5,7,44,61,48,59,91,52,0,0,32,33,27,0,0,13,19,18,29,26,0,0,24,31,71,72,64,69,1,0,0,98,95,97,92,89,0,0,3,8,11,4,10,34,47,0,0,57,76,80,46,0,0,63,65,30,0,0,81,78,73,77,79,66,0,0,87,82,88,45,51,0,0,42,40,68,49,39,0,0,21,22,23,75,0,0,62,58,60,0,0,6,2,100,0,0,74,36,12,0,0,55,0,0,96,85,70,0,0,15,16,14,0,0,17,38,0
0;pliki//100 lokacji//C101.txt;100;20;invert;3;3044;31116.470064570312;3041.8972699703177;14660.070472174175;13414.50232242582;28922.1537961145;2766.7976442493937;13440.62472861105;12714.731423254058;23;300029.6609;0,67,41,83,84,28,50,99,0,0,20,25,35,37,0,0,43,54,53,56,0,0,90,86,94,93,9,0,0,5,7,44,61,48,59,91,52,0,0,32,33,27,0,0,13,19,18,29,26,0,0,24,31,71,72,64,69,1,0,0,98,95,97,92,89,0,0,3,8,11,4,10,34,47,0,0,57,76,80,46,0,0,63,65,30,0,0,81,78,73,77,79,66,0,0,87,82,88,45,51,0,0,42,40,68,49,39,0,0,21,22,23,75,0,0,62,58,60,0,0,6,2,100,0,0,74,36,12,0,0,55,0,0,96,85,70,0,0,15,16,14,0,0,17,38,0
0;pliki//100 lokacji//C101.txt;100;20;insert;3;3042;31116.470064570312;3041.8972699703177;14660.070472174175;13414.50232242582;27506.673142240907;2419.9358406380047;12854.592464908563;12232.144836694337;24;300069.0771;0,67,83,84,0,0,20,25,35,37,0,0,43,54,53,56,0,0,90,86,94,93,0,0,5,7,44,61,48,59,50,52,0,0,32,33,27,0,0,13,19,18,29,0,0,24,31,0,0,98,95,97,92,89,0,0,3,8,11,10,0,0,57,76,80,0,0,63,41,47,0,0,81,73,77,79,72,69,64,66,0,0,87,82,88,45,51,0,0,42,40,49,46,68,0,0,26,28,34,21,0,0,22,23,91,75,0,0,65,62,58,60,0,0,6,2,99,100,4,0,0,74,36,39,0,0,85,12,14,30,0,0,17,15,96,1,9,0,0,55,38,16,0,0,78,70,71,0
0;pliki//100 lokacji//C101.txt;100;20;insert;3;3043;31116.470064570312;3041.8972699703177;14660.070472174175;13414.50232242582;27506.673142240907;2419.9358406380047;12854.592464908563;12232.144836694337;24;300226.4822;0,67,83,84,0,0,20,25,35,37,0,0,43,54,53,56,0,0,90,86,94,93,0,0,5,7,44,61,48,59,50,52,0,0,32,33,27,0,0,13,19,18,29,0,0,24,31,0,0,98,95,97,92,89,0,0,3,8,11,10,0,0,57,76,80,0,0,63,41,47,0,0,81,73,77,79,72,69,64,66,0,0,87,82,88,45,51,0,0,42,40,49,46,68,0,0,26,28,34,21,0,0,22,23,91,75,0,0,65,62,58,60,0,0,6,2,99,100,4,0,0,74,36,39,0,0,85,12,14,30,0,0,17,15,96,1,9,0,0,55,38,16,0,0,78,70,71,0
0;pliki//100 lokacji//C101.txt;100;20;insert;3;3044;31116.470064570312;3041.8972699703177;14660.070472174175;13414.50232242582;27506.673142240907;2419.9358406380047;12854.592464908563;12232.144836694337;24;300095.3912;0,67,83,84,0,0,20,25,35,37,0,0,43,54,53,56,0,0,90,86,94,93,0,0,5,7,44,61,48,59,50,52,0,0,32,33,27,0,0,13,19,18,29,0,0,24,31,0,0,98,95,97,92,89,0,0,3,8,11,10,0,0,57,76,80,0,0,63,41,47,0,0,81,73,77,79,72,69,64,66,0,0,87,82,88,45,51,0,0,42,40,49,46,68,0,0,26,28,34,21,0,0,22,23,91,75,0,0,65,62,58,60,0,0,6,2,99,100,4,0,0,74,36,39,0,0,85,12,14,30,0,0,17,15,96,1,9,0,0,55,38,16,0,0,78,70,71,0
0;pliki//100 lokacji//C101.txt;100;30;swap;3;4042;31116.470064570312;3041.8972699703177;14660.070472174175;13414.50232242582;25182.93657390734;2051.5157830465982;11389.583059002249;11741.837731858495;28;300073.4138;0,81,70,82,0,0,40,54,53,56,0,0,90,86,84,85,0,0,32,33,35,0,0,42,41,44,0,0,63,0,0,77,79,88,91,0,0,98,95,97,0,0,65,62,74,0,0,8,6,2,9,0,0,17,18,19,0,0,67,0,0,47,46,48,59,57,0,0,87,83,72,61,66,89,0,0,3,12,14,16,0,0,55,58,60,68,69,0,0,7,10,0,0,43,45,49,52,37,28,0,0,31,38,27,29,0,0,1,99,100,4,75,0,0,78,76,71,73,80,64,0,0,39,36,34,51,50,0,0,22,23,21,0,0,24,25,26,30,0,0,13,15,11,0,0,5,0,0,20,0,0,96,94,92,93,0
0;pliki//100 lokacji//C101.txt;100;30;swap;3;4043;31116.470064570312;3041.8972699703177;14660.070472174175;13414.50232242582;25455.726902541814;2092.047787826785;11402.154907529337;11961.524207185692;27;300122.4134;0,34,51,33,52,0,0,67,0,0,98,96,95,0,0,69,68,57,59,50,47,0,0,53,56,58,48,64,0,0,5,7,6,11,9,0,0,31,35,39,37,0,0,90,97,94,92,0,0,43,40,45,44,46,49,0,0,3,18,26,0,0,84,82,93,99,0,0,24,22,27,30,28,23,0,0,81,78,73,79,61,0,0,66,72,77,0,0,32,38,36,29,0,0,55,54,60,0,0,76,71,70,80,0,0,13,17,15,0,0,25,21,0,0,20,10,8,0,0,63,86,0,0,87,85,83,89,0,0,1,2,100,4,75,0,0,19,16,14,12,0,0,88,91,0,0,65,62,74,0,0,42,41,0
0;pliki//100 lokacji//C101.txt;100;30;swap;3;4044;31116.470064570312;3041.8972699703177;14660.070472174175;13414.50232242582;25345.391518731365;2230.9683136992458;11104.095036304;12010.32816872812;31;300002.3992;0,4,99,75,0,0,94,93,14,12,0,0,98,100,6,11,9,0,0,86,82,79,72,64,68,69,0,0,13,10,8,0,0,7,0,0,55,40,44,46,45,59,0,0,33,31,49,0,0,65,62,0,0,77,80,0,0,96,95,92,97,0,0,20,0,0,90,0,0,36,37,39,34,0,0,87,83,84,0,0,63,0,0,17,18,19,0,0,24,27,15,16,0,0,32,38,35,29,0,0,67,0,0,66,47,48,51,50,52,0,0,21,30,26,28,23,0,0,78,76,74,0,0,54,53,56,61,0,0,85,88,89,91,0,0,3,2,1,0,0,5,0,0,57,58,60,0,0,81,73,70,71,0,0,42,41,0,0,43,25,22,0
0;pliki//100 lokacji//C101.txt;100;30;invert;3;4042;31116.470064570312;3041.8972699703177;14660.070472174175;13414.50232242582;28922.1537961145;2766.7976442493937;13440.62472861105;12714.731423254058;23;300119.1351;0,67,41,83,84,28,50,99,0,0,20,25,35,37,0,0,43,54,53,56,0,0,90,86,94,93,9,0,0,5,7,44,61,48,59,91,52,0,0,32,33,27,0,0,13,19,18,29,26,0,0,24,31,71,72,64,69,1,0,0,98,95,97,92,89,0,0,3,8,11,4,10,34,47,0,0,57,76,80,46,0,0,63,65,30,0,0,81,78,73,77,79,66,0,0,87,82,88,45,51,0,0,42,40,68,49,39,0,0,21,22,23,75,0,0,62,58,60,0,0,6,2,100,0,0,74,36,12,0,0,55,0,0,96,85,70,0,0,15,16,14,0,0,17,38,0
0;pliki//100 lokacji//C101.txt;100;30;invert;3;4043;31116.470064570312;3041.8972699703177;14660.070472174175;13414.50232242582;28922.1537961145;2766.7976442493937;13440.62472861105;12714.731423254058;23;300119.844;0,67,41,83,84,28,50,99,0,0,20,25,35,37,0,0,43,54,53,56,0,0,90,86,94,93,9,0,0,5,7,44,61,48,59,91,52,0,0,32,33,27,0,0,13,19,18,29,26,0,0,24,31,71,72,64,69,1,0,0,98,95,97,92,89,0,0,3,8,11,4,10,34,47,0,0,57,76,80,46,0,0,63,65,30,0,0,81,78,73,77,79,66,0,0,87,82,88,45,51,0,0,42,40,68,49,39,0,0,21,22,23,75,0,0,62,58,60,0,0,6,2,100,0,0,74,36,12,0,0,55,0,0,96,85,70,0,0,15,16,14,0,0,17,38,0
0;pliki//100 lokacji//C101.txt;100;30;invert;3;4044;31116.470064570312;3041.8972699703177;14660.070472174175;13414.50232242582;28922.1537961145;2766.7976442493937;13440.62472861105;12714.731423254058;23;300047.7642;0,67,41,83,84,28,50,99,0,0,20,25,35,37,0,0,43,54,53,56,0,0,90,86,94,93,9,0,0,5,7,44,61,48,59,91,52,0,0,32,33,27,0,0,13,19,18,29,26,0,0,24,31,71,72,64,69,1,0,0,98,95,97,92,89,0,0,3,8,11,4,10,34,47,0,0,57,76,80,46,0,0,63,65,30,0,0,81,78,73,77,79,66,0,0,87,82,88,45,51,0,0,42,40,68,49,39,0,0,21,22,23,75,0,0,62,58,60,0,0,6,2,100,0,0,74,36,12,0,0,55,0,0,96,85,70,0,0,15,16,14,0,0,17,38,0
0;pliki//100 lokacji//C101.txt;100;30;insert;3;4042;31116.470064570312;3041.8972699703177;14660.070472174175;13414.50232242582;26976.24169592934;2515.8584617315882;12133.53550282154;12326.847731376214;26;300113.1579;0,87,0,0,96,70,79,61,66,0,0,42,54,68,69,0,0,43,33,0,0,3,100,97,0,0,13,0,0,62,74,0,0,32,31,0,0,17,15,26,21,0,0,25,22,0,0,89,88,91,7,52,47,0,0,67,86,82,0,0,57,36,30,14,28,0,0,84,2,34,0,0,49,56,45,59,64,75,0,0,72,53,55,58,48,51,50,0,0,23,11,8,1,0,0,90,78,83,85,0,0,20,39,35,29,12,10,0,0,65,40,44,46,60,0,0,98,95,94,92,9,0,0,81,76,71,73,77,80,0,0,24,41,38,37,0,0,93,99,6,4,5,0,0,27,18,19,16,0,0,63,0
0;pliki//100 lokacji//C101.txt;100;30;insert;3;4043;31116.470064570312;3041.8972699703177;14660.070472174175;13414.50232242582;27389.356233709375;2562.4823331916937;12226.920967164868;12599.952933352812;23;300515.0547;0,67,84,0,0,20,25,35,37,0,0,43,54,53,56,0,0,90,86,94,93,0,0,5,7,44,61,59,50,0,0,32,33,27,0,0,13,18,29,26,0,0,24,31,52,64,72,69,0,0,98,95,97,92,89,0,0,3,8,11,9,10,34,0,0,57,76,46,47,0,0,63,41,0,0,81,73,77,79,66,28,0,0,87,82,83,45,51,48,0,0,42,40,49,30,39,68,0,0,22,21,23,75,0,0,65,62,58,60,0,0,6,1,2,100,4,0,0,74,36,12,0,0,85,88,80,91,99,0,0,17,15,19,14,96,0,0,55,38,16,0,0,78,70,71,0
0;pliki//100 lokacji//C101.txt;100;30;insert;3;4044;31116.470064570312;3041.8972699703177;14660.070472174175;13414.50232242582;27389.356233709375;2562.4823331916937;12226.920967164868;12599.952933352812;23;300017.8728;0,67,84,0,0,20,25,35,37,0,0,43,54,53,56,0,0,90,86,94,93,0,0,5,7,44,61,59,50,0,0,32,33,27,0,0,13,18,29,26,0,0,24,31,52,64,72,69,0,0,98,95,97,92,89,0,0,3,8,11,9,10,34,0,0,57,76,46,47,0,0,63,41,0,0,81,73,77,79,66,28,0,0,87,82,83,45,51,48,0,0,42,40,49,30,39,68,0,0,22,21,23,75,0,0,65,62,58,60,0,0,6,1,2,100,4,0,0,74,36,12,0,0,85,88,80,91,99,0,0,17,15,19,14,96,0,0,55,38,16,0,0,78,70,71,0
0;pliki//100 lokacji//C101.txt;100;40;swap;3;5042;31116.470064570312;3041.8972699703177;14660.070472174175;13414.50232242582;25275.233307779163;2143.4535501659507;11255.704135929707;11876.075621683503;28;300146.6339;0,87,86,0,0,7,10,15,30,0,0,78,76,71,0,0,3,6,0,0,20,21,0,0,43,41,47,49,26,28,23,0,0,2,4,0,0,17,18,19,14,9,0,0,85,88,89,91,0,0,74,68,61,69,0,0,5,11,12,16,0,0,42,40,44,46,0,0,24,25,22,0,0,57,54,0,0,8,92,93,0,0,31,53,56,58,0,0,1,98,100,99,75,0,0,96,94,97,95,48,50,0,0,63,0,0,65,62,0,0,81,70,73,77,79,0,0,27,37,39,34,0,0,66,72,80,0,0,55,60,51,52,45,59,64,0,0,67,0,0,13,36,38,29,0,0,90,82,83,84,0,0,32,33,35,0
0;pliki//100 lokacji//C101.txt;100;40;swap;3;5043;31116.470064570312;3041.8972699703177;14660.070472174175;13414.50232242582;25105.151287881614;2132.9802092557966;11054.615160891213;11917.555917734606;29;300190.9145;0,32,38,35,29,0,0,87,86,73,93,0,0,55,60,56,58,0,0,5,6,8,0,0,43,0,0,36,37,39,34,50,0,0,96,97,100,0,0,20,0,0,40,44,46,47,0,0,98,95,94,92,9,0,0,1,2,4,0,0,24,19,15,30,45,48,51,0,0,69,88,99,75,0,0,26,28,23,21,0,0,89,91,0,0,82,76,70,61,64,0,0,83,85,84,80,0,0,27,25,22,0,0,63,0,0,3,12,14,16,0,0,65,74,72,68,0,0,90,0,0,42,41,0,0,13,17,18,0,0,67,62,66,0,0,7,11,10,0,0,57,54,53,59,0,0,81,78,71,77,79,0,0,33,31,52,49,0
0;pliki//100 lokacji//C101.txt;100;40;swap;3;5044;31116.470064570312;3041.8972699703177;14660.070472174175;13414.50232242582;25219.93712491479;2194.7059091572773;11137.3442451158;11887.886970641714;30;300128.1715;0,17,18,19,0,0,20,27,35,38,0,0,45,60,59,0,0,63,0,0,44,46,49,0,0,42,41,0,0,90,0,0,65,74,72,66,0,0,40,56,58,68,64,0,0,57,54,53,0,0,13,15,10,11,0,0,55,73,70,77,79,80,0,0,67,62,0,0,100,99,0,0,95,94,92,2,0,0,43,0,0,87,86,0,0,22,30,39,34,0,0,47,52,0,0,24,31,36,37,28,0,0,3,12,14,16,0,0,89,85,88,0,0,61,48,51,50,69,0,0,78,76,71,84,0,0,21,23,4,1,75,0,0,5,8,9,6,0,0,7,25,26,29,0,0,97,93,96,98,91,0,0,81,82,83,0,0,32,33,0
0;pliki//100 lokacji//C101.txt;100;40;invert;3;5042;31116.470064570312;3041.8972699703177;14660.070472174175;13414.50232242582;28922.1537961145;2766.7976442493937;13440.62472861105;12714.731423254058;23;300109.8915;0,67,41,83,84,28,50,99,0,0,20,25,35,37,0,0,43,54,53,56,0,0,90,86,94,93,9,0,0,5,7,44,61,48,59,91,52,0,0,32,33,27,0,0,13,19,18,29,26,0,0,24,31,71,72,64,69,1,0,0,98,95,97,92,89,0,0,3,8,11,4,10,34,47,0,0,57,76,80,46,0,0,63,65,30,0,0,81,78,73,77,79,66,0,0,87,82,88,45,51,0,0,42,40,68,49,39,0,0,21,22,23,75,0,0,62,58,60,0,0,6,2,100,0,0,74,36,12,0,0,55,0,0,96,85,70,0,0,15,16,14,0,0,17,38,0
0;pliki//100 lokacji//C101.txt;100;40;invert;3;5043;31116.470064570312;3041.8972699703177;14660.070472174175;13414.50232242582;28922.1537961145;2766.7976442493937;13440.62472861105;12714.731423254058;23;300247.119;0,67,41,83,84,28,50,99,0,0,20,25,35,37,0,0,43,54,53,56,0,0,90,86,94,93,9,0,0,5,7,44,61,48,59,91,52,0,0,32,33,27,0,0,13,19,18,29,26,0,0,24,31,71,72,64,69,1,0,0,98,95,97,92,89,0,0,3,8,11,4,10,34,47,0,0,57,76,80,46,0,0,63,65,30,0,0,81,78,73,77,79,66,0,0,87,82,88,45,51,0,0,42,40,68,49,39,0,0,21,22,23,75,0,0,62,58,60,0,0,6,2,100,0,0,74,36,12,0,0,55,0,0,96,85,70,0,0,15,16,14,0,0,17,38,0
0;pliki//100 lokacji//C101.txt;100;40;invert;3;5044;31116.470064570312;3041.8972699703177;14660.070472174175;13414.50232242582;28900.791307897427;2735.399614976755;13496.931523048343;12668.460169872329;23;300100.6117;0,67,41,83,84,28,50,99,0,0,20,25,35,37,0,0,43,54,53,56,0,0,90,86,94,93,9,0,0,5,7,44,61,48,59,91,52,0,0,32,33,27,0,0,13,19,18,29,26,0,0,24,31,71,72,64,69,1,0,0,98,95,97,92,89,0,0,3,8,11,4,10,34,47,0,0,57,76,80,46,0,0,63,65,30,0,0,81,78,73,77,79,66,0,0,87,82,88,45,51,0,0,42,40,68,49,39,0,0,21,22,23,75,0,0,62,58,60,0,0,6,2,0,0,55,74,0,0,36,12,100,0,0,96,85,70,0,0,15,16,14,0,0,17,38,0
0;pliki//100 lokacji//C101.txt;100;40;insert;3;5042;31116.470064570312;3041.8972699703177;14660.070472174175;13414.50232242582;26994.878978257573;2478.4268438332583;12130.571170515988;12385.880963908327;24;300083.5824;0,67,0,0,20,25,35,37,0,0,43,54,53,56,0,0,90,86,94,93,0,0,5,7,44,61,59,50,52,0,0,32,33,27,0,0,13,19,18,29,0,0,24,31,0,0,98,95,97,92,0,0,3,8,11,1,26,34,0,0,57,76,84,89,0,0,63,41,0,0,81,73,77,79,72,69,64,66,0,0,87,82,83,45,51,48,0,0,42,40,49,30,39,68,0,0,47,46,28,21,0,0,22,23,4,75,0,0,65,62,58,60,0,0,6,9,2,100,99,0,0,74,36,12,0,0,85,88,80,91,0,0,10,17,15,14,96,0,0,55,38,16,0,0,78,70,71,0
0;pliki//100 lokacji//C101.txt;100;40;insert;3;5043;31116.470064570312;3041.8972699703177;14660.070472174175;13414.50232242582;26994.878978257573;2478.4268438332583;12130.571170515988;12385.880963908327;24;300080.1484;0,67,0,0,20,25,35,37,0,0,43,54,53,56,0,0,90,86,94,93,0,0,5,7,44,61,59,50,52,0,0,32,33,27,0,0,13,19,18,29,0,0,24,31,0,0,98,95,97,92,0,0,3,8,11,1,26,34,0,0,57,76,84,89,0,0,63,41,0,0,81,73,77,79,72,69,64,66,0,0,87,82,83,45,51,48,0,0,42,40,49,30,39,68,0,0,47,46,28,21,0,0,22,23,4,75,0,0,65,62,58,60,0,0,6,9,2,100,99,0,0,74,36,12,0,0,85,88,80,91,0,0,10,17,15,14,96,0,0,55,38,16,0,0,78,70,71,0
0;pliki//100 lokacji//C101.txt;100;40;insert;3;5044;31116.470064570312;3041.8972699703177;14660.070472174175;13414.50232242582;26994.878978257573;2478.4268438332583;12130.571170515988;12385.880963908327;24;300188.7215;0,67,0,0,20,25,35,37,0,0,43,54,53,56,0,0,90,86,94,93,0,0,5,7,44,61,59,50,52,0,0,32,33,27,0,0,13,19,18,29,0,0,24,31,0,0,98,95,97,92,0,0,3,8,11,1,26,34,0,0,57,76,84,89,0,0,63,41,0,0,81,73,77,79,72,69,64,66,0,0,87,82,83,45,51,48,0,0,42,40,49,30,39,68,0,0,47,46,28,21,0,0,22,23,4,75,0,0,65,62,58,60,0,0,6,9,2,100,99,0,0,74,36,12,0,0,85,88,80,91,0,0,10,17,15,14,96,0,0,55,38,16,0,0,78,70,71,0
0;pliki//100 lokacji//C101.txt;100;50;swap;3;6042;31116.470064570312;3041.8972699703177;14660.070472174175;13414.50232242582;25238.436658811454;2266.1350091067347;11028.34924310717;11943.95240659755;30;300082.9509;0,87,86,0,0,30,26,22,23,4,0,0,67,0,0,65,62,68,64,61,48,51,50,0,0,85,88,89,91,0,0,20,0,0,32,38,35,29,0,0,12,100,99,75,0,0,24,27,21,0,0,98,96,95,92,0,0,74,76,71,0,0,13,10,0,0,42,41,0,0,43,40,59,44,45,0,0,54,58,60,0,0,25,19,14,28,0,0,47,46,72,80,0,0,7,0,0,79,77,66,69,0,0,81,82,83,84,0,0,5,11,94,97,93,0,0,57,55,53,56,0,0,3,8,6,2,1,0,0,17,18,0,0,33,31,52,49,0,0,36,37,39,34,0,0,78,70,73,0,0,15,16,9,0,0,63,0,0,90,0
0;pliki//100 lokacji//C101.txt;100;50;swap;3;6043;31116.470064570312;3041.8972699703177;14660.070472174175;13414.50232242582;25270.425848175735;2097.2952783055316;11390.156607334007;11782.973962536196;28;300145.3359;0,53,56,58,59,0,0,81,70,73,77,79,0,0,5,84,83,92,97,0,0,8,12,14,28,89,0,0,32,33,35,0,0,20,0,0,42,41,44,46,49,0,0,36,37,39,34,0,0,98,95,94,0,0,57,40,68,64,66,0,0,87,86,0,0,67,78,71,80,72,0,0,93,96,88,91,0,0,27,18,19,16,0,0,55,54,60,45,0,0,7,10,0,0,47,52,0,0,43,0,0,31,38,30,29,26,0,0,24,25,21,0,0,90,76,82,85,0,0,65,62,74,0,0,63,0,0,13,17,15,0,0,1,99,100,4,75,0,0,22,23,0,0,69,61,48,51,50,0,0,3,2,6,11,9,0
0;pliki//100 lokacji//C101.txt;100;50;swap;3;6044;31116.470064570312;3041.8972699703177;14660.070472174175;13414.50232242582;25026.219502417567;2222.022900107689;10745.867781544692;12058.328820765186;29;300089.8243;0,43,40,0,0,20,27,30,26,0,0,63,0,0,32,38,36,29,0,0,66,64,49,52,47,0,0,5,12,14,16,0,0,13,15,10,0,0,81,70,73,0,0,28,37,39,34,0,0,65,74,0,0,100,99,75,0,0,1,6,9,2,89,91,0,0,96,94,92,93,0,0,55,54,44,46,0,0,67,62,53,56,61,0,0,78,76,71,0,0,22,23,4,0,0,90,82,77,79,0,0,24,25,21,0,0,45,57,59,51,50,0,0,72,80,68,69,0,0,31,60,58,48,0,0,17,18,19,0,0,33,35,0,0,98,95,97,0,0,42,41,0,0,87,84,83,0,0,7,11,8,0,0,3,86,85,88,0
0;pliki//100 lokacji//C101.txt;100;50;invert;3;6042;31116.470064570312;3041.8972699703177;14660.070472174175;13414.50232242582;28922.1537961145;2766.7976442493937;13440.62472861105;12714.731423254058;23;300130.7351;0,67,41,83,84,28,50,99,0,0,20,25,35,37,0,0,43,54,53,56,0,0,90,86,94,93,9,0,0,5,7,44,61,48,59,91,52,0,0,32,33,27,0,0,13,19,18,29,26,0,0,24,31,71,72,64,69,1,0,0,98,95,97,92,89,0,0,3,8,11,4,10,34,47,0,0,57,76,80,46,0,0,63,65,30,0,0,81,78,73,77,79,66,0,0,87,82,88,45,51,0,0,42,40,68,49,39,0,0,21,22,23,75,0,0,62,58,60,0,0,6,2,100,0,0,74,36,12,0,0,55,0,0,96,85,70,0,0,15,16,14,0,0,17,38,0
0;pliki//100 lokacji//C101.txt;100;50;invert;3;6043;31116.470064570312;3041.8972699703177;14660.070472174175;13414.50232242582;28900.791307897427;2735.399614976755;13496.931523048343;12668.460169872329;23;300193.2332;0,67,41,83,84,28,50,99,0,0,20,25,35,37,0,0,43,54,53,56,0,0,90,86,94,93,9,0,0,5,7,44,61,48,59,91,52,0,0,32,33,27,0,0,13,19,18,29,26,0,0,24,31,71,72,64,69,1,0,0,98,95,97,92,89,0,0,3,8,11,4,10,34,47,0,0,57,76,80,46,0,0,63,65,30,0,0,81,78,73,77,79,66,0,0,87,82,88,45,51,0,0,42,40,68,49,39,0,0,21,22,23,75,0,0,62,58,60,0,0,6,2,0,0,55,74,0,0,36,12,100,0,0,96,85,70,0,0,15,16,14,0,0,17,38,0
0;pliki//100 lokacji//C101.txt;100;50;invert;3;6044;31116.470064570312;3041.8972699703177;14660.070472174175;13414.50232242582;28900.791307897427;2735.399614976755;13496.931523048343;12668.460169872329;23;300064.4549;0,67,41,83,84,28,50,99,0,0,20,25,35,37,0,0,43,54,53,56,0,0,90,86,94,93,9,0,0,5,7,44,61,48,59,91,52,0,0,32,33,27,0,0,13,19,18,29,26,0,0,24,31,71,72,64,69,1,0,0,98,95,97,92,89,0,0,3,8,11,4,10,34,47,0,0,57,76,80,46,0,0,63,65,30,0,0,81,78,73,77,79,66,0,0,87,82,88,45,51,0,0,42,40,68,49,39,0,0,21,22,23,75,0,0,62,58,60,0,0,6,2,0,0,55,74,0,0,36,12,100,0,0,96,85,70,0,0,15,16,14,0,0,17,38,0
0;pliki//100 lokacji//C101.txt;100;50;insert;3;6042;31116.470064570312;3041.8972699703177;14660.070472174175;13414.50232242582;27062.997357883723;2489.9768144697914;11992.827469532544;12580.193073881386;24;300054.0913;0,67,84,0,0,20,25,35,37,0,0,43,54,53,56,0,0,90,86,94,93,0,0,5,7,44,61,59,50,52,0,0,32,33,27,0,0,13,18,19,26,0,0,24,31,0,0,98,95,97,92,89,0,0,3,8,11,0,0,57,76,46,47,0,0,63,41,0,0,81,73,77,79,72,69,64,66,0,0,87,82,83,45,51,48,0,0,42,40,49,29,39,68,0,0,30,28,34,21,0,0,22,23,4,1,75,0,0,65,62,58,60,0,0,6,9,2,100,99,0,0,74,36,12,0,0,85,88,80,91,0,0,10,17,15,14,96,0,0,55,38,16,0,0,78,70,71,0
0;pliki//100 lokacji//C101.txt;100;50;insert;3;6043;31116.470064570312;3041.8972699703177;14660.070472174175;13414.50232242582;27062.997357883723;2489.9768144697914;11992.827469532544;12580.193073881386;24;300113.2185;0,67,84,0,0,20,25,35,37,0,0,43,54,53,56,0,0,90,86,94,93,0,0,5,7,44,61,59,50,52,0,0,32,33,27,0,0,13,18,19,26,0,0,24,31,0,0,98,95,97,92,89,0,0,3,8,11,0,0,57,76,46,47,0,0,63,41,0,0,81,73,77,79,72,69,64,66,0,0,87,82,83,45,51,48,0,0,42,40,49,29,39,68,0,0,30,28,34,21,0,0,22,23,4,1,75,0,0,65,62,58,60,0,0,6,9,2,100,99,0,0,74,36,12,0,0,85,88,80,91,0,0,10,17,15,14,96,0,0,55,38,16,0,0,78,70,71,0
0;pliki//100 lokacji//C101.txt;100;50;insert;3;6044;31116.470064570312;3041.8972699703177;14660.070472174175;13414.50232242582;27062.997357883723;2489.9768144697914;11992.827469532544;12580.193073881386;24;300048.9711;0,67,84,0,0,20,25,35,37,0,0,43,54,53,56,0,0,90,86,94,93,0,0,5,7,44,61,59,50,52,0,0,32,33,27,0,0,13,18,19,26,0,0,24,31,0,0,98,95,97,92,89,0,0,3,8,11,0,0,57,76,46,47,0,0,63,41,0,0,81,73,77,79,72,69,64,66,0,0,87,82,83,45,51,48,0,0,42,40,49,29,39,68,0,0,30,28,34,21,0,0,22,23,4,1,75,0,0,65,62,58,60,0,0,6,9,2,100,99,0,0,74,36,12,0,0,85,88,80,91,0,0,10,17,15,14,96,0,0,55,38,16,0,0,78,70,71,0
0;pliki//100 lokacji//C101.txt;150;10;swap;3;2542;31116.470064570312;3041.8972699703177;14660.070472174175;13414.50232242582;25947.34603758918;2017.8220110878592;12070.640691746841;11858.883334754482;24;300160.359;0,67,65,83,84,0,0,24,25,22,0,0,40,54,53,56,0,0,98,96,94,93,97,0,0,5,7,44,45,68,59,50,52,0,0,32,33,27,0,0,17,18,19,30,26,0,0,43,62,74,0,0,66,72,64,69,1,75,0,0,90,95,92,9,0,0,3,8,11,10,28,23,0,0,70,76,71,0,0,63,0,0,81,78,73,77,79,80,0,0,87,86,82,61,48,51,0,0,42,41,57,0,0,36,37,39,34,0,0,55,58,60,0,0,6,2,100,4,0,0,31,35,38,29,0,0,85,88,89,91,99,0,0,13,15,21,0,0,20,16,14,12,0,0,47,46,49,0
0;pliki//100 lokacji//C101.txt;150;10;swap;3;2543;31116.470064570312;3041.8972699703177;14660.070472174175;13414.50232242582;25969.94085966603;2035.6364647838247;12074.518892934486;11859.785501947717;24;300089.998;0,67,65,83,84,28,23,0,0,24,25,22,0,0,40,54,53,56,0,0,98,96,94,93,97,0,0,5,3,44,45,68,59,50,52,0,0,32,33,27,0,0,17,18,19,30,26,0,0,43,62,74,0,0,66,72,64,69,1,75,0,0,90,95,92,9,0,0,7,8,10,11,0,0,70,76,71,0,0,63,0,0,81,78,73,77,79,80,0,0,87,86,82,61,48,51,0,0,42,41,0,0,36,37,39,34,0,0,55,58,60,0,0,6,2,100,4,0,0,31,35,38,29,0,0,85,88,89,91,99,0,0,13,15,21,0,0,20,16,14,12,0,0,57,46,49,47,0
0;pliki//100 lokacji//C101.txt;150;10;swap;3;2544;31116.470064570312;3041.8972699703177;14660.070472174175;13414.50232242582;25747.902563744938;1893.0816764985905;12129.969729438973;11724.851157807374;26;300160.1766;0,96,95,98,0,0,90,82,83,85,0,0,40,53,56,72,89,91,0,0,32,33,35,0,0,13,16,14,0,0,65,62,74,0,0,68,55,58,60,0,0,7,10,8,6,4,0,0,78,76,73,77,79,80,0,0,63,0,0,42,54,64,66,67,0,0,97,94,92,93,0,0,43,47,49,50,52,0,0,81,70,71,0,0,37,39,34,0,0,3,0,0,69,61,57,59,0,0,1,2,100,99,75,0,0,5,11,15,12,9,0,0,87,86,84,88,0,0,24,41,44,46,45,48,51,0,0,17,18,19,0,0,25,27,26,21,0,0,22,30,28,23,0,0,20,0,0,31,38,36,29,0
0;pliki//100 lokacji//C101.txt;150;10;invert;3;2542;31116.470064570312;3041.8972699703177;14660.070472174175;13414.50232242582;29236.063155901596;2658.332009893883;13879.842267191447;12697.888878816266;23;300085.0589;0,67,84,83,41,28,50,99,0,0,20,25,35,37,0,0,43,54,53,56,0,0,90,86,94,93,9,0,0,5,7,44,61,48,59,91,52,0,0,32,33,27,0,0,13,19,18,29,26,0,0,24,31,71,72,64,69,1,0,0,98,95,97,92,89,0,0,3,4,10,11,8,47,34,0,0,57,76,80,46,0,0,65,63,30,0,0,81,78,73,77,79,66,0,0,87,88,82,45,51,0,0,42,40,49,39,23,0,0,6,75,0,0,62,74,68,0,0,21,22,0,0,12,100,2,0,0,55,58,60,36,0,0,96,85,70,0,0,15,16,14,0,0,17,38,0
0;pliki//100 lokacji//C101.txt;150;10;invert;3;2543;31116.470064570312;3041.8972699703177;14660.070472174175;13414.50232242582;28988.52042664287;2009.288081367111;15571.27765397178;11407.954691303976;24;300071.8125;0,32,38,35,0,0,49,58,56,72,61,0,0,75,96,95,0,0,20,36,28,26,23,21,0,0,41,57,59,46,0,0,100,12,15,29,0,0,74,0,0,8,99,94,92,97,4,0,0,24,25,27,22,0,0,13,17,18,0,0,62,86,88,89,90,0,0,52,50,48,47,0,0,19,16,14,11,10,0,0,43,42,45,44,68,64,0,0,79,77,70,80,66,69,0,0,3,1,2,6,9,0,0,33,31,51,0,0,83,85,93,0,0,87,91,5,7,0,0,67,65,63,0,0,40,37,39,34,30,0,0,81,73,82,84,0,0,55,54,53,60,0,0,78,76,71,98,0
0;pliki//100 lokacji//C101.txt;150;10;invert;3;2544;31116.470064570312;3041.8972699703177;14660.070472174175;13414.50232242582;29236.063155901596;2658.332009893883;13879.842267191447;12697.888878816266;23;300113.0302;0,67,84,83,41,28,50,99,0,0,20,25,35,37,0,0,43,54,53,56,0,0,90,86,94,93,9,0,0,5,7,44,61,48,59,91,52,0,0,32,33,27,0,0,13,19,18,29,26,0,0,24,31,71,72,64,69,1,0,0,98,95,97,92,89,0,0,3,4,10,11,8,47,34,0,0,57,76,80,46,0,0,65,63,30,0,0,81,78,73,77,79,66,0,0,87,88,82,45,51,0,0,42,40,49,39,23,0,0,6,75,0,0,62,74,68,0,0,21,22,0,0,12,100,2,0,0,55,58,60,36,0,0,96,85,70,0,0,15,16,14,0,0,17,38,0
0;pliki//100 lokacji//C101.txt;150;10;insert;3;2542;31116.470064570312;3041.8972699703177;14660.070472174175;13414.50232242582;26992.486418677883;2342.230930366539;12443.68362917178;12206.571859139565;24;300120.9868;0,20,37,35,0,0,43,54,53,56,0,0,90,86,94,93,0,0,5,7,44,61,48,50,0,0,32,33,27,0,0,13,18,26,0,0,24,31,52,59,72,64,69,0,0,98,95,92,97,0,0,3,8,0,0,41,57,46,0,0,67,65,63,0,0,81,78,73,77,79,66,0,0,87,82,83,88,0,0,42,40,47,49,39,23,0,0,25,30,29,21,0,0,28,22,91,99,75,0,0,62,58,60,51,0,0,6,1,2,100,4,0,0,10,11,12,36,34,0,0,45,89,85,80,68,0,0,17,15,19,14,9,0,0,55,38,16,0,0,70,76,71,0,0,96,84,74,0
0;pliki//100 lokacji//C101.txt;150;10;insert;3;2543;31116.470064570312;3041.8972699703177;14660.070472174175;13414.50232242582;26992.486418677883;2342.230930366539;12443.68362917178;12206.571859139565;24;300063.107;0,20,37,35,0,0,43,54,53,56,0,0,90,86,94,93,0,0,5,7,44,61,48,50,0,0,32,33,27,0,0,13,18,26,0,0,24,31,52,59,72,64,69,0,0,98,95,92,97,0,0,3,8,0,0,41,57,46,0,0,67,65,63,0,0,81,78,73,77,79,66,0,0,87,82,83,88,0,0,42,40,47,49,39,23,0,0,25,30,29,21,0,0,28,22,91,99,75,0,0,62,58,60,51,0,0,6,1,2,100,4,0,0,10,11,12,36,34,0,0,45,89,85,80,68,0,0,17,15,19,14,9,0,0,55,38,16,0,0,70,76,71,0,0,96,84,74,0
0;pliki//100 lokacji//C101.txt;150;10;insert;3;2544;31116.470064570312;3041.8972699703177;14660.070472174175;13414.50232242582;26992.486418677883;2342.230930366539;12443.68362917178;12206.571859139565;24;300052.7239;0,20,37,35,0,0,43,54,53,56,0,0,90,86,94,93,0,0,5,7,44,61,48,50,0,0,32,33,27,0,0,13,18,26,0,0,24,31,52,59,72,64,69,0,0,98,95,92,97,0,0,3,8,0,0,41,57,46,0,0,67,65,63,0,0,81,78,73,77,79,66,0,0,87,82,83,88,0,0,42,40,47,49,39,23,0,0,25,30,29,21,0,0,28,22,91,99,75,0,0,62,58,60,51,0,0,6,1,2,100,4,0,0,10,11,12,36,34,0,0,45,89,85,80,68,0,0,17,15,19,14,9,0,0,55,38,16,0,0,70,76,71,0,0,96,84,74,0
0;pliki//100 lokacji//C101.txt;150;20;swap;3;3542;31116.470064570312;3041.8972699703177;14660.070472174175;13414.50232242582;25710.645426541145;2175.91231928396;11579.391761806326;11955.341345450857;26;300021.031;0,67,65,83,84,0,0,89,91,99,0,0,20,33,35,37,0,0,43,54,53,56,0,0,96,94,92,93,0,0,5,3,0,0,61,68,59,50,52,0,0,24,25,27,21,0,0,17,18,19,14,9,0,0,32,31,44,45,0,0,66,72,64,69,1,75,0,0,98,95,97,0,0,7,8,10,11,0,0,78,76,71,80,0,0,22,23,30,28,34,0,0,81,70,73,77,79,0,0,87,86,82,0,0,42,40,49,29,26,48,51,0,0,63,0,0,57,58,60,0,0,6,2,100,4,0,0,74,36,39,0,0,90,85,88,0,0,13,15,12,0,0,41,38,16,0,0,55,62,46,47,0
0;pliki//100 lokacji//C101.txt;150;20;swap;3;3543;31116.470064570312;3041.8972699703177;14660.070472174175;13414.50232242582;25660.615560932172;2102.1156434795803;11703.008723198747;11855.491194253846;28;300149.1444;0,76,77,79,61,48,64,68,69,0,0,13,17,18,0,0,65,62,74,0,0,5,2,8,0,0,90,0,0,85,84,82,0,0,63,0,0,3,7,26,30,28,23,0,0,67,40,60,56,0,0,43,49,45,44,46,0,0,15,16,10,0,0,81,78,83,96,98,0,0,12,100,99,75,0,0,33,35,31,29,0,0,55,54,53,58,0,0,36,37,39,34,0,0,20,0,0,21,22,51,50,47,52,0,0,66,72,59,57,0,0,11,9,6,4,0,0,73,70,71,80,0,0,95,94,92,97,1,0,0,87,86,0,0,24,0,0,27,25,0,0,42,41,0,0,93,88,89,91,0,0,32,38,19,14,0
0;pliki//100 lokacji//C101.txt;150;20;swap;3;3544;31116.470064570312;3041.8972699703177;14660.070472174175;13414.50232242582;25397.973908081578;2025.8187560969993;11569.054625694767;11803.100526289812;27;300054.8028;0,63,65,0,0,17,18,26,30,0,0,90,0,0,67,62,66,0,0,88,91,75,0,0,5,1,2,4,6,9,0,0,42,41,44,46,0,0,95,94,92,98,80,0,0,24,25,21,0,0,49,45,48,51,50,47,52,0,0,32,33,27,0,0,20,36,38,0,0,43,40,53,56,58,0,0,8,97,93,99,89,0,0,78,76,71,0,0,69,68,57,59,0,0,55,54,60,0,0,31,35,29,28,0,0,81,70,73,77,79,0,0,13,16,14,0,0,22,23,0,0,3,15,19,12,0,0,7,11,10,0,0,87,86,83,85,0,0,100,96,82,84,0,0,74,72,61,64,0,0,37,39,34,0
0;pliki//100 lokacji//C101.txt;150;20;invert;3;3542;31116.470064570312;3041.8972699703177;14660.070472174175;13414.50232242582;28922.1537961145;2766.7976442493937;13440.62472861105;12714.731423254058;23;300029.6578;0,67,41,83,84,28,50,99,0,0,20,25,35,37,0,0,43,54,53,56,0,0,90,86,94,93,9,0,0,5,7,44,61,48,59,91,52,0,0,32,33,27,0,0,13,19,18,29,26,0,0,24,31,71,72,64,69,1,0,0,98,95,97,92,89,0,0,3,8,11,4,10,34,47,0,0,57,76,80,46,0,0,63,65,30,0,0,81,78,73,77,79,66,0,0,87,82,88,45,51,0,0,42,40,68,49,39,0,0,21,22,23,75,0,0,62,58,60,0,0,6,2,100,0,0,74,36,12,0,0,55,0,0,96,85,70,0,0,15,16,14,0,0,17,38,0
0;pliki//100 lokacji//C101.txt;150;20;invert;3;3543;31116.470064570312;3041.8972699703177;14660.070472174175;13414.50232242582;28922.1537961145;2766.7976442493937;13440.62472861105;12714.731423254058;23;300126.9818;0,67,41,83,84,28,50,99,0,0,20,25,35,37,0,0,43,54,53,56,0,0,90,86,94,93,9,0,0,5,7,44,61,48,59,91,52,0,0,32,33,27,0,0,13,19,18,29,26,0,0,24,31,71,72,64,69,1,0,0,98,95,97,92,89,0,0,3,8,11,4,10,34,47,0,0,57,76,80,46,0,0,63,65,30,0,0,81,78,73,77,79,66,0,0,87,82,88,45,51,0,0,42,40,68,49,39,0,0,21,22,23,75,0,0,62,58,60,0,0,6,2,100,0,0,74,36,12,0,0,55,0,0,96,85,70,0,0,15,16,14,0,0,17,38,0
0;pliki//100 lokacji//C101.txt;150;20;invert;3;3544;31116.470064570312;3041.8972699703177;14660.070472174175;13414.50232242582;28922.1537961145;2766.7976442493937;13440.62472861105;12714.731423254058;23;300086.0784;0,67,41,83,84,28,50,99,0,0,20,25,35,37,0,0,43,54,53,56,0,0,90,86,94,93,9,0,0,5,7,44,61,48,59,91,52,0,0,32,33,27,0,0,13,19,18,29,26,0,0,24,31,71,72,64,69,1,0,0,98,95,97,92,89,0,0,3,8,11,4,10,34,47,0,0,57,76,80,46,0,0,63,65,30,0,0,81,78,73,77,79,66,0,0,87,82,88,45,51,0,0,42,40,68,49,39,0,0,21,22,23,75,0,0,62,58,60,0,0,6,2,100,0,0,74,36,12,0,0,55,0,0,96,85,70,0,0,15,16,14,0,0,17,38,0
0;pliki//100 lokacji//C101.txt;150;20;insert;3;3542;31116.470064570312;3041.8972699703177;14660.070472174175;13414.50232242582;27506.673142240907;2419.9358406380047;12854.592464908563;12232.144836694337;24;300100.9751;0,67,83,84,0,0,20,25,35,37,0,0,43,54,53,56,0,0,90,86,94,93,0,0,5,7,44,61,48,59,50,52,0,0,32,33,27,0,0,13,19,18,29,0,0,24,31,0,0,98,95,97,92,89,0,0,3,8,11,10,0,0,57,76,80,0,0,63,41,47,0,0,81,73,77,79,72,69,64,66,0,0,87,82,88,45,51,0,0,42,40,49,46,68,0,0,26,28,34,21,0,0,22,23,91,75,0,0,65,62,58,60,0,0,6,2,99,100,4,0,0,74,36,39,0,0,85,12,14,30,0,0,17,15,96,1,9,0,0,55,38,16,0,0,78,70,71,0
0;pliki//100 lokacji//C101.txt;150;20;insert;3;3543;31116.470064570312;3041.8972699703177;14660.070472174175;13414.50232242582;27506.673142240907;2419.9358406380047;12854.592464908563;12232.144836694337;24;300131.7651;0,67,83,84,0,0,20,25,35,37,0,0,43,54,53,56,0,0,90,86,94,93,0,0,5,7,44,61,48,59,50,52,0,0,32,33,27,0,0,13,19,18,29,0,0,24,31,0,0,98,95,97,92,89,0,0,3,8,11,10,0,0,57,76,80,0,0,63,41,47,0,0,81,73,77,79,72,69,64,66,0,0,87,82,88,45,51,0,0,42,40,49,46,68,0,0,26,28,34,21,0,0,22,23,91,75,0,0,65,62,58,60,0,0,6,2,99,100,4,0,0,74,36,39,0,0,85,12,14,30,0,0,17,15,96,1,9,0,0,55,38,16,0,0,78,70,71,0
0;pliki//100 lokacji//C101.txt;150;20;insert;3;3544;31116.470064570312;3041.8972699703177;14660.070472174175;13414.50232242582;27506.673142240907;2419.9358406380047;12854.592464908563;12232.144836694337;24;300099.9941;0,67,83,84,0,0,20,25,35,37,0,0,43,54,53,56,0,0,90,86,94,93,0,0,5,7,44,61,48,59,50,52,0,0,32,33,27,0,0,13,19,18,29,0,0,24,31,0,0,98,95,97,92,89,0,0,3,8,11,10,0,0,57,76,80,0,0,63,41,47,0,0,81,73,77,79,72,69,64,66,0,0,87,82,88,45,51,0,0,42,40,49,46,68,0,0,26,28,34,21,0,0,22,23,91,75,0,0,65,62,58,60,0,0,6,2,99,100,4,0,0,74,36,39,0,0,85,12,14,30,0,0,17,15,96,1,9,0,0,55,38,16,0,0,78,70,71,0
0;pliki//100 lokacji//C101.txt;150;30;swap;3;4542;31116.470064570312;3041.8972699703177;14660.070472174175;13414.50232242582;25632.47087735904;2269.676432170794;11372.072071849041;11990.722373339206;28;300056.3097;0,67,65,83,84,0,0,89,91,99,0,0,32,38,35,0,0,43,54,53,56,0,0,96,94,93,9,0,0,5,0,0,45,48,51,50,52,0,0,20,27,25,21,0,0,17,18,19,26,0,0,24,31,39,37,0,0,68,64,69,1,75,0,0,98,95,92,97,0,0,3,8,30,36,34,0,0,90,76,74,0,0,66,72,80,0,0,42,41,49,29,28,0,0,81,78,73,77,79,0,0,88,85,61,59,0,0,55,40,44,46,47,0,0,22,23,0,0,63,0,0,57,58,60,0,0,6,2,100,4,0,0,7,10,11,14,16,0,0,87,86,82,0,0,13,15,12,0,0,33,0,0,62,70,71,0
0;pliki//100 lokacji//C101.txt;150;30;swap;3;4543;31116.470064570312;3041.8972699703177;14660.070472174175;13414.50232242582;25503.346893768135;2267.335886093659;11139.945152747185;12096.065854927292;26;300006.5149;0,33,31,0,0,24,25,22,0,0,98,97,100,29,49,47,23,0,0,17,19,30,28,34,0,0,10,8,11,6,9,0,0,42,41,38,36,0,0,63,0,0,32,18,0,0,52,48,51,50,69,0,0,81,72,74,0,0,76,71,73,78,77,4,0,0,13,15,12,0,0,14,16,58,59,0,0,5,3,7,0,0,89,91,99,75,0,0,95,84,83,88,0,0,96,94,92,93,0,0,87,86,0,0,67,62,0,0,65,35,39,37,45,0,0,82,70,79,80,64,0,0,55,40,44,46,0,0,57,54,68,66,0,0,43,60,53,56,61,0,0,90,85,2,1,0,0,20,27,26,21,0
0;pliki//100 lokacji//C101.txt;150;30;swap;3;4544;31116.470064570312;3041.8972699703177;14660.070472174175;13414.50232242582;25220.83587328371;2093.3951430894253;11435.644027201111;11691.796702993175;27;300073.3863;0,98,82,83,0,0,67,74,66,0,0,90,88,97,100,99,0,0,62,61,53,56,68,0,0,24,27,39,37,36,48,51,0,0,33,31,52,49,0,0,22,21,23,75,0,0,5,10,8,0,0,17,18,0,0,87,86,0,0,96,95,0,0,78,70,73,0,0,20,16,14,12,0,0,55,54,57,0,0,63,65,0,0,13,19,15,11,0,0,94,92,93,0,0,43,40,45,44,46,47,0,0,79,80,0,0,32,38,35,29,0,0,25,0,0,3,7,0,0,84,85,89,91,0,0,81,76,71,77,72,59,64,0,0,30,26,28,34,50,69,0,0,6,9,2,1,4,0,0,42,41,60,58,0
0;pliki//100 lokacji//C101.txt;150;30;invert;3;4542;31116.470064570312;3041.8972699703177;14660.070472174175;13414.50232242582;28900.791307897427;2735.399614976755;13496.931523048343;12668.460169872329;23;300175.5194;0,67,41,83,84,28,50,99,0,0,20,25,35,37,0,0,43,54,53,56,0,0,90,86,94,93,9,0,0,5,7,44,61,48,59,91,52,0,0,32,33,27,0,0,13,19,18,29,26,0,0,24,31,71,72,64,69,1,0,0,98,95,97,92,89,0,0,3,8,11,4,10,34,47,0,0,57,76,80,46,0,0,63,65,30,0,0,81,78,73,77,79,66,0,0,87,82,88,45,51,0,0,42,40,68,49,39,0,0,21,22,23,75,0,0,62,58,60,0,0,6,2,0,0,55,74,0,0,36,12,100,0,0,96,85,70,0,0,15,16,14,0,0,17,38,0
0;pliki//100 lokacji//C101.txt;150;30;invert;3;4543;31116.470064570312;3041.8972699703177;14660.070472174175;13414.50232242582;28922.1537961145;2766.7976442493937;13440.62472861105;12714.731423254058;23;300148.488;0,67,41,83,84,28,50,99,0,0,20,25,35,37,0,0,43,54,53,56,0,0,90,86,94,93,9,0,0,5,7,44,61,48,59,91,52,0,0,32,33,27,0,0,13,19,18,29,26,0,0,24,31,71,72,64,69,1,0,0,98,95,97,92,89,0,0,3,8,11,4,10,34,47,0,0,57,76,80,46,0,0,63,65,30,0,0,81,78,73,77,79,66,0,0,87,82,88,45,51,0,0,42,40,68,49,39,0,0,21,22,23,75,0,0,62,58,60,0,0,6,2,100,0,0,74,36,12,0,0,55,0,0,96,85,70,0,0,15,16,14,0,0,17,38,0
0;pliki//100 lokacji//C101.txt;150;30;invert;3;4544;31116.470064570312;3041.8972699703177;14660.070472174175;13414.50232242582;28922.1537961145;2766.7976442493937;13440.62472861105;12714.731423254058;23;302374.3616;0,67,41,83,84,28,50,99,0,0,20,25,35,37,0,0,43,54,53,56,0,0,90,86,94,93,9,0,0,5,7,44,61,48,59,91,52,0,0,32,33,27,0,0,13,19,18,29,26,0,0,24,31,71,72,64,69,1,0,0,98,95,97,92,89,0,0,3,8,11,4,10,34,47,0,0,57,76,80,46,0,0,63,65,30,0,0,81,78,73,77,79,66,0,0,87,82,88,45,51,0,0,42,40,68,49,39,0,0,21,22,23,75,0,0,62,58,60,0,0,6,2,100,0,0,74,36,12,0,0,55,0,0,96,85,70,0,0,15,16,14,0,0,17,38,0
0;pliki//100 lokacji//C101.txt;150;30;insert;3;4542;31116.470064570312;3041.8972699703177;14660.070472174175;13414.50232242582;27389.356233709375;2562.4823331916937;12226.920967164868;12599.952933352812;23;300123.3305;0,67,84,0,0,20,25,35,37,0,0,43,54,53,56,0,0,90,86,94,93,0,0,5,7,44,61,59,50,0,0,32,33,27,0,0,13,18,29,26,0,0,24,31,52,64,72,69,0,0,98,95,97,92,89,0,0,3,8,11,9,10,34,0,0,57,76,46,47,0,0,63,41,0,0,81,73,77,79,66,28,0,0,87,82,83,45,51,48,0,0,42,40,49,30,39,68,0,0,22,21,23,75,0,0,65,62,58,60,0,0,6,1,2,100,4,0,0,74,36,12,0,0,85,88,80,91,99,0,0,17,15,19,14,96,0,0,55,38,16,0,0,78,70,71,0
0;pliki//100 lokacji//C101.txt;150;30;insert;3;4543;31116.470064570312;3041.8972699703177;14660.070472174175;13414.50232242582;27389.356233709375;2562.4823331916937;12226.920967164868;12599.952933352812;23;300002.5;0,67,84,0,0,20,25,35,37,0,0,43,54,53,56,0,0,90,86,94,93,0,0,5,7,44,61,59,50,0,0,32,33,27,0,0,13,18,29,26,0,0,24,31,52,64,72,69,0,0,98,95,97,92,89,0,0,3,8,11,9,10,34,0,0,57,76,46,47,0,0,63,41,0,0,81,73,77,79,66,28,0,0,87,82,83,45,51,48,0,0,42,40,49,30,39,68,0,0,22,21,23,75,0,0,65,62,58,60,0,0,6,1,2,100,4,0,0,74,36,12,0,0,85,88,80,91,99,0,0,17,15,19,14,96,0,0,55,38,16,0,0,78,70,71,0
0;pliki//100 lokacji//C101.txt;150;30;insert;3;4544;31116.470064570312;3041.8972699703177;14660.070472174175;13414.50232242582;27389.356233709375;2562.4823331916937;12226.920967164868;12599.952933352812;23;300049.403;0,67,84,0,0,20,25,35,37,0,0,43,54,53,56,0,0,90,86,94,93,0,0,5,7,44,61,59,50,0,0,32,33,27,0,0,13,18,29,26,0,0,24,31,52,64,72,69,0,0,98,95,97,92,89,0,0,3,8,11,9,10,34,0,0,57,76,46,47,0,0,63,41,0,0,81,73,77,79,66,28,0,0,87,82,83,45,51,48,0,0,42,40,49,30,39,68,0,0,22,21,23,75,0,0,65,62,58,60,0,0,6,1,2,100,4,0,0,74,36,12,0,0,85,88,80,91,99,0,0,17,15,19,14,96,0,0,55,38,16,0,0,78,70,71,0
0;pliki//100 lokacji//C101.txt;150;40;swap;3;5542;31116.470064570312;3041.8972699703177;14660.070472174175;13414.50232242582;25254.450281548903;2308.393020997512;11020.449118256714;11925.608142294675;29;300067.8138;0,17,18,0,0,73,70,61,66,89,91,0,0,42,41,0,0,55,62,74,0,0,6,9,0,0,98,82,83,0,0,31,35,39,37,0,0,90,84,85,0,0,87,86,0,0,30,26,28,100,4,0,0,3,95,97,2,1,0,0,22,23,0,0,32,33,27,0,0,7,8,0,0,21,34,0,0,96,94,92,93,0,0,20,25,0,0,54,56,58,0,0,15,19,16,0,0,5,11,10,52,49,45,48,51,50,0,0,72,57,59,64,0,0,67,69,68,44,46,47,0,0,63,65,0,0,78,76,71,0,0,81,77,79,0,0,43,40,53,60,0,0,13,14,12,0,0,80,88,99,75,0,0,24,38,36,29,0
0;pliki//100 lokacji//C101.txt;150;40;swap;3;5543;31116.470064570312;3041.8972699703177;14660.070472174175;13414.50232242582;25356.52162210201;2070.7620559341517;11719.681306568891;11566.078259598966;28;300209.4627;0,52,45,48,51,50,69,0,0,1,2,4,75,0,0,78,76,71,79,72,80,0,0,74,82,83,0,0,87,86,84,46,0,0,55,54,60,59,40,0,0,32,33,0,0,43,0,0,44,58,57,64,68,0,0,62,66,53,56,61,0,0,31,35,38,36,0,0,67,0,0,98,95,94,0,0,81,70,73,77,0,0,90,85,88,0,0,27,29,26,28,23,21,0,0,96,97,100,99,9,0,0,92,93,89,91,0,0,5,10,8,6,0,0,7,12,15,11,0,0,20,0,0,3,0,0,17,18,19,49,47,0,0,13,16,14,0,0,42,41,0,0,63,65,0,0,37,39,34,0,0,24,25,22,30,0
0;pliki//100 lokacji//C101.txt;150;40;swap;3;5544;31116.470064570312;3041.8972699703177;14660.070472174175;13414.50232242582;25437.26352914849;2316.3185243665257;11077.213756711299;12043.73124807067;30;300073.8354;0,13,15,19,0,0,63,0,0,55,40,60,45,48,51,0,0,6,28,34,0,0,10,4,85,79,80,0,0,81,70,73,77,0,0,98,95,97,0,0,17,18,30,26,23,0,0,32,38,36,0,0,33,35,31,0,0,87,86,83,0,0,47,50,52,0,0,78,76,71,0,0,69,66,62,0,0,44,46,0,0,57,54,53,0,0,11,9,2,89,0,0,37,39,88,91,0,0,90,0,0,49,56,58,59,64,0,0,42,41,22,29,0,0,72,61,68,100,99,75,0,0,96,94,92,93,0,0,20,27,0,0,5,1,82,84,0,0,67,65,74,0,0,7,8,0,0,3,12,14,16,0,0,24,25,21,0,0,43,0
0;pliki//100 lokacji//C101.txt;150;40;invert;3;5542;31116.470064570312;3041.8972699703177;14660.070472174175;13414.50232242582;28900.791307897427;2735.399614976755;13496.931523048343;12668.460169872329;23;300002.0296;0,67,41,83,84,28,50,99,0,0,20,25,35,37,0,0,43,54,53,56,0,0,90,86,94,93,9,0,0,5,7,44,61,48,59,91,52,0,0,32,33,27,0,0,13,19,18,29,26,0,0,24,31,71,72,64,69,1,0,0,98,95,97,92,89,0,0,3,8,11,4,10,34,47,0,0,57,76,80,46,0,0,63,65,30,0,0,81,78,73,77,79,66,0,0,87,82,88,45,51,0,0,42,40,68,49,39,0,0,21,22,23,75,0,0,62,58,60,0,0,2,6,0,0,55,74,0,0,36,12,100,0,0,96,85,70,0,0,15,16,14,0,0,17,38,0
0;pliki//100 lokacji//C101.txt;150;40;invert;3;5543;31116.470064570312;3041.8972699703177;14660.070472174175;13414.50232242582;28922.1537961145;2766.7976442493937;13440.62472861105;12714.731423254058;23;300019.6332;0,67,41,83,84,28,50,99,0,0,20,25,35,37,0,0,43,54,53,56,0,0,90,86,94,93,9,0,0,5,7,44,61,48,59,91,52,0,0,32,33,27,0,0,13,19,18,29,26,0,0,24,31,71,72,64,69,1,0,0,98,95,97,92,89,0,0,3,8,11,4,10,34,47,0,0,57,76,80,46,0,0,63,65,30,0,0,81,78,73,77,79,66,0,0,87,82,88,45,51,0,0,42,40,68,49,39,0,0,21,22,23,75,0,0,62,58,60,0,0,6,2,100,0,0,74,36,12,0,0,55,0,0,96,85,70,0,0,15,16,14,0,0,17,38,0
0;pliki//100 lokacji//C101.txt;150;40;invert;3;5544;31116.470064570312;3041.8972699703177;14660.070472174175;13414.50232242582;28900.791307897427;2735.399614976755;13496.931523048343;12668.460169872329;23;300096.1891;0,67,41,83,84,28,50,99,0,0,20,25,35,37,0,0,43,54,53,56,0,0,90,86,94,93,9,0,0,5,7,44,61,48,59,91,52,0,0,32,33,27,0,0,13,19,18,29,26,0,0,24,31,71,72,64,69,1,0,0,98,95,97,92,89,0,0,3,8,11,4,10,34,47,0,0,57,76,80,46,0,0,63,65,30,0,0,81,78,73,77,79,66,0,0,87,82,88,45,51,0,0,42,40,68,49,39,0,0,21,22,23,75,0,0,62,58,60,0,0,6,2,0,0,55,74,0,0,36,12,100,0,0,96,85,70,0,0,15,16,14,0,0,17,38,0
0;pliki//100 lokacji//C101.txt;150;40;insert;3;5542;31116.470064570312;3041.8972699703177;14660.070472174175;13414.50232242582;26994.878978257573;2478.4268438332583;12130.571170515988;12385.880963908327;24;300042.6748;0,67,0,0,20,25,35,37,0,0,43,54,53,56,0,0,90,86,94,93,0,0,5,7,44,61,59,50,52,0,0,32,33,27,0,0,13,19,18,29,0,0,24,31,0,0,98,95,97,92,0,0,3,8,11,1,26,34,0,0,57,76,84,89,0,0,63,41,0,0,81,73,77,79,72,69,64,66,0,0,87,82,83,45,51,48,0,0,42,40,49,30,39,68,0,0,47,46,28,21,0,0,22,23,4,75,0,0,65,62,58,60,0,0,6,9,2,100,99,0,0,74,36,12,0,0,85,88,80,91,0,0,10,17,15,14,96,0,0,55,38,16,0,0,78,70,71,0
0;pliki//100 lokacji//C101.txt;150;40;insert;3;5543;31116.470064570312;3041.8972699703177;14660.070472174175;13414.50232242582;26994.878978257573;2478.4268438332583;12130.571170515988;12385.880963908327;24;300072.6703;0,67,0,0,20,25,35,37,0,0,43,54,53,56,0,0,90,86,94,93,0,0,5,7,44,61,59,50,52,0,0,32,33,27,0,0,13,19,18,29,0,0,24,31,0,0,98,95,97,92,0,0,3,8,11,1,26,34,0,0,57,76,84,89,0,0,63,41,0,0,81,73,77,79,72,69,64,66,0,0,87,82,83,45,51,48,0,0,42,40,49,30,39,68,0,0,47,46,28,21,0,0,22,23,4,75,0,0,65,62,58,60,0,0,6,9,2,100,99,0,0,74,36,12,0,0,85,88,80,91,0,0,10,17,15,14,96,0,0,55,38,16,0,0,78,70,71,0
0;pliki//100 lokacji//C101.txt;150;40;insert;3;5544;31116.470064570312;3041.8972699703177;14660.070472174175;13414.50232242582;26994.878978257573;2478.4268438332583;12130.571170515988;12385.880963908327;24;302830.3472;0,67,0,0,20,25,35,37,0,0,43,54,53,56,0,0,90,86,94,93,0,0,5,7,44,61,59,50,52,0,0,32,33,27,0,0,13,19,18,29,0,0,24,31,0,0,98,95,97,92,0,0,3,8,11,1,26,34,0,0,57,76,84,89,0,0,63,41,0,0,81,73,77,79,72,69,64,66,0,0,87,82,83,45,51,48,0,0,42,40,49,30,39,68,0,0,47,46,28,21,0,0,22,23,4,75,0,0,65,62,58,60,0,0,6,9,2,100,99,0,0,74,36,12,0,0,85,88,80,91,0,0,10,17,15,14,96,0,0,55,38,16,0,0,78,70,71,0
0;pliki//100 lokacji//C101.txt;150;50;swap;3;6542;31116.470064570312;3041.8972699703177;14660.070472174175;13414.50232242582;25303.022582704558;2196.775815102908;11413.973033219518;11692.273734382132;29;300092.9678;0,11,9,0,0,22,30,51,48,50,52,0,0,13,15,10,0,0,90,82,70,0,0,42,41,0,0,1,97,100,88,91,99,0,0,96,94,92,93,0,0,67,0,0,78,76,71,0,0,5,0,0,7,6,8,0,0,81,79,77,73,84,0,0,87,86,85,0,0,72,68,64,57,0,0,98,95,83,0,0,26,28,23,0,0,20,27,35,38,37,0,0,32,31,34,0,0,40,59,56,58,80,0,0,33,39,36,29,0,0,55,60,44,46,47,0,0,43,54,53,45,49,0,0,2,89,4,75,0,0,63,0,0,24,25,21,0,0,3,12,14,16,0,0,69,61,66,0,0,65,62,74,0,0,17,18,19,0
0;pliki//100 lokacji//C101.txt;150;50;swap;3;6543;31116.470064570312;3041.8972699703177;14660.070472174175;13414.50232242582;24944.91504560928;2164.615944664184;10997.26622982088;11783.032871124215;29;300244.7835;0,16,14,12,89,0,0,96,97,99,2,9,0,0,33,31,52,49,0,0,13,15,19,30,0,0,5,6,8,11,0,0,55,54,57,0,0,78,73,77,79,72,80,0,0,90,86,82,85,0,0,17,18,0,0,60,58,59,51,50,0,0,43,0,0,32,38,35,0,0,42,41,0,0,66,64,68,69,0,0,98,95,83,84,0,0,36,37,39,34,0,0,40,44,46,45,48,47,0,0,20,0,0,10,94,92,93,0,0,22,23,21,0,0,4,100,1,75,0,0,81,70,0,0,26,28,88,91,0,0,24,25,27,29,0,0,65,74,0,0,3,7,0,0,67,62,53,56,61,0,0,87,76,71,0,0,63,0
0;pliki//100 lokacji//C101.txt;150;50;swap;3;6544;31116.470064570312;3041.8972699703177;14660.070472174175;13414.50232242582;25225.496961028643;2217.254758437243;11183.93005836641;11824.312144224989;31;300022.215;0,60,56,58,59,0,0,78,70,73,77,0,0,18,19,16,0,0,49,46,45,48,51,50,52,0,0,87,86,82,0,0,83,85,88,0,0,20,0,0,32,33,35,0,0,29,9,2,89,91,99,0,0,66,72,80,0,0,43,40,0,0,62,54,53,0,0,42,41,47,69,61,68,64,0,0,15,30,26,28,0,0,22,23,0,0,39,36,34,0,0,55,57,44,0,0,81,79,74,0,0,67,0,0,65,0,0,4,1,75,0,0,27,25,21,0,0,96,94,92,93,0,0,5,11,10,0,0,90,76,71,84,0,0,3,100,97,0,0,13,17,14,12,0,0,98,95,0,0,7,6,8,0,0,63,0,0,24,31,38,37,0
0;pliki//100 lokacji//C101.txt;150;50;invert;3;6542;31116.470064570312;3041.8972699703177;14660.070472174175;13414.50232242582;28900.791307897427;2735.399614976755;13496.931523048343;12668.460169872329;23;300135.7145;0,67,41,83,84,28,50,99,0,0,20,25,35,37,0,0,43,54,53,56,0,0,90,86,94,93,9,0,0,5,7,44,61,48,59,91,52,0,0,32,33,27,0,0,13,19,18,29,26,0,0,24,31,71,72,64,69,1,0,0,98,95,97,92,89,0,0,3,8,11,4,10,34,47,0,0,57,76,80,46,0,0,63,65,30,0,0,81,78,73,77,79,66,0,0,87,82,88,45,51,0,0,42,40,68,49,39,0,0,21,22,23,75,0,0,62,58,60,0,0,6,2,0,0,55,74,0,0,36,12,100,0,0,96,85,70,0,0,15,16,14,0,0,17,38,0
0;pliki//100 lokacji//C101.txt;150;50;invert;3;6543;31116.470064570312;3041.8972699703177;14660.070472174175;13414.50232242582;28870.339925126325;2740.890708755306;13440.62472861105;12688.824487759968;23;300095.2206;0,67,41,83,84,28,50,99,0,0,20,25,35,37,0,0,43,54,53,56,0,0,90,86,94,93,9,0,0,5,7,44,61,48,59,91,52,0,0,32,33,27,0,0,13,19,18,29,26,0,0,24,31,71,72,64,69,1,0,0,98,95,97,92,89,0,0,3,8,11,4,10,34,47,0,0,57,76,80,46,0,0,63,65,30,0,0,81,78,73,77,79,66,0,0,87,82,88,45,51,0,0,42,40,68,49,39,0,0,21,22,23,75,0,0,62,58,60,0,0,6,2,100,0,0,36,12,0,0,55,74,0,0,96,85,70,0,0,15,16,14,0,0,17,38,0
0;pliki//100 lokacji//C101.txt;150;50;invert;3;6544;31116.470064570312;3041.8972699703177;14660.070472174175;13414.50232242582;28900.791307897427;2735.399614976755;13496.931523048343;12668.460169872329;23;300121.2576;0,67,41,83,84,28,50,99,0,0,20,25,35,37,0,0,43,54,53,56,0,0,90,86,94,93,9,0,0,5,7,44,61,48,59,91,52,0,0,32,33,27,0,0,13,19,18,29,26,0,0,24,31,71,72,64,69,1,0,0,98,95,97,92,89,0,0,3,8,11,4,10,34,47,0,0,57,76,80,46,0,0,63,65,30,0,0,81,78,73,77,79,66,0,0,87,82,88,45,51,0,0,42,40,68,49,39,0,0,21,22,23,75,0,0,62,58,60,0,0,6,2,0,0,55,74,0,0,36,12,100,0,0,96,85,70,0,0,15,16,14,0,0,17,38,0
0;pliki//100 lokacji//C101.txt;150;50;insert;3;6542;31116.470064570312;3041.8972699703177;14660.070472174175;13414.50232242582;27062.997357883723;2489.9768144697914;11992.827469532544;12580.193073881386;24;300085.4129;0,67,84,0,0,20,25,35,37,0,0,43,54,53,56,0,0,90,86,94,93,0,0,5,7,44,61,59,50,52,0,0,32,33,27,0,0,13,18,19,26,0,0,24,31,0,0,98,95,97,92,89,0,0,3,8,11,0,0,57,76,46,47,0,0,63,41,0,0,81,73,77,79,72,69,64,66,0,0,87,82,83,45,51,48,0,0,42,40,49,29,39,68,0,0,30,28,34,21,0,0,22,23,4,1,75,0,0,65,62,58,60,0,0,6,9,2,100,99,0,0,74,36,12,0,0,85,88,80,91,0,0,10,17,15,14,96,0,0,55,38,16,0,0,78,70,71,0
0;pliki//100 lokacji//C101.txt;150;50;insert;3;6543;31116.470064570312;3041.8972699703177;14660.070472174175;13414.50232242582;27062.997357883723;2489.9768144697914;11992.827469532544;12580.193073881386;24;300061.845;0,67,84,0,0,20,25,35,37,0,0,43,54,53,56,0,0,90,86,94,93,0,0,5,7,44,61,59,50,52,0,0,32,33,27,0,0,13,18,19,26,0,0,24,31,0,0,98,95,97,92,89,0,0,3,8,11,0,0,57,76,46,47,0,0,63,41,0,0,81,73,77,79,72,69,64,66,0,0,87,82,83,45,51,48,0,0,42,40,49,29,39,68,0,0,30,28,34,21,0,0,22,23,4,1,75,0,0,65,62,58,60,0,0,6,9,2,100,99,0,0,74,36,12,0,0,85,88,80,91,0,0,10,17,15,14,96,0,0,55,38,16,0,0,78,70,71,0
0;pliki//100 lokacji//C101.txt;150;50;insert;3;6544;31116.470064570312;3041.8972699703177;14660.070472174175;13414.50232242582;27062.997357883723;2489.9768144697914;11992.827469532544;12580.193073881386;24;300160.4752;0,67,84,0,0,20,25,35,37,0,0,43,54,53,56,0,0,90,86,94,93,0,0,5,7,44,61,59,50,52,0,0,32,33,27,0,0,13,18,19,26,0,0,24,31,0,0,98,95,97,92,89,0,0,3,8,11,0,0,57,76,46,47,0,0,63,41,0,0,81,73,77,79,72,69,64,66,0,0,87,82,83,45,51,48,0,0,42,40,49,29,39,68,0,0,30,28,34,21,0,0,22,23,4,1,75,0,0,65,62,58,60,0,0,6,9,2,100,99,0,0,74,36,12,0,0,85,88,80,91,0,0,10,17,15,14,96,0,0,55,38,16,0,0,78,70,71,0
0;pliki//100 lokacji//C101.txt;200;10;swap;3;3042;31116.470064570312;3041.8972699703177;14660.070472174175;13414.50232242582;25969.94085966603;2035.6364647838247;12074.518892934486;11859.785501947717;24;300011.3955;0,67,65,83,84,28,23,0,0,24,25,22,0,0,40,54,53,56,0,0,98,96,94,93,97,0,0,5,3,44,45,68,59,50,52,0,0,32,33,27,0,0,17,18,19,30,26,0,0,43,62,74,0,0,66,72,64,69,1,75,0,0,90,95,92,9,0,0,7,8,10,11,0,0,70,76,71,0,0,63,0,0,81,78,73,77,79,80,0,0,87,86,82,61,48,51,0,0,42,41,0,0,36,37,39,34,0,0,55,58,60,0,0,6,2,100,4,0,0,31,35,38,29,0,0,85,88,89,91,99,0,0,13,15,21,0,0,20,16,14,12,0,0,57,46,49,47,0
0;pliki//100 lokacji//C101.txt;200;10;swap;3;3043;31116.470064570312;3041.8972699703177;14660.070472174175;13414.50232242582;25947.34603758918;2017.8220110878592;12070.640691746841;11858.883334754482;24;300109.9363;0,67,65,83,84,0,0,24,25,22,0,0,40,54,53,56,0,0,98,96,94,93,97,0,0,5,7,44,45,68,59,50,52,0,0,32,33,27,0,0,17,18,19,30,26,0,0,43,62,74,0,0,66,72,64,69,1,75,0,0,90,95,92,9,0,0,3,8,11,10,28,23,0,0,70,76,71,0,0,63,0,0,81,78,73,77,79,80,0,0,87,86,82,61,48,51,0,0,42,41,57,0,0,36,37,39,34,0,0,55,58,60,0,0,6,2,100,4,0,0,31,35,38,29,0,0,85,88,89,91,99,0,0,13,15,21,0,0,20,16,14,12,0,0,47,46,49,0
0;pliki//100 lokacji//C101.txt;200;10;swap;3;3044;31116.470064570312;3041.8972699703177;14660.070472174175;13414.50232242582;25779.191397973278;2016.9208238657852;11446.277898655419;12315.992675452073;27;300108.9827;0,62,74,0,0,57,68,66,0,0,10,15,30,28,23,0,0,98,96,95,0,0,63,65,0,0,78,76,70,80,0,0,55,54,44,0,0,17,18,19,12,0,0,42,0,0,1,2,100,99,75,0,0,13,16,14,0,0,20,25,22,0,0,94,92,93,97,0,0,81,82,84,0,0,46,45,48,51,50,0,0,41,40,52,49,47,72,64,69,0,0,5,7,0,0,24,35,38,58,59,0,0,89,85,88,0,0,3,8,11,9,6,4,0,0,87,86,0,0,33,31,0,0,32,36,27,29,26,0,0,67,0,0,43,60,53,56,61,0,0,90,83,71,73,77,79,91,0,0,37,39,34,21,0
0;pliki//100 lokacji//C101.txt;200;10;invert;3;3042;31116.470064570312;3041.8972699703177;14660.070472174175;13414.50232242582;29236.063155901596;2658.332009893883;13879.842267191447;12697.888878816266;23;300117.3565;0,67,84,83,41,28,50,99,0,0,20,25,35,37,0,0,43,54,53,56,0,0,90,86,94,93,9,0,0,5,7,44,61,48,59,91,52,0,0,32,33,27,0,0,13,19,18,29,26,0,0,24,31,71,72,64,69,1,0,0,98,95,97,92,89,0,0,3,4,10,11,8,47,34,0,0,57,76,80,46,0,0,65,63,30,0,0,81,78,73,77,79,66,0,0,87,88,82,45,51,0,0,42,40,49,39,23,0,0,6,75,0,0,62,74,68,0,0,21,22,0,0,12,100,2,0,0,55,58,60,36,0,0,96,85,70,0,0,15,16,14,0,0,17,38,0
0;pliki//100 lokacji//C101.txt;200;10;invert;3;3043;31116.470064570312;3041.8972699703177;14660.070472174175;13414.50232242582;29236.063155901596;2658.332009893883;13879.842267191447;12697.888878816266;23;300106.1487;0,67,84,83,41,28,50,99,0,0,20,25,35,37,0,0,43,54,53,56,0,0,90,86,94,93,9,0,0,5,7,44,61,48,59,91,52,0,0,32,33,27,0,0,13,19,18,29,26,0,0,24,31,71,72,64,69,1,0,0,98,95,97,92,89,0,0,3,4,10,11,8,47,34,0,0,57,76,80,46,0,0,65,63,30,0,0,81,78,73,77,79,66,0,0,87,88,82,45,51,0,0,42,40,49,39,23,0,0,6,75,0,0,62,74,68,0,0,21,22,0,0,12,100,2,0,0,55,58,60,36,0,0,96,85,70,0,0,15,16,14,0,0,17,38,0
0;pliki//100 lokacji//C101.txt;200;10;invert;3;3044;31116.470064570312;3041.8972699703177;14660.070472174175;13414.50232242582;29236.063155901596;2658.332009893883;13879.842267191447;12697.888878816266;23;300048.1941;0,67,84,83,41,28,50,99,0,0,20,25,35,37,0,0,43,54,53,56,0,0,90,86,94,93,9,0,0,5,7,44,61,48,59,91,52,0,0,32,33,27,0,0,13,19,18,29,26,0,0,24,31,71,72,64,69,1,0,0,98,95,97,92,89,0,0,3,4,10,11,8,47,34,0,0,57,76,80,46,0,0,65,63,30,0,0,81,78,73,77,79,66,0,0,87,88,82,45,51,0,0,42,40,49,39,23,0,0,6,75,0,0,62,74,68,0,0,21,22,0,0,12,100,2,0,0,55,58,60,36,0,0,96,85,70,0,0,15,16,14,0,0,17,38,0
0;pliki//100 lokacji//C101.txt;200;10;insert;3;3042;31116.470064570312;3041.8972699703177;14660.070472174175;13414.50232242582;26992.486418677883;2342.230930366539;12443.68362917178;12206.571859139565;24;300120.0967;0,20,37,35,0,0,43,54,53,56,0,0,90,86,94,93,0,0,5,7,44,61,48,50,0,0,32,33,27,0,0,13,18,26,0,0,24,31,52,59,72,64,69,0,0,98,95,92,97,0,0,3,8,0,0,41,57,46,0,0,67,65,63,0,0,81,78,73,77,79,66,0,0,87,82,83,88,0,0,42,40,47,49,39,23,0,0,25,30,29,21,0,0,28,22,91,99,75,0,0,62,58,60,51,0,0,6,1,2,100,4,0,0,10,11,12,36,34,0,0,45,89,85,80,68,0,0,17,15,19,14,9,0,0,55,38,16,0,0,70,76,71,0,0,96,84,74,0
0;pliki//100 lokacji//C101.txt;200;10;insert;3;3043;31116.470064570312;3041.8972699703177;14660.070472174175;13414.50232242582;26992.486418677883;2342.230930366539;12443.68362917178;12206.571859139565;24;300084.4514;0,20,37,35,0,0,43,54,53,56,0,0,90,86,94,93,0,0,5,7,44,61,48,50,0,0,32,33,27,0,0,13,18,26,0,0,24,31,52,59,72,64,69,0,0,98,95,92,97,0,0,3,8,0,0,41,57,46,0,0,67,65,63,0,0,81,78,73,77,79,66,0,0,87,82,83,88,0,0,42,40,47,49,39,23,0,0,25,30,29,21,0,0,28,22,91,99,75,0,0,62,58,60,51,0,0,6,1,2,100,4,0,0,10,11,12,36,34,0,0,45,89,85,80,68,0,0,17,15,19,14,9,0,0,55,38,16,0,0,70,76,71,0,0,96,84,74,0
0;pliki//100 lokacji//C101.txt;200;10;insert;3;3044;31116.470064570312;3041.8972699703177;14660.070472174175;13414.50232242582;26992.486418677883;2342.230930366539;12443.68362917178;12206.571859139565;24;300013.3638;0,20,37,35,0,0,43,54,53,56,0,0,90,86,94,93,0,0,5,7,44,61,48,50,0,0,32,33,27,0,0,13,18,26,0,0,24,31,52,59,72,64,69,0,0,98,95,92,97,0,0,3,8,0,0,41,57,46,0,0,67,65,63,0,0,81,78,73,77,79,66,0,0,87,82,83,88,0,0,42,40,47,49,39,23,0,0,25,30,29,21,0,0,28,22,91,99,75,0,0,62,58,60,51,0,0,6,1,2,100,4,0,0,10,11,12,36,34,0,0,45,89,85,80,68,0,0,17,15,19,14,9,0,0,55,38,16,0,0,70,76,71,0,0,96,84,74,0
0;pliki//100 lokacji//C101.txt;200;20;swap;3;4042;31116.470064570312;3041.8972699703177;14660.070472174175;13414.50232242582;25346.35397171396;2135.2968075795907;11360.403668118483;11850.653496015888;28;300161.3666;0,26,28,34,0,0,20,25,22,0,0,78,76,71,77,79,80,0,0,52,45,48,51,50,69,0,0,23,4,0,0,5,6,8,11,0,0,81,70,73,0,0,87,86,0,0,7,95,0,0,83,84,85,0,0,17,18,29,0,0,24,27,21,0,0,42,41,0,0,13,15,12,0,0,90,82,94,92,0,0,3,62,74,0,0,55,53,60,58,59,0,0,67,65,40,44,46,0,0,88,89,91,99,75,0,0,43,47,49,31,37,0,0,35,38,39,36,0,0,32,33,30,0,0,96,93,97,2,0,0,57,54,0,0,68,56,61,98,100,1,0,0,66,72,64,0,0,10,19,16,14,9,0,0,63,0
0;pliki//100 lokacji//C101.txt;200;20;swap;3;4043;31116.470064570312;3041.8972699703177;14660.070472174175;13414.50232242582;25446.16690768728;2106.683093479349;11624.80584107541;11714.677973132519;28;300221.2554;0,45,48,51,0,0,92,93,99,89,0,0,88,91,0,0,90,82,85,0,0,42,41,0,0,63,65,0,0,7,6,8,11,0,0,17,18,0,0,36,37,39,34,0,0,67,74,66,69,0,0,1,4,75,0,0,33,31,29,0,0,3,2,10,52,50,49,0,0,68,56,58,59,64,0,0,13,16,14,0,0,81,70,73,72,61,0,0,32,25,0,0,40,44,46,0,0,20,27,30,22,21,0,0,78,76,71,0,0,5,96,94,97,100,0,0,57,55,53,80,77,79,0,0,62,54,60,0,0,24,19,15,12,9,0,0,43,47,35,38,0,0,98,95,83,84,0,0,87,86,0,0,26,28,23,0
0;pliki//100 lokacji//C101.txt;200;20;swap;3;4044;31116.470064570312;3041.8972699703177;14660.070472174175;13414.50232242582;25710.645426541145;2175.91231928396;11579.391761806326;11955.341345450857;26;300106.8304;0,67,65,83,84,0,0,89,91,99,0,0,20,33,35,37,0,0,43,54,53,56,0,0,96,94,92,93,0,0,5,3,0,0,61,68,59,50,52,0,0,24,25,27,21,0,0,17,18,19,14,9,0,0,32,31,44,45,0,0,66,72,64,69,1,75,0,0,98,95,97,0,0,7,8,10,11,0,0,78,76,71,80,0,0,22,23,30,28,34,0,0,81,70,73,77,79,0,0,87,86,82,0,0,42,40,49,29,26,48,51,0,0,63,0,0,57,58,60,0,0,6,2,100,4,0,0,74,36,39,0,0,90,85,88,0,0,13,15,12,0,0,41,38,16,0,0,55,62,46,47,0
0;pliki//100 lokacji//C101.txt;200;20;invert;3;4042;31116.470064570312;3041.8972699703177;14660.070472174175;13414.50232242582;28922.1537961145;2766.7976442493937;13440.62472861105;12714.731423254058;23;300113.1739;0,67,41,83,84,28,50,99,0,0,20,25,35,37,0,0,43,54,53,56,0,0,90,86,94,93,9,0,0,5,7,44,61,48,59,91,52,0,0,32,33,27,0,0,13,19,18,29,26,0,0,24,31,71,72,64,69,1,0,0,98,95,97,92,89,0,0,3,8,11,4,10,34,47,0,0,57,76,80,46,0,0,63,65,30,0,0,81,78,73,77,79,66,0,0,87,82,88,45,51,0,0,42,40,68,49,39,0,0,21,22,23,75,0,0,62,58,60,0,0,6,2,100,0,0,74,36,12,0,0,55,0,0,96,85,70,0,0,15,16,14,0,0,17,38,0
0;pliki//100 lokacji//C101.txt;200;20;invert;3;4043;31116.470064570312;3041.8972699703177;14660.070472174175;13414.50232242582;28922.1537961145;2766.7976442493937;13440.62472861105;12714.731423254058;23;300097.0257;0,67,41,83,84,28,50,99,0,0,20,25,35,37,0,0,43,54,53,56,0,0,90,86,94,93,9,0,0,5,7,44,61,48,59,91,52,0,0,32,33,27,0,0,13,19,18,29,26,0,0,24,31,71,72,64,69,1,0,0,98,95,97,92,89,0,0,3,8,11,4,10,34,47,0,0,57,76,80,46,0,0,63,65,30,0,0,81,78,73,77,79,66,0,0,87,82,88,45,51,0,0,42,40,68,49,39,0,0,21,22,23,75,0,0,62,58,60,0,0,6,2,100,0,0,74,36,12,0,0,55,0,0,96,85,70,0,0,15,16,14,0,0,17,38,0
0;pliki//100 lokacji//C101.txt;200;20;invert;3;4044;31116.470064570312;3041.8972699703177;14660.070472174175;13414.50232242582;28922.1537961145;2766.7976442493937;13440.62472861105;12714.731423254058;23;300103.376;0,67,41,83,84,28,50,99,0,0,20,25,35,37,0,0,43,54,53,56,0,0,90,86,94,93,9,0,0,5,7,44,61,48,59,91,52,0,0,32,33,27,0,0,13,19,18,29,26,0,0,24,31,71,72,64,69,1,0,0,98,95,97,92,89,0,0,3,8,11,4,10,34,47,0,0,57,76,80,46,0,0,63,65,30,0,0,81,78,73,77,79,66,0,0,87,82,88,45,51,0,0,42,40,68,49,39,0,0,21,22,23,75,0,0,62,58,60,0,0,6,2,100,0,0,74,36,12,0,0,55,0,0,96,85,70,0,0,15,16,14,0,0,17,38,0
0;pliki//100 lokacji//C101.txt;200;20;insert;3;4042;31116.470064570312;3041.8972699703177;14660.070472174175;13414.50232242582;27506.673142240907;2419.9358406380047;12854.592464908563;12232.144836694337;24;300049.4887;0,67,83,84,0,0,20,25,35,37,0,0,43,54,53,56,0,0,90,86,94,93,0,0,5,7,44,61,48,59,50,52,0,0,32,33,27,0,0,13,19,18,29,0,0,24,31,0,0,98,95,97,92,89,0,0,3,8,11,10,0,0,57,76,80,0,0,63,41,47,0,0,81,73,77,79,72,69,64,66,0,0,87,82,88,45,51,0,0,42,40,49,46,68,0,0,26,28,34,21,0,0,22,23,91,75,0,0,65,62,58,60,0,0,6,2,99,100,4,0,0,74,36,39,0,0,85,12,14,30,0,0,17,15,96,1,9,0,0,55,38,16,0,0,78,70,71,0
0;pliki//100 lokacji//C101.txt;200;20;insert;3;4043;31116.470064570312;3041.8972699703177;14660.070472174175;13414.50232242582;27506.673142240907;2419.9358406380047;12854.592464908563;12232.144836694337;24;300145.6679;0,67,83,84,0,0,20,25,35,37,0,0,43,54,53,56,0,0,90,86,94,93,0,0,5,7,44,61,48,59,50,52,0,0,32,33,27,0,0,13,19,18,29,0,0,24,31,0,0,98,95,97,92,89,0,0,3,8,11,10,0,0,57,76,80,0,0,63,41,47,0,0,81,73,77,79,72,69,64,66,0,0,87,82,88,45,51,0,0,42,40,49,46,68,0,0,26,28,34,21,0,0,22,23,91,75,0,0,65,62,58,60,0,0,6,2,99,100,4,0,0,74,36,39,0,0,85,12,14,30,0,0,17,15,96,1,9,0,0,55,38,16,0,0,78,70,71,0
0;pliki//100 lokacji//C101.txt;200;20;insert;3;4044;31116.470064570312;3041.8972699703177;14660.070472174175;13414.50232242582;27506.673142240907;2419.9358406380047;12854.592464908563;12232.144836694337;24;300092.1991;0,67,83,84,0,0,20,25,35,37,0,0,43,54,53,56,0,0,90,86,94,93,0,0,5,7,44,61,48,59,50,52,0,0,32,33,27,0,0,13,19,18,29,0,0,24,31,0,0,98,95,97,92,89,0,0,3,8,11,10,0,0,57,76,80,0,0,63,41,47,0,0,81,73,77,79,72,69,64,66,0,0,87,82,88,45,51,0,0,42,40,49,46,68,0,0,26,28,34,21,0,0,22,23,91,75,0,0,65,62,58,60,0,0,6,2,99,100,4,0,0,74,36,39,0,0,85,12,14,30,0,0,17,15,96,1,9,0,0,55,38,16,0,0,78,70,71,0
0;pliki//100 lokacji//C101.txt;200;30;swap;3;5042;31116.470064570312;3041.8972699703177;14660.070472174175;13414.50232242582;25598.37933387845;2261.9312390436507;11387.520887028586;11948.927207806213;29;300116.0164;0,87,86,0,0,21,6,4,0,0,11,9,2,1,0,0,43,60,53,56,0,0,98,95,0,0,47,46,45,48,49,0,0,20,0,0,96,94,92,93,0,0,31,35,68,72,61,59,51,50,0,0,67,62,66,0,0,5,100,97,89,84,0,0,3,12,14,16,0,0,65,40,44,52,28,23,0,0,76,73,58,57,64,0,0,17,18,19,0,0,90,82,83,85,0,0,55,54,69,0,0,77,80,91,99,75,0,0,7,10,8,0,0,33,36,34,30,0,0,38,37,39,0,0,24,25,26,29,0,0,32,27,22,0,0,70,71,78,0,0,81,79,74,0,0,42,41,0,0,13,15,0,0,88,0,0,63,0
0;pliki//100 lokacji//C101.txt;200;30;swap;3;5043;31116.470064570312;3041.8972699703177;14660.070472174175;13414.50232242582;25396.21790310906;2334.6135321524275;10978.530314736343;12083.07405622029;30;300071.0714;0,63,41,0,0,90,82,83,85,0,0,17,19,11,9,28,23,0,0,20,0,0,32,38,35,0,0,25,0,0,62,68,37,39,0,0,13,15,12,0,0,78,76,71,84,0,0,79,77,4,75,0,0,65,74,0,0,7,6,8,0,0,66,72,64,69,0,0,10,18,16,14,0,0,3,5,44,46,0,0,87,86,0,0,55,58,60,0,0,67,0,0,42,40,0,0,45,59,57,0,0,33,36,0,0,96,2,1,0,0,21,29,61,80,0,0,88,91,0,0,22,34,31,47,52,0,0,24,27,26,30,49,48,51,50,0,0,99,97,93,100,89,0,0,98,95,94,92,0,0,43,54,53,56,0,0,81,70,73,0
0;pliki//100 lokacji//C101.txt;200;30;swap;3;5044;31116.470064570312;3041.8972699703177;14660.070472174175;13414.50232242582;25570.646987038548;2214.0922207472236;11454.667984691521;11901.886781599804;30;300025.0344;0,87,86,0,0,32,35,39,37,0,0,67,62,0,0,19,16,14,12,0,0,13,15,10,0,0,7,6,8,0,0,70,78,89,91,0,0,90,76,71,61,68,64,69,0,0,82,83,84,73,77,80,0,0,63,0,0,85,88,4,0,0,42,41,0,0,30,29,28,34,51,50,52,0,0,94,92,93,96,0,0,65,74,0,0,24,38,36,11,9,0,0,43,53,58,60,0,0,57,40,45,0,0,55,54,56,48,49,0,0,66,72,59,0,0,20,0,0,22,23,0,0,5,0,0,98,95,97,2,1,0,0,27,25,21,0,0,17,18,26,0,0,33,31,0,0,3,0,0,81,79,44,46,47,0,0,100,99,75,0
0;pliki//100 lokacji//C101.txt;200;30;invert;3;5042;31116.470064570312;3041.8972699703177;14660.070472174175;13414.50232242582;28900.791307897427;2735.399614976755;13496.931523048343;12668.460169872329;23;300172.9771;0,67,41,83,84,28,50,99,0,0,20,25,35,37,0,0,43,54,53,56,0,0,90,86,94,93,9,0,0,5,7,44,61,48,59,91,52,0,0,32,33,27,0,0,13,19,18,29,26,0,0,24,31,71,72,64,69,1,0,0,98,95,97,92,89,0,0,3,8,11,4,10,34,47,0,0,57,76,80,46,0,0,63,65,30,0,0,81,78,73,77,79,66,0,0,87,82,88,45,51,0,0,42,40,68,49,39,0,0,21,22,23,75,0,0,62,58,60,0,0,2,6,0,0,55,74,0,0,36,12,100,0,0,96,85,70,0,0,15,16,14,0,0,17,38,0
0;pliki//100 lokacji//C101.txt;200;30;invert;3;5043;31116.470064570312;3041.8972699703177;14660.070472174175;13414.50232242582;28922.1537961145;2766.7976442493937;13440.62472861105;12714.731423254058;23;300007.8023;0,67,41,83,84,28,50,99,0,0,20,25,35,37,0,0,43,54,53,56,0,0,90,86,94,93,9,0,0,5,7,44,61,48,59,91,52,0,0,32,33,27,0,0,13,19,18,29,26,0,0,24,31,71,72,64,69,1,0,0,98,95,97,92,89,0,0,3,8,11,4,10,34,47,0,0,57,76,80,46,0,0,63,65,30,0,0,81,78,73,77,79,66,0,0,87,82,88,45,51,0,0,42,40,68,49,39,0,0,21,22,23,75,0,0,62,58,60,0,0,6,2,100,0,0,74,36,12,0,0,55,0,0,96,85,70,0,0,15,16,14,0,0,17,38,0
0;pliki//100 lokacji//C101.txt;200;30;invert;3;5044;31116.470064570312;3041.8972699703177;14660.070472174175;13414.50232242582;28922.1537961145;2766.7976442493937;13440.62472861105;12714.731423254058;23;300007.3809;0,67,41,83,84,28,50,99,0,0,20,25,35,37,0,0,43,54,53,56,0,0,90,86,94,93,9,0,0,5,7,44,61,48,59,91,52,0,0,32,33,27,0,0,13,19,18,29,26,0,0,24,31,71,72,64,69,1,0,0,98,95,97,92,89,0,0,3,8,11,4,10,34,47,0,0,57,76,80,46,0,0,63,65,30,0,0,81,78,73,77,79,66,0,0,87,82,88,45,51,0,0,42,40,68,49,39,0,0,21,22,23,75,0,0,62,58,60,0,0,6,2,100,0,0,74,36,12,0,0,55,0,0,96,85,70,0,0,15,16,14,0,0,17,38,0
0;pliki//100 lokacji//C101.txt;200;30;insert;3;5042;31116.470064570312;3041.8972699703177;14660.070472174175;13414.50232242582;27389.356233709375;2562.4823331916937;12226.920967164868;12599.952933352812;23;300056.6795;0,67,84,0,0,20,25,35,37,0,0,43,54,53,56,0,0,90,86,94,93,0,0,5,7,44,61,59,50,0,0,32,33,27,0,0,13,18,29,26,0,0,24,31,52,64,72,69,0,0,98,95,97,92,89,0,0,3,8,11,9,10,34,0,0,57,76,46,47,0,0,63,41,0,0,81,73,77,79,66,28,0,0,87,82,83,45,51,48,0,0,42,40,49,30,39,68,0,0,22,21,23,75,0,0,65,62,58,60,0,0,6,1,2,100,4,0,0,74,36,12,0,0,85,88,80,91,99,0,0,17,15,19,14,96,0,0,55,38,16,0,0,78,70,71,0
0;pliki//100 lokacji//C101.txt;200;30;insert;3;5043;31116.470064570312;3041.8972699703177;14660.070472174175;13414.50232242582;27389.356233709375;2562.4823331916937;12226.920967164868;12599.952933352812;23;300054.7534;0,67,84,0,0,20,25,35,37,0,0,43,54,53,56,0,0,90,86,94,93,0,0,5,7,44,61,59,50,0,0,32,33,27,0,0,13,18,29,26,0,0,24,31,52,64,72,69,0,0,98,95,97,92,89,0,0,3,8,11,9,10,34,0,0,57,76,46,47,0,0,63,41,0,0,81,73,77,79,66,28,0,0,87,82,83,45,51,48,0,0,42,40,49,30,39,68,0,0,22,21,23,75,0,0,65,62,58,60,0,0,6,1,2,100,4,0,0,74,36,12,0,0,85,88,80,91,99,0,0,17,15,19,14,96,0,0,55,38,16,0,0,78,70,71,0
0;pliki//100 lokacji//C101.txt;200;30;insert;3;5044;31116.470064570312;3041.8972699703177;14660.070472174175;13414.50232242582;27389.356233709375;2562.4823331916937;12226.920967164868;12599.952933352812;23;300046.2068;0,67,84,0,0,20,25,35,37,0,0,43,54,53,56,0,0,90,86,94,93,0,0,5,7,44,61,59,50,0,0,32,33,27,0,0,13,18,29,26,0,0,24,31,52,64,72,69,0,0,98,95,97,92,89,0,0,3,8,11,9,10,34,0,0,57,76,46,47,0,0,63,41,0,0,81,73,77,79,66,28,0,0,87,82,83,45,51,48,0,0,42,40,49,30,39,68,0,0,22,21,23,75,0,0,65,62,58,60,0,0,6,1,2,100,4,0,0,74,36,12,0,0,85,88,80,91,99,0,0,17,15,19,14,96,0,0,55,38,16,0,0,78,70,71,0
0;pliki//100 lokacji//C101.txt;200;40;swap;3;6042;31116.470064570312;3041.8972699703177;14660.070472174175;13414.50232242582;25311.61239995661;2120.8848864456577;11190.44185406744;12000.285659443516;28;300075.5896;0,54,60,45,0,0,55,36,38,37,0,0,90,85,83,88,0,0,65,62,74,0,0,63,0,0,5,0,0,43,40,53,56,58,0,0,24,27,33,29,0,0,32,25,0,0,67,0,0,17,18,14,12,0,0,78,76,71,77,79,80,0,0,81,70,73,0,0,21,48,51,0,0,7,8,11,6,4,0,0,34,39,100,99,0,0,3,1,2,30,26,28,0,0,87,86,82,84,0,0,69,72,61,64,49,50,52,47,0,0,20,0,0,22,23,75,0,0,31,35,44,46,0,0,13,15,10,0,0,66,68,59,57,0,0,98,95,97,0,0,96,94,92,93,0,0,19,16,9,89,91,0,0,42,41,0
0;pliki//100 lokacji//C101.txt;200;40;swap;3;6043;31116.470064570312;3041.8972699703177;14660.070472174175;13414.50232242582;25405.18867764655;2253.0753556687105;11511.090285222252;11641.023036755589;29;300782.4894;0,7,6,8,11,0,0,85,99,100,4,0,0,43,42,0,0,20,0,0,81,70,73,0,0,12,9,88,91,0,0,32,38,35,0,0,24,0,0,63,41,0,0,55,54,53,68,61,66,0,0,27,25,0,0,14,16,15,0,0,21,29,26,28,23,0,0,13,17,10,0,0,33,31,0,0,36,37,39,34,0,0,22,30,52,48,51,50,0,0,94,92,97,95,89,0,0,90,84,82,0,0,65,62,74,0,0,5,0,0,45,60,59,0,0,78,76,71,58,0,0,56,57,72,64,69,0,0,3,18,19,93,0,0,87,86,83,0,0,67,47,40,44,46,49,0,0,79,77,80,75,0,0,98,96,2,1,0
0;pliki//100 lokacji//C101.txt;200;40;swap;3;6044;31116.470064570312;3041.8972699703177;14660.070472174175;13414.50232242582;25344.891310452636;2251.5064867912324;11248.982379773699;11844.402443887708;31;300172.7818;0,42,45,47,0,0,90,76,71,58,55,0,0,5,88,85,0,0,67,0,0,10,94,92,93,0,0,40,41,0,0,24,25,0,0,21,29,61,64,69,0,0,89,91,0,0,63,0,0,20,0,0,81,70,73,66,0,0,17,18,36,37,0,0,30,39,34,0,0,11,9,1,100,96,99,75,0,0,13,15,19,0,0,57,54,53,0,0,7,6,8,0,0,65,62,74,0,0,43,0,0,98,95,97,2,0,0,32,27,0,0,44,46,72,59,51,50,52,0,0,26,28,0,0,86,82,78,79,77,80,0,0,68,56,60,48,49,0,0,33,0,0,31,35,38,0,0,87,84,83,0,0,3,12,14,16,0,0,22,23,4,0
0;pliki//100 lokacji//C101.txt;200;40;invert;3;6042;31116.470064570312;3041.8972699703177;14660.070472174175;13414.50232242582;28922.1537961145;2766.7976442493937;13440.62472861105;12714.731423254058;23;300023.1493;0,67,41,83,84,28,50,99,0,0,20,25,35,37,0,0,43,54,53,56,0,0,90,86,94,93,9,0,0,5,7,44,61,48,59,91,52,0,0,32,33,27,0,0,13,19,18,29,26,0,0,24,31,71,72,64,69,1,0,0,98,95,97,92,89,0,0,3,8,11,4,10,34,47,0,0,57,76,80,46,0,0,63,65,30,0,0,81,78,73,77,79,66,0,0,87,82,88,45,51,0,0,42,40,68,49,39,0,0,21,22,23,75,0,0,62,58,60,0,0,6,2,100,0,0,74,36,12,0,0,55,0,0,96,85,70,0,0,15,16,14,0,0,17,38,0
0;pliki//100 lokacji//C101.txt;200;40;invert;3;6043;31116.470064570312;3041.8972699703177;14660.070472174175;13414.50232242582;28870.339925126325;2740.890708755306;13440.62472861105;12688.824487759968;23;300080.4403;0,67,41,83,84,28,50,99,0,0,20,25,35,37,0,0,43,54,53,56,0,0,90,86,94,93,9,0,0,5,7,44,61,48,59,91,52,0,0,32,33,27,0,0,13,19,18,29,26,0,0,24,31,71,72,64,69,1,0,0,98,95,97,92,89,0,0,3,8,11,4,10,34,47,0,0,57,76,80,46,0,0,63,65,30,0,0,81,78,73,77,79,66,0,0,87,82,88,45,51,0,0,42,40,68,49,39,0,0,21,22,23,75,0,0,62,58,60,0,0,6,2,100,0,0,36,12,0,0,55,74,0,0,96,85,70,0,0,15,16,14,0,0,17,38,0
0;pliki//100 lokacji//C101.txt;200;40;invert;3;6044;31116.470064570312;3041.8972699703177;14660.070472174175;13414.50232242582;28900.791307897427;2735.399614976755;13496.931523048343;12668.460169872329;23;300039.4425;0,67,41,83,84,28,50,99,0,0,20,25,35,37,0,0,43,54,53,56,0,0,90,86,94,93,9,0,0,5,7,44,61,48,59,91,52,0,0,32,33,27,0,0,13,19,18,29,26,0,0,24,31,71,72,64,69,1,0,0,98,95,97,92,89,0,0,3,8,11,4,10,34,47,0,0,57,76,80,46,0,0,63,65,30,0,0,81,78,73,77,79,66,0,0,87,82,88,45,51,0,0,42,40,68,49,39,0,0,21,22,23,75,0,0,62,58,60,0,0,6,2,0,0,55,74,0,0,36,12,100,0,0,96,85,70,0,0,15,16,14,0,0,17,38,0
0;pliki//100 lokacji//C101.txt;200;40;insert;3;6042;31116.470064570312;3041.8972699703177;14660.070472174175;13414.50232242582;26994.878978257573;2478.4268438332583;12130.571170515988;12385.880963908327;24;300142.2714;0,67,0,0,20,25,35,37,0,0,43,54,53,56,0,0,90,86,94,93,0,0,5,7,44,61,59,50,52,0,0,32,33,27,0,0,13,19,18,29,0,0,24,31,0,0,98,95,97,92,0,0,3,8,11,1,26,34,0,0,57,76,84,89,0,0,63,41,0,0,81,73,77,79,72,69,64,66,0,0,87,82,83,45,51,48,0,0,42,40,49,30,39,68,0,0,47,46,28,21,0,0,22,23,4,75,0,0,65,62,58,60,0,0,6,9,2,100,99,0,0,74,36,12,0,0,85,88,80,91,0,0,10,17,15,14,96,0,0,55,38,16,0,0,78,70,71,0
0;pliki//100 lokacji//C101.txt;200;40;insert;3;6043;31116.470064570312;3041.8972699703177;14660.070472174175;13414.50232242582;26994.878978257573;2478.4268438332583;12130.571170515988;12385.880963908327;24;300014.0026;0,67,0,0,20,25,35,37,0,0,43,54,53,56,0,0,90,86,94,93,0,0,5,7,44,61,59,50,52,0,0,32,33,27,0,0,13,19,18,29,0,0,24,31,0,0,98,95,97,92,0,0,3,8,11,1,26,34,0,0,57,76,84,89,0,0,63,41,0,0,81,73,77,79,72,69,64,66,0,0,87,82,83,45,51,48,0,0,42,40,49,30,39,68,0,0,47,46,28,21,0,0,22,23,4,75,0,0,65,62,58,60,0,0,6,9,2,100,99,0,0,74,36,12,0,0,85,88,80,91,0,0,10,17,15,14,96,0,0,55,38,16,0,0,78,70,71,0
0;pliki//100 lokacji//C101.txt;200;40;insert;3;6044;31116.470064570312;3041.8972699703177;14660.070472174175;13414.50232242582;26994.878978257573;2478.4268438332583;12130.571170515988;12385.880963908327;24;300057.5865;0,67,0,0,20,25,35,37,0,0,43,54,53,56,0,0,90,86,94,93,0,0,5,7,44,61,59,50,52,0,0,32,33,27,0,0,13,19,18,29,0,0,24,31,0,0,98,95,97,92,0,0,3,8,11,1,26,34,0,0,57,76,84,89,0,0,63,41,0,0,81,73,77,79,72,69,64,66,0,0,87,82,83,45,51,48,0,0,42,40,49,30,39,68,0,0,47,46,28,21,0,0,22,23,4,75,0,0,65,62,58,60,0,0,6,9,2,100,99,0,0,74,36,12,0,0,85,88,80,91,0,0,10,17,15,14,96,0,0,55,38,16,0,0,78,70,71,0
0;pliki//100 lokacji//C101.txt;200;50;swap;3;7042;31116.470064570312;3041.8972699703177;14660.070472174175;13414.50232242582;25467.88921364273;2102.076755366955;11401.662544049095;11964.149914226682;26;300411.7777;0,67,62,83,84,0,0,11,9,6,4,0,0,24,35,38,37,36,0,0,43,54,53,56,0,0,90,86,92,93,0,0,5,3,0,0,70,61,48,51,50,52,0,0,31,25,0,0,17,18,19,30,26,0,0,65,74,66,0,0,68,64,69,1,75,0,0,98,95,94,97,100,0,0,7,8,0,0,57,76,71,80,72,0,0,63,0,0,81,78,73,77,79,0,0,87,82,85,0,0,41,49,29,39,34,0,0,21,22,28,23,0,0,55,40,60,58,59,0,0,88,89,91,99,0,0,32,33,27,0,0,96,2,0,0,13,15,10,0,0,20,16,14,12,0,0,42,45,44,46,47,0
0;pliki//100 lokacji//C101.txt;200;50;swap;3;7043;31116.470064570312;3041.8972699703177;14660.070472174175;13414.50232242582;25133.76329993384;2255.15743953425;10850.399501611693;12028.206358787895;32;300297.2605;0,60,56,72,80,0,0,5,0,0,39,34,0,0,78,70,73,77,0,0,17,19,26,30,28,0,0,63,0,0,43,0,0,33,31,0,0,96,94,92,93,0,0,42,41,0,0,32,36,27,29,0,0,81,79,74,0,0,13,15,12,0,0,90,76,71,58,59,0,0,3,86,85,88,0,0,100,4,75,0,0,20,0,0,67,0,0,69,61,64,68,0,0,1,6,2,89,91,0,0,45,48,51,50,52,0,0,7,10,8,0,0,87,82,83,84,0,0,22,23,0,0,11,9,0,0,55,40,44,46,49,47,0,0,18,16,14,0,0,35,38,37,0,0,65,62,66,0,0,57,54,53,0,0,98,95,97,99,0,0,24,25,21,0
0;pliki//100 lokacji//C101.txt;200;50;swap;3;7044;31116.470064570312;3041.8972699703177;14660.070472174175;13414.50232242582;25246.41996418537;2169.1163116149087;11001.328989560081;12075.974663010378;29;300318.7238;0,34,51,50,69,0,0,67,0,0,44,46,60,59,0,0,3,18,19,26,28,0,0,13,17,14,12,0,0,63,0,0,42,41,0,0,5,1,8,0,0,20,33,35,37,0,0,55,72,74,0,0,84,85,89,91,0,0,87,86,88,0,0,40,53,56,58,48,0,0,81,70,73,0,0,21,4,99,75,0,0,43,47,0,0,10,11,6,9,0,0,96,94,92,93,0,0,57,54,68,66,0,0,98,95,0,0,90,82,83,79,77,80,0,0,24,22,0,0,78,76,71,0,0,25,27,29,61,64,0,0,32,31,52,45,49,0,0,36,38,39,23,0,0,7,2,100,97,0,0,65,62,0,0,16,15,30,0
0;pliki//100 lokacji//C101.txt;200;50;invert;3;7042;31116.470064570312;3041.8972699703177;14660.070472174175;13414.50232242582;28870.339925126325;2740.890708755306;13440.62472861105;12688.824487759968;23;300076.9982;0,67,41,83,84,28,50,99,0,0,20,25,35,37,0,0,43,54,53,56,0,0,90,86,94,93,9,0,0,5,7,44,61,48,59,91,52,0,0,32,33,27,0,0,13,19,18,29,26,0,0,24,31,71,72,64,69,1,0,0,98,95,97,92,89,0,0,3,8,11,4,10,34,47,0,0,57,76,80,46,0,0,63,65,30,0,0,81,78,73,77,79,66,0,0,87,82,88,45,51,0,0,42,40,68,49,39,0,0,21,22,23,75,0,0,62,58,60,0,0,6,2,100,0,0,36,12,0,0,55,74,0,0,96,85,70,0,0,15,16,14,0,0,17,38,0
0;pliki//100 lokacji//C101.txt;200;50;invert;3;7043;31116.470064570312;3041.8972699703177;14660.070472174175;13414.50232242582;28801.35620641795;2731.82052708236;13388.931523048343;12680.604156287247;23;300013.7063;0,67,41,83,84,28,50,99,0,0,20,25,35,37,0,0,43,54,53,56,0,0,90,86,94,93,9,0,0,5,7,44,61,48,59,91,52,0,0,32,33,27,0,0,13,19,18,29,26,0,0,24,31,71,72,64,69,1,0,0,98,95,97,92,89,0,0,3,8,11,4,10,34,47,0,0,57,76,80,46,0,0,63,65,30,0,0,81,78,73,77,79,66,0,0,87,82,88,45,51,0,0,42,40,68,49,39,0,0,21,22,23,75,0,0,6,2,0,0,60,58,0,0,55,62,74,0,0,36,12,100,0,0,96,85,70,0,0,15,16,14,0,0,17,38,0
0;pliki//100 lokacji//C101.txt;200;50;invert;3;7044;31116.470064570312;3041.8972699703177;14660.070472174175;13414.50232242582;28870.339925126325;2740.890708755306;13440.62472861105;12688.824487759968;23;300094.6748;0,67,41,83,84,28,50,99,0,0,20,25,35,37,0,0,43,54,53,56,0,0,90,86,94,93,9,0,0,5,7,44,61,48,59,91,52,0,0,32,33,27,0,0,13,19,18,29,26,0,0,24,31,71,72,64,69,1,0,0,98,95,97,92,89,0,0,3,8,11,4,10,34,47,0,0,57,76,80,46,0,0,63,65,30,0,0,81,78,73,77,79,66,0,0,87,82,88,45,51,0,0,42,40,68,49,39,0,0,21,22,23,75,0,0,62,58,60,0,0,6,2,100,0,0,12,36,0,0,55,74,0,0,96,85,70,0,0,15,16,14,0,0,17,38,0
0;pliki//100 lokacji//C101.txt;200;50;insert;3;7042;31116.470064570312;3041.8972699703177;14660.070472174175;13414.50232242582;27062.997357883723;2489.9768144697914;11992.827469532544;12580.193073881386;24;300015.3885;0,67,84,0,0,20,25,35,37,0,0,43,54,53,56,0,0,90,86,94,93,0,0,5,7,44,61,59,50,52,0,0,32,33,27,0,0,13,18,19,26,0,0,24,31,0,0,98,95,97,92,89,0,0,3,8,11,0,0,57,76,46,47,0,0,63,41,0,0,81,73,77,79,72,69,64,66,0,0,87,82,83,45,51,48,0,0,42,40,49,29,39,68,0,0,30,28,34,21,0,0,22,23,4,1,75,0,0,65,62,58,60,0,0,6,9,2,100,99,0,0,74,36,12,0,0,85,88,80,91,0,0,10,17,15,14,96,0,0,55,38,16,0,0,78,70,71,0
0;pliki//100 lokacji//C101.txt;200;50;insert;3;7043;31116.470064570312;3041.8972699703177;14660.070472174175;13414.50232242582;27062.997357883723;2489.9768144697914;11992.827469532544;12580.193073881386;24;302324.5279;0,67,84,0,0,20,25,35,37,0,0,43,54,53,56,0,0,90,86,94,93,0,0,5,7,44,61,59,50,52,0,0,32,33,27,0,0,13,18,19,26,0,0,24,31,0,0,98,95,97,92,89,0,0,3,8,11,0,0,57,76,46,47,0,0,63,41,0,0,81,73,77,79,72,69,64,66,0,0,87,82,83,45,51,48,0,0,42,40,49,29,39,68,0,0,30,28,34,21,0,0,22,23,4,1,75,0,0,65,62,58,60,0,0,6,9,2,100,99,0,0,74,36,12,0,0,85,88,80,91,0,0,10,17,15,14,96,0,0,55,38,16,0,0,78,70,71,0
0;pliki//100 lokacji//C101.txt;200;50;insert;3;7044;31116.470064570312;3041.8972699703177;14660.070472174175;13414.50232242582;27062.997357883723;2489.9768144697914;11992.827469532544;12580.193073881386;24;300011.9322;0,67,84,0,0,20,25,35,37,0,0,43,54,53,56,0,0,90,86,94,93,0,0,5,7,44,61,59,50,52,0,0,32,33,27,0,0,13,18,19,26,0,0,24,31,0,0,98,95,97,92,89,0,0,3,8,11,0,0,57,76,46,47,0,0,63,41,0,0,81,73,77,79,72,69,64,66,0,0,87,82,83,45,51,48,0,0,42,40,49,29,39,68,0,0,30,28,34,21,0,0,22,23,4,1,75,0,0,65,62,58,60,0,0,6,9,2,100,99,0,0,74,36,12,0,0,85,88,80,91,0,0,10,17,15,14,96,0,0,55,38,16,0,0,78,70,71,0
0;pliki//100 lokacji//C101.txt;250;10;swap;3;3542;31116.470064570312;3041.8972699703177;14660.070472174175;13414.50232242582;25824.28539539788;1857.7727115702824;12319.583726048459;11646.92895777914;26;300224.0806;0,82,83,84,88,91,0,0,33,31,0,0,32,39,36,34,0,0,90,0,0,9,6,4,1,75,0,0,24,25,0,0,55,53,56,61,66,69,0,0,65,62,74,0,0,47,49,100,99,0,0,5,22,21,0,0,98,95,94,97,96,0,0,78,76,71,80,72,64,0,0,42,54,57,0,0,43,51,35,38,37,0,0,87,86,85,89,0,0,13,17,0,0,3,12,14,16,0,0,67,0,0,18,19,15,11,0,0,40,60,58,59,68,0,0,81,70,73,77,79,0,0,41,44,46,45,48,50,52,0,0,7,8,10,0,0,20,27,26,30,29,28,23,0,0,92,93,2,0,0,63,0
0;pliki//100 lokacji//C101.txt;250;10;swap;3;3543;31116.470064570312;3041.8972699703177;14660.070472174175;13414.50232242582;25969.94085966603;2035.6364647838247;12074.518892934486;11859.785501947717;24;300092.5746;0,67,65,83,84,28,23,0,0,24,25,22,0,0,40,54,53,56,0,0,98,96,94,93,97,0,0,5,3,44,45,68,59,50,52,0,0,32,33,27,0,0,17,18,19,30,26,0,0,43,62,74,0,0,66,72,64,69,1,75,0,0,90,95,92,9,0,0,7,8,10,11,0,0,70,76,71,0,0,63,0,0,81,78,73,77,79,80,0,0,87,86,82,61,48,51,0,0,42,41,0,0,36,37,39,34,0,0,55,58,60,0,0,6,2,100,4,0,0,31,35,38,29,0,0,85,88,89,91,99,0,0,13,15,21,0,0,20,16,14,12,0,0,57,46,49,47,0
0;pliki//100 lokacji//C101.txt;250;10;swap;3;3544;31116.470064570312;3041.8972699703177;14660.070472174175;13414.50232242582;25947.34603758918;2017.8220110878592;12070.640691746841;11858.883334754482;24;300062.6678;0,67,65,83,84,0,0,24,25,22,0,0,40,54,53,56,0,0,98,96,94,93,97,0,0,5,7,44,45,68,59,50,52,0,0,32,33,27,0,0,17,18,19,30,26,0,0,43,62,74,0,0,66,72,64,69,1,75,0,0,90,95,92,9,0,0,3,8,11,10,28,23,0,0,70,76,71,0,0,63,0,0,81,78,73,77,79,80,0,0,87,86,82,61,48,51,0,0,42,41,57,0,0,36,37,39,34,0,0,55,58,60,0,0,6,2,100,4,0,0,31,35,38,29,0,0,85,88,89,91,99,0,0,13,15,21,0,0,20,16,14,12,0,0,47,46,49,0
0;pliki//100 lokacji//C101.txt;250;10;invert;3;3542;31116.470064570312;3041.8972699703177;14660.070472174175;13414.50232242582;28846.854349499947;1842.372336719727;15810.661569095042;11193.820443685177;23;300173.417;0,5,3,8,11,13,0,0,65,74,62,0,0,67,66,63,0,0,29,34,36,39,37,0,0,55,54,53,68,0,0,26,25,22,0,0,78,76,71,82,83,0,0,92,93,96,1,0,0,20,24,31,48,46,0,0,87,86,88,91,0,0,42,41,69,64,61,80,0,0,43,44,45,60,57,0,0,32,33,0,0,10,16,15,0,0,7,2,75,0,0,81,70,73,77,79,0,0,35,38,28,23,0,0,90,84,85,89,0,0,27,30,18,19,17,0,0,21,52,51,50,49,47,0,0,98,99,12,14,9,6,0,0,95,94,97,100,4,0,0,40,59,58,56,72,0
0;pliki//100 lokacji//C101.txt;250;10;invert;3;3543;31116.470064570312;3041.8972699703177;14660.070472174175;13414.50232242582;29236.063155901596;2658.332009893883;13879.842267191447;12697.888878816266;23;300045.007;0,67,84,83,41,28,50,99,0,0,20,25,35,37,0,0,43,54,53,56,0,0,90,86,94,93,9,0,0,5,7,44,61,48,59,91,52,0,0,32,33,27,0,0,13,19,18,29,26,0,0,24,31,71,72,64,69,1,0,0,98,95,97,92,89,0,0,3,4,10,11,8,47,34,0,0,57,76,80,46,0,0,65,63,30,0,0,81,78,73,77,79,66,0,0,87,88,82,45,51,0,0,42,40,49,39,23,0,0,6,75,0,0,62,74,68,0,0,21,22,0,0,12,100,2,0,0,55,58,60,36,0,0,96,85,70,0,0,15,16,14,0,0,17,38,0
0;pliki//100 lokacji//C101.txt;250;10;invert;3;3544;31116.470064570312;3041.8972699703177;14660.070472174175;13414.50232242582;28381.270545827887;2045.631683595205;14678.912989807654;11656.725872425028;25;300013.749;0,26,27,30,29,34,31,0,0,49,50,51,46,45,59,41,0,0,25,22,0,0,7,8,15,19,0,0,74,72,61,64,0,0,63,0,0,98,95,94,92,96,0,0,13,17,23,21,0,0,90,84,82,0,0,32,52,47,0,0,5,1,99,100,12,28,0,0,57,54,53,0,0,20,24,36,39,37,35,0,0,81,71,73,80,0,0,42,44,56,55,68,69,0,0,67,62,65,0,0,89,85,88,91,0,0,6,4,75,0,0,78,76,70,77,0,0,11,18,14,93,0,0,87,86,83,79,66,0,0,10,16,9,0,0,3,2,97,0,0,40,58,60,48,43,0,0,33,38,0
0;pliki//100 lokacji//C101.txt;250;10;insert;3;3542;31116.470064570312;3041.8972699703177;14660.070472174175;13414.50232242582;26992.486418677883;2342.230930366539;12443.68362917178;12206.571859139565;24;300090.6906;0,20,37,35,0,0,43,54,53,56,0,0,90,86,94,93,0,0,5,7,44,61,48,50,0,0,32,33,27,0,0,13,18,26,0,0,24,31,52,59,72,64,69,0,0,98,95,92,97,0,0,3,8,0,0,41,57,46,0,0,67,65,63,0,0,81,78,73,77,79,66,0,0,87,82,83,88,0,0,42,40,47,49,39,23,0,0,25,30,29,21,0,0,28,22,91,99,75,0,0,62,58,60,51,0,0,6,1,2,100,4,0,0,10,11,12,36,34,0,0,45,89,85,80,68,0,0,17,15,19,14,9,0,0,55,38,16,0,0,70,76,71,0,0,96,84,74,0
0;pliki//100 lokacji//C101.txt;250;10;insert;3;3543;31116.470064570312;3041.8972699703177;14660.070472174175;13414.50232242582;26992.486418677883;2342.230930366539;12443.68362917178;12206.571859139565;24;300153.1806;0,20,37,35,0,0,43,54,53,56,0,0,90,86,94,93,0,0,5,7,44,61,48,50,0,0,32,33,27,0,0,13,18,26,0,0,24,31,52,59,72,64,69,0,0,98,95,92,97,0,0,3,8,0,0,41,57,46,0,0,67,65,63,0,0,81,78,73,77,79,66,0,0,87,82,83,88,0,0,42,40,47,49,39,23,0,0,25,30,29,21,0,0,28,22,91,99,75,0,0,62,58,60,51,0,0,6,1,2,100,4,0,0,10,11,12,36,34,0,0,45,89,85,80,68,0,0,17,15,19,14,9,0,0,55,38,16,0,0,70,76,71,0,0,96,84,74,0
0;pliki//100 lokacji//C101.txt;250;10;insert;3;3544;31116.470064570312;3041.8972699703177;14660.070472174175;13414.50232242582;26992.486418677883;2342.230930366539;12443.68362917178;12206.571859139565;24;300064.402;0,20,37,35,0,0,43,54,53,56,0,0,90,86,94,93,0,0,5,7,44,61,48,50,0,0,32,33,27,0,0,13,18,26,0,0,24,31,52,59,72,64,69,0,0,98,95,92,97,0,0,3,8,0,0,41,57,46,0,0,67,65,63,0,0,81,78,73,77,79,66,0,0,87,82,83,88,0,0,42,40,47,49,39,23,0,0,25,30,29,21,0,0,28,22,91,99,75,0,0,62,58,60,51,0,0,6,1,2,100,4,0,0,10,11,12,36,34,0,0,45,89,85,80,68,0,0,17,15,19,14,9,0,0,55,38,16,0,0,70,76,71,0,0,96,84,74,0
0;pliki//100 lokacji//C101.txt;250;20;swap;3;4542;31116.470064570312;3041.8972699703177;14660.070472174175;13414.50232242582;25538.94195607731;2019.3822820364958;11782.774179534465;11736.785494506346;27;300170.6486;0,98,96,95,2,0,0,81,70,73,72,66,0,0,56,58,59,68,69,0,0,13,15,0,0,22,30,28,23,0,0,24,25,21,0,0,32,54,53,0,0,3,7,0,0,88,89,91,75,0,0,55,40,60,57,0,0,35,38,37,36,0,0,33,31,0,0,10,12,14,16,0,0,67,0,0,87,86,5,6,9,0,0,85,94,97,100,0,0,17,18,19,26,0,0,43,42,41,0,0,20,0,0,78,76,71,77,79,80,0,0,90,82,83,84,61,64,0,0,65,62,74,0,0,27,29,52,49,0,0,44,46,39,34,0,0,8,11,47,45,48,51,50,0,0,92,93,99,1,4,0,0,63,0
0;pliki//100 lokacji//C101.txt;250;20;swap;3;4543;31116.470064570312;3041.8972699703177;14660.070472174175;13414.50232242582;25353.90346712735;2163.402032738075;11267.06281667185;11923.438617717426;28;300163.0435;0,90,84,82,0,0,78,76,71,0,0,87,86,85,0,0,32,38,35,0,0,17,18,19,9,0,0,5,10,27,30,28,23,0,0,96,94,37,39,34,0,0,54,53,56,61,0,0,24,25,22,0,0,64,72,80,77,99,75,0,0,81,70,73,79,0,0,20,21,0,0,3,7,0,0,33,36,29,26,0,0,31,60,58,68,0,0,6,2,88,91,0,0,13,11,8,12,0,0,98,95,97,100,4,0,0,42,41,0,0,40,44,46,0,0,63,66,69,0,0,83,92,93,1,89,0,0,15,16,14,0,0,65,62,74,0,0,55,57,59,45,0,0,49,48,51,50,47,52,0,0,67,0,0,43,0
0;pliki//100 lokacji//C101.txt;250;20;swap;3;4544;31116.470064570312;3041.8972699703177;14660.070472174175;13414.50232242582;25710.645426541145;2175.91231928396;11579.391761806326;11955.341345450857;26;300092.4694;0,67,65,83,84,0,0,89,91,99,0,0,20,33,35,37,0,0,43,54,53,56,0,0,96,94,92,93,0,0,5,3,0,0,61,68,59,50,52,0,0,24,25,27,21,0,0,17,18,19,14,9,0,0,32,31,44,45,0,0,66,72,64,69,1,75,0,0,98,95,97,0,0,7,8,10,11,0,0,78,76,71,80,0,0,22,23,30,28,34,0,0,81,70,73,77,79,0,0,87,86,82,0,0,42,40,49,29,26,48,51,0,0,63,0,0,57,58,60,0,0,6,2,100,4,0,0,74,36,39,0,0,90,85,88,0,0,13,15,12,0,0,41,38,16,0,0,55,62,46,47,0
0;pliki//100 lokacji//C101.txt;250;20;invert;3;4542;31116.470064570312;3041.8972699703177;14660.070472174175;13414.50232242582;28922.1537961145;2766.7976442493937;13440.62472861105;12714.731423254058;23;300108.1729;0,67,41,83,84,28,50,99,0,0,20,25,35,37,0,0,43,54,53,56,0,0,90,86,94,93,9,0,0,5,7,44,61,48,59,91,52,0,0,32,33,27,0,0,13,19,18,29,26,0,0,24,31,71,72,64,69,1,0,0,98,95,97,92,89,0,0,3,8,11,4,10,34,47,0,0,57,76,80,46,0,0,63,65,30,0,0,81,78,73,77,79,66,0,0,87,82,88,45,51,0,0,42,40,68,49,39,0,0,21,22,23,75,0,0,62,58,60,0,0,6,2,100,0,0,74,36,12,0,0,55,0,0,96,85,70,0,0,15,16,14,0,0,17,38,0
0;pliki//100 lokacji//C101.txt;250;20;invert;3;4543;31116.470064570312;3041.8972699703177;14660.070472174175;13414.50232242582;28922.1537961145;2766.7976442493937;13440.62472861105;12714.731423254058;23;300007.4076;0,67,41,83,84,28,50,99,0,0,20,25,35,37,0,0,43,54,53,56,0,0,90,86,94,93,9,0,0,5,7,44,61,48,59,91,52,0,0,32,33,27,0,0,13,19,18,29,26,0,0,24,31,71,72,64,69,1,0,0,98,95,97,92,89,0,0,3,8,11,4,10,34,47,0,0,57,76,80,46,0,0,63,65,30,0,0,81,78,73,77,79,66,0,0,87,82,88,45,51,0,0,42,40,68,49,39,0,0,21,22,23,75,0,0,62,58,60,0,0,6,2,100,0,0,74,36,12,0,0,55,0,0,96,85,70,0,0,15,16,14,0,0,17,38,0
0;pliki//100 lokacji//C101.txt;250;20;invert;3;4544;31116.470064570312;3041.8972699703177;14660.070472174175;13414.50232242582;28922.1537961145;2766.7976442493937;13440.62472861105;12714.731423254058;23;300079.5858;0,67,41,83,84,28,50,99,0,0,20,25,35,37,0,0,43,54,53,56,0,0,90,86,94,93,9,0,0,5,7,44,61,48,59,91,52,0,0,32,33,27,0,0,13,19,18,29,26,0,0,24,31,71,72,64,69,1,0,0,98,95,97,92,89,0,0,3,8,11,4,10,34,47,0,0,57,76,80,46,0,0,63,65,30,0,0,81,78,73,77,79,66,0,0,87,82,88,45,51,0,0,42,40,68,49,39,0,0,21,22,23,75,0,0,62,58,60,0,0,6,2,100,0,0,74,36,12,0,0,55,0,0,96,85,70,0,0,15,16,14,0,0,17,38,0
0;pliki//100 lokacji//C101.txt;250;20;insert;3;4542;31116.470064570312;3041.8972699703177;14660.070472174175;13414.50232242582;27506.673142240907;2419.9358406380047;12854.592464908563;12232.144836694337;24;300062.7605;0,67,83,84,0,0,20,25,35,37,0,0,43,54,53,56,0,0,90,86,94,93,0,0,5,7,44,61,48,59,50,52,0,0,32,33,27,0,0,13,19,18,29,0,0,24,31,0,0,98,95,97,92,89,0,0,3,8,11,10,0,0,57,76,80,0,0,63,41,47,0,0,81,73,77,79,72,69,64,66,0,0,87,82,88,45,51,0,0,42,40,49,46,68,0,0,26,28,34,21,0,0,22,23,91,75,0,0,65,62,58,60,0,0,6,2,99,100,4,0,0,74,36,39,0,0,85,12,14,30,0,0,17,15,96,1,9,0,0,55,38,16,0,0,78,70,71,0
0;pliki//100 lokacji//C101.txt;250;20;insert;3;4543;31116.470064570312;3041.8972699703177;14660.070472174175;13414.50232242582;27506.673142240907;2419.9358406380047;12854.592464908563;12232.144836694337;24;300068.1383;0,67,83,84,0,0,20,25,35,37,0,0,43,54,53,56,0,0,90,86,94,93,0,0,5,7,44,61,48,59,50,52,0,0,32,33,27,0,0,13,19,18,29,0,0,24,31,0,0,98,95,97,92,89,0,0,3,8,11,10,0,0,57,76,80,0,0,63,41,47,0,0,81,73,77,79,72,69,64,66,0,0,87,82,88,45,51,0,0,42,40,49,46,68,0,0,26,28,34,21,0,0,22,23,91,75,0,0,65,62,58,60,0,0,6,2,99,100,4,0,0,74,36,39,0,0,85,12,14,30,0,0,17,15,96,1,9,0,0,55,38,16,0,0,78,70,71,0
0;pliki//100 lokacji//C101.txt;250;20;insert;3;4544;31116.470064570312;3041.8972699703177;14660.070472174175;13414.50232242582;27506.673142240907;2419.9358406380047;12854.592464908563;12232.144836694337;24;300022.8595;0,67,83,84,0,0,20,25,35,37,0,0,43,54,53,56,0,0,90,86,94,93,0,0,5,7,44,61,48,59,50,52,0,0,32,33,27,0,0,13,19,18,29,0,0,24,31,0,0,98,95,97,92,89,0,0,3,8,11,10,0,0,57,76,80,0,0,63,41,47,0,0,81,73,77,79,72,69,64,66,0,0,87,82,88,45,51,0,0,42,40,49,46,68,0,0,26,28,34,21,0,0,22,23,91,75,0,0,65,62,58,60,0,0,6,2,99,100,4,0,0,74,36,39,0,0,85,12,14,30,0,0,17,15,96,1,9,0,0,55,38,16,0,0,78,70,71,0
0;pliki//100 lokacji//C101.txt;250;30;swap;3;5542;31116.470064570312;3041.8972699703177;14660.070472174175;13414.50232242582;25602.00513811734;2303.397388790876;11158.206406696507;12140.401342629959;28;300084.7154;0,33,35,37,0,0,26,39,34,4,75,0,0,74,83,84,0,0,20,0,0,45,48,51,50,0,0,17,14,12,0,0,40,60,56,58,0,0,27,18,19,16,0,0,43,31,30,28,0,0,54,53,46,0,0,90,82,85,0,0,32,38,36,29,0,0,13,100,94,92,0,0,81,76,71,61,55,59,68,0,0,63,65,0,0,3,10,15,11,9,0,0,97,93,80,88,0,0,5,6,2,1,0,0,67,62,66,44,49,0,0,24,25,21,0,0,78,70,73,0,0,7,8,0,0,87,86,0,0,22,23,0,0,98,96,95,0,0,69,64,72,79,77,57,0,0,42,41,0,0,89,91,99,52,47,0
0;pliki//100 lokacji//C101.txt;250;30;swap;3;5543;31116.470064570312;3041.8972699703177;14660.070472174175;13414.50232242582;25632.47087735904;2269.676432170794;11372.072071849041;11990.722373339206;28;300093.7537;0,67,65,83,84,0,0,89,91,99,0,0,32,38,35,0,0,43,54,53,56,0,0,96,94,93,9,0,0,5,0,0,45,48,51,50,52,0,0,20,27,25,21,0,0,17,18,19,26,0,0,24,31,39,37,0,0,68,64,69,1,75,0,0,98,95,92,97,0,0,3,8,30,36,34,0,0,90,76,74,0,0,66,72,80,0,0,42,41,49,29,28,0,0,81,78,73,77,79,0,0,88,85,61,59,0,0,55,40,44,46,47,0,0,22,23,0,0,63,0,0,57,58,60,0,0,6,2,100,4,0,0,7,10,11,14,16,0,0,87,86,82,0,0,13,15,12,0,0,33,0,0,62,70,71,0
0;pliki//100 lokacji//C101.txt;250;30;swap;3;5544;31116.470064570312;3041.8972699703177;14660.070472174175;13414.50232242582;25632.47087735904;2269.676432170794;11372.072071849041;11990.722373339206;28;300149.3588;0,67,65,83,84,0,0,89,91,99,0,0,32,38,35,0,0,43,54,53,56,0,0,96,94,93,9,0,0,5,0,0,45,48,51,50,52,0,0,20,27,25,21,0,0,17,18,19,26,0,0,24,31,39,37,0,0,68,64,69,1,75,0,0,98,95,92,97,0,0,3,8,30,36,34,0,0,90,76,74,0,0,66,72,80,0,0,42,41,49,29,28,0,0,81,78,73,77,79,0,0,88,85,61,59,0,0,55,40,44,46,47,0,0,22,23,0,0,63,0,0,57,58,60,0,0,6,2,100,4,0,0,7,10,11,14,16,0,0,87,86,82,0,0,13,15,12,0,0,33,0,0,62,70,71,0
0;pliki//100 lokacji//C101.txt;250;30;invert;3;5542;31116.470064570312;3041.8972699703177;14660.070472174175;13414.50232242582;28781.83464120896;2692.114111615827;13440.62472861105;12649.095800982082;23;300056.8773;0,67,41,83,84,28,50,99,0,0,20,25,35,37,0,0,43,54,53,56,0,0,90,86,94,93,9,0,0,5,7,44,61,48,59,91,52,0,0,32,33,27,0,0,13,19,18,29,26,0,0,24,31,71,72,64,69,1,0,0,98,95,97,92,89,0,0,3,8,11,4,10,34,47,0,0,57,76,80,46,0,0,63,65,30,0,0,81,78,73,77,79,66,0,0,87,82,88,45,51,0,0,42,40,68,49,39,0,0,21,22,23,75,0,0,55,58,60,36,0,0,2,6,0,0,12,100,0,0,74,62,0,0,96,85,70,0,0,15,16,14,0,0,17,38,0
0;pliki//100 lokacji//C101.txt;250;30;invert;3;5543;31116.470064570312;3041.8972699703177;14660.070472174175;13414.50232242582;28922.1537961145;2766.7976442493937;13440.62472861105;12714.731423254058;23;300083.7077;0,67,41,83,84,28,50,99,0,0,20,25,35,37,0,0,43,54,53,56,0,0,90,86,94,93,9,0,0,5,7,44,61,48,59,91,52,0,0,32,33,27,0,0,13,19,18,29,26,0,0,24,31,71,72,64,69,1,0,0,98,95,97,92,89,0,0,3,8,11,4,10,34,47,0,0,57,76,80,46,0,0,63,65,30,0,0,81,78,73,77,79,66,0,0,87,82,88,45,51,0,0,42,40,68,49,39,0,0,21,22,23,75,0,0,62,58,60,0,0,6,2,100,0,0,74,36,12,0,0,55,0,0,96,85,70,0,0,15,16,14,0,0,17,38,0
0;pliki//100 lokacji//C101.txt;250;30;invert;3;5544;31116.470064570312;3041.8972699703177;14660.070472174175;13414.50232242582;28922.1537961145;2766.7976442493937;13440.62472861105;12714.731423254058;23;300063.3085;0,67,41,83,84,28,50,99,0,0,20,25,35,37,0,0,43,54,53,56,0,0,90,86,94,93,9,0,0,5,7,44,61,48,59,91,52,0,0,32,33,27,0,0,13,19,18,29,26,0,0,24,31,71,72,64,69,1,0,0,98,95,97,92,89,0,0,3,8,11,4,10,34,47,0,0,57,76,80,46,0,0,63,65,30,0,0,81,78,73,77,79,66,0,0,87,82,88,45,51,0,0,42,40,68,49,39,0,0,21,22,23,75,0,0,62,58,60,0,0,6,2,100,0,0,74,36,12,0,0,55,0,0,96,85,70,0,0,15,16,14,0,0,17,38,0
0;pliki//100 lokacji//C101.txt;250;30;insert;3;5542;31116.470064570312;3041.8972699703177;14660.070472174175;13414.50232242582;27389.356233709375;2562.4823331916937;12226.920967164868;12599.952933352812;23;300072.9441;0,67,84,0,0,20,25,35,37,0,0,43,54,53,56,0,0,90,86,94,93,0,0,5,7,44,61,59,50,0,0,32,33,27,0,0,13,18,29,26,0,0,24,31,52,64,72,69,0,0,98,95,97,92,89,0,0,3,8,11,9,10,34,0,0,57,76,46,47,0,0,63,41,0,0,81,73,77,79,66,28,0,0,87,82,83,45,51,48,0,0,42,40,49,30,39,68,0,0,22,21,23,75,0,0,65,62,58,60,0,0,6,1,2,100,4,0,0,74,36,12,0,0,85,88,80,91,99,0,0,17,15,19,14,96,0,0,55,38,16,0,0,78,70,71,0
0;pliki//100 lokacji//C101.txt;250;30;insert;3;5543;31116.470064570312;3041.8972699703177;14660.070472174175;13414.50232242582;27389.356233709375;2562.4823331916937;12226.920967164868;12599.952933352812;23;300205.0097;0,67,84,0,0,20,25,35,37,0,0,43,54,53,56,0,0,90,86,94,93,0,0,5,7,44,61,59,50,0,0,32,33,27,0,0,13,18,29,26,0,0,24,31,52,64,72,69,0,0,98,95,97,92,89,0,0,3,8,11,9,10,34,0,0,57,76,46,47,0,0,63,41,0,0,81,73,77,79,66,28,0,0,87,82,83,45,51,48,0,0,42,40,49,30,39,68,0,0,22,21,23,75,0,0,65,62,58,60,0,0,6,1,2,100,4,0,0,74,36,12,0,0,85,88,80,91,99,0,0,17,15,19,14,96,0,0,55,38,16,0,0,78,70,71,0
0;pliki//100 lokacji//C101.txt;250;30;insert;3;5544;31116.470064570312;3041.8972699703177;14660.070472174175;13414.50232242582;27389.356233709375;2562.4823331916937;12226.920967164868;12599.952933352812;23;300056.8585;0,67,84,0,0,20,25,35,37,0,0,43,54,53,56,0,0,90,86,94,93,0,0,5,7,44,61,59,50,0,0,32,33,27,0,0,13,18,29,26,0,0,24,31,52,64,72,69,0,0,98,95,97,92,89,0,0,3,8,11,9,10,34,0,0,57,76,46,47,0,0,63,41,0,0,81,73,77,79,66,28,0,0,87,82,83,45,51,48,0,0,42,40,49,30,39,68,0,0,22,21,23,75,0,0,65,62,58,60,0,0,6,1,2,100,4,0,0,74,36,12,0,0,85,88,80,91,99,0,0,17,15,19,14,96,0,0,55,38,16,0,0,78,70,71,0
0;pliki//100 lokacji//C101.txt;250;40;swap;3;6542;31116.470064570312;3041.8972699703177;14660.070472174175;13414.50232242582;25467.88921364273;2102.076755366955;11401.662544049095;11964.149914226682;26;300020.4515;0,67,62,83,84,0,0,11,9,6,4,0,0,24,35,38,37,36,0,0,43,54,53,56,0,0,90,86,92,93,0,0,5,3,0,0,70,61,48,51,50,52,0,0,31,25,0,0,17,18,19,30,26,0,0,65,74,66,0,0,68,64,69,1,75,0,0,98,95,94,97,100,0,0,7,8,0,0,57,76,71,80,72,0,0,63,0,0,81,78,73,77,79,0,0,87,82,85,0,0,41,49,29,39,34,0,0,21,22,28,23,0,0,55,40,60,58,59,0,0,88,89,91,99,0,0,32,33,27,0,0,96,2,0,0,13,15,10,0,0,20,16,14,12,0,0,42,45,44,46,47,0
0;pliki//100 lokacji//C101.txt;250;40;swap;3;6543;31116.470064570312;3041.8972699703177;14660.070472174175;13414.50232242582;25467.88921364273;2102.076755366955;11401.662544049095;11964.149914226682;26;300064.884;0,67,62,83,84,0,0,11,9,6,4,0,0,24,35,38,37,36,0,0,43,54,53,56,0,0,90,86,92,93,0,0,5,3,0,0,70,61,48,51,50,52,0,0,31,25,0,0,17,18,19,30,26,0,0,65,74,66,0,0,68,64,69,1,75,0,0,98,95,94,97,100,0,0,7,8,0,0,57,76,71,80,72,0,0,63,0,0,81,78,73,77,79,0,0,87,82,85,0,0,41,49,29,39,34,0,0,21,22,28,23,0,0,55,40,60,58,59,0,0,88,89,91,99,0,0,32,33,27,0,0,96,2,0,0,13,15,10,0,0,20,16,14,12,0,0,42,45,44,46,47,0
0;pliki//100 lokacji//C101.txt;250;40;swap;3;6544;31116.470064570312;3041.8972699703177;14660.070472174175;13414.50232242582;25162.07257661617;2328.2079650283417;10611.979124127647;12221.885487460182;31;300092.7208;0,98,95,83,84,0,0,43,0,0,63,0,0,37,39,34,0,0,78,76,71,61,36,51,0,0,24,25,27,29,0,0,32,38,35,0,0,90,82,85,0,0,66,72,77,0,0,13,26,21,0,0,55,53,56,0,0,5,10,15,12,9,0,0,65,74,0,0,22,23,0,0,89,91,0,0,6,2,1,4,0,0,30,28,64,69,0,0,42,41,0,0,57,54,68,0,0,47,46,45,48,50,52,0,0,67,62,0,0,33,31,44,49,0,0,81,70,73,79,0,0,20,0,0,3,7,100,97,0,0,96,94,92,93,0,0,40,60,58,59,0,0,8,11,14,16,0,0,17,18,19,0,0,80,88,99,75,0,0,87,86,0
0;pliki//100 lokacji//C101.txt;250;40;invert;3;6542;31116.470064570312;3041.8972699703177;14660.070472174175;13414.50232242582;28922.1537961145;2766.7976442493937;13440.62472861105;12714.731423254058;23;300085.7238;0,67,41,83,84,28,50,99,0,0,20,25,35,37,0,0,43,54,53,56,0,0,90,86,94,93,9,0,0,5,7,44,61,48,59,91,52,0,0,32,33,27,0,0,13,19,18,29,26,0,0,24,31,71,72,64,69,1,0,0,98,95,97,92,89,0,0,3,8,11,4,10,34,47,0,0,57,76,80,46,0,0,63,65,30,0,0,81,78,73,77,79,66,0,0,87,82,88,45,51,0,0,42,40,68,49,39,0,0,21,22,23,75,0,0,62,58,60,0,0,6,2,100,0,0,74,36,12,0,0,55,0,0,96,85,70,0,0,15,16,14,0,0,17,38,0
0;pliki//100 lokacji//C101.txt;250;40;invert;3;6543;31116.470064570312;3041.8972699703177;14660.070472174175;13414.50232242582;28922.1537961145;2766.7976442493937;13440.62472861105;12714.731423254058;23;300012.7916;0,67,41,83,84,28,50,99,0,0,20,25,35,37,0,0,43,54,53,56,0,0,90,86,94,93,9,0,0,5,7,44,61,48,59,91,52,0,0,32,33,27,0,0,13,19,18,29,26,0,0,24,31,71,72,64,69,1,0,0,98,95,97,92,89,0,0,3,8,11,4,10,34,47,0,0,57,76,80,46,0,0,63,65,30,0,0,81,78,73,77,79,66,0,0,87,82,88,45,51,0,0,42,40,68,49,39,0,0,21,22,23,75,0,0,62,58,60,0,0,6,2,100,0,0,74,36,12,0,0,55,0,0,96,85,70,0,0,15,16,14,0,0,17,38,0
0;pliki//100 lokacji//C101.txt;250;40;invert;3;6544;31116.470064570312;3041.8972699703177;14660.070472174175;13414.50232242582;28900.791307897427;2735.399614976755;13496.931523048343;12668.460169872329;23;300043.5545;0,67,41,83,84,28,50,99,0,0,20,25,35,37,0,0,43,54,53,56,0,0,90,86,94,93,9,0,0,5,7,44,61,48,59,91,52,0,0,32,33,27,0,0,13,19,18,29,26,0,0,24,31,71,72,64,69,1,0,0,98,95,97,92,89,0,0,3,8,11,4,10,34,47,0,0,57,76,80,46,0,0,63,65,30,0,0,81,78,73,77,79,66,0,0,87,82,88,45,51,0,0,42,40,68,49,39,0,0,21,22,23,75,0,0,62,58,60,0,0,6,2,0,0,55,74,0,0,36,12,100,0,0,96,85,70,0,0,15,16,14,0,0,17,38,0
0;pliki//100 lokacji//C101.txt;250;40;insert;3;6542;31116.470064570312;3041.8972699703177;14660.070472174175;13414.50232242582;26994.878978257573;2478.4268438332583;12130.571170515988;12385.880963908327;24;300034.3729;0,67,0,0,20,25,35,37,0,0,43,54,53,56,0,0,90,86,94,93,0,0,5,7,44,61,59,50,52,0,0,32,33,27,0,0,13,19,18,29,0,0,24,31,0,0,98,95,97,92,0,0,3,8,11,1,26,34,0,0,57,76,84,89,0,0,63,41,0,0,81,73,77,79,72,69,64,66,0,0,87,82,83,45,51,48,0,0,42,40,49,30,39,68,0,0,47,46,28,21,0,0,22,23,4,75,0,0,65,62,58,60,0,0,6,9,2,100,99,0,0,74,36,12,0,0,85,88,80,91,0,0,10,17,15,14,96,0,0,55,38,16,0,0,78,70,71,0
0;pliki//100 lokacji//C101.txt;250;40;insert;3;6543;31116.470064570312;3041.8972699703177;14660.070472174175;13414.50232242582;26994.878978257573;2478.4268438332583;12130.571170515988;12385.880963908327;24;300126.566;0,67,0,0,20,25,35,37,0,0,43,54,53,56,0,0,90,86,94,93,0,0,5,7,44,61,59,50,52,0,0,32,33,27,0,0,13,19,18,29,0,0,24,31,0,0,98,95,97,92,0,0,3,8,11,1,26,34,0,0,57,76,84,89,0,0,63,41,0,0,81,73,77,79,72,69,64,66,0,0,87,82,83,45,51,48,0,0,42,40,49,30,39,68,0,0,47,46,28,21,0,0,22,23,4,75,0,0,65,62,58,60,0,0,6,9,2,100,99,0,0,74,36,12,0,0,85,88,80,91,0,0,10,17,15,14,96,0,0,55,38,16,0,0,78,70,71,0
0;pliki//100 lokacji//C101.txt;250;40;insert;3;6544;31116.470064570312;3041.8972699703177;14660.070472174175;13414.50232242582;26994.878978257573;2478.4268438332583;12130.571170515988;12385.880963908327;24;300019.4267;0,67,0,0,20,25,35,37,0,0,43,54,53,56,0,0,90,86,94,93,0,0,5,7,44,61,59,50,52,0,0,32,33,27,0,0,13,19,18,29,0,0,24,31,0,0,98,95,97,92,0,0,3,8,11,1,26,34,0,0,57,76,84,89,0,0,63,41,0,0,81,73,77,79,72,69,64,66,0,0,87,82,83,45,51,48,0,0,42,40,49,30,39,68,0,0,47,46,28,21,0,0,22,23,4,75,0,0,65,62,58,60,0,0,6,9,2,100,99,0,0,74,36,12,0,0,85,88,80,91,0,0,10,17,15,14,96,0,0,55,38,16,0,0,78,70,71,0
0;pliki//100 lokacji//C101.txt;250;50;swap;3;7542;31116.470064570312;3041.8972699703177;14660.070472174175;13414.50232242582;25214.404797254385;2227.9832929479794;11033.48720035073;11952.934303955675;29;300174.3906;0,78,76,71,0,0,68,60,58,59,64,0,0,98,95,94,92,0,0,57,25,0,0,42,41,0,0,65,62,74,0,0,66,72,61,69,89,91,75,0,0,17,18,19,0,0,67,0,0,43,40,0,0,63,0,0,31,45,44,46,49,0,0,38,30,28,0,0,24,22,0,0,7,8,4,2,1,0,0,90,82,83,84,0,0,81,70,73,79,0,0,20,0,0,87,86,0,0,96,99,85,88,0,0,13,15,6,0,0,11,9,0,0,5,10,53,56,80,77,0,0,3,12,14,16,0,0,21,52,47,0,0,97,93,100,23,0,0,55,54,29,26,48,51,50,0,0,27,36,37,39,34,0,0,32,33,35,0
0;pliki//100 lokacji//C101.txt;250;50;swap;3;7543;31116.470064570312;3041.8972699703177;14660.070472174175;13414.50232242582;25229.400047603034;2070.5388301411185;11455.052295914258;11703.80892154766;29;300236.5433;0,32,33,35,0,0,43,49,36,26,21,0,0,63,0,0,78,76,70,73,0,0,85,88,89,91,0,0,55,54,57,0,0,5,0,0,96,93,97,99,9,0,0,3,0,0,44,46,45,59,47,0,0,20,0,0,87,86,71,77,79,80,0,0,67,0,0,10,11,12,14,28,23,0,0,16,15,30,0,0,17,18,19,0,0,42,41,56,58,0,0,7,6,8,0,0,13,0,0,40,53,60,51,48,64,68,0,0,31,38,37,0,0,27,29,39,34,52,50,0,0,81,82,83,84,0,0,74,72,61,69,0,0,1,2,100,4,75,0,0,24,25,22,0,0,98,95,94,92,0,0,90,0,0,65,62,66,0
0;pliki//100 lokacji//C101.txt;250;50;swap;3;7544;31116.470064570312;3041.8972699703177;14660.070472174175;13414.50232242582;25467.88921364273;2102.076755366955;11401.662544049095;11964.149914226682;26;300150.6197;0,67,62,83,84,0,0,11,9,6,4,0,0,24,35,38,37,36,0,0,43,54,53,56,0,0,90,86,92,93,0,0,5,3,0,0,70,61,48,51,50,52,0,0,31,25,0,0,17,18,19,30,26,0,0,65,74,66,0,0,68,64,69,1,75,0,0,98,95,94,97,100,0,0,7,8,0,0,57,76,71,80,72,0,0,63,0,0,81,78,73,77,79,0,0,87,82,85,0,0,41,49,29,39,34,0,0,21,22,28,23,0,0,55,40,60,58,59,0,0,88,89,91,99,0,0,32,33,27,0,0,96,2,0,0,13,15,10,0,0,20,16,14,12,0,0,42,45,44,46,47,0
0;pliki//100 lokacji//C101.txt;250;50;invert;3;7542;31116.470064570312;3041.8972699703177;14660.070472174175;13414.50232242582;28900.791307897427;2735.399614976755;13496.931523048343;12668.460169872329;23;300093.2966;0,67,41,83,84,28,50,99,0,0,20,25,35,37,0,0,43,54,53,56,0,0,90,86,94,93,9,0,0,5,7,44,61,48,59,91,52,0,0,32,33,27,0,0,13,19,18,29,26,0,0,24,31,71,72,64,69,1,0,0,98,95,97,92,89,0,0,3,8,11,4,10,34,47,0,0,57,76,80,46,0,0,63,65,30,0,0,81,78,73,77,79,66,0,0,87,82,88,45,51,0,0,42,40,68,49,39,0,0,21,22,23,75,0,0,62,58,60,0,0,6,2,0,0,55,74,0,0,36,12,100,0,0,96,85,70,0,0,15,16,14,0,0,17,38,0
0;pliki//100 lokacji//C101.txt;250;50;invert;3;7543;31116.470064570312;3041.8972699703177;14660.070472174175;13414.50232242582;28801.35620641795;2731.82052708236;13388.931523048343;12680.604156287247;23;300025.889;0,67,41,83,84,28,50,99,0,0,20,25,35,37,0,0,43,54,53,56,0,0,90,86,94,93,9,0,0,5,7,44,61,48,59,91,52,0,0,32,33,27,0,0,13,19,18,29,26,0,0,24,31,71,72,64,69,1,0,0,98,95,97,92,89,0,0,3,8,11,4,10,34,47,0,0,57,76,80,46,0,0,63,65,30,0,0,81,78,73,77,79,66,0,0,87,82,88,45,51,0,0,42,40,68,49,39,0,0,21,22,23,75,0,0,2,6,0,0,60,58,0,0,55,62,74,0,0,36,12,100,0,0,96,85,70,0,0,15,16,14,0,0,17,38,0
0;pliki//100 lokacji//C101.txt;250;50;invert;3;7544;31116.470064570312;3041.8972699703177;14660.070472174175;13414.50232242582;28900.791307897427;2735.399614976755;13496.931523048343;12668.460169872329;23;300107.0704;0,67,41,83,84,28,50,99,0,0,20,25,35,37,0,0,43,54,53,56,0,0,90,86,94,93,9,0,0,5,7,44,61,48,59,91,52,0,0,32,33,27,0,0,13,19,18,29,26,0,0,24,31,71,72,64,69,1,0,0,98,95,97,92,89,0,0,3,8,11,4,10,34,47,0,0,57,76,80,46,0,0,63,65,30,0,0,81,78,73,77,79,66,0,0,87,82,88,45,51,0,0,42,40,68,49,39,0,0,21,22,23,75,0,0,62,58,60,0,0,6,2,0,0,55,74,0,0,36,12,100,0,0,96,85,70,0,0,15,16,14,0,0,17,38,0
0;pliki//100 lokacji//C101.txt;250;50;insert;3;7542;31116.470064570312;3041.8972699703177;14660.070472174175;13414.50232242582;27062.997357883723;2489.9768144697914;11992.827469532544;12580.193073881386;24;300027.8439;0,67,84,0,0,20,25,35,37,0,0,43,54,53,56,0,0,90,86,94,93,0,0,5,7,44,61,59,50,52,0,0,32,33,27,0,0,13,18,19,26,0,0,24,31,0,0,98,95,97,92,89,0,0,3,8,11,0,0,57,76,46,47,0,0,63,41,0,0,81,73,77,79,72,69,64,66,0,0,87,82,83,45,51,48,0,0,42,40,49,29,39,68,0,0,30,28,34,21,0,0,22,23,4,1,75,0,0,65,62,58,60,0,0,6,9,2,100,99,0,0,74,36,12,0,0,85,88,80,91,0,0,10,17,15,14,96,0,0,55,38,16,0,0,78,70,71,0
0;pliki//100 lokacji//C101.txt;250;50;insert;3;7543;31116.470064570312;3041.8972699703177;14660.070472174175;13414.50232242582;27062.997357883723;2489.9768144697914;11992.827469532544;12580.193073881386;24;300111.3237;0,67,84,0,0,20,25,35,37,0,0,43,54,53,56,0,0,90,86,94,93,0,0,5,7,44,61,59,50,52,0,0,32,33,27,0,0,13,18,19,26,0,0,24,31,0,0,98,95,97,92,89,0,0,3,8,11,0,0,57,76,46,47,0,0,63,41,0,0,81,73,77,79,72,69,64,66,0,0,87,82,83,45,51,48,0,0,42,40,49,29,39,68,0,0,30,28,34,21,0,0,22,23,4,1,75,0,0,65,62,58,60,0,0,6,9,2,100,99,0,0,74,36,12,0,0,85,88,80,91,0,0,10,17,15,14,96,0,0,55,38,16,0,0,78,70,71,0
0;pliki//100 lokacji//C101.txt;250;50;insert;3;7544;31116.470064570312;3041.8972699703177;14660.070472174175;13414.50232242582;27062.997357883723;2489.9768144697914;11992.827469532544;12580.193073881386;24;300083.1746;0,67,84,0,0,20,25,35,37,0,0,43,54,53,56,0,0,90,86,94,93,0,0,5,7,44,61,59,50,52,0,0,32,33,27,0,0,13,18,19,26,0,0,24,31,0,0,98,95,97,92,89,0,0,3,8,11,0,0,57,76,46,47,0,0,63,41,0,0,81,73,77,79,72,69,64,66,0,0,87,82,83,45,51,48,0,0,42,40,49,29,39,68,0,0,30,28,34,21,0,0,22,23,4,1,75,0,0,65,62,58,60,0,0,6,9,2,100,99,0,0,74,36,12,0,0,85,88,80,91,0,0,10,17,15,14,96,0,0,55,38,16,0,0,78,70,71,0
0;pliki//100 lokacji//C101.txt;300;10;swap;3;4042;31116.470064570312;3041.8972699703177;14660.070472174175;13414.50232242582;25581.106015844085;2046.5397378388511;11828.716897086804;11705.84938091843;26;300017.7022;0,24,25,22,0,0,15,18,21,0,0,5,3,1,2,6,9,0,0,38,37,45,48,64,0,0,31,35,29,28,23,0,0,67,0,0,100,88,89,91,75,0,0,98,95,94,77,79,80,0,0,7,8,11,0,0,74,72,61,68,0,0,56,60,57,59,0,0,81,70,73,0,0,49,51,50,47,52,0,0,86,82,83,85,0,0,32,33,0,0,55,40,44,46,0,0,20,27,26,19,16,0,0,10,30,39,36,34,4,99,0,0,96,97,93,92,0,0,43,54,53,58,0,0,13,17,14,12,0,0,42,41,0,0,78,76,71,84,0,0,65,62,66,69,0,0,90,87,0,0,63,0
0;pliki//100 lokacji//C101.txt;300;10;swap;3;4043;31116.470064570312;3041.8972699703177;14660.070472174175;13414.50232242582;25728.349500973403;2013.5098695415952;12039.175808574486;11675.663822857325;26;300031.2398;0,32,27,22,21,0,0,98,85,83,84,0,0,26,28,23,0,0,43,40,45,44,64,72,89,91,99,0,0,90,77,73,80,61,66,0,0,63,0,0,65,62,74,0,0,42,41,0,0,67,54,53,68,69,0,0,7,10,0,0,55,60,56,58,0,0,81,78,71,0,0,5,3,8,6,0,0,13,15,12,0,0,17,16,14,11,0,0,82,76,70,79,0,0,94,92,93,0,0,24,38,39,29,0,0,47,46,51,59,57,0,0,20,34,35,37,36,0,0,33,31,0,0,96,95,97,100,9,0,0,19,18,30,49,48,50,52,0,0,1,2,4,75,0,0,87,86,88,0,0,25,0
0;pliki//100 lokacji//C101.txt;300;10;swap;3;4044;31116.470064570312;3041.8972699703177;14660.070472174175;13414.50232242582;25947.34603758918;2017.8220110878592;12070.640691746841;11858.883334754482;24;300022.2831;0,67,65,83,84,0,0,24,25,22,0,0,40,54,53,56,0,0,98,96,94,93,97,0,0,5,7,44,45,68,59,50,52,0,0,32,33,27,0,0,17,18,19,30,26,0,0,43,62,74,0,0,66,72,64,69,1,75,0,0,90,95,92,9,0,0,3,8,11,10,28,23,0,0,70,76,71,0,0,63,0,0,81,78,73,77,79,80,0,0,87,86,82,61,48,51,0,0,42,41,57,0,0,36,37,39,34,0,0,55,58,60,0,0,6,2,100,4,0,0,31,35,38,29,0,0,85,88,89,91,99,0,0,13,15,21,0,0,20,16,14,12,0,0,47,46,49,0
0;pliki//100 lokacji//C101.txt;300;10;invert;3;4042;31116.470064570312;3041.8972699703177;14660.070472174175;13414.50232242582;29236.063155901596;2658.332009893883;13879.842267191447;12697.888878816266;23;300130.4904;0,67,84,83,41,28,50,99,0,0,20,25,35,37,0,0,43,54,53,56,0,0,90,86,94,93,9,0,0,5,7,44,61,48,59,91,52,0,0,32,33,27,0,0,13,19,18,29,26,0,0,24,31,71,72,64,69,1,0,0,98,95,97,92,89,0,0,3,4,10,11,8,47,34,0,0,57,76,80,46,0,0,65,63,30,0,0,81,78,73,77,79,66,0,0,87,88,82,45,51,0,0,42,40,49,39,23,0,0,6,75,0,0,62,74,68,0,0,21,22,0,0,12,100,2,0,0,55,58,60,36,0,0,96,85,70,0,0,15,16,14,0,0,17,38,0
0;pliki//100 lokacji//C101.txt;300;10;invert;3;4043;31116.470064570312;3041.8972699703177;14660.070472174175;13414.50232242582;28314.91925567849;1757.450387489196;15043.444197612593;11514.024670576702;23;300033.6747;0,57,47,52,20,0,0,93,97,100,99,0,0,76,71,70,79,0,0,15,16,9,0,0,24,39,38,37,0,0,23,26,28,30,36,34,0,0,54,53,56,40,0,0,62,72,74,0,0,90,85,88,89,0,0,43,25,21,0,0,91,1,75,0,0,41,42,44,68,64,61,69,0,0,32,29,27,22,0,0,17,18,19,12,0,0,46,45,48,51,50,49,0,0,98,95,94,92,96,0,0,11,8,6,4,2,0,0,55,58,60,59,0,0,33,35,31,0,0,5,3,7,14,13,10,0,0,87,86,83,82,84,0,0,67,65,63,0,0,81,78,73,77,80,66,0
0;pliki//100 lokacji//C101.txt;300;10;invert;3;4044;31116.470064570312;3041.8972699703177;14660.070472174175;13414.50232242582;29236.063155901596;2658.332009893883;13879.842267191447;12697.888878816266;23;300156.9309;0,67,84,83,41,28,50,99,0,0,20,25,35,37,0,0,43,54,53,56,0,0,90,86,94,93,9,0,0,5,7,44,61,48,59,91,52,0,0,32,33,27,0,0,13,19,18,29,26,0,0,24,31,71,72,64,69,1,0,0,98,95,97,92,89,0,0,3,4,10,11,8,47,34,0,0,57,76,80,46,0,0,65,63,30,0,0,81,78,73,77,79,66,0,0,87,88,82,45,51,0,0,42,40,49,39,23,0,0,6,75,0,0,62,74,68,0,0,21,22,0,0,12,100,2,0,0,55,58,60,36,0,0,96,85,70,0,0,15,16,14,0,0,17,38,0
0;pliki//100 lokacji//C101.txt;300;10;insert;3;4042;31116.470064570312;3041.8972699703177;14660.070472174175;13414.50232242582;26992.486418677883;2342.230930366539;12443.68362917178;12206.571859139565;24;300128.8746;0,20,37,35,0,0,43,54,53,56,0,0,90,86,94,93,0,0,5,7,44,61,48,50,0,0,32,33,27,0,0,13,18,26,0,0,24,31,52,59,72,64,69,0,0,98,95,92,97,0,0,3,8,0,0,41,57,46,0,0,67,65,63,0,0,81,78,73,77,79,66,0,0,87,82,83,88,0,0,42,40,47,49,39,23,0,0,25,30,29,21,0,0,28,22,91,99,75,0,0,62,58,60,51,0,0,6,1,2,100,4,0,0,10,11,12,36,34,0,0,45,89,85,80,68,0,0,17,15,19,14,9,0,0,55,38,16,0,0,70,76,71,0,0,96,84,74,0
0;pliki//100 lokacji//C101.txt;300;10;insert;3;4043;31116.470064570312;3041.8972699703177;14660.070472174175;13414.50232242582;26992.486418677883;2342.230930366539;12443.68362917178;12206.571859139565;24;300034.6746;0,20,37,35,0,0,43,54,53,56,0,0,90,86,94,93,0,0,5,7,44,61,48,50,0,0,32,33,27,0,0,13,18,26,0,0,24,31,52,59,72,64,69,0,0,98,95,92,97,0,0,3,8,0,0,41,57,46,0,0,67,65,63,0,0,81,78,73,77,79,66,0,0,87,82,83,88,0,0,42,40,47,49,39,23,0,0,25,30,29,21,0,0,28,22,91,99,75,0,0,62,58,60,51,0,0,6,1,2,100,4,0,0,10,11,12,36,34,0,0,45,89,85,80,68,0,0,17,15,19,14,9,0,0,55,38,16,0,0,70,76,71,0,0,96,84,74,0
0;pliki//100 lokacji//C101.txt;300;10;insert;3;4044;31116.470064570312;3041.8972699703177;14660.070472174175;13414.50232242582;26992.486418677883;2342.230930366539;12443.68362917178;12206.571859139565;24;300008.8453;0,20,37,35,0,0,43,54,53,56,0,0,90,86,94,93,0,0,5,7,44,61,48,50,0,0,32,33,27,0,0,13,18,26,0,0,24,31,52,59,72,64,69,0,0,98,95,92,97,0,0,3,8,0,0,41,57,46,0,0,67,65,63,0,0,81,78,73,77,79,66,0,0,87,82,83,88,0,0,42,40,47,49,39,23,0,0,25,30,29,21,0,0,28,22,91,99,75,0,0,62,58,60,51,0,0,6,1,2,100,4,0,0,10,11,12,36,34,0,0,45,89,85,80,68,0,0,17,15,19,14,9,0,0,55,38,16,0,0,70,76,71,0,0,96,84,74,0
0;pliki//100 lokacji//C101.txt;300;20;swap;3;5042;31116.470064570312;3041.8972699703177;14660.070472174175;13414.50232242582;25710.645426541145;2175.91231928396;11579.391761806326;11955.341345450857;26;300265.7373;0,67,65,83,84,0,0,89,91,99,0,0,20,33,35,37,0,0,43,54,53,56,0,0,96,94,92,93,0,0,5,3,0,0,61,68,59,50,52,0,0,24,25,27,21,0,0,17,18,19,14,9,0,0,32,31,44,45,0,0,66,72,64,69,1,75,0,0,98,95,97,0,0,7,8,10,11,0,0,78,76,71,80,0,0,22,23,30,28,34,0,0,81,70,73,77,79,0,0,87,86,82,0,0,42,40,49,29,26,48,51,0,0,63,0,0,57,58,60,0,0,6,2,100,4,0,0,74,36,39,0,0,90,85,88,0,0,13,15,12,0,0,41,38,16,0,0,55,62,46,47,0
0;pliki//100 lokacji//C101.txt;300;20;swap;3;5043;31116.470064570312;3041.8972699703177;14660.070472174175;13414.50232242582;25710.645426541145;2175.91231928396;11579.391761806326;11955.341345450857;26;300062.8637;0,67,65,83,84,0,0,89,91,99,0,0,20,33,35,37,0,0,43,54,53,56,0,0,96,94,92,93,0,0,5,3,0,0,61,68,59,50,52,0,0,24,25,27,21,0,0,17,18,19,14,9,0,0,32,31,44,45,0,0,66,72,64,69,1,75,0,0,98,95,97,0,0,7,8,10,11,0,0,78,76,71,80,0,0,22,23,30,28,34,0,0,81,70,73,77,79,0,0,87,86,82,0,0,42,40,49,29,26,48,51,0,0,63,0,0,57,58,60,0,0,6,2,100,4,0,0,74,36,39,0,0,90,85,88,0,0,13,15,12,0,0,41,38,16,0,0,55,62,46,47,0
0;pliki//100 lokacji//C101.txt;300;20;swap;3;5044;31116.470064570312;3041.8972699703177;14660.070472174175;13414.50232242582;25439.330762156816;1954.622483356082;11875.023831954877;11609.684446845857;26;300098.6189;0,90,82,83,84,0,0,20,27,26,23,0,0,19,16,14,11,9,0,0,33,31,0,0,87,86,85,0,0,1,2,4,75,0,0,78,76,71,77,79,80,0,0,81,70,73,0,0,35,38,37,0,0,98,95,97,100,99,0,0,13,17,18,0,0,67,10,8,6,0,0,57,40,0,0,32,39,36,34,0,0,43,41,30,29,51,48,50,52,0,0,63,0,0,69,53,60,58,59,0,0,55,54,56,61,0,0,42,45,44,66,72,88,0,0,47,46,49,68,64,0,0,65,62,74,0,0,7,12,15,0,0,96,94,92,93,0,0,5,3,0,0,21,22,28,89,91,0,0,24,25,0
0;pliki//100 lokacji//C101.txt;300;20;invert;3;5042;31116.470064570312;3041.8972699703177;14660.070472174175;13414.50232242582;28922.1537961145;2766.7976442493937;13440.62472861105;12714.731423254058;23;300489.9099;0,67,41,83,84,28,50,99,0,0,20,25,35,37,0,0,43,54,53,56,0,0,90,86,94,93,9,0,0,5,7,44,61,48,59,91,52,0,0,32,33,27,0,0,13,19,18,29,26,0,0,24,31,71,72,64,69,1,0,0,98,95,97,92,89,0,0,3,8,11,4,10,34,47,0,0,57,76,80,46,0,0,63,65,30,0,0,81,78,73,77,79,66,0,0,87,82,88,45,51,0,0,42,40,68,49,39,0,0,21,22,23,75,0,0,62,58,60,0,0,6,2,100,0,0,74,36,12,0,0,55,0,0,96,85,70,0,0,15,16,14,0,0,17,38,0
0;pliki//100 lokacji//C101.txt;300;20;invert;3;5043;31116.470064570312;3041.8972699703177;14660.070472174175;13414.50232242582;28922.1537961145;2766.7976442493937;13440.62472861105;12714.731423254058;23;300088.8628;0,67,41,83,84,28,50,99,0,0,20,25,35,37,0,0,43,54,53,56,0,0,90,86,94,93,9,0,0,5,7,44,61,48,59,91,52,0,0,32,33,27,0,0,13,19,18,29,26,0,0,24,31,71,72,64,69,1,0,0,98,95,97,92,89,0,0,3,8,11,4,10,34,47,0,0,57,76,80,46,0,0,63,65,30,0,0,81,78,73,77,79,66,0,0,87,82,88,45,51,0,0,42,40,68,49,39,0,0,21,22,23,75,0,0,62,58,60,0,0,6,2,100,0,0,74,36,12,0,0,55,0,0,96,85,70,0,0,15,16,14,0,0,17,38,0
0;pliki//100 lokacji//C101.txt;300;20;invert;3;5044;31116.470064570312;3041.8972699703177;14660.070472174175;13414.50232242582;28922.1537961145;2766.7976442493937;13440.62472861105;12714.731423254058;23;300051.4517;0,67,41,83,84,28,50,99,0,0,20,25,35,37,0,0,43,54,53,56,0,0,90,86,94,93,9,0,0,5,7,44,61,48,59,91,52,0,0,32,33,27,0,0,13,19,18,29,26,0,0,24,31,71,72,64,69,1,0,0,98,95,97,92,89,0,0,3,8,11,4,10,34,47,0,0,57,76,80,46,0,0,63,65,30,0,0,81,78,73,77,79,66,0,0,87,82,88,45,51,0,0,42,40,68,49,39,0,0,21,22,23,75,0,0,62,58,60,0,0,6,2,100,0,0,74,36,12,0,0,55,0,0,96,85,70,0,0,15,16,14,0,0,17,38,0
0;pliki//100 lokacji//C101.txt;300;20;insert;3;5042;31116.470064570312;3041.8972699703177;14660.070472174175;13414.50232242582;27506.673142240907;2419.9358406380047;12854.592464908563;12232.144836694337;24;300108.4389;0,67,83,84,0,0,20,25,35,37,0,0,43,54,53,56,0,0,90,86,94,93,0,0,5,7,44,61,48,59,50,52,0,0,32,33,27,0,0,13,19,18,29,0,0,24,31,0,0,98,95,97,92,89,0,0,3,8,11,10,0,0,57,76,80,0,0,63,41,47,0,0,81,73,77,79,72,69,64,66,0,0,87,82,88,45,51,0,0,42,40,49,46,68,0,0,26,28,34,21,0,0,22,23,91,75,0,0,65,62,58,60,0,0,6,2,99,100,4,0,0,74,36,39,0,0,85,12,14,30,0,0,17,15,96,1,9,0,0,55,38,16,0,0,78,70,71,0
0;pliki//100 lokacji//C101.txt;300;20;insert;3;5043;31116.470064570312;3041.8972699703177;14660.070472174175;13414.50232242582;27506.673142240907;2419.9358406380047;12854.592464908563;12232.144836694337;24;300028.0805;0,67,83,84,0,0,20,25,35,37,0,0,43,54,53,56,0,0,90,86,94,93,0,0,5,7,44,61,48,59,50,52,0,0,32,33,27,0,0,13,19,18,29,0,0,24,31,0,0,98,95,97,92,89,0,0,3,8,11,10,0,0,57,76,80,0,0,63,41,47,0,0,81,73,77,79,72,69,64,66,0,0,87,82,88,45,51,0,0,42,40,49,46,68,0,0,26,28,34,21,0,0,22,23,91,75,0,0,65,62,58,60,0,0,6,2,99,100,4,0,0,74,36,39,0,0,85,12,14,30,0,0,17,15,96,1,9,0,0,55,38,16,0,0,78,70,71,0
0;pliki//100 lokacji//C101.txt;300;20;insert;3;5044;31116.470064570312;3041.8972699703177;14660.070472174175;13414.50232242582;27506.673142240907;2419.9358406380047;12854.592464908563;12232.144836694337;24;300013.1798;0,67,83,84,0,0,20,25,35,37,0,0,43,54,53,56,0,0,90,86,94,93,0,0,5,7,44,61,48,59,50,52,0,0,32,33,27,0,0,13,19,18,29,0,0,24,31,0,0,98,95,97,92,89,0,0,3,8,11,10,0,0,57,76,80,0,0,63,41,47,0,0,81,73,77,79,72,69,64,66,0,0,87,82,88,45,51,0,0,42,40,49,46,68,0,0,26,28,34,21,0,0,22,23,91,75,0,0,65,62,58,60,0,0,6,2,99,100,4,0,0,74,36,39,0,0,85,12,14,30,0,0,17,15,96,1,9,0,0,55,38,16,0,0,78,70,71,0
0;pliki//100 lokacji//C101.txt;300;30;swap;3;6042;31116.470064570312;3041.8972699703177;14660.070472174175;13414.50232242582;25632.47087735904;2269.676432170794;11372.072071849041;11990.722373339206;28;300101.6148;0,67,65,83,84,0,0,89,91,99,0,0,32,38,35,0,0,43,54,53,56,0,0,96,94,93,9,0,0,5,0,0,45,48,51,50,52,0,0,20,27,25,21,0,0,17,18,19,26,0,0,24,31,39,37,0,0,68,64,69,1,75,0,0,98,95,92,97,0,0,3,8,30,36,34,0,0,90,76,74,0,0,66,72,80,0,0,42,41,49,29,28,0,0,81,78,73,77,79,0,0,88,85,61,59,0,0,55,40,44,46,47,0,0,22,23,0,0,63,0,0,57,58,60,0,0,6,2,100,4,0,0,7,10,11,14,16,0,0,87,86,82,0,0,13,15,12,0,0,33,0,0,62,70,71,0
0;pliki//100 lokacji//C101.txt;300;30;swap;3;6043;31116.470064570312;3041.8972699703177;14660.070472174175;13414.50232242582;25469.761332921822;2168.7103686786922;11551.41288539798;11749.638078845152;29;300240.2902;0,37,39,34,0,0,69,60,58,48,0,0,90,91,0,0,96,94,92,93,0,0,43,44,40,0,0,5,82,83,84,88,0,0,33,31,36,30,0,0,78,76,71,0,0,55,53,56,57,0,0,13,15,19,0,0,6,1,100,99,75,0,0,26,28,23,0,0,67,62,0,0,10,4,2,9,52,51,50,0,0,81,70,73,77,0,0,7,25,0,0,47,46,0,0,32,38,35,0,0,8,11,49,45,59,64,0,0,24,22,27,29,21,0,0,87,86,85,89,0,0,20,0,0,65,74,0,0,3,12,14,16,0,0,98,95,97,0,0,63,0,0,42,54,72,61,0,0,41,68,66,79,80,0,0,17,18,0
0;pliki//100 lokacji//C101.txt;300;30;swap;3;6044;31116.470064570312;3041.8972699703177;14660.070472174175;13414.50232242582;25632.47087735904;2269.676432170794;11372.072071849041;11990.722373339206;28;300228.6338;0,67,65,83,84,0,0,89,91,99,0,0,32,38,35,0,0,43,54,53,56,0,0,96,94,93,9,0,0,5,0,0,45,48,51,50,52,0,0,20,27,25,21,0,0,17,18,19,26,0,0,24,31,39,37,0,0,68,64,69,1,75,0,0,98,95,92,97,0,0,3,8,30,36,34,0,0,90,76,74,0,0,66,72,80,0,0,42,41,49,29,28,0,0,81,78,73,77,79,0,0,88,85,61,59,0,0,55,40,44,46,47,0,0,22,23,0,0,63,0,0,57,58,60,0,0,6,2,100,4,0,0,7,10,11,14,16,0,0,87,86,82,0,0,13,15,12,0,0,33,0,0,62,70,71,0
0;pliki//100 lokacji//C101.txt;300;30;invert;3;6042;31116.470064570312;3041.8972699703177;14660.070472174175;13414.50232242582;28900.791307897427;2735.399614976755;13496.931523048343;12668.460169872329;23;300049.2934;0,67,41,83,84,28,50,99,0,0,20,25,35,37,0,0,43,54,53,56,0,0,90,86,94,93,9,0,0,5,7,44,61,48,59,91,52,0,0,32,33,27,0,0,13,19,18,29,26,0,0,24,31,71,72,64,69,1,0,0,98,95,97,92,89,0,0,3,8,11,4,10,34,47,0,0,57,76,80,46,0,0,63,65,30,0,0,81,78,73,77,79,66,0,0,87,82,88,45,51,0,0,42,40,68,49,39,0,0,21,22,23,75,0,0,62,58,60,0,0,2,6,0,0,55,74,0,0,36,12,100,0,0,96,85,70,0,0,15,16,14,0,0,17,38,0
0;pliki//100 lokacji//C101.txt;300;30;invert;3;6043;31116.470064570312;3041.8972699703177;14660.070472174175;13414.50232242582;28922.1537961145;2766.7976442493937;13440.62472861105;12714.731423254058;23;300067.712;0,67,41,83,84,28,50,99,0,0,20,25,35,37,0,0,43,54,53,56,0,0,90,86,94,93,9,0,0,5,7,44,61,48,59,91,52,0,0,32,33,27,0,0,13,19,18,29,26,0,0,24,31,71,72,64,69,1,0,0,98,95,97,92,89,0,0,3,8,11,4,10,34,47,0,0,57,76,80,46,0,0,63,65,30,0,0,81,78,73,77,79,66,0,0,87,82,88,45,51,0,0,42,40,68,49,39,0,0,21,22,23,75,0,0,62,58,60,0,0,6,2,100,0,0,74,36,12,0,0,55,0,0,96,85,70,0,0,15,16,14,0,0,17,38,0
0;pliki//100 lokacji//C101.txt;300;30;invert;3;6044;31116.470064570312;3041.8972699703177;14660.070472174175;13414.50232242582;28900.791307897427;2735.399614976755;13496.931523048343;12668.460169872329;23;300100.88;0,67,41,83,84,28,50,99,0,0,20,25,35,37,0,0,43,54,53,56,0,0,90,86,94,93,9,0,0,5,7,44,61,48,59,91,52,0,0,32,33,27,0,0,13,19,18,29,26,0,0,24,31,71,72,64,69,1,0,0,98,95,97,92,89,0,0,3,8,11,4,10,34,47,0,0,57,76,80,46,0,0,63,65,30,0,0,81,78,73,77,79,66,0,0,87,82,88,45,51,0,0,42,40,68,49,39,0,0,21,22,23,75,0,0,62,58,60,0,0,6,2,0,0,55,74,0,0,36,12,100,0,0,96,85,70,0,0,15,16,14,0,0,17,38,0
0;pliki//100 lokacji//C101.txt;300;30;insert;3;6042;31116.470064570312;3041.8972699703177;14660.070472174175;13414.50232242582;27389.356233709375;2562.4823331916937;12226.920967164868;12599.952933352812;23;300184.4461;0,67,84,0,0,20,25,35,37,0,0,43,54,53,56,0,0,90,86,94,93,0,0,5,7,44,61,59,50,0,0,32,33,27,0,0,13,18,29,26,0,0,24,31,52,64,72,69,0,0,98,95,97,92,89,0,0,3,8,11,9,10,34,0,0,57,76,46,47,0,0,63,41,0,0,81,73,77,79,66,28,0,0,87,82,83,45,51,48,0,0,42,40,49,30,39,68,0,0,22,21,23,75,0,0,65,62,58,60,0,0,6,1,2,100,4,0,0,74,36,12,0,0,85,88,80,91,99,0,0,17,15,19,14,96,0,0,55,38,16,0,0,78,70,71,0
0;pliki//100 lokacji//C101.txt;300;30;insert;3;6043;31116.470064570312;3041.8972699703177;14660.070472174175;13414.50232242582;27389.356233709375;2562.4823331916937;12226.920967164868;12599.952933352812;23;300164.5982;0,67,84,0,0,20,25,35,37,0,0,43,54,53,56,0,0,90,86,94,93,0,0,5,7,44,61,59,50,0,0,32,33,27,0,0,13,18,29,26,0,0,24,31,52,64,72,69,0,0,98,95,97,92,89,0,0,3,8,11,9,10,34,0,0,57,76,46,47,0,0,63,41,0,0,81,73,77,79,66,28,0,0,87,82,83,45,51,48,0,0,42,40,49,30,39,68,0,0,22,21,23,75,0,0,65,62,58,60,0,0,6,1,2,100,4,0,0,74,36,12,0,0,85,88,80,91,99,0,0,17,15,19,14,96,0,0,55,38,16,0,0,78,70,71,0
0;pliki//100 lokacji//C101.txt;300;30;insert;3;6044;31116.470064570312;3041.8972699703177;14660.070472174175;13414.50232242582;27389.356233709375;2562.4823331916937;12226.920967164868;12599.952933352812;23;300004.1769;0,67,84,0,0,20,25,35,37,0,0,43,54,53,56,0,0,90,86,94,93,0,0,5,7,44,61,59,50,0,0,32,33,27,0,0,13,18,29,26,0,0,24,31,52,64,72,69,0,0,98,95,97,92,89,0,0,3,8,11,9,10,34,0,0,57,76,46,47,0,0,63,41,0,0,81,73,77,79,66,28,0,0,87,82,83,45,51,48,0,0,42,40,49,30,39,68,0,0,22,21,23,75,0,0,65,62,58,60,0,0,6,1,2,100,4,0,0,74,36,12,0,0,85,88,80,91,99,0,0,17,15,19,14,96,0,0,55,38,16,0,0,78,70,71,0
0;pliki//100 lokacji//C101.txt;300;40;swap;3;7042;31116.470064570312;3041.8972699703177;14660.070472174175;13414.50232242582;25229.65325392948;2210.2631865785957;10767.08631644644;12252.303750904444;30;300166.1509;0,23,0,0,96,94,92,93,0,0,20,35,38,37,0,0,21,29,39,59,0,0,81,82,83,84,0,0,36,34,0,0,13,15,10,0,0,24,27,26,0,0,45,48,49,0,0,42,41,57,68,72,0,0,55,54,60,0,0,78,76,71,61,64,0,0,31,53,56,58,0,0,5,12,14,16,0,0,32,33,0,0,87,86,0,0,3,25,22,0,0,100,99,75,0,0,85,88,4,0,0,79,70,73,77,80,0,0,40,47,30,28,52,51,50,0,0,43,69,66,44,46,0,0,65,62,74,0,0,98,95,97,2,1,0,0,7,8,11,6,9,0,0,63,0,0,89,91,0,0,17,18,19,0,0,90,0,0,67,0
0;pliki//100 lokacji//C101.txt;300;40;swap;3;7043;31116.470064570312;3041.8972699703177;14660.070472174175;13414.50232242582;25467.88921364273;2102.076755366955;11401.662544049095;11964.149914226682;26;300212.6594;0,67,62,83,84,0,0,11,9,6,4,0,0,24,35,38,37,36,0,0,43,54,53,56,0,0,90,86,92,93,0,0,5,3,0,0,70,61,48,51,50,52,0,0,31,25,0,0,17,18,19,30,26,0,0,65,74,66,0,0,68,64,69,1,75,0,0,98,95,94,97,100,0,0,7,8,0,0,57,76,71,80,72,0,0,63,0,0,81,78,73,77,79,0,0,87,82,85,0,0,41,49,29,39,34,0,0,21,22,28,23,0,0,55,40,60,58,59,0,0,88,89,91,99,0,0,32,33,27,0,0,96,2,0,0,13,15,10,0,0,20,16,14,12,0,0,42,45,44,46,47,0
0;pliki//100 lokacji//C101.txt;300;40;swap;3;7044;31116.470064570312;3041.8972699703177;14660.070472174175;13414.50232242582;25467.88921364273;2102.076755366955;11401.662544049095;11964.149914226682;26;300207.2733;0,67,62,83,84,0,0,11,9,6,4,0,0,24,35,38,37,36,0,0,43,54,53,56,0,0,90,86,92,93,0,0,5,3,0,0,70,61,48,51,50,52,0,0,31,25,0,0,17,18,19,30,26,0,0,65,74,66,0,0,68,64,69,1,75,0,0,98,95,94,97,100,0,0,7,8,0,0,57,76,71,80,72,0,0,63,0,0,81,78,73,77,79,0,0,87,82,85,0,0,41,49,29,39,34,0,0,21,22,28,23,0,0,55,40,60,58,59,0,0,88,89,91,99,0,0,32,33,27,0,0,96,2,0,0,13,15,10,0,0,20,16,14,12,0,0,42,45,44,46,47,0
0;pliki//100 lokacji//C101.txt;300;40;invert;3;7042;31116.470064570312;3041.8972699703177;14660.070472174175;13414.50232242582;28922.1537961145;2766.7976442493937;13440.62472861105;12714.731423254058;23;300117.2646;0,67,41,83,84,28,50,99,0,0,20,25,35,37,0,0,43,54,53,56,0,0,90,86,94,93,9,0,0,5,7,44,61,48,59,91,52,0,0,32,33,27,0,0,13,19,18,29,26,0,0,24,31,71,72,64,69,1,0,0,98,95,97,92,89,0,0,3,8,11,4,10,34,47,0,0,57,76,80,46,0,0,63,65,30,0,0,81,78,73,77,79,66,0,0,87,82,88,45,51,0,0,42,40,68,49,39,0,0,21,22,23,75,0,0,62,58,60,0,0,6,2,100,0,0,74,36,12,0,0,55,0,0,96,85,70,0,0,15,16,14,0,0,17,38,0
0;pliki//100 lokacji//C101.txt;300;40;invert;3;7043;31116.470064570312;3041.8972699703177;14660.070472174175;13414.50232242582;28900.791307897427;2735.399614976755;13496.931523048343;12668.460169872329;23;300010.0957;0,67,41,83,84,28,50,99,0,0,20,25,35,37,0,0,43,54,53,56,0,0,90,86,94,93,9,0,0,5,7,44,61,48,59,91,52,0,0,32,33,27,0,0,13,19,18,29,26,0,0,24,31,71,72,64,69,1,0,0,98,95,97,92,89,0,0,3,8,11,4,10,34,47,0,0,57,76,80,46,0,0,63,65,30,0,0,81,78,73,77,79,66,0,0,87,82,88,45,51,0,0,42,40,68,49,39,0,0,21,22,23,75,0,0,62,58,60,0,0,6,2,0,0,55,74,0,0,36,12,100,0,0,96,85,70,0,0,15,16,14,0,0,17,38,0
0;pliki//100 lokacji//C101.txt;300;40;invert;3;7044;31116.470064570312;3041.8972699703177;14660.070472174175;13414.50232242582;28922.1537961145;2766.7976442493937;13440.62472861105;12714.731423254058;23;300047.8834;0,67,41,83,84,28,50,99,0,0,20,25,35,37,0,0,43,54,53,56,0,0,90,86,94,93,9,0,0,5,7,44,61,48,59,91,52,0,0,32,33,27,0,0,13,19,18,29,26,0,0,24,31,71,72,64,69,1,0,0,98,95,97,92,89,0,0,3,8,11,4,10,34,47,0,0,57,76,80,46,0,0,63,65,30,0,0,81,78,73,77,79,66,0,0,87,82,88,45,51,0,0,42,40,68,49,39,0,0,21,22,23,75,0,0,62,58,60,0,0,6,2,100,0,0,74,36,12,0,0,55,0,0,96,85,70,0,0,15,16,14,0,0,17,38,0
0;pliki//100 lokacji//C101.txt;300;40;insert;3;7042;31116.470064570312;3041.8972699703177;14660.070472174175;13414.50232242582;26994.878978257573;2478.4268438332583;12130.571170515988;12385.880963908327;24;300014.3048;0,67,0,0,20,25,35,37,0,0,43,54,53,56,0,0,90,86,94,93,0,0,5,7,44,61,59,50,52,0,0,32,33,27,0,0,13,19,18,29,0,0,24,31,0,0,98,95,97,92,0,0,3,8,11,1,26,34,0,0,57,76,84,89,0,0,63,41,0,0,81,73,77,79,72,69,64,66,0,0,87,82,83,45,51,48,0,0,42,40,49,30,39,68,0,0,47,46,28,21,0,0,22,23,4,75,0,0,65,62,58,60,0,0,6,9,2,100,99,0,0,74,36,12,0,0,85,88,80,91,0,0,10,17,15,14,96,0,0,55,38,16,0,0,78,70,71,0
0;pliki//100 lokacji//C101.txt;300;40;insert;3;7043;31116.470064570312;3041.8972699703177;14660.070472174175;13414.50232242582;26994.878978257573;2478.4268438332583;12130.571170515988;12385.880963908327;24;300027.4255;0,67,0,0,20,25,35,37,0,0,43,54,53,56,0,0,90,86,94,93,0,0,5,7,44,61,59,50,52,0,0,32,33,27,0,0,13,19,18,29,0,0,24,31,0,0,98,95,97,92,0,0,3,8,11,1,26,34,0,0,57,76,84,89,0,0,63,41,0,0,81,73,77,79,72,69,64,66,0,0,87,82,83,45,51,48,0,0,42,40,49,30,39,68,0,0,47,46,28,21,0,0,22,23,4,75,0,0,65,62,58,60,0,0,6,9,2,100,99,0,0,74,36,12,0,0,85,88,80,91,0,0,10,17,15,14,96,0,0,55,38,16,0,0,78,70,71,0
0;pliki//100 lokacji//C101.txt;300;40;insert;3;7044;31116.470064570312;3041.8972699703177;14660.070472174175;13414.50232242582;26994.878978257573;2478.4268438332583;12130.571170515988;12385.880963908327;24;300149.67;0,67,0,0,20,25,35,37,0,0,43,54,53,56,0,0,90,86,94,93,0,0,5,7,44,61,59,50,52,0,0,32,33,27,0,0,13,19,18,29,0,0,24,31,0,0,98,95,97,92,0,0,3,8,11,1,26,34,0,0,57,76,84,89,0,0,63,41,0,0,81,73,77,79,72,69,64,66,0,0,87,82,83,45,51,48,0,0,42,40,49,30,39,68,0,0,47,46,28,21,0,0,22,23,4,75,0,0,65,62,58,60,0,0,6,9,2,100,99,0,0,74,36,12,0,0,85,88,80,91,0,0,10,17,15,14,96,0,0,55,38,16,0,0,78,70,71,0
0;pliki//100 lokacji//C101.txt;300;50;swap;3;8042;31116.470064570312;3041.8972699703177;14660.070472174175;13414.50232242582;25445.428079206606;2411.808531658443;10978.53182518288;12055.087722365284;32;300072.5845;0,20,0,0,79,77,0,0,72,80,78,99,75,0,0,43,0,0,33,31,49,0,0,10,16,14,9,0,0,47,46,45,34,0,0,17,18,0,0,30,22,2,100,4,0,0,27,25,0,0,67,74,66,69,0,0,57,55,59,44,0,0,24,54,60,0,0,21,29,26,28,23,0,0,96,94,92,93,0,0,7,6,8,0,0,42,41,0,0,87,86,0,0,40,53,56,58,64,0,0,68,88,91,0,0,5,3,0,0,65,35,38,37,0,0,90,82,83,0,0,32,0,0,62,70,73,61,0,0,13,15,0,0,52,48,51,50,0,0,81,76,71,0,0,98,95,97,1,0,0,84,85,89,0,0,11,12,19,39,36,0,0,63,0
0;pliki//100 lokacji//C101.txt;300;50;swap;3;8043;31116.470064570312;3041.8972699703177;14660.070472174175;13414.50232242582;25467.88921364273;2102.076755366955;11401.662544049095;11964.149914226682;26;300226.808;0,67,62,83,84,0,0,11,9,6,4,0,0,24,35,38,37,36,0,0,43,54,53,56,0,0,90,86,92,93,0,0,5,3,0,0,70,61,48,51,50,52,0,0,31,25,0,0,17,18,19,30,26,0,0,65,74,66,0,0,68,64,69,1,75,0,0,98,95,94,97,100,0,0,7,8,0,0,57,76,71,80,72,0,0,63,0,0,81,78,73,77,79,0,0,87,82,85,0,0,41,49,29,39,34,0,0,21,22,28,23,0,0,55,40,60,58,59,0,0,88,89,91,99,0,0,32,33,27,0,0,96,2,0,0,13,15,10,0,0,20,16,14,12,0,0,42,45,44,46,47,0
0;pliki//100 lokacji//C101.txt;300;50;swap;3;8044;31116.470064570312;3041.8972699703177;14660.070472174175;13414.50232242582;25337.051841663495;2231.8782338956266;11182.373891507108;11922.799716260763;30;300127.7578;0,65,94,92,93,0,0,36,38,39,59,0,0,21,52,47,0,0,90,84,83,96,97,100,0,0,20,0,0,78,70,71,0,0,7,11,14,12,9,0,0,22,23,4,99,75,0,0,24,25,27,29,0,0,30,26,28,34,0,0,42,41,0,0,40,54,73,77,79,80,0,0,5,10,8,6,0,0,32,33,35,0,0,63,0,0,43,68,53,56,58,0,0,37,31,48,51,50,0,0,89,91,0,0,69,61,72,64,0,0,18,19,16,0,0,3,2,1,0,0,55,60,44,46,49,0,0,67,0,0,98,95,0,0,74,62,66,0,0,87,86,0,0,57,45,0,0,13,17,15,0,0,85,88,0,0,81,76,82,0
0;pliki//100 lokacji//C101.txt;300;50;invert;3;8042;31116.470064570312;3041.8972699703177;14660.070472174175;13414.50232242582;28870.339925126325;2740.890708755306;13440.62472861105;12688.824487759968;23;300122.5418;0,67,41,83,84,28,50,99,0,0,20,25,35,37,0,0,43,54,53,56,0,0,90,86,94,93,9,0,0,5,7,44,61,48,59,91,52,0,0,32,33,27,0,0,13,19,18,29,26,0,0,24,31,71,72,64,69,1,0,0,98,95,97,92,89,0,0,3,8,11,4,10,34,47,0,0,57,76,80,46,0,0,63,65,30,0,0,81,78,73,77,79,66,0,0,87,82,88,45,51,0,0,42,40,68,49,39,0,0,21,22,23,75,0,0,62,58,60,0,0,6,2,100,0,0,36,12,0,0,55,74,0,0,96,85,70,0,0,15,16,14,0,0,17,38,0
0;pliki//100 lokacji//C101.txt;300;50;invert;3;8043;31116.470064570312;3041.8972699703177;14660.070472174175;13414.50232242582;28870.339925126325;2740.890708755306;13440.62472861105;12688.824487759968;23;300130.2417;0,67,41,83,84,28,50,99,0,0,20,25,35,37,0,0,43,54,53,56,0,0,90,86,94,93,9,0,0,5,7,44,61,48,59,91,52,0,0,32,33,27,0,0,13,19,18,29,26,0,0,24,31,71,72,64,69,1,0,0,98,95,97,92,89,0,0,3,8,11,4,10,34,47,0,0,57,76,80,46,0,0,63,65,30,0,0,81,78,73,77,79,66,0,0,87,82,88,45,51,0,0,42,40,68,49,39,0,0,21,22,23,75,0,0,62,58,60,0,0,6,2,100,0,0,36,12,0,0,55,74,0,0,96,85,70,0,0,15,16,14,0,0,17,38,0
0;pliki//100 lokacji//C101.txt;300;50;invert;3;8044;31116.470064570312;3041.8972699703177;14660.070472174175;13414.50232242582;28922.1537961145;2766.7976442493937;13440.62472861105;12714.731423254058;23;300018.9017;0,67,41,83,84,28,50,99,0,0,20,25,35,37,0,0,43,54,53,56,0,0,90,86,94,93,9,0,0,5,7,44,61,48,59,91,52,0,0,32,33,27,0,0,13,19,18,29,26,0,0,24,31,71,72,64,69,1,0,0,98,95,97,92,89,0,0,3,8,11,4,10,34,47,0,0,57,76,80,46,0,0,63,65,30,0,0,81,78,73,77,79,66,0,0,87,82,88,45,51,0,0,42,40,68,49,39,0,0,21,22,23,75,0,0,62,58,60,0,0,6,2,100,0,0,74,36,12,0,0,55,0,0,96,85,70,0,0,15,16,14,0,0,17,38,0
0;pliki//100 lokacji//C101.txt;300;50;insert;3;8042;31116.470064570312;3041.8972699703177;14660.070472174175;13414.50232242582;27062.997357883723;2489.9768144697914;11992.827469532544;12580.193073881386;24;300110.3875;0,67,84,0,0,20,25,35,37,0,0,43,54,53,56,0,0,90,86,94,93,0,0,5,7,44,61,59,50,52,0,0,32,33,27,0,0,13,18,19,26,0,0,24,31,0,0,98,95,97,92,89,0,0,3,8,11,0,0,57,76,46,47,0,0,63,41,0,0,81,73,77,79,72,69,64,66,0,0,87,82,83,45,51,48,0,0,42,40,49,29,39,68,0,0,30,28,34,21,0,0,22,23,4,1,75,0,0,65,62,58,60,0,0,6,9,2,100,99,0,0,74,36,12,0,0,85,88,80,91,0,0,10,17,15,14,96,0,0,55,38,16,0,0,78,70,71,0
0;pliki//100 lokacji//C101.txt;300;50;insert;3;8043;31116.470064570312;3041.8972699703177;14660.070472174175;13414.50232242582;27062.997357883723;2489.9768144697914;11992.827469532544;12580.193073881386;24;300030.7256;0,67,84,0,0,20,25,35,37,0,0,43,54,53,56,0,0,90,86,94,93,0,0,5,7,44,61,59,50,52,0,0,32,33,27,0,0,13,18,19,26,0,0,24,31,0,0,98,95,97,92,89,0,0,3,8,11,0,0,57,76,46,47,0,0,63,41,0,0,81,73,77,79,72,69,64,66,0,0,87,82,83,45,51,48,0,0,42,40,49,29,39,68,0,0,30,28,34,21,0,0,22,23,4,1,75,0,0,65,62,58,60,0,0,6,9,2,100,99,0,0,74,36,12,0,0,85,88,80,91,0,0,10,17,15,14,96,0,0,55,38,16,0,0,78,70,71,0
0;pliki//100 lokacji//C101.txt;300;50;insert;3;8044;31116.470064570312;3041.8972699703177;14660.070472174175;13414.50232242582;27062.997357883723;2489.9768144697914;11992.827469532544;12580.193073881386;24;300149.9019;0,67,84,0,0,20,25,35,37,0,0,43,54,53,56,0,0,90,86,94,93,0,0,5,7,44,61,59,50,52,0,0,32,33,27,0,0,13,18,19,26,0,0,24,31,0,0,98,95,97,92,89,0,0,3,8,11,0,0,57,76,46,47,0,0,63,41,0,0,81,73,77,79,72,69,64,66,0,0,87,82,83,45,51,48,0,0,42,40,49,29,39,68,0,0,30,28,34,21,0,0,22,23,4,1,75,0,0,65,62,58,60,0,0,6,9,2,100,99,0,0,74,36,12,0,0,85,88,80,91,0,0,10,17,15,14,96,0,0,55,38,16,0,0,78,70,71,0
