ScenarioId;Filename;Iterations;TabuSize;MutationType;Repeat;Seed;GreedyOjective;GreedyTotalCost;GreedyTotalPenalty;GreedyTotalVehicleOperationTime;Objective;TotalCost;TotalPenalty;TotalVehicleOperationTime;RoutesCount;DurationMs;GTR
0;pliki//100 lokacji//RC201.txt;50;10;swap;3;1542;7559.740292401104;2809.4609802892373;936.9151930410811;3813.364119070786;6201.5796668818675;2093.1820573184073;996.9151930410811;3111.4824165223786;20;300032.9235;0,54,93,94,96,0,0,69,82,98,53,12,47,73,0,0,68,55,100,1,3,4,0,0,65,66,91,92,95,80,0,0,61,44,43,40,37,71,81,0,0,88,60,79,8,7,0,0,41,38,70,0,0,83,64,84,50,62,0,0,99,86,74,87,9,17,0,0,32,30,26,34,67,0,0,90,57,24,22,0,0,42,39,36,35,72,0,0,2,46,6,78,0,0,56,51,18,48,49,0,0,97,10,14,0,0,11,15,16,13,0,0,52,59,75,23,21,20,0,0,5,45,19,89,0,0,76,25,77,58,0,0,85,63,33,28,27,29,31,0
0;pliki//100 lokacji//RC201.txt;50;10;swap;3;1543;7559.740292401104;2809.4609802892373;936.9151930410811;3813.364119070786;6181.5796668818675;2093.1820573184073;976.9151930410811;3111.4824165223786;20;300009.0295;0,54,93,94,96,0,0,69,82,98,53,12,47,73,0,0,68,55,100,1,3,4,0,0,65,66,91,92,95,80,0,0,61,44,43,40,37,71,81,0,0,88,60,79,8,7,0,0,70,38,41,0,0,83,64,84,50,62,0,0,99,86,74,87,9,17,0,0,32,30,26,34,67,0,0,90,57,24,22,0,0,42,39,36,35,72,0,0,2,46,6,78,0,0,56,51,18,48,49,0,0,97,10,14,0,0,11,15,16,13,0,0,52,59,75,23,21,20,0,0,5,45,19,89,0,0,76,25,77,58,0,0,85,63,33,28,27,29,31,0
0;pliki//100 lokacji//RC201.txt;50;10;swap;3;1544;7559.740292401104;2809.4609802892373;936.9151930410811;3813.364119070786;6181.5796668818675;2093.1820573184073;976.9151930410811;3111.4824165223786;20;300165.3233;0,54,93,94,96,0,0,69,82,98,53,12,47,73,0,0,68,55,100,1,3,4,0,0,65,66,91,92,95,80,0,0,61,44,43,40,37,71,81,0,0,88,60,79,8,7,0,0,70,38,41,0,0,83,64,84,50,62,0,0,99,86,74,87,9,17,0,0,32,30,26,34,67,0,0,90,57,24,22,0,0,42,39,36,35,72,0,0,78,6,46,2,0,0,56,51,18,48,49,0,0,97,10,14,0,0,11,15,16,13,0,0,52,59,75,23,21,20,0,0,5,45,19,89,0,0,76,25,77,58,0,0,85,63,33,28,27,29,31,0
0;pliki//100 lokacji//RC201.txt;50;10;invert;3;1542;7559.740292401104;2809.4609802892373;936.9151930410811;3813.364119070786;6279.787553380159;2146.0480789281874;965.0117458391119;3168.7277286128597;20;300026.4227;0,90,11,15,16,0,0,68,70,1,46,100,55,0,0,65,66,91,56,95,92,0,0,82,13,47,12,53,98,69,0,0,79,7,8,5,45,0,0,80,94,93,96,81,0,0,58,97,10,0,0,18,48,19,49,20,0,0,62,32,30,27,29,31,67,0,0,64,84,50,71,0,0,88,60,73,9,87,74,77,24,0,0,76,89,23,0,0,38,37,43,44,61,0,0,85,63,33,28,26,34,0,0,78,6,3,2,0,0,14,59,75,25,21,52,0,0,99,86,57,83,0,0,41,51,22,0,0,54,35,4,17,0,0,42,40,36,39,72,0
0;pliki//100 lokacji//RC201.txt;50;10;invert;3;1543;7559.740292401104;2809.4609802892373;936.9151930410811;3813.364119070786;5997.9054303643225;1949.8617035755256;1064.3020338698875;2983.741692918909;20;300095.1354;0,90,11,15,16,0,0,68,70,1,46,100,55,0,0,65,66,91,56,95,92,0,0,82,13,47,12,53,98,69,0,0,80,94,93,96,81,0,0,7,79,73,60,88,0,0,71,37,38,43,44,61,0,0,85,63,33,28,26,34,0,0,54,50,84,64,0,0,78,14,10,0,0,49,18,48,21,23,0,0,6,8,5,45,4,0,0,41,35,3,2,0,0,17,9,97,58,77,0,0,62,32,30,27,29,31,67,0,0,51,76,89,0,0,24,25,75,59,87,74,52,0,0,99,86,57,83,0,0,20,19,22,0,0,42,40,36,39,72,0
0;pliki//100 lokacji//RC201.txt;50;10;invert;3;1544;7559.740292401104;2809.4609802892373;936.9151930410811;3813.364119070786;6231.486541923791;2067.4215746779864;1060;3104.064967245805;20;300012.7166;0,90,82,13,16,15,69,0,0,80,94,93,96,81,0,0,68,70,1,46,100,55,0,0,98,53,12,47,11,0,0,65,66,91,56,95,92,0,0,71,37,38,43,44,61,0,0,7,79,73,60,88,0,0,85,63,33,28,26,34,0,0,14,59,75,25,21,0,0,83,57,86,99,0,0,51,76,89,0,0,52,74,77,87,9,35,41,0,0,54,50,84,64,0,0,62,32,30,27,29,31,67,0,0,58,97,10,0,0,2,3,5,8,17,0,0,78,6,4,45,0,0,24,23,48,18,49,0,0,42,40,36,39,72,0,0,20,19,22,0
0;pliki//100 lokacji//RC201.txt;50;10;insert;3;1542;7559.740292401104;2809.4609802892373;936.9151930410811;3813.364119070786;6385.748964394047;2195.8358979604236;980;3209.9130664336235;20;300084.5673;0,96,94,80,0,0,69,82,98,53,47,12,0,0,68,70,1,46,55,0,0,65,66,91,92,95,56,0,0,81,61,44,43,38,71,93,0,0,88,60,73,79,7,0,0,54,35,37,4,100,0,0,90,83,64,84,50,0,0,99,86,74,87,9,17,0,0,32,30,26,34,67,0,0,24,22,57,0,0,42,40,36,39,72,0,0,2,3,6,78,0,0,41,51,18,48,49,0,0,10,97,58,52,0,0,11,15,16,13,0,0,8,14,59,75,77,25,21,0,0,5,45,19,89,0,0,85,63,76,23,20,0,0,31,29,27,28,33,62,0
0;pliki//100 lokacji//RC201.txt;50;10;insert;3;1543;7559.740292401104;2809.4609802892373;936.9151930410811;3813.364119070786;6385.748964394047;2195.8358979604236;980;3209.9130664336235;20;300003.3233;0,96,94,80,0,0,69,82,98,53,47,12,0,0,68,70,1,46,55,0,0,65,66,91,92,95,56,0,0,81,61,44,43,38,71,93,0,0,88,60,73,79,7,0,0,54,35,37,4,100,0,0,90,83,64,84,50,0,0,99,86,74,87,9,17,0,0,32,30,26,34,67,0,0,24,22,57,0,0,42,40,36,39,72,0,0,2,3,6,78,0,0,41,51,18,48,49,0,0,10,97,58,52,0,0,11,15,16,13,0,0,8,14,59,75,77,25,21,0,0,5,45,19,89,0,0,85,63,76,23,20,0,0,31,29,27,28,33,62,0
0;pliki//100 lokacji//RC201.txt;50;10;insert;3;1544;7559.740292401104;2809.4609802892373;936.9151930410811;3813.364119070786;6385.748964394047;2195.8358979604236;980;3209.9130664336235;20;300022.9971;0,96,94,80,0,0,69,82,98,53,47,12,0,0,68,70,1,46,55,0,0,65,66,91,92,95,56,0,0,81,61,44,43,38,71,93,0,0,88,60,73,79,7,0,0,54,35,37,4,100,0,0,90,83,64,84,50,0,0,99,86,74,87,9,17,0,0,32,30,26,34,67,0,0,24,22,57,0,0,42,40,36,39,72,0,0,2,3,6,78,0,0,41,51,18,48,49,0,0,10,97,58,52,0,0,11,15,16,13,0,0,8,14,59,75,77,25,21,0,0,5,45,19,89,0,0,85,63,76,23,20,0,0,31,29,27,28,33,62,0
0;pliki//100 lokacji//RC201.txt;50;20;swap;3;2542;7559.740292401104;2809.4609802892373;936.9151930410811;3813.364119070786;6181.5796668818675;2093.1820573184073;976.9151930410811;3111.4824165223786;20;300049.2053;0,54,93,94,96,0,0,69,82,98,53,12,47,73,0,0,68,55,100,1,3,4,0,0,65,66,91,92,95,80,0,0,61,44,43,40,37,71,81,0,0,88,60,79,8,7,0,0,70,38,41,0,0,83,64,84,50,62,0,0,99,86,74,87,9,17,0,0,32,30,26,34,67,0,0,90,57,24,22,0,0,42,39,36,35,72,0,0,78,6,46,2,0,0,56,51,18,48,49,0,0,97,10,14,0,0,11,15,16,13,0,0,52,59,75,23,21,20,0,0,5,45,19,89,0,0,76,25,77,58,0,0,85,63,33,28,27,29,31,0
0;pliki//100 lokacji//RC201.txt;50;20;swap;3;2543;7559.740292401104;2809.4609802892373;936.9151930410811;3813.364119070786;6181.5796668818675;2093.1820573184073;976.9151930410811;3111.4824165223786;20;300121.201;0,54,93,94,96,0,0,69,82,98,53,12,47,73,0,0,68,55,100,1,3,4,0,0,65,66,91,92,95,80,0,0,61,44,43,40,37,71,81,0,0,88,60,79,8,7,0,0,70,38,41,0,0,83,64,84,50,62,0,0,99,86,74,87,9,17,0,0,32,30,26,34,67,0,0,90,57,24,22,0,0,42,39,36,35,72,0,0,2,46,6,78,0,0,56,51,18,48,49,0,0,97,10,14,0,0,11,15,16,13,0,0,52,59,75,23,21,20,0,0,5,45,19,89,0,0,76,25,77,58,0,0,85,63,33,28,27,29,31,0
0;pliki//100 lokacji//RC201.txt;50;20;swap;3;2544;7559.740292401104;2809.4609802892373;936.9151930410811;3813.364119070786;6181.5796668818675;2093.1820573184073;976.9151930410811;3111.4824165223786;20;300144.0406;0,54,93,94,96,0,0,69,82,98,53,12,47,73,0,0,68,55,100,1,3,4,0,0,65,66,91,92,95,80,0,0,61,44,43,40,37,71,81,0,0,88,60,79,8,7,0,0,70,38,41,0,0,83,64,84,50,62,0,0,99,86,74,87,9,17,0,0,32,30,26,34,67,0,0,90,57,24,22,0,0,42,39,36,35,72,0,0,2,46,6,78,0,0,56,51,18,48,49,0,0,97,10,14,0,0,11,15,16,13,0,0,52,59,75,23,21,20,0,0,5,45,19,89,0,0,76,25,77,58,0,0,85,63,33,28,27,29,31,0
0;pliki//100 lokacji//RC201.txt;50;20;invert;3;2542;7559.740292401104;2809.4609802892373;936.9151930410811;3813.364119070786;6480.622835987933;2237.4890875236306;1000;3243.1337484643027;20;300157.6337;0,90,80,94,93,96,81,0,0,82,13,47,12,53,98,69,0,0,68,70,1,46,100,55,0,0,65,66,91,56,95,92,0,0,8,16,15,11,0,0,42,40,36,39,72,67,0,0,7,79,73,60,88,0,0,71,37,38,43,44,61,0,0,58,97,10,0,0,49,48,18,51,41,0,0,78,6,3,2,0,0,34,26,28,30,32,62,0,0,50,84,64,83,0,0,17,4,35,54,0,0,85,63,33,27,29,31,0,0,5,45,9,87,74,77,20,0,0,99,52,86,57,0,0,14,59,75,25,21,24,0,0,76,89,23,0,0,19,22,0
0;pliki//100 lokacji//RC201.txt;50;20;invert;3;2543;7559.740292401104;2809.4609802892373;936.9151930410811;3813.364119070786;6424.850194004546;2229.602766531937;960;3235.2474274726096;20;300127.4149;0,90,80,94,93,96,81,0,0,82,13,47,12,53,98,69,0,0,68,70,1,46,100,55,0,0,65,66,91,56,95,92,0,0,7,79,73,60,88,0,0,11,15,16,8,0,0,71,37,38,43,44,61,0,0,83,64,84,50,67,0,0,58,97,10,0,0,49,48,18,51,41,0,0,17,4,35,54,0,0,2,3,6,78,0,0,42,40,36,39,72,0,0,34,26,28,30,32,62,0,0,85,63,33,27,29,31,0,0,5,45,9,87,74,77,20,52,0,0,57,86,99,0,0,14,59,75,25,21,24,0,0,22,19,0,0,76,89,23,0
0;pliki//100 lokacji//RC201.txt;50;20;invert;3;2544;7559.740292401104;2809.4609802892373;936.9151930410811;3813.364119070786;6384.848126504606;2226.887058165349;925.4293492332354;3232.5317191060212;20;300022.4786;0,90,80,94,93,96,81,0,0,82,13,47,12,53,98,69,0,0,68,70,1,46,100,55,0,0,65,66,91,56,95,92,0,0,11,15,16,8,0,0,71,37,38,43,44,61,0,0,7,79,73,60,88,0,0,42,40,36,39,72,0,0,17,4,35,54,0,0,83,64,84,50,62,0,0,85,63,33,26,28,30,32,67,0,0,49,48,18,51,41,0,0,58,97,10,0,0,34,31,29,27,0,0,78,6,45,5,0,0,3,2,9,87,74,77,20,0,0,57,86,99,0,0,52,14,59,75,25,21,0,0,23,89,76,0,0,24,19,22,0
0;pliki//100 lokacji//RC201.txt;50;20;insert;3;2542;7559.740292401104;2809.4609802892373;936.9151930410811;3813.364119070786;6385.748964394047;2195.8358979604236;980;3209.9130664336235;20;300033.5325;0,96,94,80,0,0,69,82,98,53,47,12,0,0,68,70,1,46,55,0,0,65,66,91,92,95,56,0,0,81,61,44,43,38,71,93,0,0,88,60,73,79,7,0,0,54,35,37,4,100,0,0,90,83,64,84,50,0,0,99,86,74,87,9,17,0,0,32,30,26,34,67,0,0,24,22,57,0,0,42,40,36,39,72,0,0,2,3,6,78,0,0,41,51,18,48,49,0,0,10,97,58,52,0,0,11,15,16,13,0,0,8,14,59,75,77,25,21,0,0,5,45,19,89,0,0,85,63,76,23,20,0,0,31,29,27,28,33,62,0
0;pliki//100 lokacji//RC201.txt;50;20;insert;3;2543;7559.740292401104;2809.4609802892373;936.9151930410811;3813.364119070786;6385.748964394047;2195.8358979604236;980;3209.9130664336235;20;300050.6043;0,96,94,80,0,0,69,82,98,53,47,12,0,0,68,70,1,46,55,0,0,65,66,91,92,95,56,0,0,81,61,44,43,38,71,93,0,0,88,60,73,79,7,0,0,54,35,37,4,100,0,0,90,83,64,84,50,0,0,99,86,74,87,9,17,0,0,32,30,26,34,67,0,0,24,22,57,0,0,42,40,36,39,72,0,0,2,3,6,78,0,0,41,51,18,48,49,0,0,10,97,58,52,0,0,11,15,16,13,0,0,8,14,59,75,77,25,21,0,0,5,45,19,89,0,0,85,63,76,23,20,0,0,31,29,27,28,33,62,0
0;pliki//100 lokacji//RC201.txt;50;20;insert;3;2544;7559.740292401104;2809.4609802892373;936.9151930410811;3813.364119070786;6385.748964394047;2195.8358979604236;980;3209.9130664336235;20;300131.3485;0,96,94,80,0,0,69,82,98,53,47,12,0,0,68,70,1,46,55,0,0,65,66,91,92,95,56,0,0,81,61,44,43,38,71,93,0,0,88,60,73,79,7,0,0,54,35,37,4,100,0,0,90,83,64,84,50,0,0,99,86,74,87,9,17,0,0,32,30,26,34,67,0,0,24,22,57,0,0,42,40,36,39,72,0,0,2,3,6,78,0,0,41,51,18,48,49,0,0,10,97,58,52,0,0,11,15,16,13,0,0,8,14,59,75,77,25,21,0,0,5,45,19,89,0,0,85,63,76,23,20,0,0,31,29,27,28,33,62,0
0;pliki//100 lokacji//RC201.txt;50;30;swap;3;3542;7559.740292401104;2809.4609802892373;936.9151930410811;3813.364119070786;6181.5796668818675;2093.1820573184073;976.9151930410811;3111.4824165223786;20;300069.5483;0,54,93,94,96,0,0,69,82,98,53,12,47,73,0,0,68,55,100,1,3,4,0,0,65,66,91,92,95,80,0,0,61,44,43,40,37,71,81,0,0,88,60,79,8,7,0,0,70,38,41,0,0,83,64,84,50,62,0,0,99,86,74,87,9,17,0,0,32,30,26,34,67,0,0,90,57,24,22,0,0,42,39,36,35,72,0,0,2,46,6,78,0,0,56,51,18,48,49,0,0,97,10,14,0,0,11,15,16,13,0,0,52,59,75,23,21,20,0,0,5,45,19,89,0,0,76,25,77,58,0,0,85,63,33,28,27,29,31,0
0;pliki//100 lokacji//RC201.txt;50;30;swap;3;3543;7559.740292401104;2809.4609802892373;936.9151930410811;3813.364119070786;6181.5796668818675;2093.1820573184073;976.9151930410811;3111.4824165223786;20;300034.9281;0,54,93,94,96,0,0,69,82,98,53,12,47,73,0,0,68,55,100,1,3,4,0,0,65,66,91,92,95,80,0,0,61,44,43,40,37,71,81,0,0,88,60,79,8,7,0,0,70,38,41,0,0,83,64,84,50,62,0,0,99,86,74,87,9,17,0,0,32,30,26,34,67,0,0,90,57,24,22,0,0,42,39,36,35,72,0,0,2,46,6,78,0,0,56,51,18,48,49,0,0,97,10,14,0,0,11,15,16,13,0,0,52,59,75,23,21,20,0,0,5,45,19,89,0,0,76,25,77,58,0,0,85,63,33,28,27,29,31,0
0;pliki//100 lokacji//RC201.txt;50;30;swap;3;3544;7559.740292401104;2809.4609802892373;936.9151930410811;3813.364119070786;6181.5796668818675;2093.1820573184073;976.9151930410811;3111.4824165223786;20;300104.1684;0,54,93,94,96,0,0,69,82,98,53,12,47,73,0,0,68,55,100,1,3,4,0,0,65,66,91,92,95,80,0,0,61,44,43,40,37,71,81,0,0,88,60,79,8,7,0,0,70,38,41,0,0,83,64,84,50,62,0,0,99,86,74,87,9,17,0,0,32,30,26,34,67,0,0,90,57,24,22,0,0,42,39,36,35,72,0,0,78,6,46,2,0,0,56,51,18,48,49,0,0,97,10,14,0,0,11,15,16,13,0,0,52,59,75,23,21,20,0,0,5,45,19,89,0,0,76,25,77,58,0,0,85,63,33,28,27,29,31,0
0;pliki//100 lokacji//RC201.txt;50;30;invert;3;3542;7559.740292401104;2809.4609802892373;936.9151930410811;3813.364119070786;6365.408911680134;2227.1674507531134;905.4293492332354;3232.8121116937855;20;300027.7082;0,90,80,94,93,96,81,0,0,82,13,47,12,53,98,69,0,0,68,70,1,46,100,55,0,0,65,66,91,56,95,92,0,0,11,15,16,8,0,0,7,79,73,60,88,0,0,71,37,38,43,44,61,0,0,42,40,36,39,72,0,0,54,35,4,17,0,0,83,64,84,50,62,0,0,85,63,33,26,28,30,32,67,0,0,58,97,10,0,0,49,48,18,51,41,0,0,78,6,45,5,0,0,31,29,27,34,0,0,3,2,9,87,74,77,20,0,0,57,86,99,0,0,52,14,59,75,25,21,0,0,23,89,76,0,0,22,19,24,0
0;pliki//100 lokacji//RC201.txt;50;30;invert;3;3543;7559.740292401104;2809.4609802892373;936.9151930410811;3813.364119070786;6465.4371605795595;2249.758399869554;960;3255.6787607100055;20;300192.8176;0,90,80,94,93,96,81,0,0,69,13,47,12,53,98,82,0,0,68,70,1,46,100,55,0,0,65,66,91,56,95,92,0,0,8,16,15,11,0,0,7,79,73,60,88,0,0,71,37,38,43,44,61,0,0,42,40,36,39,72,0,0,54,35,4,17,0,0,83,64,84,50,62,0,0,32,30,28,26,34,0,0,58,97,10,0,0,49,48,18,51,41,0,0,78,6,3,2,0,0,67,85,63,33,27,29,31,0,0,5,45,9,87,74,77,20,52,0,0,57,86,99,0,0,14,59,75,25,21,24,0,0,76,89,23,0,0,19,22,0
0;pliki//100 lokacji//RC201.txt;50;30;invert;3;3544;7559.740292401104;2809.4609802892373;936.9151930410811;3813.364119070786;6480.622835987933;2237.4890875236306;1000;3243.1337484643027;20;300013.5706;0,90,80,94,93,96,81,0,0,65,66,91,56,95,92,0,0,68,70,1,46,100,55,0,0,8,16,15,11,0,0,82,13,47,12,53,98,69,0,0,42,40,36,39,72,67,0,0,7,79,73,60,88,0,0,71,37,38,43,44,61,0,0,58,97,10,0,0,49,48,18,51,41,0,0,78,6,3,2,0,0,34,26,28,30,32,62,0,0,50,84,64,83,0,0,17,4,35,54,0,0,85,63,33,27,29,31,0,0,5,45,9,87,74,77,20,0,0,57,86,52,99,0,0,14,59,75,25,21,24,0,0,76,89,23,0,0,19,22,0
0;pliki//100 lokacji//RC201.txt;50;30;insert;3;3542;7559.740292401104;2809.4609802892373;936.9151930410811;3813.364119070786;6385.748964394047;2195.8358979604236;980;3209.9130664336235;20;300064.8894;0,96,94,80,0,0,69,82,98,53,47,12,0,0,68,70,1,46,55,0,0,65,66,91,92,95,56,0,0,81,61,44,43,38,71,93,0,0,88,60,73,79,7,0,0,54,35,37,4,100,0,0,90,83,64,84,50,0,0,99,86,74,87,9,17,0,0,32,30,26,34,67,0,0,24,22,57,0,0,42,40,36,39,72,0,0,2,3,6,78,0,0,41,51,18,48,49,0,0,10,97,58,52,0,0,11,15,16,13,0,0,8,14,59,75,77,25,21,0,0,5,45,19,89,0,0,85,63,76,23,20,0,0,31,29,27,28,33,62,0
0;pliki//100 lokacji//RC201.txt;50;30;insert;3;3543;7559.740292401104;2809.4609802892373;936.9151930410811;3813.364119070786;6385.748964394047;2195.8358979604236;980;3209.9130664336235;20;300103.3479;0,96,94,80,0,0,69,82,98,53,47,12,0,0,68,70,1,46,55,0,0,65,66,91,92,95,56,0,0,81,61,44,43,38,71,93,0,0,88,60,73,79,7,0,0,54,35,37,4,100,0,0,90,83,64,84,50,0,0,99,86,74,87,9,17,0,0,32,30,26,34,67,0,0,24,22,57,0,0,42,40,36,39,72,0,0,2,3,6,78,0,0,41,51,18,48,49,0,0,10,97,58,52,0,0,11,15,16,13,0,0,8,14,59,75,77,25,21,0,0,5,45,19,89,0,0,85,63,76,23,20,0,0,31,29,27,28,33,62,0
0;pliki//100 lokacji//RC201.txt;50;30;insert;3;3544;7559.740292401104;2809.4609802892373;936.9151930410811;3813.364119070786;6385.748964394047;2195.8358979604236;980;3209.9130664336235;20;300043.2348;0,96,94,80,0,0,69,82,98,53,47,12,0,0,68,70,1,46,55,0,0,65,66,91,92,95,56,0,0,81,61,44,43,38,71,93,0,0,88,60,73,79,7,0,0,54,35,37,4,100,0,0,90,83,64,84,50,0,0,99,86,74,87,9,17,0,0,32,30,26,34,67,0,0,24,22,57,0,0,42,40,36,39,72,0,0,2,3,6,78,0,0,41,51,18,48,49,0,0,10,97,58,52,0,0,11,15,16,13,0,0,8,14,59,75,77,25,21,0,0,5,45,19,89,0,0,85,63,76,23,20,0,0,31,29,27,28,33,62,0
0;pliki//100 lokacji//RC201.txt;50;40;swap;3;4542;7559.740292401104;2809.4609802892373;936.9151930410811;3813.364119070786;6181.5796668818675;2093.1820573184073;976.9151930410811;3111.4824165223786;20;300001.5715;0,54,93,94,96,0,0,69,82,98,53,12,47,73,0,0,68,55,100,1,3,4,0,0,65,66,91,92,95,80,0,0,61,44,43,40,37,71,81,0,0,88,60,79,8,7,0,0,70,38,41,0,0,83,64,84,50,62,0,0,99,86,74,87,9,17,0,0,32,30,26,34,67,0,0,22,24,57,90,0,0,42,39,36,35,72,0,0,2,46,6,78,0,0,56,51,18,48,49,0,0,97,10,14,0,0,11,15,16,13,0,0,52,59,75,23,21,20,0,0,5,45,19,89,0,0,76,25,77,58,0,0,85,63,33,28,27,29,31,0
0;pliki//100 lokacji//RC201.txt;50;40;swap;3;4543;7559.740292401104;2809.4609802892373;936.9151930410811;3813.364119070786;6181.5796668818675;2093.1820573184073;976.9151930410811;3111.4824165223786;20;300097.3323;0,54,93,94,96,0,0,69,82,98,53,12,47,73,0,0,68,55,100,1,3,4,0,0,65,66,91,92,95,80,0,0,61,44,43,40,37,71,81,0,0,88,60,79,8,7,0,0,70,38,41,0,0,83,64,84,50,62,0,0,99,86,74,87,9,17,0,0,32,30,26,34,67,0,0,90,57,24,22,0,0,42,39,36,35,72,0,0,2,46,6,78,0,0,56,51,18,48,49,0,0,14,10,97,0,0,11,15,16,13,0,0,52,59,75,23,21,20,0,0,5,45,19,89,0,0,76,25,77,58,0,0,85,63,33,28,27,29,31,0
0;pliki//100 lokacji//RC201.txt;50;40;swap;3;4544;7559.740292401104;2809.4609802892373;936.9151930410811;3813.364119070786;6181.5796668818675;2093.1820573184073;976.9151930410811;3111.4824165223786;20;300039.0309;0,54,93,94,96,0,0,69,82,98,53,12,47,73,0,0,68,55,100,1,3,4,0,0,65,66,91,92,95,80,0,0,61,44,43,40,37,71,81,0,0,88,60,79,8,7,0,0,70,38,41,0,0,83,64,84,50,62,0,0,99,86,74,87,9,17,0,0,32,30,26,34,67,0,0,90,57,24,22,0,0,42,39,36,35,72,0,0,2,46,6,78,0,0,56,51,18,48,49,0,0,97,10,14,0,0,11,15,16,13,0,0,52,59,75,23,21,20,0,0,5,45,19,89,0,0,76,25,77,58,0,0,85,63,33,28,27,29,31,0
0;pliki//100 lokacji//RC201.txt;50;40;invert;3;4542;7559.740292401104;2809.4609802892373;936.9151930410811;3813.364119070786;6432.493938388893;2253.432741570694;920;3259.0611968181993;20;300037.2554;0,90,80,94,93,96,81,0,0,82,13,47,12,53,98,69,0,0,68,70,1,46,100,55,0,0,65,66,91,56,95,92,0,0,54,35,4,17,0,0,83,64,84,50,62,0,0,10,97,77,20,0,0,57,24,22,63,0,0,49,48,18,51,41,0,0,78,6,3,2,0,0,34,26,28,30,32,85,0,0,99,86,74,58,87,9,0,0,52,14,59,75,25,21,0,0,23,89,76,0,0,19,73,79,7,0,0,11,15,16,0,0,42,40,36,39,72,0,0,45,5,8,60,88,0,0,71,37,38,43,44,61,0,0,67,33,31,27,29,0
0;pliki//100 lokacji//RC201.txt;50;40;invert;3;4543;7559.740292401104;2809.4609802892373;936.9151930410811;3813.364119070786;6456.190507190104;2265.1431760214105;920;3271.0473311686937;20;300138.8359;0,90,80,94,93,96,81,0,0,69,13,47,12,53,98,82,0,0,68,70,1,46,100,55,0,0,65,66,91,56,95,92,0,0,54,35,4,17,0,0,83,64,84,50,62,0,0,63,22,24,57,0,0,20,77,97,10,0,0,49,48,18,51,41,0,0,78,6,3,2,0,0,34,26,28,30,32,85,0,0,99,86,74,58,87,9,0,0,52,14,59,75,25,21,0,0,23,89,76,0,0,19,73,79,7,0,0,11,15,16,0,0,42,40,36,39,72,0,0,45,5,8,60,88,0,0,71,37,38,43,44,61,0,0,67,33,31,27,29,0
0;pliki//100 lokacji//RC201.txt;50;40;invert;3;4544;7559.740292401104;2809.4609802892373;936.9151930410811;3813.364119070786;6489.446493664453;2261.7630664120006;960;3267.6834272524516;20;300045.506;0,90,80,94,93,96,81,0,0,69,13,47,12,53,98,82,0,0,68,70,1,46,100,55,0,0,65,66,91,56,95,92,0,0,8,16,15,11,0,0,42,40,36,39,72,67,0,0,7,79,73,60,88,0,0,71,37,38,43,44,61,0,0,58,97,10,0,0,49,48,18,51,41,0,0,17,4,35,54,0,0,78,6,3,2,0,0,83,64,84,50,62,0,0,32,30,28,26,34,0,0,85,63,33,27,29,31,0,0,5,45,9,87,74,77,20,52,0,0,57,86,99,0,0,14,59,75,25,21,24,0,0,76,89,23,0,0,19,22,0
0;pliki//100 lokacji//RC201.txt;50;40;insert;3;4542;7559.740292401104;2809.4609802892373;936.9151930410811;3813.364119070786;6385.748964394047;2195.8358979604236;980;3209.9130664336235;20;300110.2908;0,96,94,80,0,0,69,82,98,53,47,12,0,0,68,70,1,46,55,0,0,65,66,91,92,95,56,0,0,81,61,44,43,38,71,93,0,0,88,60,73,79,7,0,0,54,35,37,4,100,0,0,90,83,64,84,50,0,0,99,86,74,87,9,17,0,0,32,30,26,34,67,0,0,24,22,57,0,0,42,40,36,39,72,0,0,2,3,6,78,0,0,41,51,18,48,49,0,0,10,97,58,52,0,0,11,15,16,13,0,0,8,14,59,75,77,25,21,0,0,5,45,19,89,0,0,85,63,76,23,20,0,0,31,29,27,28,33,62,0
0;pliki//100 lokacji//RC201.txt;50;40;insert;3;4543;7559.740292401104;2809.4609802892373;936.9151930410811;3813.364119070786;6385.748964394047;2195.8358979604236;980;3209.9130664336235;20;300041.9418;0,96,94,80,0,0,69,82,98,53,47,12,0,0,68,70,1,46,55,0,0,65,66,91,92,95,56,0,0,81,61,44,43,38,71,93,0,0,88,60,73,79,7,0,0,54,35,37,4,100,0,0,90,83,64,84,50,0,0,99,86,74,87,9,17,0,0,32,30,26,34,67,0,0,24,22,57,0,0,42,40,36,39,72,0,0,2,3,6,78,0,0,41,51,18,48,49,0,0,10,97,58,52,0,0,11,15,16,13,0,0,8,14,59,75,77,25,21,0,0,5,45,19,89,0,0,85,63,76,23,20,0,0,31,29,27,28,33,62,0
0;pliki//100 lokacji//RC201.txt;50;40;insert;3;4544;7559.740292401104;2809.4609802892373;936.9151930410811;3813.364119070786;6385.748964394047;2195.8358979604236;980;3209.9130664336235;20;300025.3498;0,96,94,80,0,0,69,82,98,53,47,12,0,0,68,70,1,46,55,0,0,65,66,91,92,95,56,0,0,81,61,44,43,38,71,93,0,0,88,60,73,79,7,0,0,54,35,37,4,100,0,0,90,83,64,84,50,0,0,99,86,74,87,9,17,0,0,32,30,26,34,67,0,0,24,22,57,0,0,42,40,36,39,72,0,0,2,3,6,78,0,0,41,51,18,48,49,0,0,10,97,58,52,0,0,11,15,16,13,0,0,8,14,59,75,77,25,21,0,0,5,45,19,89,0,0,85,63,76,23,20,0,0,31,29,27,28,33,62,0
0;pliki//100 lokacji//RC201.txt;50;50;swap;3;5542;7559.740292401104;2809.4609802892373;936.9151930410811;3813.364119070786;6181.5796668818675;2093.1820573184073;976.9151930410811;3111.4824165223786;20;300074.5976;0,54,93,94,96,0,0,69,82,98,53,12,47,73,0,0,68,55,100,1,3,4,0,0,65,66,91,92,95,80,0,0,61,44,43,40,37,71,81,0,0,88,60,79,8,7,0,0,70,38,41,0,0,83,64,84,50,62,0,0,99,86,74,87,9,17,0,0,32,30,26,34,67,0,0,22,24,57,90,0,0,42,39,36,35,72,0,0,2,46,6,78,0,0,56,51,18,48,49,0,0,97,10,14,0,0,11,15,16,13,0,0,52,59,75,23,21,20,0,0,5,45,19,89,0,0,76,25,77,58,0,0,85,63,33,28,27,29,31,0
0;pliki//100 lokacji//RC201.txt;50;50;swap;3;5543;7559.740292401104;2809.4609802892373;936.9151930410811;3813.364119070786;6181.5796668818675;2093.1820573184073;976.9151930410811;3111.4824165223786;20;300033.5348;0,54,93,94,96,0,0,69,82,98,53,12,47,73,0,0,68,55,100,1,3,4,0,0,65,66,91,92,95,80,0,0,61,44,43,40,37,71,81,0,0,88,60,79,8,7,0,0,70,38,41,0,0,83,64,84,50,62,0,0,99,86,74,87,9,17,0,0,32,30,26,34,67,0,0,22,24,57,90,0,0,42,39,36,35,72,0,0,2,46,6,78,0,0,56,51,18,48,49,0,0,97,10,14,0,0,11,15,16,13,0,0,52,59,75,23,21,20,0,0,5,45,19,89,0,0,76,25,77,58,0,0,85,63,33,28,27,29,31,0
0;pliki//100 lokacji//RC201.txt;50;50;swap;3;5544;7559.740292401104;2809.4609802892373;936.9151930410811;3813.364119070786;6181.5796668818675;2093.1820573184073;976.9151930410811;3111.4824165223786;20;300112.5241;0,54,93,94,96,0,0,69,82,98,53,12,47,73,0,0,68,55,100,1,3,4,0,0,65,66,91,92,95,80,0,0,61,44,43,40,37,71,81,0,0,88,60,79,8,7,0,0,70,38,41,0,0,83,64,84,50,62,0,0,99,86,74,87,9,17,0,0,32,30,26,34,67,0,0,22,24,57,90,0,0,42,39,36,35,72,0,0,2,46,6,78,0,0,56,51,18,48,49,0,0,97,10,14,0,0,11,15,16,13,0,0,52,59,75,23,21,20,0,0,5,45,19,89,0,0,76,25,77,58,0,0,85,63,33,28,27,29,31,0
0;pliki//100 lokacji//RC201.txt;50;50;invert;3;5542;7559.740292401104;2809.4609802892373;936.9151930410811;3813.364119070786;6460.017802816263;2253.30396649714;940;3266.7138363191225;20;300024.9279;0,90,80,94,93,96,81,0,0,68,70,1,46,100,55,0,0,82,13,47,12,53,98,69,0,0,65,66,91,56,95,92,0,0,54,35,4,17,0,0,83,64,84,50,62,0,0,63,22,24,57,0,0,20,77,97,10,0,0,49,48,18,51,41,0,0,2,3,6,78,0,0,34,26,28,30,32,85,0,0,71,37,38,43,44,61,0,0,99,86,74,58,87,9,0,0,16,15,11,0,0,33,27,29,31,67,0,0,7,79,73,60,88,0,0,52,14,59,75,25,21,0,0,45,5,8,23,0,0,19,89,76,0,0,42,40,36,39,72,0
0;pliki//100 lokacji//RC201.txt;50;50;invert;3;5543;7559.740292401104;2809.4609802892373;936.9151930410811;3813.364119070786;6495.817104765103;2264.9483719623263;960;3270.8687328027763;20;300085.6859;0,90,80,94,93,96,81,0,0,69,13,47,12,53,98,82,0,0,68,70,1,46,100,55,0,0,65,66,91,56,95,92,0,0,11,15,16,8,0,0,42,40,36,39,72,67,0,0,7,79,73,60,88,0,0,71,37,38,43,44,61,0,0,58,97,10,0,0,49,48,18,51,41,0,0,54,35,4,17,0,0,83,64,84,50,62,0,0,32,30,28,26,34,0,0,2,3,6,78,0,0,85,63,33,27,29,31,0,0,5,45,9,87,74,77,20,0,0,57,86,99,0,0,52,14,59,75,25,21,0,0,23,89,76,0,0,24,19,22,0
0;pliki//100 lokacji//RC201.txt;50;50;invert;3;5544;7559.740292401104;2809.4609802892373;936.9151930410811;3813.364119070786;6388.611905609607;2229.7908747294796;920;3238.8210308801276;20;300035.6111;0,90,80,94,93,96,81,0,0,68,70,1,46,100,55,0,0,82,13,47,12,53,98,69,0,0,65,66,91,56,95,92,0,0,54,35,4,17,0,0,83,64,84,50,62,0,0,57,24,22,63,0,0,20,77,97,10,0,0,49,48,18,51,41,0,0,2,3,6,78,0,0,34,26,28,30,32,85,0,0,52,14,59,75,25,21,0,0,23,89,76,0,0,19,58,74,86,99,0,0,11,15,16,0,0,42,40,36,39,72,0,0,88,60,8,5,45,0,0,71,37,38,43,44,61,0,0,7,79,73,9,87,0,0,67,33,27,29,31,0
0;pliki//100 lokacji//RC201.txt;50;50;insert;3;5542;7559.740292401104;2809.4609802892373;936.9151930410811;3813.364119070786;6385.748964394047;2195.8358979604236;980;3209.9130664336235;20;300020.189;0,96,94,80,0,0,69,82,98,53,47,12,0,0,68,70,1,46,55,0,0,65,66,91,92,95,56,0,0,81,61,44,43,38,71,93,0,0,88,60,73,79,7,0,0,54,35,37,4,100,0,0,90,83,64,84,50,0,0,99,86,74,87,9,17,0,0,32,30,26,34,67,0,0,24,22,57,0,0,42,40,36,39,72,0,0,2,3,6,78,0,0,41,51,18,48,49,0,0,10,97,58,52,0,0,11,15,16,13,0,0,8,14,59,75,77,25,21,0,0,5,45,19,89,0,0,85,63,76,23,20,0,0,31,29,27,28,33,62,0
0;pliki//100 lokacji//RC201.txt;50;50;insert;3;5543;7559.740292401104;2809.4609802892373;936.9151930410811;3813.364119070786;6385.748964394047;2195.8358979604236;980;3209.9130664336235;20;300105.7649;0,96,94,80,0,0,69,82,98,53,47,12,0,0,68,70,1,46,55,0,0,65,66,91,92,95,56,0,0,81,61,44,43,38,71,93,0,0,88,60,73,79,7,0,0,54,35,37,4,100,0,0,90,83,64,84,50,0,0,99,86,74,87,9,17,0,0,32,30,26,34,67,0,0,24,22,57,0,0,42,40,36,39,72,0,0,2,3,6,78,0,0,41,51,18,48,49,0,0,10,97,58,52,0,0,11,15,16,13,0,0,8,14,59,75,77,25,21,0,0,5,45,19,89,0,0,85,63,76,23,20,0,0,31,29,27,28,33,62,0
0;pliki//100 lokacji//RC201.txt;50;50;insert;3;5544;7559.740292401104;2809.4609802892373;936.9151930410811;3813.364119070786;6385.748964394047;2195.8358979604236;980;3209.9130664336235;20;300150.2292;0,96,94,80,0,0,69,82,98,53,47,12,0,0,68,70,1,46,55,0,0,65,66,91,92,95,56,0,0,81,61,44,43,38,71,93,0,0,88,60,73,79,7,0,0,54,35,37,4,100,0,0,90,83,64,84,50,0,0,99,86,74,87,9,17,0,0,32,30,26,34,67,0,0,24,22,57,0,0,42,40,36,39,72,0,0,2,3,6,78,0,0,41,51,18,48,49,0,0,10,97,58,52,0,0,11,15,16,13,0,0,8,14,59,75,77,25,21,0,0,5,45,19,89,0,0,85,63,76,23,20,0,0,31,29,27,28,33,62,0
0;pliki//100 lokacji//RC201.txt;100;10;swap;3;2042;7559.740292401104;2809.4609802892373;936.9151930410811;3813.364119070786;5896.0020285153205;2030.298633392885;820.8951165689966;3044.808278553439;22;300059.5566;0,2,78,98,0,0,43,40,41,81,0,0,51,76,85,94,0,0,24,25,49,22,0,0,38,44,61,0,0,100,45,5,3,1,68,0,0,42,36,35,37,39,0,0,34,31,29,30,32,67,93,0,0,95,33,28,26,27,0,0,56,84,63,50,62,0,0,17,47,16,15,0,0,12,14,10,82,0,0,9,13,11,73,60,53,0,0,23,21,48,64,66,0,0,79,7,8,6,88,0,0,89,18,19,20,0,0,90,99,86,74,57,0,0,70,4,46,55,0,0,65,97,58,77,83,0,0,69,87,59,75,52,0,0,80,92,91,0,0,54,72,71,96,0
0;pliki//100 lokacji//RC201.txt;100;10;swap;3;2043;7559.740292401104;2809.4609802892373;936.9151930410811;3813.364119070786;5956.7398746628205;2017.063320396042;900;3039.676554266779;22;300044.861;0,9,10,47,14,0,0,66,64,56,93,71,0,0,54,96,91,80,0,0,1,3,46,6,4,0,0,20,22,57,90,0,0,15,16,17,12,0,0,92,34,31,32,33,0,0,37,36,35,72,81,0,0,83,24,19,49,0,0,50,67,94,0,0,55,88,0,0,95,84,85,63,76,51,0,0,79,73,78,60,53,0,0,68,42,40,38,39,0,0,59,75,97,87,82,0,0,74,86,99,0,0,89,25,77,58,65,0,0,43,44,41,61,70,0,0,23,21,48,18,0,0,5,45,8,7,2,0,0,62,28,26,27,29,30,0,0,69,100,98,11,13,52,0
0;pliki//100 lokacji//RC201.txt;100;10;swap;3;2044;7559.740292401104;2809.4609802892373;936.9151930410811;3813.364119070786;5995.56333739508;2041.7446487946052;880;3073.818688600475;21;300050.8969;0,36,35,72,71,93,0,0,51,76,63,85,56,0,0,53,14,47,13,59,74,57,0,0,64,24,23,21,49,20,0,0,52,25,77,58,11,0,0,91,92,95,33,28,37,40,81,0,0,99,82,98,69,0,0,2,4,45,5,0,0,31,27,26,67,0,0,60,7,8,46,6,55,0,0,12,17,16,15,0,0,48,18,89,84,0,0,10,9,87,86,0,0,54,38,43,44,61,0,0,80,94,96,0,0,100,3,1,70,68,0,0,79,73,78,88,0,0,42,39,41,0,0,19,75,97,90,0,0,66,22,83,65,0,0,62,50,32,30,29,34,0
0;pliki//100 lokacji//RC201.txt;100;10;invert;3;2042;7559.740292401104;2809.4609802892373;936.9151930410811;3813.364119070786;5994.486593001829;1941.3960022675128;1091.4874294413264;2961.603161292989;21;300006.4135;0,80,62,67,71,93,94,0,0,44,43,36,35,0,0,14,15,16,47,73,60,0,0,55,100,3,46,7,88,0,0,87,59,97,12,0,0,52,86,74,58,75,77,0,0,64,18,21,23,0,0,56,84,63,50,92,0,0,96,81,0,0,61,42,39,38,72,54,0,0,83,24,25,48,20,66,0,0,10,11,9,0,0,91,95,33,26,28,30,32,0,0,31,29,27,34,0,0,49,19,22,0,0,68,70,40,37,41,0,0,8,4,45,5,1,0,0,65,57,99,82,90,0,0,51,76,89,85,0,0,2,6,98,69,0,0,79,78,17,13,53,0
0;pliki//100 lokacji//RC201.txt;100;10;invert;3;2043;7559.740292401104;2809.4609802892373;936.9151930410811;3813.364119070786;6169.223032520193;2034.555895813812;1060.2775893261999;3074.3895473801813;21;300107.3805;0,88,7,8,79,53,0,0,1,5,2,55,0,0,65,99,52,86,83,0,0,96,92,84,56,0,0,41,44,43,61,0,0,66,64,76,51,0,0,21,48,18,19,49,0,0,91,62,32,30,28,34,67,0,0,82,11,98,69,0,0,42,40,36,72,71,93,0,0,58,97,17,60,0,0,80,94,54,81,0,0,6,46,4,45,3,100,0,0,10,13,14,78,0,0,95,85,63,89,33,26,0,0,38,37,35,39,0,0,50,31,29,27,0,0,73,47,16,15,12,0,0,75,77,25,23,24,0,0,68,70,22,20,0,0,90,9,87,59,74,57,0
0;pliki//100 lokacji//RC201.txt;100;10;invert;3;2044;7559.740292401104;2809.4609802892373;936.9151930410811;3813.364119070786;6044.222726435859;1997.1380158126492;1044.3020338698875;3002.7826767533224;20;300092.6758;0,90,11,15,16,0,0,7,79,73,60,88,0,0,71,37,38,43,44,61,0,0,82,13,47,12,53,98,69,0,0,85,63,33,27,29,31,67,0,0,68,70,1,46,100,55,0,0,65,66,91,56,95,92,0,0,42,40,36,39,72,81,0,0,83,64,84,50,0,0,10,17,78,0,0,2,4,45,8,6,0,0,5,3,35,41,0,0,74,77,58,97,87,9,0,0,54,93,94,96,0,0,20,49,48,18,51,80,0,0,34,26,28,30,32,62,0,0,57,86,99,0,0,52,14,59,75,25,21,0,0,23,89,76,0,0,24,19,22,0
0;pliki//100 lokacji//RC201.txt;100;10;insert;3;2042;7559.740292401104;2809.4609802892373;936.9151930410811;3813.364119070786;6385.748964394047;2195.8358979604236;980;3209.9130664336235;20;300124.44;0,96,94,80,0,0,69,82,98,53,47,12,0,0,68,70,1,46,55,0,0,65,66,91,92,95,56,0,0,81,61,44,43,38,71,93,0,0,88,60,73,79,7,0,0,54,35,37,4,100,0,0,90,83,64,84,50,0,0,99,86,74,87,9,17,0,0,32,30,26,34,67,0,0,24,22,57,0,0,42,40,36,39,72,0,0,2,3,6,78,0,0,41,51,18,48,49,0,0,10,97,58,52,0,0,11,15,16,13,0,0,8,14,59,75,77,25,21,0,0,5,45,19,89,0,0,85,63,76,23,20,0,0,31,29,27,28,33,62,0
0;pliki//100 lokacji//RC201.txt;100;10;insert;3;2043;7559.740292401104;2809.4609802892373;936.9151930410811;3813.364119070786;6385.748964394047;2195.8358979604236;980;3209.9130664336235;20;300105.0297;0,96,94,80,0,0,69,82,98,53,47,12,0,0,68,70,1,46,55,0,0,65,66,91,92,95,56,0,0,81,61,44,43,38,71,93,0,0,88,60,73,79,7,0,0,54,35,37,4,100,0,0,90,83,64,84,50,0,0,99,86,74,87,9,17,0,0,32,30,26,34,67,0,0,24,22,57,0,0,42,40,36,39,72,0,0,2,3,6,78,0,0,41,51,18,48,49,0,0,10,97,58,52,0,0,11,15,16,13,0,0,8,14,59,75,77,25,21,0,0,5,45,19,89,0,0,85,63,76,23,20,0,0,31,29,27,28,33,62,0
0;pliki//100 lokacji//RC201.txt;100;10;insert;3;2044;7559.740292401104;2809.4609802892373;936.9151930410811;3813.364119070786;6385.748964394047;2195.8358979604236;980;3209.9130664336235;20;300068.3084;0,96,94,80,0,0,69,82,98,53,47,12,0,0,68,70,1,46,55,0,0,65,66,91,92,95,56,0,0,81,61,44,43,38,71,93,0,0,88,60,73,79,7,0,0,54,35,37,4,100,0,0,90,83,64,84,50,0,0,99,86,74,87,9,17,0,0,32,30,26,34,67,0,0,24,22,57,0,0,42,40,36,39,72,0,0,2,3,6,78,0,0,41,51,18,48,49,0,0,10,97,58,52,0,0,11,15,16,13,0,0,8,14,59,75,77,25,21,0,0,5,45,19,89,0,0,85,63,76,23,20,0,0,31,29,27,28,33,62,0
0;pliki//100 lokacji//RC201.txt;100;20;swap;3;3042;7559.740292401104;2809.4609802892373;936.9151930410811;3813.364119070786;5866.505813034126;1946.1511119255636;962.2153769688377;2958.139324139724;22;300113.7081;0,99,65,0,0,80,50,67,94,0,0,54,41,96,81,0,0,13,16,15,11,0,0,2,8,46,4,61,68,0,0,79,73,78,17,53,0,0,100,1,3,5,45,55,0,0,83,24,25,74,86,52,0,0,39,36,35,37,72,0,0,76,89,63,62,91,0,0,84,85,33,32,31,34,0,0,9,97,75,58,90,0,0,92,51,18,77,59,87,0,0,42,44,43,40,38,0,0,56,95,64,66,0,0,60,7,6,70,0,0,23,21,48,19,0,0,12,14,47,10,82,0,0,29,27,26,28,30,0,0,20,49,22,57,0,0,88,98,69,0,0,93,71,0
0;pliki//100 lokacji//RC201.txt;100;20;swap;3;3043;7559.740292401104;2809.4609802892373;936.9151930410811;3813.364119070786;5956.924797872875;2018.5242028456087;900;3038.4005950272667;21;300040.4675;0,22,64,0,0,96,93,67,50,91,0,0,6,45,5,2,0,0,85,89,18,25,58,0,0,20,49,19,23,0,0,24,48,21,77,75,74,86,90,0,0,38,44,61,70,68,0,0,1,3,4,46,55,0,0,31,27,26,33,0,0,100,60,79,8,7,88,0,0,42,36,39,41,0,0,54,72,94,95,56,0,0,78,73,16,15,13,0,0,37,35,40,43,81,0,0,80,92,66,65,0,0,83,57,59,52,99,82,0,0,62,32,30,28,29,34,71,0,0,12,11,69,0,0,87,97,9,53,0,0,10,14,47,17,98,0,0,84,63,76,51,0
0;pliki//100 lokacji//RC201.txt;100;20;swap;3;3044;7559.740292401104;2809.4609802892373;936.9151930410811;3813.364119070786;6059.976552453174;2100.8847827812588;820.7097119692244;3138.3820577026904;22;300042.7293;0,50,26,28,30,32,62,0,0,99,52,25,23,21,0,0,54,81,84,22,0,0,100,4,46,8,7,6,0,0,51,76,89,85,0,0,65,59,97,87,0,0,38,43,44,42,61,0,0,80,94,96,0,0,69,0,0,92,34,31,33,63,95,0,0,55,2,60,98,0,0,39,36,35,72,0,0,11,10,0,0,83,20,64,56,91,0,0,68,1,3,5,45,0,0,66,57,86,9,53,0,0,79,73,78,88,0,0,70,40,37,41,0,0,18,48,19,49,0,0,71,93,24,77,75,58,74,90,0,0,47,17,14,29,27,67,0,0,82,13,16,15,12,0
0;pliki//100 lokacji//RC201.txt;100;20;invert;3;3042;7559.740292401104;2809.4609802892373;936.9151930410811;3813.364119070786;6263.939438555066;2116.5207527510584;1004.6512795829025;3142.7674062211054;22;300129.5109;0,44,40,37,39,41,72,0,0,54,68,0,0,80,28,26,27,29,0,0,70,45,2,69,0,0,49,18,48,25,77,87,0,0,52,59,75,23,21,24,0,0,51,76,57,0,0,86,13,11,9,0,0,88,14,17,15,82,0,0,50,62,56,64,0,0,93,33,32,30,31,34,67,0,0,74,58,97,66,0,0,96,71,38,81,0,0,35,36,43,42,0,0,98,53,60,61,0,0,22,19,20,0,0,99,10,16,47,0,0,95,84,85,63,89,83,0,0,1,3,4,46,55,0,0,100,5,8,78,12,0,0,94,92,91,65,90,0,0,73,79,7,6,0
0;pliki//100 lokacji//RC201.txt;100;20;invert;3;3043;7559.740292401104;2809.4609802892373;936.9151930410811;3813.364119070786;6135.367955748778;1993.9948683096409;1140;3001.3730874391367;21;300091.5292;0,80,94,91,66,0,0,83,24,20,19,89,85,0,0,68,1,3,5,45,0,0,31,29,27,32,71,93,0,0,55,7,6,100,70,0,0,92,84,63,76,51,0,0,10,87,59,74,65,0,0,60,79,14,16,13,0,0,81,72,35,37,38,61,0,0,82,98,69,0,0,30,28,26,34,67,0,0,73,17,47,15,12,0,0,22,21,48,18,0,0,42,43,40,36,39,0,0,64,77,75,58,86,52,0,0,95,33,50,62,56,0,0,90,99,97,57,0,0,2,4,46,8,88,0,0,49,23,25,0,0,44,41,54,96,0,0,53,78,11,9,0
0;pliki//100 lokacji//RC201.txt;100;20;invert;3;3044;7559.740292401104;2809.4609802892373;936.9151930410811;3813.364119070786;6288.131123030102;2014.768377400413;1245.0477046922015;3028.3150409374866;21;300059.3948;0,42,39,38,35,72,0,0,82,99,25,23,0,0,67,31,27,33,85,64,0,0,68,70,6,88,98,0,0,4,46,8,5,3,0,0,78,73,14,12,65,0,0,92,62,63,76,51,83,0,0,44,43,40,36,37,0,0,10,11,9,0,0,59,75,58,77,74,86,52,0,0,96,71,41,61,0,0,20,49,21,48,84,56,0,0,50,32,30,28,34,0,0,87,97,57,0,0,80,94,91,0,0,90,13,15,16,17,47,53,0,0,24,22,66,0,0,55,79,60,69,0,0,89,18,19,0,0,2,7,45,1,100,0,0,81,54,93,29,26,95,0
0;pliki//100 lokacji//RC201.txt;100;20;insert;3;3042;7559.740292401104;2809.4609802892373;936.9151930410811;3813.364119070786;6385.748964394047;2195.8358979604236;980;3209.9130664336235;20;300109.3336;0,96,94,80,0,0,69,82,98,53,47,12,0,0,68,70,1,46,55,0,0,65,66,91,92,95,56,0,0,81,61,44,43,38,71,93,0,0,88,60,73,79,7,0,0,54,35,37,4,100,0,0,90,83,64,84,50,0,0,99,86,74,87,9,17,0,0,32,30,26,34,67,0,0,24,22,57,0,0,42,40,36,39,72,0,0,2,3,6,78,0,0,41,51,18,48,49,0,0,10,97,58,52,0,0,11,15,16,13,0,0,8,14,59,75,77,25,21,0,0,5,45,19,89,0,0,85,63,76,23,20,0,0,31,29,27,28,33,62,0
0;pliki//100 lokacji//RC201.txt;100;20;insert;3;3043;7559.740292401104;2809.4609802892373;936.9151930410811;3813.364119070786;6385.748964394047;2195.8358979604236;980;3209.9130664336235;20;300029.9429;0,96,94,80,0,0,69,82,98,53,47,12,0,0,68,70,1,46,55,0,0,65,66,91,92,95,56,0,0,81,61,44,43,38,71,93,0,0,88,60,73,79,7,0,0,54,35,37,4,100,0,0,90,83,64,84,50,0,0,99,86,74,87,9,17,0,0,32,30,26,34,67,0,0,24,22,57,0,0,42,40,36,39,72,0,0,2,3,6,78,0,0,41,51,18,48,49,0,0,10,97,58,52,0,0,11,15,16,13,0,0,8,14,59,75,77,25,21,0,0,5,45,19,89,0,0,85,63,76,23,20,0,0,31,29,27,28,33,62,0
0;pliki//100 lokacji//RC201.txt;100;20;insert;3;3044;7559.740292401104;2809.4609802892373;936.9151930410811;3813.364119070786;6385.748964394047;2195.8358979604236;980;3209.9130664336235;20;300034.1464;0,96,94,80,0,0,69,82,98,53,47,12,0,0,68,70,1,46,55,0,0,65,66,91,92,95,56,0,0,81,61,44,43,38,71,93,0,0,88,60,73,79,7,0,0,54,35,37,4,100,0,0,90,83,64,84,50,0,0,99,86,74,87,9,17,0,0,32,30,26,34,67,0,0,24,22,57,0,0,42,40,36,39,72,0,0,2,3,6,78,0,0,41,51,18,48,49,0,0,10,97,58,52,0,0,11,15,16,13,0,0,8,14,59,75,77,25,21,0,0,5,45,19,89,0,0,85,63,76,23,20,0,0,31,29,27,28,33,62,0
0;pliki//100 lokacji//RC201.txt;100;30;swap;3;4042;7559.740292401104;2809.4609802892373;936.9151930410811;3813.364119070786;5864.359067374555;1976.8003413332478;886.4911064067351;3001.067619634572;21;300026.3714;0,94,93,71,96,81,0,0,55,2,4,68,0,0,31,29,27,28,30,32,0,0,23,21,20,64,0,0,24,25,57,66,0,0,48,18,22,0,0,100,1,3,5,45,46,8,0,0,69,77,75,58,52,0,0,73,79,7,6,88,0,0,51,76,89,63,85,0,0,53,60,78,14,47,98,0,0,38,40,44,41,61,0,0,87,59,97,13,82,0,0,39,36,35,37,0,0,15,16,17,12,0,0,91,50,34,67,0,0,49,19,74,86,99,90,0,0,10,11,9,0,0,70,43,42,72,54,0,0,80,92,83,65,0,0,95,33,26,62,84,56,0
0;pliki//100 lokacji//RC201.txt;100;30;swap;3;4043;7559.740292401104;2809.4609802892373;936.9151930410811;3813.364119070786;5991.729902190505;2029.5361879742134;925.479802701451;3036.71391151484;21;300015.5879;0,10,9,74,86,90,0,0,72,36,39,41,0,0,27,33,31,34,62,0,0,76,63,50,92,0,0,22,49,48,18,0,0,57,85,84,67,94,0,0,53,17,47,14,12,82,0,0,24,25,23,99,0,0,55,6,7,8,88,0,0,37,35,38,44,61,0,0,66,64,20,21,77,75,58,0,0,29,28,26,30,32,89,0,0,52,59,97,87,65,0,0,54,71,93,91,0,0,79,73,78,60,0,0,68,81,96,80,0,0,56,95,51,19,83,0,0,70,3,45,46,4,0,0,40,43,42,69,0,0,15,16,13,11,0,0,100,1,5,2,98,0
0;pliki//100 lokacji//RC201.txt;100;30;swap;3;4044;7559.740292401104;2809.4609802892373;936.9151930410811;3813.364119070786;5946.327414061999;2050.7418044639403;820;3075.5856095980585;21;300032.6682;0,6,8,5,45,2,0,0,94,92,95,63,85,91,0,0,33,32,28,26,27,0,0,9,11,14,69,0,0,23,21,48,19,0,0,68,39,35,34,30,0,0,1,3,4,46,55,0,0,57,86,87,99,90,0,0,64,89,76,0,0,100,70,56,51,84,0,0,10,78,53,0,0,98,47,17,16,15,0,0,7,79,73,60,88,0,0,43,44,40,38,61,0,0,66,83,65,0,0,72,37,36,42,41,0,0,59,97,58,77,74,52,82,0,0,96,93,71,54,81,0,0,24,25,75,13,12,0,0,31,29,50,62,67,80,0,0,20,49,18,22,0
0;pliki//100 lokacji//RC201.txt;100;30;invert;3;4042;7559.740292401104;2809.4609802892373;936.9151930410811;3813.364119070786;6295.56057441544;2110.8454158250447;1061.7060454367943;3123.0091131536014;21;300097.5998;0,22,48,74,57,0,0,50,27,28,30,67,93,0,0,54,96,0,0,1,5,7,2,0,0,68,70,78,88,0,0,98,53,14,9,59,65,0,0,11,15,16,0,0,83,18,21,25,82,0,0,80,92,95,63,85,91,0,0,3,45,46,79,69,0,0,55,100,4,8,6,60,0,0,39,38,40,43,42,0,0,73,17,47,12,13,86,0,0,81,72,37,35,36,0,0,29,32,33,89,51,84,0,0,94,71,41,44,61,0,0,62,26,31,34,0,0,76,19,49,20,0,0,10,52,64,56,0,0,66,24,23,99,0,0,77,58,75,97,87,90,0
0;pliki//100 lokacji//RC201.txt;100;30;invert;3;4043;7559.740292401104;2809.4609802892373;936.9151930410811;3813.364119070786;6355.996746164541;2143.0800954524016;1020;3192.916650712139;21;300097.0898;0,69,60,53,25,24,0,0,72,35,36,39,44,0,0,34,29,32,33,85,64,0,0,45,79,73,78,98,0,0,68,61,40,37,71,54,81,0,0,9,87,75,58,57,0,0,31,28,30,50,62,67,0,0,11,10,0,0,82,97,13,15,17,0,0,92,27,26,63,95,0,0,83,59,77,48,49,20,66,0,0,100,3,4,46,55,0,0,12,14,47,16,65,0,0,80,94,93,96,0,0,6,5,2,0,0,41,38,43,42,0,0,70,1,8,7,88,0,0,91,51,89,84,0,0,22,74,86,52,0,0,19,76,56,0,0,18,21,23,99,90,0
0;pliki//100 lokacji//RC201.txt;100;30;invert;3;4044;7559.740292401104;2809.4609802892373;936.9151930410811;3813.364119070786;6238.531391365006;2093.7598397827132;1040;3104.7715515822924;22;300082.1151;0,42,43,36,39,0,0,44,40,35,37,38,0,0,2,6,8,46,1,0,0,41,72,67,94,0,0,65,64,51,63,84,0,0,16,15,10,0,0,20,49,21,24,86,0,0,14,13,97,59,82,0,0,91,62,33,32,26,31,0,0,48,18,22,0,0,25,23,19,0,0,11,87,75,58,77,74,0,0,80,96,54,81,0,0,55,70,61,0,0,50,34,30,85,66,0,0,69,17,47,12,0,0,4,45,5,3,100,0,0,68,88,60,53,9,90,0,0,83,57,52,99,98,0,0,78,73,79,7,0,0,92,89,76,0,0,56,95,28,27,29,71,93,0
0;pliki//100 lokacji//RC201.txt;100;30;insert;3;4042;7559.740292401104;2809.4609802892373;936.9151930410811;3813.364119070786;6385.748964394047;2195.8358979604236;980;3209.9130664336235;20;300055.1238;0,96,94,80,0,0,69,82,98,53,47,12,0,0,68,70,1,46,55,0,0,65,66,91,92,95,56,0,0,81,61,44,43,38,71,93,0,0,88,60,73,79,7,0,0,54,35,37,4,100,0,0,90,83,64,84,50,0,0,99,86,74,87,9,17,0,0,32,30,26,34,67,0,0,24,22,57,0,0,42,40,36,39,72,0,0,2,3,6,78,0,0,41,51,18,48,49,0,0,10,97,58,52,0,0,11,15,16,13,0,0,8,14,59,75,77,25,21,0,0,5,45,19,89,0,0,85,63,76,23,20,0,0,31,29,27,28,33,62,0
0;pliki//100 lokacji//RC201.txt;100;30;insert;3;4043;7559.740292401104;2809.4609802892373;936.9151930410811;3813.364119070786;6385.748964394047;2195.8358979604236;980;3209.9130664336235;20;300226.8631;0,96,94,80,0,0,69,82,98,53,47,12,0,0,68,70,1,46,55,0,0,65,66,91,92,95,56,0,0,81,61,44,43,38,71,93,0,0,88,60,73,79,7,0,0,54,35,37,4,100,0,0,90,83,64,84,50,0,0,99,86,74,87,9,17,0,0,32,30,26,34,67,0,0,24,22,57,0,0,42,40,36,39,72,0,0,2,3,6,78,0,0,41,51,18,48,49,0,0,10,97,58,52,0,0,11,15,16,13,0,0,8,14,59,75,77,25,21,0,0,5,45,19,89,0,0,85,63,76,23,20,0,0,31,29,27,28,33,62,0
0;pliki//100 lokacji//RC201.txt;100;30;insert;3;4044;7559.740292401104;2809.4609802892373;936.9151930410811;3813.364119070786;6385.748964394047;2195.8358979604236;980;3209.9130664336235;20;300046.6348;0,96,94,80,0,0,69,82,98,53,47,12,0,0,68,70,1,46,55,0,0,65,66,91,92,95,56,0,0,81,61,44,43,38,71,93,0,0,88,60,73,79,7,0,0,54,35,37,4,100,0,0,90,83,64,84,50,0,0,99,86,74,87,9,17,0,0,32,30,26,34,67,0,0,24,22,57,0,0,42,40,36,39,72,0,0,2,3,6,78,0,0,41,51,18,48,49,0,0,10,97,58,52,0,0,11,15,16,13,0,0,8,14,59,75,77,25,21,0,0,5,45,19,89,0,0,85,63,76,23,20,0,0,31,29,27,28,33,62,0
0;pliki//100 lokacji//RC201.txt;100;40;swap;3;5042;7559.740292401104;2809.4609802892373;936.9151930410811;3813.364119070786;5945.073875122528;1967.3807630174342;980;2997.693112105094;21;300256.104;0,42,36,35,37,39,0,0,38,40,43,44,0,0,68,61,41,54,81,0,0,25,77,97,99,90,0,0,24,22,57,0,0,63,89,76,83,0,0,86,74,58,75,59,87,52,0,0,45,5,73,47,98,69,0,0,65,66,64,95,92,0,0,84,85,26,27,29,0,0,14,17,11,9,0,0,79,7,8,46,6,0,0,91,56,50,67,80,0,0,18,19,51,0,0,96,72,71,93,94,0,0,55,100,2,88,0,0,23,21,48,49,20,0,0,70,1,3,4,0,0,82,13,16,15,12,0,0,60,78,10,53,0,0,62,33,32,30,28,31,34,0
0;pliki//100 lokacji//RC201.txt;100;40;swap;3;5043;7559.740292401104;2809.4609802892373;936.9151930410811;3813.364119070786;5949.786493251961;1996.0638188669807;940;3013.7226743849797;22;300090.1655;0,1,3,5,2,61,0,0,92,85,63,89,76,0,0,41,71,93,0,0,54,81,0,0,91,84,51,20,57,0,0,82,9,13,16,15,0,0,52,25,23,64,0,0,95,33,27,29,34,0,0,10,14,47,17,98,0,0,60,12,11,0,0,65,59,97,87,0,0,24,22,56,66,0,0,80,94,96,0,0,69,83,62,50,0,0,35,36,38,0,0,100,4,45,46,55,0,0,18,48,21,19,49,0,0,43,40,37,39,44,42,72,0,0,90,99,86,74,58,75,77,0,0,68,70,8,7,6,0,0,53,78,73,79,88,0,0,31,26,28,30,32,67,0
0;pliki//100 lokacji//RC201.txt;100;40;swap;3;5044;7559.740292401104;2809.4609802892373;936.9151930410811;3813.364119070786;5962.445664322888;2050.8486079000277;841.1123169796384;3070.4847394432218;22;300094.4861;0,63,33,50,62,84,56,0,0,83,22,0,0,11,15,16,0,0,68,6,8,7,88,0,0,4,45,5,100,0,0,42,39,36,35,72,0,0,73,17,47,12,69,0,0,49,21,23,19,0,0,80,92,95,91,0,0,59,86,57,65,0,0,26,28,30,32,67,0,0,54,41,70,55,0,0,81,96,71,93,94,0,0,38,37,40,43,44,0,0,85,89,76,64,0,0,31,29,27,34,0,0,58,75,77,48,18,51,0,0,87,97,13,9,90,0,0,98,14,10,52,99,82,0,0,2,46,3,1,61,0,0,74,25,24,20,66,0,0,60,79,78,53,0
0;pliki//100 lokacji//RC201.txt;100;40;invert;3;5042;7559.740292401104;2809.4609802892373;936.9151930410811;3813.364119070786;6177.726557952847;2113.729208738599;940;3123.9973492142476;22;300097.2626;0,70,1,4,46,100,0,0,33,26,27,29,0,0,2,8,45,5,3,0,0,53,14,16,17,73,79,0,0,88,60,78,69,0,0,96,50,71,81,0,0,56,51,85,84,94,0,0,76,21,23,24,0,0,20,49,48,77,58,97,0,0,64,57,98,0,0,54,43,35,0,0,82,9,13,15,11,0,0,83,22,25,52,0,0,93,34,28,30,32,67,91,0,0,55,6,7,90,0,0,80,66,0,0,12,47,10,0,0,18,19,86,0,0,41,38,40,44,61,0,0,95,63,89,31,62,92,0,0,68,42,39,36,37,72,0,0,99,87,59,75,74,65,0
0;pliki//100 lokacji//RC201.txt;100;40;invert;3;5043;7559.740292401104;2809.4609802892373;936.9151930410811;3813.364119070786;6277.999227314772;2086.5124990640043;1080;3111.4867282507676;22;300204.8283;0,72,34,29,30,33,67,0,0,10,57,0,0,79,73,78,53,0,0,18,48,25,86,0,0,98,14,15,16,13,9,0,0,92,66,65,90,0,0,6,8,5,46,2,0,0,22,19,56,0,0,62,50,31,32,84,0,0,1,3,45,4,55,0,0,37,35,36,39,0,0,68,100,70,61,54,81,0,0,93,40,43,7,60,88,0,0,95,63,76,21,49,20,24,0,0,71,38,44,42,41,0,0,82,52,74,58,75,77,23,0,0,87,97,59,83,0,0,99,69,0,0,12,47,17,11,0,0,91,64,51,85,94,0,0,89,28,26,27,0,0,80,96,0
0;pliki//100 lokacji//RC201.txt;100;40;invert;3;5044;7559.740292401104;2809.4609802892373;936.9151930410811;3813.364119070786;6377.84705109699;2107.6673431637782;1160.8061301782109;3109.373577755001;22;300100.9605;0,59,75,16,15,47,0,0,83,22,49,58,52,90,0,0,10,17,13,9,0,0,73,79,60,88,0,0,19,23,48,51,0,0,42,44,43,40,35,72,0,0,39,38,0,0,55,2,70,61,0,0,95,63,30,34,31,71,0,0,91,66,56,80,0,0,3,4,46,8,7,53,0,0,6,45,5,1,100,0,0,84,76,89,24,0,0,96,94,0,0,65,77,97,74,86,0,0,41,36,37,54,0,0,92,62,85,33,32,50,93,81,0,0,25,21,18,20,64,0,0,99,82,69,0,0,29,27,26,28,67,0,0,98,12,14,78,68,0,0,11,87,57,0
0;pliki//100 lokacji//RC201.txt;100;40;insert;3;5042;7559.740292401104;2809.4609802892373;936.9151930410811;3813.364119070786;6385.748964394047;2195.8358979604236;980;3209.9130664336235;20;300002.8476;0,96,94,80,0,0,69,82,98,53,47,12,0,0,68,70,1,46,55,0,0,65,66,91,92,95,56,0,0,81,61,44,43,38,71,93,0,0,88,60,73,79,7,0,0,54,35,37,4,100,0,0,90,83,64,84,50,0,0,99,86,74,87,9,17,0,0,32,30,26,34,67,0,0,24,22,57,0,0,42,40,36,39,72,0,0,2,3,6,78,0,0,41,51,18,48,49,0,0,10,97,58,52,0,0,11,15,16,13,0,0,8,14,59,75,77,25,21,0,0,5,45,19,89,0,0,85,63,76,23,20,0,0,31,29,27,28,33,62,0
0;pliki//100 lokacji//RC201.txt;100;40;insert;3;5043;7559.740292401104;2809.4609802892373;936.9151930410811;3813.364119070786;6385.748964394047;2195.8358979604236;980;3209.9130664336235;20;300079.8622;0,96,94,80,0,0,69,82,98,53,47,12,0,0,68,70,1,46,55,0,0,65,66,91,92,95,56,0,0,81,61,44,43,38,71,93,0,0,88,60,73,79,7,0,0,54,35,37,4,100,0,0,90,83,64,84,50,0,0,99,86,74,87,9,17,0,0,32,30,26,34,67,0,0,24,22,57,0,0,42,40,36,39,72,0,0,2,3,6,78,0,0,41,51,18,48,49,0,0,10,97,58,52,0,0,11,15,16,13,0,0,8,14,59,75,77,25,21,0,0,5,45,19,89,0,0,85,63,76,23,20,0,0,31,29,27,28,33,62,0
0;pliki//100 lokacji//RC201.txt;100;40;insert;3;5044;7559.740292401104;2809.4609802892373;936.9151930410811;3813.364119070786;6385.748964394047;2195.8358979604236;980;3209.9130664336235;20;300263.4073;0,96,94,80,0,0,69,82,98,53,47,12,0,0,68,70,1,46,55,0,0,65,66,91,92,95,56,0,0,81,61,44,43,38,71,93,0,0,88,60,73,79,7,0,0,54,35,37,4,100,0,0,90,83,64,84,50,0,0,99,86,74,87,9,17,0,0,32,30,26,34,67,0,0,24,22,57,0,0,42,40,36,39,72,0,0,2,3,6,78,0,0,41,51,18,48,49,0,0,10,97,58,52,0,0,11,15,16,13,0,0,8,14,59,75,77,25,21,0,0,5,45,19,89,0,0,85,63,76,23,20,0,0,31,29,27,28,33,62,0
0;pliki//100 lokacji//RC201.txt;100;50;swap;3;6042;7559.740292401104;2809.4609802892373;936.9151930410811;3813.364119070786;5884.896893686595;1981.3365442245847;902.4383070129381;3001.1220424490716;22;300113.6581;0,52,99,82,69,0,0,93,71,72,36,40,39,0,0,37,35,38,41,0,0,7,79,73,78,0,0,13,16,15,11,0,0,74,58,86,57,90,0,0,9,12,60,88,0,0,25,23,77,75,87,0,0,47,17,14,10,53,98,0,0,68,61,81,0,0,31,27,26,28,0,0,76,63,50,62,67,0,0,66,51,85,84,56,91,0,0,89,33,32,30,29,34,0,0,49,21,48,18,19,0,0,95,20,22,24,64,0,0,54,96,80,0,0,42,44,43,45,2,0,0,65,97,59,83,0,0,100,1,3,5,46,55,0,0,94,92,0,0,70,4,8,6,0
0;pliki//100 lokacji//RC201.txt;100;50;swap;3;6043;7559.740292401104;2809.4609802892373;936.9151930410811;3813.364119070786;6043.6608391440495;2079.869693386901;862.2459550064733;3101.545190750676;22;300053.8804;0,68,61,7,79,73,88,0,0,56,85,51,20,22,0,0,96,71,93,94,0,0,54,72,36,35,0,0,99,52,49,19,18,0,0,16,15,11,0,0,31,30,32,89,58,87,0,0,70,2,100,0,0,92,80,0,0,59,97,75,65,0,0,50,28,29,34,67,0,0,6,45,5,8,60,98,0,0,1,3,4,46,55,0,0,38,37,40,44,81,0,0,95,84,63,76,64,0,0,82,12,47,17,0,0,66,83,24,57,0,0,48,21,23,25,77,74,0,0,86,9,13,10,90,0,0,27,26,33,62,91,0,0,41,39,43,42,0,0,53,14,78,69,0
0;pliki//100 lokacji//RC201.txt;100;50;swap;3;6044;7559.740292401104;2809.4609802892373;936.9151930410811;3813.364119070786;5945.298264040499;2070.751078119535;780;3094.547185920964;21;300101.1107;0,92,63,89,76,0,0,22,21,23,0,0,91,50,80,0,0,16,15,11,0,0,9,97,86,90,0,0,98,82,52,57,20,64,0,0,72,35,36,42,39,0,0,19,48,18,85,84,0,0,75,58,24,49,51,56,0,0,5,1,45,2,0,0,10,17,47,69,0,0,54,41,40,43,81,0,0,99,87,59,13,14,12,0,0,96,71,93,94,0,0,66,83,65,0,0,70,44,37,38,61,0,0,79,73,78,60,53,0,0,95,33,32,28,26,31,62,0,0,30,27,29,34,67,0,0,100,3,4,46,74,77,25,0,0,68,55,7,8,6,88,0
0;pliki//100 lokacji//RC201.txt;100;50;invert;3;6042;7559.740292401104;2809.4609802892373;936.9151930410811;3813.364119070786;6255.4717354038685;2146.287382562079;940;3169.1843528417894;22;300104.1212;0,97,13,16,14,0,0,94,69,0,0,19,9,12,99,0,0,7,45,5,2,0,0,32,30,26,34,67,93,0,0,56,85,63,89,83,65,0,0,70,100,55,0,0,68,43,44,41,61,81,0,0,39,40,35,37,38,0,0,31,27,28,33,62,64,0,0,54,96,80,0,0,49,18,48,22,0,0,42,36,72,71,0,0,66,95,92,91,0,0,90,82,20,21,76,51,0,0,98,78,11,0,0,52,57,84,50,29,0,0,1,3,4,46,8,0,0,24,23,25,59,0,0,10,15,17,47,53,0,0,86,74,77,58,75,87,0,0,88,60,73,79,6,0
0;pliki//100 lokacji//RC201.txt;100;50;invert;3;6043;7559.740292401104;2809.4609802892373;936.9151930410811;3813.364119070786;6432.493938388893;2253.432741570694;920;3259.0611968181993;20;300106.8251;0,90,80,94,93,96,81,0,0,68,70,1,46,100,55,0,0,82,13,47,12,53,98,69,0,0,65,66,91,56,95,92,0,0,54,35,4,17,0,0,83,64,84,50,62,0,0,63,22,24,57,0,0,20,77,97,10,0,0,49,48,18,51,41,0,0,2,3,6,78,0,0,34,26,28,30,32,85,0,0,99,86,74,58,87,9,0,0,52,14,59,75,25,21,0,0,23,89,76,0,0,19,73,79,7,0,0,11,15,16,0,0,42,40,36,39,72,0,0,88,60,8,5,45,0,0,71,37,38,43,44,61,0,0,67,33,31,27,29,0
0;pliki//100 lokacji//RC201.txt;100;50;invert;3;6044;7559.740292401104;2809.4609802892373;936.9151930410811;3813.364119070786;6407.628351488176;2241.104672266357;883.572369152093;3282.951310069726;22;300032.1291;0,41,42,44,35,72,0,0,70,100,3,73,17,53,88,0,0,82,13,15,16,47,14,0,0,54,37,43,0,0,64,0,0,92,50,29,63,91,0,0,58,49,20,22,0,0,39,40,36,38,0,0,60,6,46,1,55,0,0,95,84,56,83,66,0,0,19,48,18,51,0,0,7,8,79,78,90,0,0,10,11,59,0,0,77,23,21,76,67,0,0,98,69,68,61,0,0,65,97,25,24,0,0,96,71,94,0,0,87,74,86,57,99,0,0,2,4,45,5,0,0,93,32,28,26,30,89,85,0,0,52,75,9,12,81,80,0,0,34,31,27,33,62,0
0;pliki//100 lokacji//RC201.txt;100;50;insert;3;6042;7559.740292401104;2809.4609802892373;936.9151930410811;3813.364119070786;6385.748964394047;2195.8358979604236;980;3209.9130664336235;20;300142.5826;0,96,94,80,0,0,69,82,98,53,47,12,0,0,68,70,1,46,55,0,0,65,66,91,92,95,56,0,0,81,61,44,43,38,71,93,0,0,88,60,73,79,7,0,0,54,35,37,4,100,0,0,90,83,64,84,50,0,0,99,86,74,87,9,17,0,0,32,30,26,34,67,0,0,24,22,57,0,0,42,40,36,39,72,0,0,2,3,6,78,0,0,41,51,18,48,49,0,0,10,97,58,52,0,0,11,15,16,13,0,0,8,14,59,75,77,25,21,0,0,5,45,19,89,0,0,85,63,76,23,20,0,0,31,29,27,28,33,62,0
0;pliki//100 lokacji//RC201.txt;100;50;insert;3;6043;7559.740292401104;2809.4609802892373;936.9151930410811;3813.364119070786;6385.748964394047;2195.8358979604236;980;3209.9130664336235;20;300115.0322;0,96,94,80,0,0,69,82,98,53,47,12,0,0,68,70,1,46,55,0,0,65,66,91,92,95,56,0,0,81,61,44,43,38,71,93,0,0,88,60,73,79,7,0,0,54,35,37,4,100,0,0,90,83,64,84,50,0,0,99,86,74,87,9,17,0,0,32,30,26,34,67,0,0,24,22,57,0,0,42,40,36,39,72,0,0,2,3,6,78,0,0,41,51,18,48,49,0,0,10,97,58,52,0,0,11,15,16,13,0,0,8,14,59,75,77,25,21,0,0,5,45,19,89,0,0,85,63,76,23,20,0,0,31,29,27,28,33,62,0
0;pliki//100 lokacji//RC201.txt;100;50;insert;3;6044;7559.740292401104;2809.4609802892373;936.9151930410811;3813.364119070786;6385.748964394047;2195.8358979604236;980;3209.9130664336235;20;300011.5428;0,96,94,80,0,0,69,82,98,53,47,12,0,0,68,70,1,46,55,0,0,65,66,91,92,95,56,0,0,81,61,44,43,38,71,93,0,0,88,60,73,79,7,0,0,54,35,37,4,100,0,0,90,83,64,84,50,0,0,99,86,74,87,9,17,0,0,32,30,26,34,67,0,0,24,22,57,0,0,42,40,36,39,72,0,0,2,3,6,78,0,0,41,51,18,48,49,0,0,10,97,58,52,0,0,11,15,16,13,0,0,8,14,59,75,77,25,21,0,0,5,45,19,89,0,0,85,63,76,23,20,0,0,31,29,27,28,33,62,0
0;pliki//100 lokacji//RC201.txt;150;10;swap;3;2542;7559.740292401104;2809.4609802892373;936.9151930410811;3813.364119070786;6054.020135497931;2001.9375877462448;1040;3012.082547751686;21;300071.43;0,76,89,67,93,80,0,0,79,7,6,88,0,0,34,31,32,33,62,91,0,0,66,83,65,0,0,18,25,77,75,58,52,0,0,13,16,15,11,0,0,49,19,48,23,0,0,41,38,54,81,0,0,68,70,100,55,69,0,0,43,40,37,96,0,0,94,92,95,63,84,0,0,72,35,36,39,0,0,9,97,59,87,82,0,0,64,20,22,21,24,0,0,29,27,30,85,51,56,0,0,4,3,1,44,42,61,0,0,50,28,26,71,0,0,45,5,8,46,2,0,0,10,14,17,60,0,0,78,73,47,12,53,98,0,0,90,99,86,74,57,0
0;pliki//100 lokacji//RC201.txt;150;10;swap;3;2543;7559.740292401104;2809.4609802892373;936.9151930410811;3813.364119070786;6081.185034756494;2072.2041040189033;920;3088.9809307375913;22;300065.2295;0,20,49,22,24,83,0,0,58,74,86,57,90,0,0,33,32,77,75,97,52,0,0,68,1,3,5,45,0,0,65,87,59,17,47,14,82,0,0,11,15,16,0,0,95,84,63,51,64,0,0,93,71,72,41,54,0,0,10,13,9,99,0,0,91,62,19,21,23,0,0,55,88,2,100,70,0,0,98,69,0,0,50,30,29,34,67,0,0,60,78,73,12,53,0,0,31,27,26,28,0,0,46,8,6,81,96,0,0,94,92,80,0,0,4,7,79,0,0,25,48,18,66,0,0,56,76,89,85,0,0,44,43,40,38,61,0,0,37,35,36,39,42,0
0;pliki//100 lokacji//RC201.txt;150;10;swap;3;2544;7559.740292401104;2809.4609802892373;936.9151930410811;3813.364119070786;5935.043057027866;1994.9835325040494;940;3000.059524523816;22;300156.4058;0,31,29,71,54,61,68,0,0,65,74,77,58,59,86,52,0,0,79,73,78,53,0,0,42,40,38,41,0,0,94,92,0,0,95,33,28,26,27,62,0,0,44,43,1,3,2,0,0,80,67,50,85,84,91,0,0,66,83,64,56,0,0,93,34,30,32,96,81,0,0,88,60,98,69,0,0,24,22,57,0,0,51,76,89,63,0,0,70,46,8,7,6,0,0,25,23,21,0,0,97,75,87,99,90,0,0,10,9,0,0,49,19,48,18,20,0,0,12,14,47,17,82,0,0,11,15,16,13,0,0,39,36,35,37,72,0,0,55,4,45,5,100,0
0;pliki//100 lokacji//RC201.txt;150;10;invert;3;2542;7559.740292401104;2809.4609802892373;936.9151930410811;3813.364119070786;6129.475715921508;1986.3530391336685;1146.491106406735;2996.6315703811038;20;300109.1147;0,71,72,36,38,0,0,83,77,24,49,20,64,56,0,0,96,67,85,89,65,90,0,0,51,76,21,19,0,0,15,16,17,47,14,53,0,0,52,74,25,23,18,0,0,80,32,30,31,34,0,0,62,33,28,26,27,29,0,0,68,42,44,43,39,41,0,0,61,4,45,5,8,46,0,0,87,59,97,13,82,0,0,57,48,22,0,0,81,54,94,92,0,0,10,11,9,0,0,88,60,78,12,0,0,73,79,7,6,55,0,0,66,58,75,86,99,0,0,84,63,50,95,91,0,0,93,37,35,40,1,3,100,0,0,70,2,98,69,0
0;pliki//100 lokacji//RC201.txt;150;10;invert;3;2543;7559.740292401104;2809.4609802892373;936.9151930410811;3813.364119070786;6036.963806396294;2013.4821650814279;960.7097119692244;3062.771929345642;20;300070.3657;0,90,13,16,47,12,53,98,0,0,68,70,1,46,100,55,0,0,71,37,38,43,44,61,0,0,65,66,91,56,95,92,0,0,69,15,11,82,0,0,7,79,73,60,88,0,0,80,94,93,96,0,0,2,4,45,5,0,0,6,8,3,35,41,0,0,62,32,30,27,29,31,67,0,0,58,97,10,0,0,78,17,9,87,77,74,52,0,0,84,50,54,81,0,0,85,63,33,28,26,34,0,0,18,48,19,49,20,0,0,57,86,99,0,0,42,40,36,39,72,0,0,83,22,51,64,0,0,76,89,23,0,0,14,59,75,25,21,24,0
0;pliki//100 lokacji//RC201.txt;150;10;invert;3;2544;7559.740292401104;2809.4609802892373;936.9151930410811;3813.364119070786;5956.401770069536;1917.5948827517639;1100;2938.8068873177717;21;300165.2991;0,76,89,80,0,0,30,28,26,34,67,0,0,12,14,47,78,98,0,0,54,93,96,0,0,100,1,5,45,2,0,0,92,62,50,63,85,84,91,0,0,75,77,19,51,56,0,0,17,16,15,13,9,0,0,95,33,32,27,29,31,0,0,38,37,40,43,44,0,0,90,87,59,97,58,52,0,0,99,86,74,65,0,0,48,21,23,25,0,0,20,49,18,22,0,0,6,7,79,73,53,0,0,3,4,46,8,60,88,0,0,68,70,55,69,0,0,83,57,24,64,66,0,0,81,41,72,71,94,0,0,82,10,11,0,0,61,42,36,35,39,0
0;pliki//100 lokacji//RC201.txt;150;10;insert;3;2542;7559.740292401104;2809.4609802892373;936.9151930410811;3813.364119070786;6385.748964394047;2195.8358979604236;980;3209.9130664336235;20;300133.1745;0,96,94,80,0,0,69,82,98,53,47,12,0,0,68,70,1,46,55,0,0,65,66,91,92,95,56,0,0,81,61,44,43,38,71,93,0,0,88,60,73,79,7,0,0,54,35,37,4,100,0,0,90,83,64,84,50,0,0,99,86,74,87,9,17,0,0,32,30,26,34,67,0,0,24,22,57,0,0,42,40,36,39,72,0,0,2,3,6,78,0,0,41,51,18,48,49,0,0,10,97,58,52,0,0,11,15,16,13,0,0,8,14,59,75,77,25,21,0,0,5,45,19,89,0,0,85,63,76,23,20,0,0,31,29,27,28,33,62,0
0;pliki//100 lokacji//RC201.txt;150;10;insert;3;2543;7559.740292401104;2809.4609802892373;936.9151930410811;3813.364119070786;6385.748964394047;2195.8358979604236;980;3209.9130664336235;20;300084.9499;0,96,94,80,0,0,69,82,98,53,47,12,0,0,68,70,1,46,55,0,0,65,66,91,92,95,56,0,0,81,61,44,43,38,71,93,0,0,88,60,73,79,7,0,0,54,35,37,4,100,0,0,90,83,64,84,50,0,0,99,86,74,87,9,17,0,0,32,30,26,34,67,0,0,24,22,57,0,0,42,40,36,39,72,0,0,2,3,6,78,0,0,41,51,18,48,49,0,0,10,97,58,52,0,0,11,15,16,13,0,0,8,14,59,75,77,25,21,0,0,5,45,19,89,0,0,85,63,76,23,20,0,0,31,29,27,28,33,62,0
0;pliki//100 lokacji//RC201.txt;150;10;insert;3;2544;7559.740292401104;2809.4609802892373;936.9151930410811;3813.364119070786;6385.748964394047;2195.8358979604236;980;3209.9130664336235;20;300027.3713;0,96,94,80,0,0,69,82,98,53,47,12,0,0,68,70,1,46,55,0,0,65,66,91,92,95,56,0,0,81,61,44,43,38,71,93,0,0,88,60,73,79,7,0,0,54,35,37,4,100,0,0,90,83,64,84,50,0,0,99,86,74,87,9,17,0,0,32,30,26,34,67,0,0,24,22,57,0,0,42,40,36,39,72,0,0,2,3,6,78,0,0,41,51,18,48,49,0,0,10,97,58,52,0,0,11,15,16,13,0,0,8,14,59,75,77,25,21,0,0,5,45,19,89,0,0,85,63,76,23,20,0,0,31,29,27,28,33,62,0
0;pliki//100 lokacji//RC201.txt;150;20;swap;3;3542;7559.740292401104;2809.4609802892373;936.9151930410811;3813.364119070786;5952.669152572674;2039.273632103622;840;3073.395520469052;21;300005.4305;0,70,100,55,0,0,60,7,8,6,88,0,0,3,46,4,2,0,0,39,36,72,54,0,0,27,26,33,63,83,0,0,87,97,13,9,53,90,0,0,42,43,1,5,45,0,0,49,19,48,75,99,0,0,35,40,41,81,0,0,22,20,51,85,84,0,0,82,86,74,58,77,25,24,0,0,80,92,95,56,91,66,0,0,65,57,59,47,14,0,0,79,73,78,69,0,0,10,11,17,0,0,76,89,50,0,0,52,23,21,18,64,0,0,62,34,31,29,28,30,32,0,0,98,12,16,15,0,0,68,44,37,38,61,0,0,96,93,71,67,94,0
0;pliki//100 lokacji//RC201.txt;150;20;swap;3;3543;7559.740292401104;2809.4609802892373;936.9151930410811;3813.364119070786;6050.063367392433;2042.4827967517447;920.8716408855262;3086.7089297551615;21;300110.3885;0,37,35,34,50,0,0,59,97,75,58,52,0,0,57,25,77,87,99,0,0,96,72,41,61,68,0,0,98,15,16,12,53,0,0,66,83,65,0,0,20,89,76,51,0,0,9,10,73,78,0,0,44,43,39,27,32,33,62,0,0,11,13,17,47,14,82,0,0,70,4,46,55,0,0,31,29,26,28,30,0,0,2,6,69,0,0,56,22,74,86,0,0,8,45,5,3,1,100,0,0,90,88,60,79,7,0,0,84,18,19,49,0,0,64,48,21,23,24,0,0,38,36,40,42,0,0,94,67,93,71,54,81,0,0,80,92,63,85,95,91,0
0;pliki//100 lokacji//RC201.txt;150;20;swap;3;3544;7559.740292401104;2809.4609802892373;936.9151930410811;3813.364119070786;5959.882466271077;2039.7393461297736;860;3060.1431201413034;21;300101.8279;0,31,27,26,0,0,51,76,18,48,0,0,11,9,13,47,14,82,0,0,50,34,71,81,0,0,80,92,95,56,91,0,0,98,17,16,15,0,0,83,24,22,66,0,0,79,73,78,53,0,0,67,29,30,32,89,63,85,84,0,0,99,52,12,60,88,0,0,96,94,0,0,43,44,38,41,0,0,20,49,21,23,19,0,0,42,40,35,93,28,33,62,64,0,0,65,74,59,97,0,0,25,77,58,75,87,90,0,0,68,70,2,69,0,0,1,3,4,46,55,0,0,39,36,37,72,54,0,0,100,45,5,8,7,6,61,0,0,10,86,57,0
0;pliki//100 lokacji//RC201.txt;150;20;invert;3;3542;7559.740292401104;2809.4609802892373;936.9151930410811;3813.364119070786;6094.694698646856;2006.823822508602;1060;3027.870876138254;21;300143.402;0,59,97,75,58,52,0,0,88,98,0,0,65,11,15,14,0,0,37,35,36,40,61,0,0,90,99,13,86,74,84,0,0,31,29,27,28,30,32,0,0,53,60,79,73,78,0,0,3,5,45,46,8,55,0,0,92,95,33,89,63,56,0,0,62,85,76,51,64,66,0,0,12,47,17,16,87,0,0,43,44,38,81,0,0,96,93,71,67,94,0,0,41,42,39,72,54,80,0,0,20,18,48,22,0,0,34,26,50,0,0,83,24,25,19,49,0,0,91,21,23,77,57,0,0,68,70,69,0,0,100,1,4,7,6,0,0,82,9,10,2,0
0;pliki//100 lokacji//RC201.txt;150;20;invert;3;3543;7559.740292401104;2809.4609802892373;936.9151930410811;3813.364119070786;6276.003611781469;2125.8469074692634;1000;3150.156704312205;22;300027.9147;0,91,64,83,66,0,0,18,77,74,86,57,0,0,10,11,14,0,0,98,53,16,9,52,0,0,92,85,63,19,49,69,0,0,24,48,25,59,82,90,0,0,94,67,50,33,0,0,2,79,60,88,0,0,93,71,35,44,42,61,0,0,23,21,22,0,0,1,3,46,4,68,0,0,34,31,27,32,0,0,12,47,17,15,13,0,0,78,73,7,8,6,0,0,55,100,45,5,70,0,0,58,75,97,87,0,0,56,62,30,28,26,29,0,0,51,76,89,0,0,54,96,80,0,0,65,99,20,84,95,0,0,41,39,36,37,72,0,0,43,40,38,81,0
0;pliki//100 lokacji//RC201.txt;150;20;invert;3;3544;7559.740292401104;2809.4609802892373;936.9151930410811;3813.364119070786;6258.35039287924;2053.4063607706917;1144.5796404108135;3060.3643916977344;21;300144.4957;0,86,15,16,47,82,0,0,13,17,46,1,70,100,0,0,57,23,48,83,0,0,66,62,94,71,54,0,0,7,45,5,3,68,0,0,42,40,35,37,38,0,0,52,74,58,75,77,25,24,0,0,90,87,97,59,65,0,0,55,69,0,0,92,85,63,76,84,0,0,81,41,72,96,0,0,61,44,43,36,39,0,0,31,29,27,28,30,33,0,0,10,11,9,0,0,2,4,88,98,0,0,20,49,19,18,51,0,0,80,93,50,56,64,0,0,91,95,32,26,34,0,0,22,21,89,67,0,0,6,8,79,60,53,0,0,99,12,14,73,78,0
0;pliki//100 lokacji//RC201.txt;150;20;insert;3;3542;7559.740292401104;2809.4609802892373;936.9151930410811;3813.364119070786;6385.748964394047;2195.8358979604236;980;3209.9130664336235;20;300058.0128;0,96,94,80,0,0,69,82,98,53,47,12,0,0,68,70,1,46,55,0,0,65,66,91,92,95,56,0,0,81,61,44,43,38,71,93,0,0,88,60,73,79,7,0,0,54,35,37,4,100,0,0,90,83,64,84,50,0,0,99,86,74,87,9,17,0,0,32,30,26,34,67,0,0,24,22,57,0,0,42,40,36,39,72,0,0,2,3,6,78,0,0,41,51,18,48,49,0,0,10,97,58,52,0,0,11,15,16,13,0,0,8,14,59,75,77,25,21,0,0,5,45,19,89,0,0,85,63,76,23,20,0,0,31,29,27,28,33,62,0
0;pliki//100 lokacji//RC201.txt;150;20;insert;3;3543;7559.740292401104;2809.4609802892373;936.9151930410811;3813.364119070786;6385.748964394047;2195.8358979604236;980;3209.9130664336235;20;300128.0496;0,96,94,80,0,0,69,82,98,53,47,12,0,0,68,70,1,46,55,0,0,65,66,91,92,95,56,0,0,81,61,44,43,38,71,93,0,0,88,60,73,79,7,0,0,54,35,37,4,100,0,0,90,83,64,84,50,0,0,99,86,74,87,9,17,0,0,32,30,26,34,67,0,0,24,22,57,0,0,42,40,36,39,72,0,0,2,3,6,78,0,0,41,51,18,48,49,0,0,10,97,58,52,0,0,11,15,16,13,0,0,8,14,59,75,77,25,21,0,0,5,45,19,89,0,0,85,63,76,23,20,0,0,31,29,27,28,33,62,0
0;pliki//100 lokacji//RC201.txt;150;20;insert;3;3544;7559.740292401104;2809.4609802892373;936.9151930410811;3813.364119070786;6385.748964394047;2195.8358979604236;980;3209.9130664336235;20;300177.7655;0,96,94,80,0,0,69,82,98,53,47,12,0,0,68,70,1,46,55,0,0,65,66,91,92,95,56,0,0,81,61,44,43,38,71,93,0,0,88,60,73,79,7,0,0,54,35,37,4,100,0,0,90,83,64,84,50,0,0,99,86,74,87,9,17,0,0,32,30,26,34,67,0,0,24,22,57,0,0,42,40,36,39,72,0,0,2,3,6,78,0,0,41,51,18,48,49,0,0,10,97,58,52,0,0,11,15,16,13,0,0,8,14,59,75,77,25,21,0,0,5,45,19,89,0,0,85,63,76,23,20,0,0,31,29,27,28,33,62,0
0;pliki//100 lokacji//RC201.txt;150;30;swap;3;4542;7559.740292401104;2809.4609802892373;936.9151930410811;3813.364119070786;6031.155678535135;2019.9324730807946;966.0223370643566;3045.2008683899844;21;300053.3547;0,22,24,58,75,0,0,42,44,39,36,37,72,0,0,70,43,40,41,0,0,34,32,30,28,29,67,80,0,0,76,89,63,85,84,0,0,78,73,79,60,0,0,91,95,92,0,0,55,7,46,6,88,0,0,65,86,87,59,74,83,0,0,96,94,93,71,81,0,0,98,47,17,2,4,0,0,25,23,49,20,51,0,0,100,8,45,5,3,1,68,0,0,82,16,15,11,0,0,54,35,38,61,0,0,10,9,99,90,0,0,33,26,27,31,0,0,56,21,19,0,0,53,12,14,13,97,52,0,0,50,62,64,69,0,0,66,18,48,77,57,0
0;pliki//100 lokacji//RC201.txt;150;30;swap;3;4543;7559.740292401104;2809.4609802892373;936.9151930410811;3813.364119070786;6018.4461054675685;1998.603688023993;1000;3019.8424174435754;22;300043.8448;0,23,21,89,33,85,67,0,0,50,32,31,34,0,0,91,94,80,0,0,49,19,76,51,0,0,66,22,20,64,0,0,70,5,4,100,0,0,55,69,0,0,46,45,1,3,8,2,0,0,68,43,40,44,61,0,0,18,48,25,24,83,0,0,82,14,47,13,59,75,58,77,52,0,0,92,95,63,84,56,65,0,0,54,71,93,96,0,0,53,73,79,7,6,0,0,12,17,16,15,0,0,9,97,99,90,0,0,88,60,78,98,0,0,87,74,86,57,0,0,62,27,29,26,28,30,0,0,42,39,36,35,72,0,0,81,37,38,41,0,0,10,11,0
0;pliki//100 lokacji//RC201.txt;150;30;swap;3;4544;7559.740292401104;2809.4609802892373;936.9151930410811;3813.364119070786;6010.078609864737;2042.638023275544;900;3067.4405865891927;21;300075.7017;0,18,48,77,86,99,90,0,0,42,44,43,36,39,0,0,24,21,23,25,52,0,0,54,41,72,63,51,0,0,22,19,49,0,0,14,17,59,87,65,0,0,31,29,27,30,71,93,0,0,10,13,57,83,0,0,79,73,16,15,0,0,91,56,66,0,0,2,4,46,69,0,0,80,94,67,85,84,0,0,81,38,37,35,40,0,0,98,47,12,11,82,0,0,64,20,89,76,0,0,33,32,28,26,34,0,0,55,7,8,6,100,70,0,0,1,45,5,3,61,68,0,0,96,50,62,95,92,0,0,9,97,75,58,74,0,0,60,78,53,88,0
0;pliki//100 lokacji//RC201.txt;150;30;invert;3;4542;7559.740292401104;2809.4609802892373;936.9151930410811;3813.364119070786;6338.3485655884715;2130.3855848948947;1060;3147.962980693577;21;300120.4874;0,10,13,59,87,83,0,0,52,58,75,97,99,0,0,54,41,35,42,0,0,9,47,14,12,88,98,0,0,56,51,85,67,94,93,81,0,0,96,71,68,69,0,0,95,63,32,28,27,29,62,0,0,90,82,15,11,0,0,20,18,48,24,86,0,0,73,79,8,1,43,0,0,4,45,3,5,46,0,0,65,22,66,80,0,0,76,89,84,0,0,39,40,36,37,72,0,0,77,23,21,19,0,0,31,26,30,91,0,0,57,74,25,49,64,0,0,100,2,6,7,60,0,0,53,78,17,16,0,0,55,70,44,38,61,0,0,92,50,33,34,0
0;pliki//100 lokacji//RC201.txt;150;30;invert;3;4543;7559.740292401104;2809.4609802892373;936.9151930410811;3813.364119070786;6248.8328651498705;2131.1195660154413;981.3585561792219;3136.3547429552077;21;300002.3918;0,41,36,39,68,0,0,78,79,8,40,37,0,0,80,95,51,32,30,50,93,0,0,10,73,7,46,88,0,0,63,33,26,27,28,62,0,0,38,43,44,70,0,0,54,29,31,34,67,0,0,1,5,6,2,0,0,23,21,22,0,0,20,49,18,48,25,0,0,12,14,47,17,53,98,0,0,61,42,35,72,0,0,11,15,16,0,0,92,85,84,56,91,0,0,74,77,75,97,99,90,0,0,82,9,13,87,52,57,0,0,100,3,45,4,60,55,0,0,66,64,83,65,0,0,96,94,71,81,0,0,76,89,19,0,0,24,86,58,59,69,0
0;pliki//100 lokacji//RC201.txt;150;30;invert;3;4544;7559.740292401104;2809.4609802892373;936.9151930410811;3813.364119070786;6193.784708627895;2020.2701634671982;1142.0209308575647;3031.4936143031323;22;300121.0023;0,34,29,26,28,30,0,0,41,36,40,42,0,0,66,99,0,0,82,97,16,15,0,0,76,89,48,24,0,0,12,47,17,11,0,0,39,38,37,35,72,81,0,0,1,5,6,2,0,0,80,96,0,0,65,57,0,0,94,62,50,67,71,93,0,0,59,58,22,83,0,0,7,46,4,45,3,0,0,64,51,63,85,84,95,91,0,0,68,61,43,44,54,0,0,79,73,14,13,10,0,0,90,52,86,74,77,75,87,9,0,0,92,33,32,27,31,0,0,20,21,23,25,0,0,55,88,53,98,69,0,0,60,78,8,100,70,0,0,49,19,18,56,0
0;pliki//100 lokacji//RC201.txt;150;30;insert;3;4542;7559.740292401104;2809.4609802892373;936.9151930410811;3813.364119070786;6385.748964394047;2195.8358979604236;980;3209.9130664336235;20;300131.3903;0,96,94,80,0,0,69,82,98,53,47,12,0,0,68,70,1,46,55,0,0,65,66,91,92,95,56,0,0,81,61,44,43,38,71,93,0,0,88,60,73,79,7,0,0,54,35,37,4,100,0,0,90,83,64,84,50,0,0,99,86,74,87,9,17,0,0,32,30,26,34,67,0,0,24,22,57,0,0,42,40,36,39,72,0,0,2,3,6,78,0,0,41,51,18,48,49,0,0,10,97,58,52,0,0,11,15,16,13,0,0,8,14,59,75,77,25,21,0,0,5,45,19,89,0,0,85,63,76,23,20,0,0,31,29,27,28,33,62,0
0;pliki//100 lokacji//RC201.txt;150;30;insert;3;4543;7559.740292401104;2809.4609802892373;936.9151930410811;3813.364119070786;6385.748964394047;2195.8358979604236;980;3209.9130664336235;20;300027.9027;0,96,94,80,0,0,69,82,98,53,47,12,0,0,68,70,1,46,55,0,0,65,66,91,92,95,56,0,0,81,61,44,43,38,71,93,0,0,88,60,73,79,7,0,0,54,35,37,4,100,0,0,90,83,64,84,50,0,0,99,86,74,87,9,17,0,0,32,30,26,34,67,0,0,24,22,57,0,0,42,40,36,39,72,0,0,2,3,6,78,0,0,41,51,18,48,49,0,0,10,97,58,52,0,0,11,15,16,13,0,0,8,14,59,75,77,25,21,0,0,5,45,19,89,0,0,85,63,76,23,20,0,0,31,29,27,28,33,62,0
0;pliki//100 lokacji//RC201.txt;150;30;insert;3;4544;7559.740292401104;2809.4609802892373;936.9151930410811;3813.364119070786;6385.748964394047;2195.8358979604236;980;3209.9130664336235;20;300122.134;0,96,94,80,0,0,69,82,98,53,47,12,0,0,68,70,1,46,55,0,0,65,66,91,92,95,56,0,0,81,61,44,43,38,71,93,0,0,88,60,73,79,7,0,0,54,35,37,4,100,0,0,90,83,64,84,50,0,0,99,86,74,87,9,17,0,0,32,30,26,34,67,0,0,24,22,57,0,0,42,40,36,39,72,0,0,2,3,6,78,0,0,41,51,18,48,49,0,0,10,97,58,52,0,0,11,15,16,13,0,0,8,14,59,75,77,25,21,0,0,5,45,19,89,0,0,85,63,76,23,20,0,0,31,29,27,28,33,62,0
0;pliki//100 lokacji//RC201.txt;150;40;swap;3;5542;7559.740292401104;2809.4609802892373;936.9151930410811;3813.364119070786;6058.571546509421;2090.0174078456926;864.4322734254249;3104.121865238303;21;300061.0573;0,68,44,38,41,61,0,0,100,1,4,7,6,0,0,40,36,35,37,0,0,80,94,96,0,0,51,76,89,91,0,0,54,93,29,27,71,81,0,0,47,17,14,12,60,98,0,0,42,43,39,72,62,21,77,58,52,90,0,0,50,32,30,34,67,0,0,66,64,56,92,0,0,73,79,8,24,48,49,20,0,0,2,46,45,5,3,0,0,84,85,18,22,0,0,95,63,33,28,26,31,0,0,82,86,59,9,69,0,0,83,57,65,0,0,19,23,25,0,0,74,75,97,87,99,0,0,10,78,53,88,0,0,13,16,15,11,0,0,70,55,0
0;pliki//100 lokacji//RC201.txt;150;40;swap;3;5543;7559.740292401104;2809.4609802892373;936.9151930410811;3813.364119070786;6001.450582520597;1995.5769475070797;981.4387278192708;3024.4349071942465;21;300077.2795;0,50,67,94,0,0,45,5,3,42,39,72,81,0,0,54,96,80,0,0,40,36,35,37,61,0,0,24,22,66,0,0,83,49,18,89,63,95,0,0,58,75,97,9,90,0,0,62,33,28,26,27,29,0,0,10,11,14,0,0,91,34,32,30,31,0,0,99,57,52,60,8,46,0,0,92,56,64,65,0,0,68,70,100,55,0,0,93,71,85,76,51,84,0,0,20,48,21,25,77,74,86,0,0,43,44,38,41,0,0,19,23,59,87,0,0,73,79,7,6,88,0,0,98,2,4,1,0,0,78,47,12,69,0,0,82,13,15,16,17,53,0
0;pliki//100 lokacji//RC201.txt;150;40;swap;3;5544;7559.740292401104;2809.4609802892373;936.9151930410811;3813.364119070786;6017.100901044634;2028.5875715454483;940;3048.513329499186;21;300044.5161;0,60,78,88,0,0,66,83,65,0,0,68,81,96,50,62,0,0,80,93,71,67,85,76,51,0,0,59,13,17,47,14,69,0,0,82,15,16,11,0,0,34,31,28,32,64,0,0,72,35,36,40,0,0,1,5,8,79,73,0,0,84,26,27,29,0,0,87,97,75,58,74,90,0,0,49,19,23,24,0,0,41,38,37,39,42,0,0,55,100,3,45,7,2,0,0,57,52,10,98,0,0,94,92,95,56,91,0,0,70,6,46,4,0,0,20,18,48,22,0,0,53,12,9,86,99,0,0,30,33,63,89,21,25,77,0,0,54,44,43,61,0
0;pliki//100 lokacji//RC201.txt;150;40;invert;3;5542;7559.740292401104;2809.4609802892373;936.9151930410811;3813.364119070786;6178.923442964527;2075.8151560510755;1004.2523324423773;3098.855954471074;21;300032.97;0,80,64,0,0,1,3,46,6,55,0,0,10,9,13,12,53,0,0,62,26,27,34,0,0,95,50,33,85,51,56,0,0,20,49,48,57,86,90,0,0,92,71,39,42,54,81,0,0,96,38,41,0,0,15,17,47,14,88,68,0,0,44,40,36,37,72,93,0,0,91,76,89,63,67,0,0,11,99,52,83,65,0,0,7,79,73,78,0,0,2,98,69,0,0,23,21,19,66,0,0,82,74,58,75,77,25,24,0,0,16,97,59,87,0,0,60,8,5,45,4,100,0,0,32,31,29,28,30,94,0,0,22,18,84,0,0,70,43,35,61,0
0;pliki//100 lokacji//RC201.txt;150;40;invert;3;5543;7559.740292401104;2809.4609802892373;936.9151930410811;3813.364119070786;6030.250463866763;1971.317612032139;1040;3018.9328518346238;22;300031.6181;0,9,59,97,75,0,0,69,0,0,65,25,48,24,83,0,0,12,14,47,60,55,0,0,61,42,40,1,45,8,7,0,0,27,26,30,33,62,0,0,98,17,16,10,0,0,85,51,18,22,0,0,76,89,63,84,0,0,91,50,67,94,0,0,90,99,86,74,57,0,0,82,13,15,11,0,0,20,49,19,64,0,0,100,5,4,2,0,0,39,36,35,37,72,0,0,41,38,43,44,0,0,95,32,28,29,31,34,0,0,53,78,73,79,88,0,0,52,87,58,77,23,21,66,0,0,80,92,56,0,0,96,93,71,54,81,0,0,68,70,3,46,6,0
0;pliki//100 lokacji//RC201.txt;150;40;invert;3;5544;7559.740292401104;2809.4609802892373;936.9151930410811;3813.364119070786;6351.395933191716;2148.7677811270896;1036.2220510185598;3166.406101046066;21;300004.711;0,70,42,36,39,61,0,0,90,65,0,0,51,63,76,20,64,0,0,11,15,16,13,0,0,10,14,47,17,73,0,0,87,58,23,18,85,0,0,69,68,62,28,26,29,0,0,96,92,91,80,0,0,72,38,37,40,43,0,0,100,5,8,78,53,88,0,0,50,89,49,24,66,0,0,56,48,25,57,0,0,7,45,3,1,2,0,0,22,19,84,0,0,21,77,75,97,9,0,0,83,74,59,86,52,99,82,0,0,98,60,79,12,0,0,4,46,6,55,0,0,81,54,71,67,94,0,0,93,34,31,27,32,0,0,95,33,30,41,35,44,0
0;pliki//100 lokacji//RC201.txt;150;40;insert;3;5542;7559.740292401104;2809.4609802892373;936.9151930410811;3813.364119070786;6385.748964394047;2195.8358979604236;980;3209.9130664336235;20;300117.414;0,96,94,80,0,0,69,82,98,53,47,12,0,0,68,70,1,46,55,0,0,65,66,91,92,95,56,0,0,81,61,44,43,38,71,93,0,0,88,60,73,79,7,0,0,54,35,37,4,100,0,0,90,83,64,84,50,0,0,99,86,74,87,9,17,0,0,32,30,26,34,67,0,0,24,22,57,0,0,42,40,36,39,72,0,0,2,3,6,78,0,0,41,51,18,48,49,0,0,10,97,58,52,0,0,11,15,16,13,0,0,8,14,59,75,77,25,21,0,0,5,45,19,89,0,0,85,63,76,23,20,0,0,31,29,27,28,33,62,0
0;pliki//100 lokacji//RC201.txt;150;40;insert;3;5543;7559.740292401104;2809.4609802892373;936.9151930410811;3813.364119070786;6385.748964394047;2195.8358979604236;980;3209.9130664336235;20;300046.535;0,96,94,80,0,0,69,82,98,53,47,12,0,0,68,70,1,46,55,0,0,65,66,91,92,95,56,0,0,81,61,44,43,38,71,93,0,0,88,60,73,79,7,0,0,54,35,37,4,100,0,0,90,83,64,84,50,0,0,99,86,74,87,9,17,0,0,32,30,26,34,67,0,0,24,22,57,0,0,42,40,36,39,72,0,0,2,3,6,78,0,0,41,51,18,48,49,0,0,10,97,58,52,0,0,11,15,16,13,0,0,8,14,59,75,77,25,21,0,0,5,45,19,89,0,0,85,63,76,23,20,0,0,31,29,27,28,33,62,0
0;pliki//100 lokacji//RC201.txt;150;40;insert;3;5544;7559.740292401104;2809.4609802892373;936.9151930410811;3813.364119070786;6385.748964394047;2195.8358979604236;980;3209.9130664336235;20;300097.1377;0,96,94,80,0,0,69,82,98,53,47,12,0,0,68,70,1,46,55,0,0,65,66,91,92,95,56,0,0,81,61,44,43,38,71,93,0,0,88,60,73,79,7,0,0,54,35,37,4,100,0,0,90,83,64,84,50,0,0,99,86,74,87,9,17,0,0,32,30,26,34,67,0,0,24,22,57,0,0,42,40,36,39,72,0,0,2,3,6,78,0,0,41,51,18,48,49,0,0,10,97,58,52,0,0,11,15,16,13,0,0,8,14,59,75,77,25,21,0,0,5,45,19,89,0,0,85,63,76,23,20,0,0,31,29,27,28,33,62,0
0;pliki//100 lokacji//RC201.txt;150;50;swap;3;6542;7559.740292401104;2809.4609802892373;936.9151930410811;3813.364119070786;6074.822630063489;2144.516288206287;780;3150.306341857202;22;300063.4959;0,67,34,31,61,68,0,0,95,85,63,62,84,56,0,0,38,37,44,8,7,88,0,0,93,71,89,76,51,0,0,54,41,43,55,0,0,78,73,79,60,53,0,0,66,20,18,48,49,0,0,83,74,59,9,98,69,0,0,39,40,42,70,2,0,0,1,3,46,6,4,0,0,12,10,82,0,0,14,47,17,45,5,100,0,0,91,33,26,27,0,0,80,50,32,30,28,29,0,0,13,16,15,11,0,0,87,97,75,58,77,0,0,96,94,81,0,0,24,19,22,0,0,65,0,0,52,25,23,21,64,0,0,57,86,99,90,0,0,92,72,35,36,0
0;pliki//100 lokacji//RC201.txt;150;50;swap;3;6543;7559.740292401104;2809.4609802892373;936.9151930410811;3813.364119070786;6038.882687775218;2065.4582380256893;889.0205412524072;3084.4039084971223;22;300069.6069;0,58,75,97,99,0,0,65,59,13,11,14,0,0,41,40,43,44,42,0,0,39,36,35,72,0,0,10,9,88,55,0,0,27,26,50,62,0,0,24,21,48,18,19,0,0,93,71,54,61,68,0,0,52,77,25,23,64,0,0,2,4,45,5,0,0,51,76,89,85,67,0,0,80,94,96,0,0,92,91,0,0,15,16,82,0,0,69,17,47,12,0,0,73,79,7,46,6,0,0,90,86,87,74,57,0,0,95,32,30,28,33,84,56,0,0,60,78,8,3,1,100,0,0,83,63,29,31,34,0,0,53,98,70,38,37,81,0,0,20,49,22,66,0
0;pliki//100 lokacji//RC201.txt;150;50;swap;3;6544;7559.740292401104;2809.4609802892373;936.9151930410811;3813.364119070786;6040.826148750594;2071.483769341756;880.1640372636343;3089.1783421452037;21;300089.9859;0,2,7,8,44,40,37,0,0,79,73,78,88,0,0,54,94,96,0,0,100,1,3,5,45,46,0,0,51,76,85,67,71,81,0,0,11,9,52,99,0,0,31,30,32,89,18,0,0,48,21,77,75,97,74,0,0,55,6,4,70,0,0,25,23,19,0,0,95,86,59,13,12,98,0,0,66,83,64,0,0,10,47,14,53,69,0,0,65,57,24,56,92,0,0,63,33,26,28,50,0,0,42,39,36,35,72,0,0,90,87,58,22,49,20,0,0,91,80,68,0,0,84,62,34,29,27,93,0,0,82,15,16,17,60,0,0,43,38,41,61,0
0;pliki//100 lokacji//RC201.txt;150;50;invert;3;6542;7559.740292401104;2809.4609802892373;936.9151930410811;3813.364119070786;6314.080845740851;2199.8432985530167;900;3214.237547187834;20;300056.5684;0,90,80,94,93,96,81,0,0,82,13,47,12,53,98,69,0,0,68,70,1,46,100,55,0,0,65,66,91,56,95,92,0,0,54,35,4,17,0,0,83,64,84,50,62,0,0,20,77,97,10,0,0,63,22,24,57,0,0,49,48,18,51,41,0,0,2,3,6,78,0,0,34,26,28,30,32,85,0,0,99,86,74,58,87,9,0,0,7,79,73,60,88,0,0,71,37,38,43,44,61,0,0,52,75,25,23,21,0,0,19,89,76,0,0,42,40,36,39,72,0,0,16,15,11,0,0,33,27,29,31,67,0,0,45,5,8,14,59,0
0;pliki//100 lokacji//RC201.txt;150;50;invert;3;6543;7559.740292401104;2809.4609802892373;936.9151930410811;3813.364119070786;6372.462809016057;2126.231404508028;1120;3126.231404508029;22;300109.3852;0,86,59,97,82,0,0,84,51,19,0,0,35,36,43,42,0,0,81,4,46,8,7,88,0,0,11,10,0,0,78,2,100,55,0,0,33,32,26,29,31,0,0,92,94,54,0,0,52,77,25,23,48,0,0,83,24,49,20,85,30,34,0,0,80,96,0,0,56,63,89,28,27,62,0,0,93,71,67,50,95,91,0,0,18,21,22,0,0,99,57,65,69,0,0,74,58,75,87,9,53,0,0,15,16,14,73,60,98,0,0,76,64,66,0,0,12,13,47,17,79,0,0,72,39,44,70,68,0,0,6,45,5,3,1,0,0,40,37,38,41,61,90,0
0;pliki//100 lokacji//RC201.txt;150;50;invert;3;6544;7559.740292401104;2809.4609802892373;936.9151930410811;3813.364119070786;6334.116849969898;2200.2156401240686;920;3213.9012098458297;20;300120.6246;0,90,80,94,93,96,81,0,0,69,13,47,12,53,98,82,0,0,68,70,1,46,100,55,0,0,65,66,91,56,95,92,0,0,17,4,35,54,0,0,83,64,84,50,62,0,0,10,97,77,20,0,0,63,22,24,57,0,0,49,48,18,51,41,0,0,2,3,6,78,0,0,34,26,28,30,32,85,0,0,99,86,74,58,87,9,0,0,11,15,16,0,0,33,27,29,31,67,0,0,7,79,73,60,88,0,0,19,89,76,0,0,25,23,21,0,0,45,5,8,14,59,75,52,0,0,71,37,38,43,44,61,0,0,42,40,36,39,72,0
0;pliki//100 lokacji//RC201.txt;150;50;insert;3;6542;7559.740292401104;2809.4609802892373;936.9151930410811;3813.364119070786;6385.748964394047;2195.8358979604236;980;3209.9130664336235;20;300027.2254;0,96,94,80,0,0,69,82,98,53,47,12,0,0,68,70,1,46,55,0,0,65,66,91,92,95,56,0,0,81,61,44,43,38,71,93,0,0,88,60,73,79,7,0,0,54,35,37,4,100,0,0,90,83,64,84,50,0,0,99,86,74,87,9,17,0,0,32,30,26,34,67,0,0,24,22,57,0,0,42,40,36,39,72,0,0,2,3,6,78,0,0,41,51,18,48,49,0,0,10,97,58,52,0,0,11,15,16,13,0,0,8,14,59,75,77,25,21,0,0,5,45,19,89,0,0,85,63,76,23,20,0,0,31,29,27,28,33,62,0
0;pliki//100 lokacji//RC201.txt;150;50;insert;3;6543;7559.740292401104;2809.4609802892373;936.9151930410811;3813.364119070786;6385.748964394047;2195.8358979604236;980;3209.9130664336235;20;300078.471;0,96,94,80,0,0,69,82,98,53,47,12,0,0,68,70,1,46,55,0,0,65,66,91,92,95,56,0,0,81,61,44,43,38,71,93,0,0,88,60,73,79,7,0,0,54,35,37,4,100,0,0,90,83,64,84,50,0,0,99,86,74,87,9,17,0,0,32,30,26,34,67,0,0,24,22,57,0,0,42,40,36,39,72,0,0,2,3,6,78,0,0,41,51,18,48,49,0,0,10,97,58,52,0,0,11,15,16,13,0,0,8,14,59,75,77,25,21,0,0,5,45,19,89,0,0,85,63,76,23,20,0,0,31,29,27,28,33,62,0
0;pliki//100 lokacji//RC201.txt;150;50;insert;3;6544;7559.740292401104;2809.4609802892373;936.9151930410811;3813.364119070786;6385.748964394047;2195.8358979604236;980;3209.9130664336235;20;300158.5147;0,96,94,80,0,0,69,82,98,53,47,12,0,0,68,70,1,46,55,0,0,65,66,91,92,95,56,0,0,81,61,44,43,38,71,93,0,0,88,60,73,79,7,0,0,54,35,37,4,100,0,0,90,83,64,84,50,0,0,99,86,74,87,9,17,0,0,32,30,26,34,67,0,0,24,22,57,0,0,42,40,36,39,72,0,0,2,3,6,78,0,0,41,51,18,48,49,0,0,10,97,58,52,0,0,11,15,16,13,0,0,8,14,59,75,77,25,21,0,0,5,45,19,89,0,0,85,63,76,23,20,0,0,31,29,27,28,33,62,0
0;pliki//100 lokacji//RC201.txt;200;10;swap;3;3042;7559.740292401104;2809.4609802892373;936.9151930410811;3813.364119070786;5914.4788688302215;2021.0186649944249;850.0829011910979;3043.377302644699;22;300037.9182;0,96,94,0,0,79,73,17,47,12,0,0,52,57,20,24,58,75,74,0,0,70,45,5,2,0,0,42,39,40,36,72,0,0,22,21,23,77,0,0,19,48,18,64,0,0,90,99,86,9,0,0,55,88,60,78,53,0,0,38,37,35,71,93,0,0,32,30,31,29,34,67,0,0,66,83,65,0,0,51,76,89,85,0,0,41,44,43,61,54,81,0,0,25,49,84,56,91,0,0,63,33,26,28,27,0,0,82,10,98,69,0,0,62,50,95,92,80,0,0,11,15,16,0,0,68,4,46,3,1,100,0,0,87,59,97,13,14,0,0,8,7,6,0
0;pliki//100 lokacji//RC201.txt;200;10;swap;3;3043;7559.740292401104;2809.4609802892373;936.9151930410811;3813.364119070786;5902.511835539614;2011.8266918705513;860;3030.685143669063;21;300014.546;0,79,7,8,6,100,0,0,81,38,37,35,40,0,0,92,34,50,62,95,0,0,1,3,5,98,69,0,0,93,33,26,28,52,13,17,73,0,0,31,29,27,30,32,67,0,0,66,22,83,65,0,0,42,39,36,72,54,0,0,96,71,94,0,0,86,58,75,87,99,90,0,0,9,97,59,74,0,0,25,23,77,57,0,0,24,21,48,18,64,0,0,55,88,60,78,53,0,0,85,63,89,51,84,56,0,0,68,4,45,46,2,0,0,76,19,49,20,0,0,43,44,41,61,70,0,0,12,14,47,10,82,0,0,91,80,0,0,11,15,16,0
0;pliki//100 lokacji//RC201.txt;200;10;swap;3;3044;7559.740292401104;2809.4609802892373;936.9151930410811;3813.364119070786;5983.2059280385165;2028.0528396488035;905.4820894316983;3049.6709989580154;22;300012.3222;0,77,25,23,21,24,0,0,43,44,40,38,61,0,0,98,60,14,47,17,15,0,0,2,6,88,69,0,0,72,37,35,36,0,0,68,70,100,55,0,0,46,45,5,3,1,0,0,42,39,41,0,0,53,12,16,11,0,0,80,51,89,85,84,0,0,64,49,19,95,92,0,0,34,31,27,29,0,0,87,86,99,90,0,0,10,9,73,78,0,0,94,62,50,67,71,93,0,0,56,18,48,20,66,0,0,65,59,74,57,83,0,0,54,81,96,0,0,82,13,97,75,58,52,0,0,4,8,7,79,0,0,91,33,32,26,28,30,0,0,63,76,22,0
0;pliki//100 lokacji//RC201.txt;200;10;invert;3;3042;7559.740292401104;2809.4609802892373;936.9151930410811;3813.364119070786;6027.051377337742;1961.2088109455503;1101.9852637826707;2963.857302609521;22;300078.2632;0,83,64,89,63,91,0,0,55,6,7,88,0,0,99,82,98,0,0,80,94,96,0,0,18,76,62,71,93,0,0,59,75,97,9,0,0,52,74,58,77,25,19,49,0,0,70,45,46,8,2,0,0,10,13,87,86,90,0,0,22,24,57,0,0,56,84,50,95,92,0,0,81,41,40,43,44,61,0,0,65,0,0,31,29,26,28,30,32,0,0,67,34,27,33,85,51,0,0,11,17,14,69,0,0,54,38,39,42,68,0,0,15,16,47,12,53,0,0,78,73,79,60,0,0,100,1,3,5,4,0,0,23,21,48,20,66,0,0,37,36,35,72,0
0;pliki//100 lokacji//RC201.txt;200;10;invert;3;3043;7559.740292401104;2809.4609802892373;936.9151930410811;3813.364119070786;6107.175970660044;1953.1025748850889;1186.491106406735;2967.58228936822;21;300159.2275;0,90,47,17,16,15,13,0,0,71,67,50,95,92,0,0,66,20,18,57,0,0,52,58,97,87,99,0,0,51,76,89,85,80,0,0,43,40,41,72,81,0,0,22,19,49,0,0,68,55,6,60,69,0,0,54,93,94,0,0,42,44,36,35,37,0,0,91,56,84,64,65,0,0,100,5,4,2,0,0,88,73,79,8,46,7,0,0,63,33,30,31,34,62,0,0,10,11,9,0,0,24,48,21,23,86,0,0,96,38,39,61,0,0,74,59,75,77,25,83,0,0,32,28,26,27,29,0,0,70,1,3,45,0,0,98,53,78,14,12,82,0
0;pliki//100 lokacji//RC201.txt;200;10;invert;3;3044;7559.740292401104;2809.4609802892373;936.9151930410811;3813.364119070786;5914.897111162985;1921.883889429732;1023.4607091450207;2969.5525125882323;20;300046.3149;0,90,80,94,93,96,81,0,0,98,53,12,47,11,0,0,7,79,73,60,88,0,0,65,66,91,56,95,92,0,0,71,37,38,43,44,61,0,0,82,13,16,15,69,0,0,74,59,75,77,25,21,24,0,0,62,32,30,27,29,31,67,0,0,42,40,36,39,72,0,0,87,9,14,17,78,0,0,54,50,84,64,0,0,51,76,89,0,0,68,70,35,41,0,0,83,23,22,0,0,57,86,52,99,0,0,6,8,45,4,2,0,0,100,1,3,5,46,55,0,0,20,19,48,18,49,0,0,85,63,33,28,26,34,0,0,58,97,10,0
0;pliki//100 lokacji//RC201.txt;200;10;insert;3;3042;7559.740292401104;2809.4609802892373;936.9151930410811;3813.364119070786;6385.748964394047;2195.8358979604236;980;3209.9130664336235;20;300089.8802;0,96,94,80,0,0,69,82,98,53,47,12,0,0,68,70,1,46,55,0,0,65,66,91,92,95,56,0,0,81,61,44,43,38,71,93,0,0,88,60,73,79,7,0,0,54,35,37,4,100,0,0,90,83,64,84,50,0,0,99,86,74,87,9,17,0,0,32,30,26,34,67,0,0,24,22,57,0,0,42,40,36,39,72,0,0,2,3,6,78,0,0,41,51,18,48,49,0,0,10,97,58,52,0,0,11,15,16,13,0,0,8,14,59,75,77,25,21,0,0,5,45,19,89,0,0,85,63,76,23,20,0,0,31,29,27,28,33,62,0
0;pliki//100 lokacji//RC201.txt;200;10;insert;3;3043;7559.740292401104;2809.4609802892373;936.9151930410811;3813.364119070786;6385.748964394047;2195.8358979604236;980;3209.9130664336235;20;300018.7428;0,96,94,80,0,0,69,82,98,53,47,12,0,0,68,70,1,46,55,0,0,65,66,91,92,95,56,0,0,81,61,44,43,38,71,93,0,0,88,60,73,79,7,0,0,54,35,37,4,100,0,0,90,83,64,84,50,0,0,99,86,74,87,9,17,0,0,32,30,26,34,67,0,0,24,22,57,0,0,42,40,36,39,72,0,0,2,3,6,78,0,0,41,51,18,48,49,0,0,10,97,58,52,0,0,11,15,16,13,0,0,8,14,59,75,77,25,21,0,0,5,45,19,89,0,0,85,63,76,23,20,0,0,31,29,27,28,33,62,0
0;pliki//100 lokacji//RC201.txt;200;10;insert;3;3044;7559.740292401104;2809.4609802892373;936.9151930410811;3813.364119070786;6385.748964394047;2195.8358979604236;980;3209.9130664336235;20;300026.6856;0,96,94,80,0,0,69,82,98,53,47,12,0,0,68,70,1,46,55,0,0,65,66,91,92,95,56,0,0,81,61,44,43,38,71,93,0,0,88,60,73,79,7,0,0,54,35,37,4,100,0,0,90,83,64,84,50,0,0,99,86,74,87,9,17,0,0,32,30,26,34,67,0,0,24,22,57,0,0,42,40,36,39,72,0,0,2,3,6,78,0,0,41,51,18,48,49,0,0,10,97,58,52,0,0,11,15,16,13,0,0,8,14,59,75,77,25,21,0,0,5,45,19,89,0,0,85,63,76,23,20,0,0,31,29,27,28,33,62,0
0;pliki//100 lokacji//RC201.txt;200;20;swap;3;4042;7559.740292401104;2809.4609802892373;936.9151930410811;3813.364119070786;5887.988897002851;2029.777122595372;800.7097119692244;3057.5020624382555;23;300113.2202;0,96,81,0,0,74,77,58,97,59,0,0,8,5,45,7,60,98,0,0,20,49,22,24,66,0,0,12,47,17,11,0,0,79,73,78,0,0,64,21,23,25,52,0,0,100,6,46,4,70,0,0,18,48,19,0,0,1,3,2,55,68,0,0,34,26,28,30,67,0,0,86,75,87,99,90,0,0,31,29,27,71,93,0,0,42,36,35,37,39,0,0,94,50,32,33,62,0,0,92,76,89,63,95,0,0,9,13,14,53,88,69,0,0,54,72,41,0,0,56,51,85,84,0,0,91,80,0,0,82,10,15,16,0,0,44,43,40,38,61,0,0,83,57,65,0
0;pliki//100 lokacji//RC201.txt;200;20;swap;3;4043;7559.740292401104;2809.4609802892373;936.9151930410811;3813.364119070786;6009.580867604072;2065.6510869327067;860;3083.9297806713653;22;300031.2666;0,80,96,0,0,35,40,41,81,0,0,98,12,15,16,13,0,0,65,74,59,97,87,0,0,5,45,46,88,69,0,0,11,10,0,0,95,85,51,64,83,0,0,2,3,1,70,0,0,52,75,77,58,9,73,79,0,0,92,63,89,76,0,0,31,27,26,0,0,100,4,8,7,6,0,0,47,17,14,82,0,0,55,60,78,53,0,0,23,21,48,19,0,0,94,32,30,28,29,71,93,0,0,56,84,49,22,0,0,91,86,57,99,90,0,0,20,18,25,24,66,0,0,67,34,33,50,62,0,0,38,39,43,44,61,68,0,0,42,36,37,72,54,0
0;pliki//100 lokacji//RC201.txt;200;20;swap;3;4044;7559.740292401104;2809.4609802892373;936.9151930410811;3813.364119070786;5999.244702044025;2057.25316103593;860;3081.991541008095;21;300088.1661;0,60,9,86,57,0,0,62,50,34,31,93,0,0,40,36,35,37,61,0,0,80,94,92,95,91,0,0,96,54,72,39,42,0,0,100,3,4,46,8,55,0,0,78,14,13,10,0,0,43,44,38,41,0,0,97,87,74,25,24,0,0,68,70,6,88,0,0,69,98,47,17,16,52,0,0,19,48,58,59,82,0,0,2,45,5,1,0,0,66,64,83,65,0,0,18,21,23,77,75,0,0,84,63,33,27,29,71,0,0,12,15,11,0,0,56,20,49,22,0,0,85,89,76,51,0,0,26,28,30,32,67,81,0,0,7,79,73,53,99,90,0
0;pliki//100 lokacji//RC201.txt;200;20;invert;3;4042;7559.740292401104;2809.4609802892373;936.9151930410811;3813.364119070786;6171.0172580360595;2039.4195583939932;1063.9338255067266;3067.66387413534;22;300144.2134;0,70,79,60,88,0,0,7,45,5,1,0,0,98,78,16,15,0,0,51,76,89,93,81,0,0,80,91,66,83,65,0,0,25,77,58,75,59,74,0,0,68,100,2,4,6,0,0,99,97,13,14,47,73,0,0,90,86,87,53,55,0,0,18,48,21,23,24,0,0,41,38,40,42,61,0,0,22,19,49,0,0,39,36,35,37,72,0,0,10,11,9,0,0,62,33,26,28,30,32,71,0,0,50,67,94,0,0,31,27,29,34,0,0,96,0,0,56,84,63,85,95,92,0,0,54,44,43,3,46,8,0,0,82,52,57,20,64,0,0,12,17,69,0
0;pliki//100 lokacji//RC201.txt;200;20;invert;3;4043;7559.740292401104;2809.4609802892373;936.9151930410811;3813.364119070786;5923.679967752479;1936.3742417885262;1020;2967.3057259639527;21;300088.1487;0,64,84,50,93,92,0,0,49,18,57,52,99,0,0,70,61,42,37,72,54,0,0,10,14,73,78,53,0,0,98,69,0,0,22,19,20,0,0,65,74,77,75,59,9,82,0,0,12,47,17,60,0,0,11,15,16,13,0,0,43,36,35,39,0,0,91,95,56,83,66,0,0,68,2,8,79,88,0,0,80,67,94,96,0,0,62,32,30,29,31,34,0,0,7,4,45,5,100,0,0,48,21,23,25,24,0,0,51,76,89,63,85,0,0,33,28,26,27,71,0,0,86,58,97,87,90,0,0,1,3,46,6,55,0,0,41,38,40,44,81,0
0;pliki//100 lokacji//RC201.txt;200;20;invert;3;4044;7559.740292401104;2809.4609802892373;936.9151930410811;3813.364119070786;6004.3111627464605;1980.9667737088962;1020;3003.3443890375647;21;300005.6503;0,68,88,60,78,53,0,0,92,62,50,67,93,96,0,0,51,76,89,0,0,12,17,15,13,9,0,0,22,59,87,65,0,0,54,41,38,44,0,0,73,79,7,8,4,0,0,80,64,21,23,66,0,0,100,1,3,45,2,55,0,0,82,98,69,0,0,81,72,37,36,39,0,0,95,85,63,33,28,31,34,0,0,91,56,84,94,0,0,52,74,58,25,19,24,0,0,6,46,5,70,61,0,0,11,16,47,14,0,0,29,27,26,30,32,0,0,10,86,57,0,0,77,75,97,99,90,0,0,71,35,40,43,42,0,0,20,49,18,48,83,0
0;pliki//100 lokacji//RC201.txt;200;20;insert;3;4042;7559.740292401104;2809.4609802892373;936.9151930410811;3813.364119070786;6385.748964394047;2195.8358979604236;980;3209.9130664336235;20;300068.9072;0,96,94,80,0,0,69,82,98,53,47,12,0,0,68,70,1,46,55,0,0,65,66,91,92,95,56,0,0,81,61,44,43,38,71,93,0,0,88,60,73,79,7,0,0,54,35,37,4,100,0,0,90,83,64,84,50,0,0,99,86,74,87,9,17,0,0,32,30,26,34,67,0,0,24,22,57,0,0,42,40,36,39,72,0,0,2,3,6,78,0,0,41,51,18,48,49,0,0,10,97,58,52,0,0,11,15,16,13,0,0,8,14,59,75,77,25,21,0,0,5,45,19,89,0,0,85,63,76,23,20,0,0,31,29,27,28,33,62,0
0;pliki//100 lokacji//RC201.txt;200;20;insert;3;4043;7559.740292401104;2809.4609802892373;936.9151930410811;3813.364119070786;6385.748964394047;2195.8358979604236;980;3209.9130664336235;20;300027.0583;0,96,94,80,0,0,69,82,98,53,47,12,0,0,68,70,1,46,55,0,0,65,66,91,92,95,56,0,0,81,61,44,43,38,71,93,0,0,88,60,73,79,7,0,0,54,35,37,4,100,0,0,90,83,64,84,50,0,0,99,86,74,87,9,17,0,0,32,30,26,34,67,0,0,24,22,57,0,0,42,40,36,39,72,0,0,2,3,6,78,0,0,41,51,18,48,49,0,0,10,97,58,52,0,0,11,15,16,13,0,0,8,14,59,75,77,25,21,0,0,5,45,19,89,0,0,85,63,76,23,20,0,0,31,29,27,28,33,62,0
0;pliki//100 lokacji//RC201.txt;200;20;insert;3;4044;7559.740292401104;2809.4609802892373;936.9151930410811;3813.364119070786;6385.748964394047;2195.8358979604236;980;3209.9130664336235;20;300031.9144;0,96,94,80,0,0,69,82,98,53,47,12,0,0,68,70,1,46,55,0,0,65,66,91,92,95,56,0,0,81,61,44,43,38,71,93,0,0,88,60,73,79,7,0,0,54,35,37,4,100,0,0,90,83,64,84,50,0,0,99,86,74,87,9,17,0,0,32,30,26,34,67,0,0,24,22,57,0,0,42,40,36,39,72,0,0,2,3,6,78,0,0,41,51,18,48,49,0,0,10,97,58,52,0,0,11,15,16,13,0,0,8,14,59,75,77,25,21,0,0,5,45,19,89,0,0,85,63,76,23,20,0,0,31,29,27,28,33,62,0
0;pliki//100 lokacji//RC201.txt;200;30;swap;3;5042;7559.740292401104;2809.4609802892373;936.9151930410811;3813.364119070786;6010.487926931086;2048.434286849782;900;3062.0536400813044;21;300062.3143;0,22,82,98,69,0,0,84,30,26,27,0,0,43,40,35,37,44,42,0,0,12,47,16,87,99,0,0,70,4,46,55,0,0,95,63,62,48,21,23,77,52,0,0,81,38,41,61,0,0,80,85,89,76,51,0,0,100,6,7,8,3,1,68,0,0,20,49,18,25,24,0,0,93,33,32,28,31,29,34,0,0,10,14,78,53,90,0,0,54,96,0,0,9,13,15,11,0,0,97,59,57,0,0,19,58,75,74,86,0,0,5,45,2,0,0,71,50,67,94,0,0,60,17,73,79,88,0,0,91,92,72,36,39,0,0,56,64,83,66,65,0
0;pliki//100 lokacji//RC201.txt;200;30;swap;3;5043;7559.740292401104;2809.4609802892373;936.9151930410811;3813.364119070786;5957.625080945343;2053.228914833485;841.9852637826708;3062.4109023291876;21;300131.518;0,20,51,84,56,90,0,0,80,94,54,81,0,0,100,1,3,46,4,0,0,19,89,76,0,0,37,35,38,41,0,0,16,15,11,0,0,73,12,17,13,9,53,88,0,0,61,39,36,42,68,55,0,0,47,14,78,98,69,0,0,65,66,0,0,6,8,7,79,60,0,0,96,72,40,43,44,0,0,22,48,18,49,0,0,95,28,26,27,29,0,0,70,45,5,2,0,0,92,63,33,31,34,0,0,10,87,59,74,52,82,0,0,97,58,77,24,83,0,0,64,85,21,23,25,0,0,91,62,50,32,30,67,71,93,0,0,86,75,57,99,0
0;pliki//100 lokacji//RC201.txt;200;30;swap;3;5044;7559.740292401104;2809.4609802892373;936.9151930410811;3813.364119070786;5970.736258999235;2058.2691419911544;849.1460152426816;3063.3211017653994;21;300038.9773;0,10,14,47,17,98,0,0,23,77,58,75,9,90,0,0,99,52,7,8,13,87,86,0,0,20,19,48,18,85,0,0,31,29,30,32,34,67,0,0,92,84,63,89,56,0,0,80,91,50,71,93,0,0,44,40,35,37,38,0,0,78,73,79,6,0,0,68,81,96,94,0,0,74,59,97,82,0,0,53,12,60,88,69,0,0,11,15,16,0,0,95,33,28,26,27,62,0,0,54,41,55,0,0,42,43,36,39,72,0,0,46,5,45,4,100,0,0,70,2,3,1,61,0,0,57,21,76,51,0,0,66,64,83,65,0,0,24,25,49,22,0
0;pliki//100 lokacji//RC201.txt;200;30;invert;3;5042;7559.740292401104;2809.4609802892373;936.9151930410811;3813.364119070786;6332.789283356775;2109.535775166346;1100;3123.253508190429;21;300132.1834;0,80,96,0,0,19,21,63,85,84,95,91,0,0,68,55,45,14,47,75,82,0,0,70,79,78,0,0,65,52,86,58,59,87,0,0,83,24,20,48,89,51,0,0,100,1,3,46,4,0,0,36,35,72,54,0,0,50,28,27,29,71,0,0,77,25,23,18,0,0,2,88,98,69,0,0,81,38,41,0,0,66,22,49,64,0,0,61,42,44,43,40,37,39,0,0,67,32,30,26,33,62,56,0,0,60,7,8,5,6,0,0,9,97,74,57,0,0,90,99,92,94,0,0,11,15,16,13,0,0,10,12,17,73,53,0,0,93,34,31,76,0
0;pliki//100 lokacji//RC201.txt;200;30;invert;3;5043;7559.740292401104;2809.4609802892373;936.9151930410811;3813.364119070786;6114.569742192025;2009.3153991658617;1081.6292564409368;3023.6250865852267;22;300117.7246;0,18,21,22,0,0,93,33,32,26,27,0,0,15,16,17,14,53,0,0,81,72,35,36,39,0,0,99,11,12,0,0,65,59,25,23,0,0,79,73,78,88,0,0,92,76,89,63,85,95,0,0,40,37,38,41,0,0,1,3,46,100,55,68,0,0,90,82,9,13,47,10,0,0,2,7,60,98,0,0,69,0,0,57,24,51,84,91,0,0,70,43,44,42,61,0,0,67,34,31,29,28,30,0,0,66,20,49,19,48,0,0,6,8,5,45,4,0,0,56,62,50,71,54,0,0,96,94,0,0,58,75,97,87,0,0,52,86,74,77,83,64,80,0
0;pliki//100 lokacji//RC201.txt;200;30;invert;3;5044;7559.740292401104;2809.4609802892373;936.9151930410811;3813.364119070786;6279.074742569728;2059.8285335595165;1119.8982440620493;3099.347964948162;21;300024.7771;0,2,4,8,3,1,0,0,78,17,14,12,53,0,0,19,24,57,0,0,56,76,64,0,0,70,46,7,6,100,0,0,69,52,74,58,75,99,0,0,39,38,37,35,44,0,0,50,71,54,81,0,0,10,11,88,0,0,82,13,15,16,47,0,0,66,22,83,65,0,0,20,49,48,18,84,0,0,60,73,79,5,45,0,0,92,67,62,85,63,89,51,90,98,0,0,80,94,41,55,0,0,93,33,32,30,28,29,34,0,0,95,26,27,31,0,0,36,40,43,42,61,0,0,9,97,87,86,0,0,68,72,96,91,0,0,59,77,25,23,21,0
0;pliki//100 lokacji//RC201.txt;200;30;insert;3;5042;7559.740292401104;2809.4609802892373;936.9151930410811;3813.364119070786;6385.748964394047;2195.8358979604236;980;3209.9130664336235;20;300019.0041;0,96,94,80,0,0,69,82,98,53,47,12,0,0,68,70,1,46,55,0,0,65,66,91,92,95,56,0,0,81,61,44,43,38,71,93,0,0,88,60,73,79,7,0,0,54,35,37,4,100,0,0,90,83,64,84,50,0,0,99,86,74,87,9,17,0,0,32,30,26,34,67,0,0,24,22,57,0,0,42,40,36,39,72,0,0,2,3,6,78,0,0,41,51,18,48,49,0,0,10,97,58,52,0,0,11,15,16,13,0,0,8,14,59,75,77,25,21,0,0,5,45,19,89,0,0,85,63,76,23,20,0,0,31,29,27,28,33,62,0
0;pliki//100 lokacji//RC201.txt;200;30;insert;3;5043;7559.740292401104;2809.4609802892373;936.9151930410811;3813.364119070786;6385.748964394047;2195.8358979604236;980;3209.9130664336235;20;300096.3414;0,96,94,80,0,0,69,82,98,53,47,12,0,0,68,70,1,46,55,0,0,65,66,91,92,95,56,0,0,81,61,44,43,38,71,93,0,0,88,60,73,79,7,0,0,54,35,37,4,100,0,0,90,83,64,84,50,0,0,99,86,74,87,9,17,0,0,32,30,26,34,67,0,0,24,22,57,0,0,42,40,36,39,72,0,0,2,3,6,78,0,0,41,51,18,48,49,0,0,10,97,58,52,0,0,11,15,16,13,0,0,8,14,59,75,77,25,21,0,0,5,45,19,89,0,0,85,63,76,23,20,0,0,31,29,27,28,33,62,0
0;pliki//100 lokacji//RC201.txt;200;30;insert;3;5044;7559.740292401104;2809.4609802892373;936.9151930410811;3813.364119070786;6385.748964394047;2195.8358979604236;980;3209.9130664336235;20;300130.3523;0,96,94,80,0,0,69,82,98,53,47,12,0,0,68,70,1,46,55,0,0,65,66,91,92,95,56,0,0,81,61,44,43,38,71,93,0,0,88,60,73,79,7,0,0,54,35,37,4,100,0,0,90,83,64,84,50,0,0,99,86,74,87,9,17,0,0,32,30,26,34,67,0,0,24,22,57,0,0,42,40,36,39,72,0,0,2,3,6,78,0,0,41,51,18,48,49,0,0,10,97,58,52,0,0,11,15,16,13,0,0,8,14,59,75,77,25,21,0,0,5,45,19,89,0,0,85,63,76,23,20,0,0,31,29,27,28,33,62,0
0;pliki//100 lokacji//RC201.txt;200;40;swap;3;6042;7559.740292401104;2809.4609802892373;936.9151930410811;3813.364119070786;5902.742742235618;2026.8168796036714;840;3035.9258626319456;21;300042.823;0,92,67,72,35,39,0,0,68,1,3,5,45,100,0,0,96,71,93,94,0,0,34,29,30,32,50,0,0,80,91,95,56,69,0,0,13,16,15,11,0,0,65,66,85,63,89,33,62,0,0,20,49,22,57,0,0,76,19,0,0,79,73,78,88,0,0,70,2,8,46,61,81,0,0,42,40,36,37,54,0,0,82,87,59,58,74,83,64,0,0,97,86,99,90,0,0,52,21,23,25,77,75,0,0,12,14,47,17,60,98,0,0,4,7,6,55,0,0,10,9,53,0,0,38,43,44,41,0,0,24,48,18,51,84,0,0,31,27,26,28,0
0;pliki//100 lokacji//RC201.txt;200;40;swap;3;6043;7559.740292401104;2809.4609802892373;936.9151930410811;3813.364119070786;6041.672348574775;2091.3012160492603;820;3130.371132525515;21;300148.1377;0,100,3,45,46,4,55,0,0,53,12,10,9,90,0,0,24,22,57,0,0,54,41,40,81,0,0,86,58,75,77,25,0,0,39,36,35,37,72,0,0,96,71,85,51,84,0,0,91,95,62,56,64,80,0,0,42,43,70,68,0,0,34,32,30,29,93,94,0,0,79,73,78,88,0,0,83,65,38,44,61,0,0,1,5,8,2,98,0,0,66,99,60,7,6,0,0,11,15,16,0,0,20,23,21,48,18,0,0,87,59,97,74,52,82,0,0,76,89,63,92,0,0,49,19,33,50,67,0,0,14,13,17,47,69,0,0,31,27,26,28,0
0;pliki//100 lokacji//RC201.txt;200;40;swap;3;6044;7559.740292401104;2809.4609802892373;936.9151930410811;3813.364119070786;5931.799113951513;1987.0407072234707;932.7265892026907;3012.031817525352;21;300046.0721;0,18,89,63,85,94,0,0,67,27,26,28,33,62,0,0,39,36,40,43,42,0,0,25,23,21,64,0,0,70,44,41,54,0,0,9,97,87,86,0,0,100,6,46,4,3,68,0,0,91,50,32,30,29,81,61,0,0,12,14,47,10,82,0,0,22,20,95,92,80,0,0,53,78,60,88,55,0,0,96,93,31,34,0,0,66,57,99,90,0,0,13,17,73,79,7,0,0,65,74,59,75,58,77,52,0,0,83,24,48,19,49,0,0,56,84,76,51,0,0,11,15,16,0,0,71,72,35,37,38,0,0,98,69,0,0,1,45,5,8,2,0
0;pliki//100 lokacji//RC201.txt;200;40;invert;3;6042;7559.740292401104;2809.4609802892373;936.9151930410811;3813.364119070786;6253.838648004119;2094.193609245134;1046.491106406735;3113.1539323522497;21;300056.4433;0,61,100,5,45,78,98,0,0,1,3,46,8,7,55,0,0,41,37,35,43,44,0,0,93,32,28,26,31,71,0,0,68,70,54,94,0,0,67,95,64,83,65,0,0,12,14,47,17,73,88,0,0,80,38,79,60,0,0,42,39,40,36,72,0,0,92,62,63,89,76,85,0,0,56,84,51,99,53,0,0,10,11,9,0,0,20,22,57,90,0,0,66,69,0,0,15,16,13,59,58,52,0,0,82,6,4,2,0,0,30,27,29,34,81,0,0,91,33,50,96,0,0,87,97,75,86,0,0,74,77,25,23,24,0,0,49,21,48,18,19,0
0;pliki//100 lokacji//RC201.txt;200;40;invert;3;6043;7559.740292401104;2809.4609802892373;936.9151930410811;3813.364119070786;6315.803678189179;2094.0944214981564;1120;3101.709256691022;21;300139.0265;0,63,89,33,26,62,80,0,0,60,79,7,8,1,0,0,68,44,43,40,38,0,0,88,6,3,2,0,0,21,48,18,19,20,0,0,41,42,35,37,72,0,0,56,84,76,85,67,0,0,90,82,59,83,64,65,0,0,32,30,31,34,71,0,0,66,24,23,25,77,0,0,70,81,54,92,91,0,0,78,73,14,97,52,0,0,86,74,15,16,17,0,0,57,58,75,87,99,0,0,4,46,45,5,100,0,0,95,50,28,27,29,0,0,53,12,11,9,0,0,22,49,51,0,0,10,13,47,98,69,0,0,55,61,39,36,0,0,96,93,94,0
0;pliki//100 lokacji//RC201.txt;200;40;invert;3;6044;7559.740292401104;2809.4609802892373;936.9151930410811;3813.364119070786;6296.1882397741765;2091.747041248453;1100;3104.4411985257234;22;300177.6644;0,14,17,15,11,0,0,52,74,58,75,59,13,12,0,0,54,37,35,36,0,0,25,23,49,64,0,0,95,85,33,32,30,28,29,34,0,0,4,5,7,0,0,66,56,92,0,0,51,18,19,83,0,0,2,6,98,69,0,0,43,38,41,61,0,0,91,89,76,0,0,9,97,87,86,0,0,68,8,79,78,0,0,20,48,24,57,65,0,0,60,46,45,3,1,55,0,0,72,39,40,44,42,70,0,0,84,63,50,62,0,0,67,31,27,26,0,0,81,71,93,94,0,0,82,10,16,47,73,53,0,0,22,21,77,99,0,0,100,88,90,80,96,0
0;pliki//100 lokacji//RC201.txt;200;40;insert;3;6042;7559.740292401104;2809.4609802892373;936.9151930410811;3813.364119070786;6385.748964394047;2195.8358979604236;980;3209.9130664336235;20;300121.5913;0,96,94,80,0,0,69,82,98,53,47,12,0,0,68,70,1,46,55,0,0,65,66,91,92,95,56,0,0,81,61,44,43,38,71,93,0,0,88,60,73,79,7,0,0,54,35,37,4,100,0,0,90,83,64,84,50,0,0,99,86,74,87,9,17,0,0,32,30,26,34,67,0,0,24,22,57,0,0,42,40,36,39,72,0,0,2,3,6,78,0,0,41,51,18,48,49,0,0,10,97,58,52,0,0,11,15,16,13,0,0,8,14,59,75,77,25,21,0,0,5,45,19,89,0,0,85,63,76,23,20,0,0,31,29,27,28,33,62,0
0;pliki//100 lokacji//RC201.txt;200;40;insert;3;6043;7559.740292401104;2809.4609802892373;936.9151930410811;3813.364119070786;6385.748964394047;2195.8358979604236;980;3209.9130664336235;20;300087.039;0,96,94,80,0,0,69,82,98,53,47,12,0,0,68,70,1,46,55,0,0,65,66,91,92,95,56,0,0,81,61,44,43,38,71,93,0,0,88,60,73,79,7,0,0,54,35,37,4,100,0,0,90,83,64,84,50,0,0,99,86,74,87,9,17,0,0,32,30,26,34,67,0,0,24,22,57,0,0,42,40,36,39,72,0,0,2,3,6,78,0,0,41,51,18,48,49,0,0,10,97,58,52,0,0,11,15,16,13,0,0,8,14,59,75,77,25,21,0,0,5,45,19,89,0,0,85,63,76,23,20,0,0,31,29,27,28,33,62,0
0;pliki//100 lokacji//RC201.txt;200;40;insert;3;6044;7559.740292401104;2809.4609802892373;936.9151930410811;3813.364119070786;6385.748964394047;2195.8358979604236;980;3209.9130664336235;20;300049.0489;0,96,94,80,0,0,69,82,98,53,47,12,0,0,68,70,1,46,55,0,0,65,66,91,92,95,56,0,0,81,61,44,43,38,71,93,0,0,88,60,73,79,7,0,0,54,35,37,4,100,0,0,90,83,64,84,50,0,0,99,86,74,87,9,17,0,0,32,30,26,34,67,0,0,24,22,57,0,0,42,40,36,39,72,0,0,2,3,6,78,0,0,41,51,18,48,49,0,0,10,97,58,52,0,0,11,15,16,13,0,0,8,14,59,75,77,25,21,0,0,5,45,19,89,0,0,85,63,76,23,20,0,0,31,29,27,28,33,62,0
0;pliki//100 lokacji//RC201.txt;200;50;swap;3;7042;7559.740292401104;2809.4609802892373;936.9151930410811;3813.364119070786;6005.8542890454;2036.8644984559119;920;3048.989790589488;21;300090.01;0,20,21,23,77,75,58,0,0,43,42,72,50,92,0,0,39,36,35,37,0,0,46,8,7,79,73,60,0,0,25,48,18,66,0,0,65,24,22,83,0,0,34,26,28,32,33,62,0,0,85,63,89,51,47,12,82,0,0,38,40,44,41,61,0,0,90,99,86,57,0,0,96,71,93,94,0,0,6,45,5,2,0,0,31,29,27,30,67,0,0,68,70,54,81,0,0,11,15,16,0,0,10,78,53,88,0,0,80,76,19,49,0,0,59,97,13,17,14,0,0,52,74,87,9,98,69,0,0,100,1,3,4,55,0,0,91,56,95,84,64,0
0;pliki//100 lokacji//RC201.txt;200;50;swap;3;7043;7559.740292401104;2809.4609802892373;936.9151930410811;3813.364119070786;5947.5921559588805;2063.7535526854685;800;3083.838603273412;21;300051.8063;0,42,40,36,39,72,0,0,51,76,32,30,71,93,0,0,23,21,48,19,0,0,43,38,41,61,81,0,0,74,59,97,13,16,0,0,86,77,58,75,87,9,90,0,0,65,52,57,24,49,83,0,0,22,20,64,0,0,26,28,89,85,84,0,0,79,73,78,53,0,0,15,17,47,11,0,0,70,44,35,37,54,0,0,63,33,27,29,96,0,0,60,4,3,1,68,0,0,62,50,34,31,0,0,55,6,8,7,88,0,0,66,18,25,99,0,0,91,67,94,0,0,12,14,10,82,0,0,80,92,95,56,69,0,0,100,45,5,46,2,98,0
0;pliki//100 lokacji//RC201.txt;200;50;swap;3;7044;7559.740292401104;2809.4609802892373;936.9151930410811;3813.364119070786;6056.956784424856;2066.315568885358;900;3090.6412155394974;22;300007.8806;0,31,29,30,32,67,80,0,0,13,97,22,0,0,11,47,14,69,0,0,9,10,12,53,0,0,34,50,56,0,0,57,86,99,90,0,0,55,7,8,46,6,88,0,0,92,95,91,0,0,84,85,63,89,76,0,0,61,44,43,40,36,0,0,68,70,42,39,72,54,0,0,33,28,26,27,62,0,0,24,23,77,75,58,74,0,0,16,15,17,81,71,93,0,0,100,45,5,3,1,0,0,96,94,0,0,20,49,18,25,66,0,0,19,21,48,51,64,0,0,37,35,38,41,0,0,65,52,87,59,83,0,0,82,98,2,4,0,0,78,73,79,60,0
0;pliki//100 lokacji//RC201.txt;200;50;invert;3;7042;7559.740292401104;2809.4609802892373;936.9151930410811;3813.364119070786;6300.595012871681;2116.814043583222;1060;3123.78096928846;21;300085.8609;0,59,9,16,47,14,82,90,0,0,94,92,91,0,0,35,36,38,0,0,62,30,28,26,27,29,0,0,4,46,6,88,98,0,0,68,2,3,8,7,61,81,0,0,42,39,72,67,95,56,69,0,0,53,75,58,86,99,0,0,54,37,43,44,41,0,0,11,15,52,57,0,0,22,19,51,0,0,84,85,63,89,76,0,0,93,33,32,31,50,0,0,24,25,48,18,20,0,0,66,83,65,0,0,80,64,49,21,23,77,0,0,13,17,73,79,78,0,0,55,45,5,1,40,0,0,74,87,97,10,0,0,34,71,96,0,0,70,100,60,12,0
0;pliki//100 lokacji//RC201.txt;200;50;invert;3;7043;7559.740292401104;2809.4609802892373;936.9151930410811;3813.364119070786;6280.709188136853;2130.083676520191;1006.4911064067351;3144.134405209927;22;300098.6894;0,65,58,25,21,63,0,0,24,20,49,18,77,57,0,0,56,62,50,67,71,0,0,92,72,36,40,81,0,0,22,64,0,0,73,7,8,46,4,6,0,0,31,29,26,30,95,0,0,78,12,82,0,0,10,11,9,0,0,53,14,47,17,16,15,0,0,60,79,88,90,0,0,55,2,70,68,0,0,61,42,44,43,39,54,0,0,91,83,74,87,13,69,0,0,80,1,3,5,45,100,0,0,33,32,28,27,34,0,0,37,35,38,41,0,0,84,19,86,99,0,0,66,48,23,0,0,96,93,94,0,0,51,76,89,85,0,0,75,97,59,52,98,0
0;pliki//100 lokacji//RC201.txt;200;50;invert;3;7044;7559.740292401104;2809.4609802892373;936.9151930410811;3813.364119070786;6454.86612154201;2126.2923085787047;1186.9620154658476;3141.6117974974577;22;300111.6183;0,61,5,4,46,6,0,0,23,25,58,65,0,0,70,41,81,0,0,84,26,34,67,0,0,12,14,13,75,87,82,0,0,62,33,30,28,27,29,31,0,0,66,57,0,0,88,60,78,69,0,0,21,48,18,19,49,0,0,64,89,76,0,0,68,42,44,43,35,39,0,0,92,93,71,72,96,0,0,24,22,20,51,0,0,7,8,45,3,2,0,0,91,56,85,63,32,50,95,0,0,100,1,54,94,80,0,0,53,47,16,15,86,52,0,0,79,10,99,0,0,38,37,36,40,0,0,55,98,0,0,90,59,97,77,74,83,0,0,9,11,17,73,0
0;pliki//100 lokacji//RC201.txt;200;50;insert;3;7042;7559.740292401104;2809.4609802892373;936.9151930410811;3813.364119070786;6385.748964394047;2195.8358979604236;980;3209.9130664336235;20;300110.9668;0,96,94,80,0,0,69,82,98,53,47,12,0,0,68,70,1,46,55,0,0,65,66,91,92,95,56,0,0,81,61,44,43,38,71,93,0,0,88,60,73,79,7,0,0,54,35,37,4,100,0,0,90,83,64,84,50,0,0,99,86,74,87,9,17,0,0,32,30,26,34,67,0,0,24,22,57,0,0,42,40,36,39,72,0,0,2,3,6,78,0,0,41,51,18,48,49,0,0,10,97,58,52,0,0,11,15,16,13,0,0,8,14,59,75,77,25,21,0,0,5,45,19,89,0,0,85,63,76,23,20,0,0,31,29,27,28,33,62,0
0;pliki//100 lokacji//RC201.txt;200;50;insert;3;7043;7559.740292401104;2809.4609802892373;936.9151930410811;3813.364119070786;6385.748964394047;2195.8358979604236;980;3209.9130664336235;20;300024.8226;0,96,94,80,0,0,69,82,98,53,47,12,0,0,68,70,1,46,55,0,0,65,66,91,92,95,56,0,0,81,61,44,43,38,71,93,0,0,88,60,73,79,7,0,0,54,35,37,4,100,0,0,90,83,64,84,50,0,0,99,86,74,87,9,17,0,0,32,30,26,34,67,0,0,24,22,57,0,0,42,40,36,39,72,0,0,2,3,6,78,0,0,41,51,18,48,49,0,0,10,97,58,52,0,0,11,15,16,13,0,0,8,14,59,75,77,25,21,0,0,5,45,19,89,0,0,85,63,76,23,20,0,0,31,29,27,28,33,62,0
0;pliki//100 lokacji//RC201.txt;200;50;insert;3;7044;7559.740292401104;2809.4609802892373;936.9151930410811;3813.364119070786;6385.748964394047;2195.8358979604236;980;3209.9130664336235;20;300090.1833;0,96,94,80,0,0,69,82,98,53,47,12,0,0,68,70,1,46,55,0,0,65,66,91,92,95,56,0,0,81,61,44,43,38,71,93,0,0,88,60,73,79,7,0,0,54,35,37,4,100,0,0,90,83,64,84,50,0,0,99,86,74,87,9,17,0,0,32,30,26,34,67,0,0,24,22,57,0,0,42,40,36,39,72,0,0,2,3,6,78,0,0,41,51,18,48,49,0,0,10,97,58,52,0,0,11,15,16,13,0,0,8,14,59,75,77,25,21,0,0,5,45,19,89,0,0,85,63,76,23,20,0,0,31,29,27,28,33,62,0
0;pliki//100 lokacji//RC201.txt;250;10;swap;3;3542;7559.740292401104;2809.4609802892373;936.9151930410811;3813.364119070786;6063.545329402924;2061.1185376685826;924.8781778291716;3077.54861390517;21;300026.1648;0,24,22,66,0,0,57,86,74,87,99,0,0,82,52,64,76,56,0,0,70,4,46,55,0,0,10,13,9,90,0,0,11,15,16,53,0,0,100,3,5,8,7,6,0,0,18,21,73,79,88,0,0,49,23,19,51,0,0,37,36,40,1,45,0,0,84,85,63,89,33,62,95,91,0,0,12,14,47,17,69,0,0,50,32,30,29,34,0,0,98,78,60,2,0,0,43,44,38,41,0,0,20,48,25,77,83,65,0,0,96,94,92,0,0,31,27,26,28,0,0,81,54,71,93,67,80,0,0,72,35,39,42,61,68,0,0,59,97,75,58,0
0;pliki//100 lokacji//RC201.txt;250;10;swap;3;3543;7559.740292401104;2809.4609802892373;936.9151930410811;3813.364119070786;5972.460198208684;2015.2024793647174;920;3037.2577188439673;21;300027.6764;0,15,97,75,87,52,0,0,56,84,18,49,66,0,0,85,63,27,31,34,93,0,0,40,43,44,41,61,68,0,0,65,77,58,59,13,9,82,0,0,2,4,45,5,0,0,37,36,35,72,0,0,64,20,48,21,0,0,100,1,3,8,7,79,0,0,92,22,24,83,0,0,25,23,19,0,0,16,17,47,14,12,0,0,70,60,73,78,0,0,10,11,53,98,0,0,91,95,33,26,28,62,0,0,42,39,38,54,0,0,55,88,6,46,69,0,0,51,76,89,0,0,50,32,30,29,67,71,81,0,0,57,74,86,99,90,0,0,80,94,96,0
0;pliki//100 lokacji//RC201.txt;250;10;swap;3;3544;7559.740292401104;2809.4609802892373;936.9151930410811;3813.364119070786;6053.78077153672;2076.8903857683595;900;3076.89038576836;22;300798.2057;0,62,31,27,49,20,0,0,42,44,43,40,39,0,0,50,30,32,51,84,0,0,77,75,58,86,99,0,0,1,3,4,46,55,0,0,66,22,57,0,0,52,74,59,97,87,82,0,0,5,45,79,98,0,0,78,73,60,88,53,90,0,0,6,2,70,61,68,0,0,15,16,17,12,0,0,41,38,54,81,0,0,56,19,48,18,0,0,11,47,14,69,0,0,10,9,13,7,8,100,0,0,76,89,33,63,85,95,0,0,64,83,65,0,0,91,92,80,0,0,37,36,35,72,0,0,96,71,93,94,0,0,34,28,26,29,67,0,0,21,23,25,24,0
0;pliki//100 lokacji//RC201.txt;250;10;invert;3;3542;7559.740292401104;2809.4609802892373;936.9151930410811;3813.364119070786;6011.49497748145;1934.8943714451138;1140;2936.6006060363366;21;300084.8889;0,83,24,23,21,48,0,0,69,65,0,0,81,54,38,41,0,0,90,99,87,86,57,0,0,91,85,63,89,76,0,0,53,14,47,17,10,0,0,22,49,20,64,0,0,73,79,7,8,6,0,0,88,60,78,12,0,0,96,93,67,94,80,0,0,42,44,40,43,1,45,0,0,74,59,75,58,77,25,0,0,72,37,35,36,39,0,0,66,19,18,51,0,0,82,9,13,16,15,98,0,0,62,34,30,28,31,71,0,0,33,32,26,27,29,0,0,68,70,2,100,55,0,0,92,50,84,95,56,0,0,52,97,11,0,0,61,3,5,46,4,0
0;pliki//100 lokacji//RC201.txt;250;10;invert;3;3543;7559.740292401104;2809.4609802892373;936.9151930410811;3813.364119070786;6059.0980781686885;1996.7920341016352;1046.0223370643566;3016.2837070026962;21;300049.3661;0,72,36,40,44,1,0,0,83,25,23,21,0,0,86,58,75,87,99,0,0,10,73,79,6,0,0,96,94,93,71,81,0,0,51,76,85,56,80,0,0,2,88,98,69,0,0,68,3,5,46,4,0,0,95,84,63,33,29,34,0,0,49,18,48,22,0,0,82,15,16,17,47,14,0,0,53,12,11,13,9,0,0,91,92,64,66,0,0,54,37,35,43,61,0,0,67,62,50,32,30,89,0,0,42,39,38,41,0,0,24,20,19,77,74,57,0,0,70,55,0,0,100,45,8,7,78,60,0,0,90,97,59,52,65,0,0,28,26,27,31,0
0;pliki//100 lokacji//RC201.txt;250;10;invert;3;3544;7559.740292401104;2809.4609802892373;936.9151930410811;3813.364119070786;5965.17122713071;1945.235193131365;1060;2959.936033999345;22;300121.6191;0,82,10,16,47,14,0,0,90,24,25,21,48,0,0,78,73,79,60,0,0,92,50,94,0,0,99,52,86,74,58,87,9,0,0,75,77,23,19,0,0,98,2,45,5,100,68,0,0,69,0,0,28,26,27,31,0,0,62,33,32,30,29,34,67,0,0,65,66,56,91,0,0,38,37,39,43,44,42,0,0,70,1,3,4,0,0,72,35,36,40,61,0,0,93,71,41,81,0,0,53,17,13,97,59,0,0,11,15,12,0,0,20,49,18,89,85,84,0,0,55,7,8,46,6,88,0,0,57,22,83,0,0,95,63,76,51,64,0,0,54,96,80,0
0;pliki//100 lokacji//RC201.txt;250;10;insert;3;3542;7559.740292401104;2809.4609802892373;936.9151930410811;3813.364119070786;6385.748964394047;2195.8358979604236;980;3209.9130664336235;20;300115.192;0,96,94,80,0,0,69,82,98,53,47,12,0,0,68,70,1,46,55,0,0,65,66,91,92,95,56,0,0,81,61,44,43,38,71,93,0,0,88,60,73,79,7,0,0,54,35,37,4,100,0,0,90,83,64,84,50,0,0,99,86,74,87,9,17,0,0,32,30,26,34,67,0,0,24,22,57,0,0,42,40,36,39,72,0,0,2,3,6,78,0,0,41,51,18,48,49,0,0,10,97,58,52,0,0,11,15,16,13,0,0,8,14,59,75,77,25,21,0,0,5,45,19,89,0,0,85,63,76,23,20,0,0,31,29,27,28,33,62,0
0;pliki//100 lokacji//RC201.txt;250;10;insert;3;3543;7559.740292401104;2809.4609802892373;936.9151930410811;3813.364119070786;6385.748964394047;2195.8358979604236;980;3209.9130664336235;20;300043.67;0,96,94,80,0,0,69,82,98,53,47,12,0,0,68,70,1,46,55,0,0,65,66,91,92,95,56,0,0,81,61,44,43,38,71,93,0,0,88,60,73,79,7,0,0,54,35,37,4,100,0,0,90,83,64,84,50,0,0,99,86,74,87,9,17,0,0,32,30,26,34,67,0,0,24,22,57,0,0,42,40,36,39,72,0,0,2,3,6,78,0,0,41,51,18,48,49,0,0,10,97,58,52,0,0,11,15,16,13,0,0,8,14,59,75,77,25,21,0,0,5,45,19,89,0,0,85,63,76,23,20,0,0,31,29,27,28,33,62,0
0;pliki//100 lokacji//RC201.txt;250;10;insert;3;3544;7559.740292401104;2809.4609802892373;936.9151930410811;3813.364119070786;6385.748964394047;2195.8358979604236;980;3209.9130664336235;20;300045.6454;0,96,94,80,0,0,69,82,98,53,47,12,0,0,68,70,1,46,55,0,0,65,66,91,92,95,56,0,0,81,61,44,43,38,71,93,0,0,88,60,73,79,7,0,0,54,35,37,4,100,0,0,90,83,64,84,50,0,0,99,86,74,87,9,17,0,0,32,30,26,34,67,0,0,24,22,57,0,0,42,40,36,39,72,0,0,2,3,6,78,0,0,41,51,18,48,49,0,0,10,97,58,52,0,0,11,15,16,13,0,0,8,14,59,75,77,25,21,0,0,5,45,19,89,0,0,85,63,76,23,20,0,0,31,29,27,28,33,62,0
0;pliki//100 lokacji//RC201.txt;250;20;swap;3;4542;7559.740292401104;2809.4609802892373;936.9151930410811;3813.364119070786;5879.868371444577;2020.126677179522;820.8061301782109;3038.9355640868444;22;300132.0928;0,58,75,77,25,57,0,0,42,39,36,37,72,71,0,0,79,73,78,53,90,0,0,29,27,26,28,30,0,0,55,88,6,7,8,46,0,0,80,50,62,91,0,0,9,97,87,86,0,0,84,33,32,31,34,0,0,38,35,40,44,61,0,0,23,21,48,19,0,0,60,17,47,10,0,0,56,51,63,95,92,0,0,12,14,13,59,74,65,0,0,96,93,67,94,0,0,24,22,66,0,0,52,99,82,98,69,0,0,43,41,54,81,0,0,100,3,1,70,68,0,0,83,49,20,64,0,0,18,76,89,85,0,0,2,4,45,5,0,0,16,15,11,0
0;pliki//100 lokacji//RC201.txt;250;20;swap;3;4543;7559.740292401104;2809.4609802892373;936.9151930410811;3813.364119070786;5986.976752880718;2041.2004096142916;881.5158421474353;3064.2605011189908;22;300041.6963;0,41,39,44,42,70,0,0,83,59,87,99,82,0,0,96,71,93,94,0,0,29,27,26,28,0,0,38,37,40,43,81,0,0,55,6,8,7,88,0,0,24,22,49,20,64,0,0,100,45,5,3,1,61,68,0,0,9,13,15,11,0,0,32,30,31,34,67,0,0,2,46,4,0,0,52,75,77,25,21,23,0,0,80,92,95,63,89,0,0,36,35,72,54,0,0,18,48,19,66,90,0,0,56,51,76,85,84,0,0,47,14,69,0,0,50,33,62,91,0,0,86,74,57,65,0,0,79,73,78,60,53,0,0,98,12,17,16,0,0,58,97,10,0
0;pliki//100 lokacji//RC201.txt;250;20;swap;3;4544;7559.740292401104;2809.4609802892373;936.9151930410811;3813.364119070786;5934.330816859612;1990.4847860247455;946.4911064067351;2997.3549244281317;22;300125.5141;0,66,23,21,19,0,0,47,17,14,69,0,0,4,46,8,3,1,68,0,0,85,76,89,30,32,67,0,0,43,38,41,61,0,0,10,11,9,0,0,24,25,48,18,49,0,0,71,34,29,28,33,91,0,0,80,92,94,0,0,56,64,20,22,0,0,93,96,81,0,0,87,59,97,82,98,0,0,39,37,40,44,42,0,0,95,84,51,63,50,62,0,0,60,7,6,70,0,0,52,74,58,75,77,86,99,0,0,100,45,5,2,55,0,0,78,73,79,88,90,0,0,36,35,72,54,0,0,83,57,65,0,0,13,16,15,12,53,0,0,26,27,31,0
0;pliki//100 lokacji//RC201.txt;250;20;invert;3;4542;7559.740292401104;2809.4609802892373;936.9151930410811;3813.364119070786;6129.638205575261;2024.4897620698866;1060;3045.1484435053744;21;300013.8967;0,88,8,45,5,1,0,0,83,22,51,84,0,0,56,57,55,0,0,25,21,18,20,64,0,0,39,36,72,96,0,0,91,95,62,34,31,0,0,32,26,27,29,67,0,0,52,74,58,75,86,99,0,0,38,37,35,44,42,61,0,0,66,76,63,85,92,0,0,10,17,47,69,0,0,98,12,16,15,0,0,54,71,93,94,80,0,0,65,77,97,59,87,0,0,60,6,3,100,70,68,0,0,43,40,41,81,0,0,50,30,28,33,89,49,0,0,7,46,4,2,0,0,19,48,23,24,0,0,53,14,11,13,9,82,90,0,0,79,73,78,0
0;pliki//100 lokacji//RC201.txt;250;20;invert;3;4543;7559.740292401104;2809.4609802892373;936.9151930410811;3813.364119070786;6362.436129228024;2178.395734143676;1000;3184.040395084348;20;300102.8375;0,90,80,94,93,96,81,0,0,82,13,47,12,53,98,69,0,0,68,70,1,46,100,55,0,0,65,66,91,56,95,92,0,0,54,35,4,17,0,0,71,37,38,43,44,61,0,0,7,79,73,60,88,0,0,42,40,36,39,72,0,0,83,64,84,50,67,0,0,2,3,6,78,0,0,58,97,10,0,0,49,48,18,51,41,0,0,34,26,28,30,32,62,0,0,85,63,33,27,29,31,0,0,16,15,11,0,0,45,5,8,9,87,74,77,20,0,0,99,52,86,57,0,0,14,59,75,25,21,24,0,0,76,89,23,0,0,22,19,0
0;pliki//100 lokacji//RC201.txt;250;20;invert;3;4544;7559.740292401104;2809.4609802892373;936.9151930410811;3813.364119070786;6274.009521012578;2134.1824300359535;1000;3139.827090976625;20;300027.2882;0,90,80,94,93,96,81,0,0,82,13,47,12,53,98,69,0,0,68,70,1,46,100,55,0,0,65,66,91,56,95,92,0,0,8,16,15,11,0,0,7,79,73,60,88,0,0,71,37,38,43,44,61,0,0,42,40,36,39,72,0,0,17,4,35,54,0,0,83,64,84,50,67,0,0,49,48,18,51,41,0,0,2,3,6,78,0,0,34,26,28,30,32,62,0,0,87,59,97,14,0,0,57,86,52,99,0,0,20,19,22,0,0,23,89,76,0,0,24,21,25,77,75,58,74,0,0,85,63,33,27,29,31,0,0,5,45,10,9,0
0;pliki//100 lokacji//RC201.txt;250;20;insert;3;4542;7559.740292401104;2809.4609802892373;936.9151930410811;3813.364119070786;6385.748964394047;2195.8358979604236;980;3209.9130664336235;20;300123.9398;0,96,94,80,0,0,69,82,98,53,47,12,0,0,68,70,1,46,55,0,0,65,66,91,92,95,56,0,0,81,61,44,43,38,71,93,0,0,88,60,73,79,7,0,0,54,35,37,4,100,0,0,90,83,64,84,50,0,0,99,86,74,87,9,17,0,0,32,30,26,34,67,0,0,24,22,57,0,0,42,40,36,39,72,0,0,2,3,6,78,0,0,41,51,18,48,49,0,0,10,97,58,52,0,0,11,15,16,13,0,0,8,14,59,75,77,25,21,0,0,5,45,19,89,0,0,85,63,76,23,20,0,0,31,29,27,28,33,62,0
0;pliki//100 lokacji//RC201.txt;250;20;insert;3;4543;7559.740292401104;2809.4609802892373;936.9151930410811;3813.364119070786;6385.748964394047;2195.8358979604236;980;3209.9130664336235;20;300029.0777;0,96,94,80,0,0,69,82,98,53,47,12,0,0,68,70,1,46,55,0,0,65,66,91,92,95,56,0,0,81,61,44,43,38,71,93,0,0,88,60,73,79,7,0,0,54,35,37,4,100,0,0,90,83,64,84,50,0,0,99,86,74,87,9,17,0,0,32,30,26,34,67,0,0,24,22,57,0,0,42,40,36,39,72,0,0,2,3,6,78,0,0,41,51,18,48,49,0,0,10,97,58,52,0,0,11,15,16,13,0,0,8,14,59,75,77,25,21,0,0,5,45,19,89,0,0,85,63,76,23,20,0,0,31,29,27,28,33,62,0
0;pliki//100 lokacji//RC201.txt;250;20;insert;3;4544;7559.740292401104;2809.4609802892373;936.9151930410811;3813.364119070786;6385.748964394047;2195.8358979604236;980;3209.9130664336235;20;300117.8458;0,96,94,80,0,0,69,82,98,53,47,12,0,0,68,70,1,46,55,0,0,65,66,91,92,95,56,0,0,81,61,44,43,38,71,93,0,0,88,60,73,79,7,0,0,54,35,37,4,100,0,0,90,83,64,84,50,0,0,99,86,74,87,9,17,0,0,32,30,26,34,67,0,0,24,22,57,0,0,42,40,36,39,72,0,0,2,3,6,78,0,0,41,51,18,48,49,0,0,10,97,58,52,0,0,11,15,16,13,0,0,8,14,59,75,77,25,21,0,0,5,45,19,89,0,0,85,63,76,23,20,0,0,31,29,27,28,33,62,0
0;pliki//100 lokacji//RC201.txt;250;30;swap;3;5542;7559.740292401104;2809.4609802892373;936.9151930410811;3813.364119070786;6011.5655508532;2012.7810570392032;980;3018.7844938139965;21;300007.7521;0,57,86,99,90,0,0,7,79,73,17,47,0,0,23,21,48,19,0,0,80,85,89,76,51,0,0,14,16,59,75,58,74,52,0,0,35,43,70,55,0,0,97,13,11,82,0,0,100,2,46,8,6,88,0,0,60,78,12,9,0,0,20,49,18,22,0,0,42,40,36,37,39,0,0,4,45,94,92,0,0,1,3,5,69,0,0,95,84,63,50,62,91,0,0,81,54,72,71,96,0,0,56,64,66,0,0,31,29,30,34,67,0,0,68,61,44,38,41,0,0,65,87,77,25,24,83,0,0,33,26,27,28,32,93,0,0,10,15,53,98,0
0;pliki//100 lokacji//RC201.txt;250;30;swap;3;5543;7559.740292401104;2809.4609802892373;936.9151930410811;3813.364119070786;5906.125659563148;1979.8961045323156;924.9963230345913;3001.233231996241;21;300047.875;0,19,48,18,51,0,0,92,84,85,24,59,86,52,0,0,56,22,57,0,0,38,43,44,61,0,0,66,83,99,65,0,0,46,45,5,3,1,100,0,0,37,35,36,39,42,0,0,74,77,58,75,97,87,0,0,68,70,2,69,0,0,31,34,0,0,47,14,10,9,82,0,0,80,62,50,67,94,0,0,25,23,21,49,20,0,0,54,72,40,41,81,0,0,13,15,16,17,60,0,0,98,53,12,11,0,0,79,73,78,88,90,0,0,4,8,7,6,55,0,0,96,71,32,33,95,91,0,0,30,28,26,27,29,93,0,0,76,89,63,64,0
0;pliki//100 lokacji//RC201.txt;250;30;swap;3;5544;7559.740292401104;2809.4609802892373;936.9151930410811;3813.364119070786;5939.458929666738;2004.6522779472346;906.7473629866529;3028.0592887328503;21;300013.7233;0,56,84,63,51,64,0,0,72,41,39,42,44,43,0,0,95,33,28,26,37,40,61,0,0,5,1,45,2,100,0,0,80,62,50,67,94,0,0,10,14,60,98,0,0,8,7,6,70,0,0,12,15,16,13,0,0,49,19,21,48,18,0,0,30,32,89,76,85,0,0,92,20,22,83,0,0,91,66,57,0,0,79,73,78,53,88,0,0,24,23,25,65,0,0,77,58,75,97,87,90,0,0,34,31,27,29,93,0,0,9,11,17,47,82,0,0,99,59,74,86,52,69,0,0,68,3,4,46,55,0,0,96,71,54,81,0,0,38,36,35,0
0;pliki//100 lokacji//RC201.txt;250;30;invert;3;5542;7559.740292401104;2809.4609802892373;936.9151930410811;3813.364119070786;6310.992863948105;2139.299788601593;1020;3151.693075346512;22;300134.393;0,91,51,84,95,92,0,0,66,22,48,49,0,0,79,8,5,4,0,0,52,25,23,21,83,0,0,54,96,0,0,57,9,11,0,0,65,10,13,14,53,0,0,36,44,42,0,0,2,46,45,3,70,0,0,97,75,87,99,90,0,0,33,26,30,32,34,0,0,68,43,35,37,41,0,0,86,74,77,58,59,82,0,0,17,16,73,7,100,88,0,0,20,19,18,24,0,0,64,89,76,0,0,31,29,27,28,56,0,0,85,63,50,62,67,93,98,69,0,0,80,94,61,81,0,0,78,47,15,12,0,0,60,6,1,55,0,0,71,72,38,40,39,0
0;pliki//100 lokacji//RC201.txt;250;30;invert;3;5543;7559.740292401104;2809.4609802892373;936.9151930410811;3813.364119070786;6203.350642807506;2070.016220803587;1045.4979749273527;3087.8364470765664;22;300045.6462;0,72,36,39,44,68,0,0,85,33,32,26,27,29,0,0,57,86,90,0,0,24,49,21,58,75,87,53,0,0,92,94,93,96,0,0,25,23,89,0,0,76,63,84,95,91,0,0,38,71,54,81,0,0,46,8,5,45,4,100,0,0,17,16,12,99,0,0,80,56,64,83,0,0,79,73,78,60,0,0,41,37,35,40,42,61,0,0,2,6,7,88,0,0,52,59,97,74,65,0,0,55,69,0,0,10,14,47,15,98,0,0,82,9,13,11,66,0,0,50,51,22,0,0,20,19,18,48,77,0,0,67,34,31,28,30,62,0,0,70,3,1,43,0
0;pliki//100 lokacji//RC201.txt;250;30;invert;3;5544;7559.740292401104;2809.4609802892373;936.9151930410811;3813.364119070786;6275.212245128169;2115.0534330891396;1021.4092467906269;3138.749565248403;21;300064.4248;0,83,57,99,65,98,0,0,34,32,33,50,0,0,31,29,27,28,67,93,0,0,43,38,72,54,0,0,100,1,2,88,69,0,0,51,76,89,91,0,0,49,19,18,25,0,0,42,36,39,41,81,0,0,55,4,45,5,0,0,74,58,97,12,0,0,86,59,87,11,0,0,47,14,17,16,15,82,0,0,70,46,8,7,60,0,0,77,23,21,48,20,24,0,0,94,63,85,84,64,0,0,96,92,80,0,0,78,73,79,6,0,0,68,61,3,44,37,35,40,0,0,66,52,22,75,53,0,0,10,13,9,90,0,0,56,95,62,30,26,71,0
0;pliki//100 lokacji//RC201.txt;250;30;insert;3;5542;7559.740292401104;2809.4609802892373;936.9151930410811;3813.364119070786;6385.748964394047;2195.8358979604236;980;3209.9130664336235;20;300061.8589;0,96,94,80,0,0,69,82,98,53,47,12,0,0,68,70,1,46,55,0,0,65,66,91,92,95,56,0,0,81,61,44,43,38,71,93,0,0,88,60,73,79,7,0,0,54,35,37,4,100,0,0,90,83,64,84,50,0,0,99,86,74,87,9,17,0,0,32,30,26,34,67,0,0,24,22,57,0,0,42,40,36,39,72,0,0,2,3,6,78,0,0,41,51,18,48,49,0,0,10,97,58,52,0,0,11,15,16,13,0,0,8,14,59,75,77,25,21,0,0,5,45,19,89,0,0,85,63,76,23,20,0,0,31,29,27,28,33,62,0
0;pliki//100 lokacji//RC201.txt;250;30;insert;3;5543;7559.740292401104;2809.4609802892373;936.9151930410811;3813.364119070786;6385.748964394047;2195.8358979604236;980;3209.9130664336235;20;300053.6399;0,96,94,80,0,0,69,82,98,53,47,12,0,0,68,70,1,46,55,0,0,65,66,91,92,95,56,0,0,81,61,44,43,38,71,93,0,0,88,60,73,79,7,0,0,54,35,37,4,100,0,0,90,83,64,84,50,0,0,99,86,74,87,9,17,0,0,32,30,26,34,67,0,0,24,22,57,0,0,42,40,36,39,72,0,0,2,3,6,78,0,0,41,51,18,48,49,0,0,10,97,58,52,0,0,11,15,16,13,0,0,8,14,59,75,77,25,21,0,0,5,45,19,89,0,0,85,63,76,23,20,0,0,31,29,27,28,33,62,0
0;pliki//100 lokacji//RC201.txt;250;30;insert;3;5544;7559.740292401104;2809.4609802892373;936.9151930410811;3813.364119070786;6385.748964394047;2195.8358979604236;980;3209.9130664336235;20;300083.3474;0,96,94,80,0,0,69,82,98,53,47,12,0,0,68,70,1,46,55,0,0,65,66,91,92,95,56,0,0,81,61,44,43,38,71,93,0,0,88,60,73,79,7,0,0,54,35,37,4,100,0,0,90,83,64,84,50,0,0,99,86,74,87,9,17,0,0,32,30,26,34,67,0,0,24,22,57,0,0,42,40,36,39,72,0,0,2,3,6,78,0,0,41,51,18,48,49,0,0,10,97,58,52,0,0,11,15,16,13,0,0,8,14,59,75,77,25,21,0,0,5,45,19,89,0,0,85,63,76,23,20,0,0,31,29,27,28,33,62,0
0;pliki//100 lokacji//RC201.txt;250;40;swap;3;6542;7559.740292401104;2809.4609802892373;936.9151930410811;3813.364119070786;5978.134420008621;1983.4866311831354;981.1124577735479;3013.535331051938;21;300124.7226;0,71,93,49,23,25,0,0,69,55,70,68,0,0,63,89,18,83,65,0,0,24,21,48,19,64,0,0,87,59,97,86,52,0,0,62,50,94,0,0,42,36,35,37,39,0,0,95,33,28,26,27,0,0,38,40,43,44,61,0,0,6,8,7,79,88,0,0,80,96,91,66,0,0,51,76,85,84,0,0,32,30,31,29,34,67,0,0,98,12,15,16,13,0,0,14,47,60,45,46,2,0,0,92,56,77,75,58,74,82,0,0,53,11,9,99,0,0,4,5,3,1,100,0,0,41,72,54,81,0,0,10,17,73,78,0,0,20,22,57,90,0
0;pliki//100 lokacji//RC201.txt;250;40;swap;3;6543;7559.740292401104;2809.4609802892373;936.9151930410811;3813.364119070786;6134.803573899635;2069.8092555997387;981.4092467906269;3083.585071509269;21;300030.2394;0,1,3,8,46,2,0,0,83,23,21,18,63,0,0,67,32,30,31,27,29,93,0,0,82,13,16,15,12,53,0,0,55,4,45,5,100,0,0,11,14,73,78,0,0,74,59,97,52,64,0,0,98,88,47,17,75,58,77,0,0,10,9,87,90,0,0,54,38,40,61,81,0,0,20,19,48,51,85,84,0,0,24,25,49,22,0,0,96,71,94,0,0,41,72,26,28,33,0,0,44,43,89,76,0,0,6,7,79,60,0,0,68,70,69,0,0,80,92,91,65,0,0,56,95,62,50,34,0,0,42,36,35,37,39,0,0,66,57,86,99,0
0;pliki//100 lokacji//RC201.txt;250;40;swap;3;6544;7559.740292401104;2809.4609802892373;936.9151930410811;3813.364119070786;6051.152090816417;2072.3704577166186;886.4911064067351;3092.2905266930625;21;300110.3604;0,1,3,5,100,0,0,62,32,26,27,71,93,0,0,4,46,2,55,0,0,38,35,40,44,61,0,0,56,20,22,66,0,0,18,48,77,87,99,90,0,0,86,74,75,58,57,0,0,45,8,17,47,14,82,0,0,6,7,79,73,88,0,0,10,11,9,0,0,91,76,50,67,0,0,25,23,19,0,0,94,95,64,49,21,24,0,0,69,98,15,16,13,0,0,31,29,28,30,89,51,85,0,0,54,96,80,0,0,60,78,12,53,0,0,65,52,97,59,83,0,0,81,42,43,70,68,0,0,92,84,63,33,34,0,0,41,39,36,37,72,0
0;pliki//100 lokacji//RC201.txt;250;40;invert;3;6542;7559.740292401104;2809.4609802892373;936.9151930410811;3813.364119070786;6255.691689219354;2064.4471847527197;1100;3091.244504466634;22;300077.2825;0,80,95,94,0,0,1,46,6,2,0,0,39,40,36,38,0,0,20,23,21,48,18,0,0,19,76,63,51,0,0,82,9,12,73,60,0,0,32,29,31,71,54,0,0,10,11,14,53,0,0,56,62,50,34,67,0,0,100,45,3,5,8,7,0,0,72,37,43,42,70,68,0,0,55,88,69,0,0,81,61,44,35,41,0,0,91,66,57,0,0,13,97,59,87,90,0,0,85,89,49,22,24,0,0,99,52,74,58,75,86,0,0,4,79,78,0,0,98,47,17,16,15,0,0,96,93,84,92,0,0,65,64,25,77,83,0,0,33,30,28,26,27,0
0;pliki//100 lokacji//RC201.txt;250;40;invert;3;6543;7559.740292401104;2809.4609802892373;936.9151930410811;3813.364119070786;6264.9015489038065;2169.490594031677;920;3175.410954872129;20;300119.9413;0,90,80,94,93,96,81,0,0,69,13,47,12,53,98,82,0,0,68,70,1,46,100,55,0,0,65,66,91,56,95,92,0,0,17,4,35,54,0,0,83,64,84,50,62,0,0,20,77,97,10,0,0,49,48,18,51,41,0,0,34,26,28,30,32,0,0,78,6,3,2,0,0,11,15,16,0,0,22,24,57,0,0,85,63,33,27,29,31,67,0,0,99,86,74,58,87,9,0,0,21,23,25,0,0,19,89,76,0,0,42,40,36,39,72,0,0,45,5,8,14,59,75,52,0,0,7,79,73,60,88,0,0,71,37,38,43,44,61,0
0;pliki//100 lokacji//RC201.txt;250;40;invert;3;6544;7559.740292401104;2809.4609802892373;936.9151930410811;3813.364119070786;6013.10252416555;1975.1151595746724;1046.491106406735;2991.496258184142;21;300069.1614;0,1,5,7,2,0,0,68,41,39,37,72,54,0,0,49,19,57,99,0,0,20,18,48,21,23,0,0,51,76,89,85,0,0,65,64,63,33,50,0,0,53,78,73,60,88,0,0,94,29,26,30,67,0,0,42,36,35,81,0,0,10,11,9,0,0,25,77,58,74,86,52,82,0,0,100,6,46,4,55,0,0,15,16,17,47,0,0,80,92,96,0,0,91,95,32,28,27,31,0,0,87,59,75,97,13,0,0,38,40,43,44,61,0,0,56,84,62,34,71,93,0,0,79,8,45,3,70,0,0,66,22,24,83,0,0,90,12,14,98,69,0
0;pliki//100 lokacji//RC201.txt;250;40;insert;3;6542;7559.740292401104;2809.4609802892373;936.9151930410811;3813.364119070786;6385.748964394047;2195.8358979604236;980;3209.9130664336235;20;300079.1982;0,96,94,80,0,0,69,82,98,53,47,12,0,0,68,70,1,46,55,0,0,65,66,91,92,95,56,0,0,81,61,44,43,38,71,93,0,0,88,60,73,79,7,0,0,54,35,37,4,100,0,0,90,83,64,84,50,0,0,99,86,74,87,9,17,0,0,32,30,26,34,67,0,0,24,22,57,0,0,42,40,36,39,72,0,0,2,3,6,78,0,0,41,51,18,48,49,0,0,10,97,58,52,0,0,11,15,16,13,0,0,8,14,59,75,77,25,21,0,0,5,45,19,89,0,0,85,63,76,23,20,0,0,31,29,27,28,33,62,0
0;pliki//100 lokacji//RC201.txt;250;40;insert;3;6543;7559.740292401104;2809.4609802892373;936.9151930410811;3813.364119070786;6385.748964394047;2195.8358979604236;980;3209.9130664336235;20;300109.6947;0,96,94,80,0,0,69,82,98,53,47,12,0,0,68,70,1,46,55,0,0,65,66,91,92,95,56,0,0,81,61,44,43,38,71,93,0,0,88,60,73,79,7,0,0,54,35,37,4,100,0,0,90,83,64,84,50,0,0,99,86,74,87,9,17,0,0,32,30,26,34,67,0,0,24,22,57,0,0,42,40,36,39,72,0,0,2,3,6,78,0,0,41,51,18,48,49,0,0,10,97,58,52,0,0,11,15,16,13,0,0,8,14,59,75,77,25,21,0,0,5,45,19,89,0,0,85,63,76,23,20,0,0,31,29,27,28,33,62,0
0;pliki//100 lokacji//RC201.txt;250;40;insert;3;6544;7559.740292401104;2809.4609802892373;936.9151930410811;3813.364119070786;6385.748964394047;2195.8358979604236;980;3209.9130664336235;20;300052.824;0,96,94,80,0,0,69,82,98,53,47,12,0,0,68,70,1,46,55,0,0,65,66,91,92,95,56,0,0,81,61,44,43,38,71,93,0,0,88,60,73,79,7,0,0,54,35,37,4,100,0,0,90,83,64,84,50,0,0,99,86,74,87,9,17,0,0,32,30,26,34,67,0,0,24,22,57,0,0,42,40,36,39,72,0,0,2,3,6,78,0,0,41,51,18,48,49,0,0,10,97,58,52,0,0,11,15,16,13,0,0,8,14,59,75,77,25,21,0,0,5,45,19,89,0,0,85,63,76,23,20,0,0,31,29,27,28,33,62,0
0;pliki//100 lokacji//RC201.txt;250;50;swap;3;7542;7559.740292401104;2809.4609802892373;936.9151930410811;3813.364119070786;6054.7644379676385;2063.4691240597986;884.0441843323482;3107.251129575492;22;300083.7809;0,43,44,7,6,88,0,0,92,27,26,33,95,0,0,99,59,97,87,52,0,0,91,56,0,0,23,75,58,86,0,0,22,83,65,0,0,96,93,67,76,85,0,0,12,14,47,98,69,0,0,80,94,54,81,0,0,82,13,15,16,17,0,0,64,21,77,19,49,20,0,0,40,36,35,37,61,0,0,84,63,34,50,62,0,0,10,11,9,0,0,51,89,18,48,90,0,0,68,70,0,0,24,25,74,57,66,0,0,3,5,45,2,0,0,31,29,28,30,32,71,0,0,79,73,78,60,53,0,0,100,1,4,46,8,55,0,0,41,42,39,38,72,0
0;pliki//100 lokacji//RC201.txt;250;50;swap;3;7543;7559.740292401104;2809.4609802892373;936.9151930410811;3813.364119070786;5843.353995287582;1989.185379681246;844.2844917499436;3009.884123856392;21;300033.0931;0,66,22,57,0,0,42,36,35,37,39,0,0,10,11,9,0,0,60,79,78,53,0,0,95,62,50,32,28,34,0,0,40,38,41,81,0,0,80,92,91,83,65,0,0,68,70,43,44,61,0,0,30,31,29,71,93,94,0,0,24,18,48,77,86,0,0,74,58,75,97,87,90,0,0,56,20,19,49,85,84,0,0,4,8,7,6,88,0,0,15,16,17,12,0,0,46,45,5,3,1,100,0,0,99,82,98,55,69,0,0,52,25,23,21,64,0,0,59,13,14,47,73,2,0,0,96,72,54,0,0,63,33,26,27,67,0,0,51,76,89,0
0;pliki//100 lokacji//RC201.txt;250;50;swap;3;7544;7559.740292401104;2809.4609802892373;936.9151930410811;3813.364119070786;5980.192268118548;2024.0982098684692;900;3056.0940582500784;22;300055.494;0,16,15,10,0,0,87,75,97,9,90,0,0,34,31,27,29,0,0,7,79,73,78,0,0,80,96,81,0,0,53,47,12,82,0,0,42,36,35,37,39,0,0,56,95,92,91,65,0,0,86,74,58,77,22,0,0,88,60,98,69,0,0,38,40,43,44,61,0,0,84,85,76,51,66,0,0,5,45,4,2,0,0,54,72,41,0,0,18,48,23,64,0,0,83,63,33,32,30,28,26,0,0,100,6,8,46,70,68,0,0,57,24,19,49,20,0,0,1,3,55,0,0,67,62,89,21,25,99,0,0,14,17,13,11,59,52,0,0,93,71,50,94,0
0;pliki//100 lokacji//RC201.txt;250;50;invert;3;7542;7559.740292401104;2809.4609802892373;936.9151930410811;3813.364119070786;6433.483215699747;2193.7491581776767;1020;3219.734057522071;21;300002.318;0,69,52,87,9,11,0,0,79,73,78,88,0,0,32,31,34,71,0,0,72,37,36,40,43,0,0,84,95,92,94,80,0,0,61,42,4,46,17,53,82,0,0,58,77,21,22,0,0,51,76,89,85,67,0,0,100,7,8,1,70,68,0,0,65,57,86,59,0,0,29,27,26,30,33,0,0,55,2,6,98,0,0,25,23,49,64,0,0,66,83,62,35,38,0,0,96,93,39,44,41,81,0,0,15,16,60,0,0,56,63,28,50,91,0,0,54,3,5,45,0,0,47,14,13,10,12,0,0,20,19,18,48,24,0,0,74,75,97,99,90,0
0;pliki//100 lokacji//RC201.txt;250;50;invert;3;7543;7559.740292401104;2809.4609802892373;936.9151930410811;3813.364119070786;6310.995952139827;2112.8803876000297;1080;3118.1155645397967;21;300014.6675;0,70,61,94,92,90,0,0,40,36,35,72,0,0,57,76,95,91,0,0,43,37,38,41,0,0,80,31,29,27,28,32,0,0,82,47,15,13,11,0,0,68,98,69,0,0,93,71,50,56,66,0,0,22,77,75,87,53,0,0,55,45,5,3,1,0,0,12,14,8,2,88,0,0,65,99,33,26,30,62,0,0,78,73,79,60,0,0,96,54,39,44,42,0,0,17,16,10,0,0,24,25,23,21,20,0,0,9,59,97,58,0,0,48,18,89,51,85,0,0,100,4,46,7,6,0,0,83,49,19,74,86,52,0,0,81,67,34,63,84,64,0
0;pliki//100 lokacji//RC201.txt;250;50;invert;3;7544;7559.740292401104;2809.4609802892373;936.9151930410811;3813.364119070786;6284.526521529093;2071.336116939077;1105.7405343845444;3107.449870205471;22;300090.8811;0,55,70,43,37,39,0,0,56,95,63,76,64,0,0,91,92,0,0,93,31,26,28,30,67,0,0,47,14,16,13,58,75,77,0,0,11,10,0,0,6,46,45,5,3,0,0,94,71,72,96,0,0,42,44,40,41,54,0,0,82,12,69,0,0,2,4,1,61,68,0,0,20,49,48,23,25,0,0,99,86,59,24,83,0,0,80,50,51,84,0,0,98,17,15,9,90,0,0,66,22,57,0,0,53,60,73,78,88,0,0,79,7,8,100,81,0,0,34,29,27,32,33,62,0,0,19,21,18,89,85,0,0,38,36,35,0,0,87,97,74,52,65,0
0;pliki//100 lokacji//RC201.txt;250;50;insert;3;7542;7559.740292401104;2809.4609802892373;936.9151930410811;3813.364119070786;6385.748964394047;2195.8358979604236;980;3209.9130664336235;20;300103.0134;0,96,94,80,0,0,69,82,98,53,47,12,0,0,68,70,1,46,55,0,0,65,66,91,92,95,56,0,0,81,61,44,43,38,71,93,0,0,88,60,73,79,7,0,0,54,35,37,4,100,0,0,90,83,64,84,50,0,0,99,86,74,87,9,17,0,0,32,30,26,34,67,0,0,24,22,57,0,0,42,40,36,39,72,0,0,2,3,6,78,0,0,41,51,18,48,49,0,0,10,97,58,52,0,0,11,15,16,13,0,0,8,14,59,75,77,25,21,0,0,5,45,19,89,0,0,85,63,76,23,20,0,0,31,29,27,28,33,62,0
0;pliki//100 lokacji//RC201.txt;250;50;insert;3;7543;7559.740292401104;2809.4609802892373;936.9151930410811;3813.364119070786;6385.748964394047;2195.8358979604236;980;3209.9130664336235;20;300111.2135;0,96,94,80,0,0,69,82,98,53,47,12,0,0,68,70,1,46,55,0,0,65,66,91,92,95,56,0,0,81,61,44,43,38,71,93,0,0,88,60,73,79,7,0,0,54,35,37,4,100,0,0,90,83,64,84,50,0,0,99,86,74,87,9,17,0,0,32,30,26,34,67,0,0,24,22,57,0,0,42,40,36,39,72,0,0,2,3,6,78,0,0,41,51,18,48,49,0,0,10,97,58,52,0,0,11,15,16,13,0,0,8,14,59,75,77,25,21,0,0,5,45,19,89,0,0,85,63,76,23,20,0,0,31,29,27,28,33,62,0
0;pliki//100 lokacji//RC201.txt;250;50;insert;3;7544;7559.740292401104;2809.4609802892373;936.9151930410811;3813.364119070786;6385.748964394047;2195.8358979604236;980;3209.9130664336235;20;300077.6053;0,96,94,80,0,0,69,82,98,53,47,12,0,0,68,70,1,46,55,0,0,65,66,91,92,95,56,0,0,81,61,44,43,38,71,93,0,0,88,60,73,79,7,0,0,54,35,37,4,100,0,0,90,83,64,84,50,0,0,99,86,74,87,9,17,0,0,32,30,26,34,67,0,0,24,22,57,0,0,42,40,36,39,72,0,0,2,3,6,78,0,0,41,51,18,48,49,0,0,10,97,58,52,0,0,11,15,16,13,0,0,8,14,59,75,77,25,21,0,0,5,45,19,89,0,0,85,63,76,23,20,0,0,31,29,27,28,33,62,0
0;pliki//100 lokacji//RC201.txt;300;10;swap;3;4042;7559.740292401104;2809.4609802892373;936.9151930410811;3813.364119070786;5976.740850040664;1992.8005497292309;968.4935207593014;3015.4467795521314;21;300092.586;0,30,31,29,34,67,0,0,99,52,64,94,71,93,0,0,13,12,17,73,78,53,0,0,2,46,4,1,100,0,0,95,51,85,63,89,48,21,20,0,0,60,8,45,5,3,68,0,0,59,97,75,58,0,0,72,35,36,42,0,0,57,82,98,55,69,0,0,50,62,76,84,0,0,91,56,92,80,0,0,10,11,9,0,0,54,96,0,0,79,7,6,88,0,0,66,18,19,49,90,0,0,38,37,39,41,61,0,0,70,44,43,40,81,0,0,22,24,83,65,0,0,23,25,77,86,0,0,33,32,28,26,27,0,0,47,14,15,16,87,74,0
0;pliki//100 lokacji//RC201.txt;300;10;swap;3;4043;7559.740292401104;2809.4609802892373;936.9151930410811;3813.364119070786;6020.213405475437;2050.798716921077;900.7097119692244;3068.704976585136;21;300059.9239;0,14,17,10,65,0,0,50,34,27,0,0,72,39,43,42,54,80,0,0,70,1,5,45,0,0,78,60,98,69,0,0,21,23,25,24,0,0,90,59,75,58,77,74,83,0,0,96,92,56,64,0,0,29,31,62,67,71,93,94,0,0,95,63,89,26,28,30,0,0,37,36,35,32,33,0,0,82,15,16,13,9,52,0,0,100,3,46,4,2,0,0,11,47,12,53,0,0,73,79,7,8,6,0,0,41,38,40,44,81,0,0,66,22,57,0,0,84,85,76,51,91,0,0,18,48,19,49,20,0,0,97,87,86,99,0,0,68,61,55,88,0
0;pliki//100 lokacji//RC201.txt;300;10;swap;3;4044;7559.740292401104;2809.4609802892373;936.9151930410811;3813.364119070786;5898.156778290462;1946.6707467179428;980.2775886117505;2971.2084429607694;22;300021.597;0,17,47,16,15,14,0,0,49,19,18,48,24,0,0,96,94,0,0,69,0,0,80,95,62,50,32,30,67,0,0,26,29,31,71,93,0,0,46,5,45,4,100,0,0,40,36,35,37,0,0,20,22,57,90,0,0,56,51,85,84,91,0,0,68,43,44,41,81,0,0,78,73,79,60,0,0,64,21,23,25,0,0,87,97,59,65,0,0,82,10,12,53,98,0,0,34,27,28,33,0,0,2,3,1,70,0,0,66,83,77,75,58,99,0,0,55,88,7,8,6,0,0,52,86,74,9,13,11,0,0,76,89,63,92,0,0,61,42,39,38,72,54,0
0;pliki//100 lokacji//RC201.txt;300;10;invert;3;4042;7559.740292401104;2809.4609802892373;936.9151930410811;3813.364119070786;6157.9689025088865;1998.5231800439756;1148.2283851436648;3011.217337321246;21;300061.3122;0,85,63,89,26,32,62,92,0,0,91,96,0,0,42,40,38,72,71,93,0,0,37,35,36,39,0,0,87,75,13,9,11,0,0,80,50,28,27,29,0,0,52,86,59,97,98,0,0,54,41,44,43,61,0,0,4,8,79,60,0,0,100,1,3,5,45,46,0,0,95,33,30,31,34,0,0,21,23,25,77,58,74,0,0,68,81,94,67,84,0,0,83,57,65,0,0,55,7,6,2,0,0,56,76,64,66,0,0,47,73,78,88,70,0,0,51,22,24,99,90,0,0,20,49,19,48,18,0,0,82,15,16,53,69,0,0,10,17,14,12,0
0;pliki//100 lokacji//RC201.txt;300;10;invert;3;4043;7559.740292401104;2809.4609802892373;936.9151930410811;3813.364119070786;6132.0206890472655;2026.815817714453;1064.3020338698875;3040.9028374629256;20;300024.9782;0,90,11,15,16,0,0,68,70,1,46,100,55,0,0,65,66,91,56,95,92,0,0,82,13,47,12,53,98,69,0,0,80,94,93,96,81,0,0,71,37,38,43,44,61,0,0,7,79,73,60,88,0,0,85,63,33,27,29,31,67,0,0,58,97,10,0,0,49,48,18,51,0,0,6,8,3,35,41,0,0,42,40,36,39,72,0,0,34,26,28,30,32,62,0,0,20,19,22,0,0,76,89,23,0,0,2,4,45,5,0,0,78,17,9,87,77,74,52,0,0,24,21,25,75,59,14,0,0,54,50,84,64,0,0,83,57,86,99,0
0;pliki//100 lokacji//RC201.txt;300;10;invert;3;4044;7559.740292401104;2809.4609802892373;936.9151930410811;3813.364119070786;5948.86313980651;1965.0089180900447;1000;2983.854221716465;21;300113.3465;0,70,44,43,40,37,61,0,0,99,59,75,77,65,0,0,4,45,5,3,68,0,0,66,94,0,0,57,22,83,0,0,55,2,8,46,1,100,0,0,56,84,89,50,0,0,67,34,31,29,30,32,0,0,9,13,15,16,17,53,0,0,10,78,60,0,0,85,63,33,28,26,27,0,0,93,71,38,41,0,0,42,39,36,35,72,0,0,19,48,18,51,0,0,90,52,25,23,24,20,0,0,80,92,95,91,98,69,0,0,12,14,47,11,82,0,0,6,7,79,73,88,0,0,87,97,58,74,86,0,0,62,76,21,49,64,0,0,96,54,81,0
0;pliki//100 lokacji//RC201.txt;300;10;insert;3;4042;7559.740292401104;2809.4609802892373;936.9151930410811;3813.364119070786;6385.748964394047;2195.8358979604236;980;3209.9130664336235;20;300009.8995;0,96,94,80,0,0,69,82,98,53,47,12,0,0,68,70,1,46,55,0,0,65,66,91,92,95,56,0,0,81,61,44,43,38,71,93,0,0,88,60,73,79,7,0,0,54,35,37,4,100,0,0,90,83,64,84,50,0,0,99,86,74,87,9,17,0,0,32,30,26,34,67,0,0,24,22,57,0,0,42,40,36,39,72,0,0,2,3,6,78,0,0,41,51,18,48,49,0,0,10,97,58,52,0,0,11,15,16,13,0,0,8,14,59,75,77,25,21,0,0,5,45,19,89,0,0,85,63,76,23,20,0,0,31,29,27,28,33,62,0
0;pliki//100 lokacji//RC201.txt;300;10;insert;3;4043;7559.740292401104;2809.4609802892373;936.9151930410811;3813.364119070786;6385.748964394047;2195.8358979604236;980;3209.9130664336235;20;300057.7582;0,96,94,80,0,0,69,82,98,53,47,12,0,0,68,70,1,46,55,0,0,65,66,91,92,95,56,0,0,81,61,44,43,38,71,93,0,0,88,60,73,79,7,0,0,54,35,37,4,100,0,0,90,83,64,84,50,0,0,99,86,74,87,9,17,0,0,32,30,26,34,67,0,0,24,22,57,0,0,42,40,36,39,72,0,0,2,3,6,78,0,0,41,51,18,48,49,0,0,10,97,58,52,0,0,11,15,16,13,0,0,8,14,59,75,77,25,21,0,0,5,45,19,89,0,0,85,63,76,23,20,0,0,31,29,27,28,33,62,0
0;pliki//100 lokacji//RC201.txt;300;10;insert;3;4044;7559.740292401104;2809.4609802892373;936.9151930410811;3813.364119070786;6385.748964394047;2195.8358979604236;980;3209.9130664336235;20;300080.8542;0,96,94,80,0,0,69,82,98,53,47,12,0,0,68,70,1,46,55,0,0,65,66,91,92,95,56,0,0,81,61,44,43,38,71,93,0,0,88,60,73,79,7,0,0,54,35,37,4,100,0,0,90,83,64,84,50,0,0,99,86,74,87,9,17,0,0,32,30,26,34,67,0,0,24,22,57,0,0,42,40,36,39,72,0,0,2,3,6,78,0,0,41,51,18,48,49,0,0,10,97,58,52,0,0,11,15,16,13,0,0,8,14,59,75,77,25,21,0,0,5,45,19,89,0,0,85,63,76,23,20,0,0,31,29,27,28,33,62,0
0;pliki//100 lokacji//RC201.txt;300;20;swap;3;5042;7559.740292401104;2809.4609802892373;936.9151930410811;3813.364119070786;5955.514372620726;2007.7561941834465;906.4911064067351;3041.2670720305446;21;300024.8945;0,20,48,18,89,33,62,0,0,41,72,93,56,64,0,0,82,15,16,47,12,0,0,86,75,77,22,0,0,87,59,97,58,74,0,0,4,45,3,5,46,0,0,10,11,9,0,0,76,63,50,92,0,0,2,1,70,0,0,24,49,21,23,52,14,88,0,0,31,29,30,32,34,67,0,0,42,39,36,35,37,0,0,25,19,51,85,84,0,0,98,69,0,0,99,13,17,73,78,53,90,0,0,38,40,43,44,61,0,0,100,55,68,96,80,0,0,66,83,57,65,0,0,91,95,28,26,27,0,0,6,8,7,79,60,0,0,94,71,54,81,0
0;pliki//100 lokacji//RC201.txt;300;20;swap;3;5043;7559.740292401104;2809.4609802892373;936.9151930410811;3813.364119070786;5838.358511428466;1939.4366389951467;940;2958.9218724333195;21;300114.4664;0,96,71,93,94,81,0,0,16,15,11,0,0,83,19,49,20,64,0,0,1,3,5,45,6,0,0,37,35,38,41,0,0,24,25,23,21,48,0,0,99,59,97,87,52,0,0,65,77,75,58,74,86,82,0,0,42,39,36,72,54,0,0,62,50,34,31,0,0,60,78,17,13,9,0,0,18,76,89,90,0,0,2,43,40,44,61,68,0,0,70,4,46,100,55,0,0,84,51,30,27,29,67,0,0,98,69,0,0,80,92,56,0,0,53,12,14,47,10,0,0,66,22,57,0,0,32,28,26,33,63,85,95,91,0,0,73,79,8,7,88,0
0;pliki//100 lokacji//RC201.txt;300;20;swap;3;5044;7559.740292401104;2809.4609802892373;936.9151930410811;3813.364119070786;6027.616091899808;2097.2931827228826;820.8061301782109;3109.5167789987154;22;300006.6365;0,56,49,48,77,58,75,87,0,0,29,27,26,28,71,0,0,74,86,24,22,90,0,0,16,15,11,0,0,18,19,51,84,0,0,68,55,0,0,6,8,7,79,60,0,0,4,45,5,46,100,0,0,85,89,76,64,0,0,42,43,39,72,92,91,0,0,98,53,14,13,97,59,0,0,95,63,33,34,31,62,0,0,83,57,52,65,69,0,0,20,21,23,25,0,0,50,32,30,67,66,99,0,0,2,3,1,70,0,0,38,44,61,0,0,93,94,96,80,0,0,36,35,37,0,0,10,47,12,82,0,0,9,17,73,78,88,0,0,54,41,40,81,0
0;pliki//100 lokacji//RC201.txt;300;20;invert;3;5042;7559.740292401104;2809.4609802892373;936.9151930410811;3813.364119070786;6267.122203215615;2064.0665510331805;1126.491106406735;3076.5645457756987;22;300129.4765;0,93,34,50,67,0,0,56,95,51,48,49,66,0,0,96,54,37,40,81,0,0,68,61,70,88,0,0,53,78,73,79,60,0,0,100,3,1,43,44,41,0,0,22,24,57,0,0,38,72,71,94,0,0,6,8,46,45,4,0,0,80,92,30,27,31,0,0,64,83,65,0,0,19,23,25,0,0,87,59,97,69,0,0,77,75,58,74,86,52,99,90,0,0,20,21,18,76,0,0,10,11,9,0,0,42,36,35,39,0,0,98,17,47,14,0,0,2,5,7,55,0,0,91,84,85,63,89,0,0,82,13,16,15,12,0,0,62,33,32,28,26,29,0
0;pliki//100 lokacji//RC201.txt;300;20;invert;3;5043;7559.740292401104;2809.4609802892373;936.9151930410811;3813.364119070786;6152.3549043906005;2035.5094173837904;1065.3108390323387;3051.534647974471;21;300008.697;0,31,29,34,62,56,0,0,54,72,35,43,3,100,0,0,41,39,37,36,44,0,0,87,75,58,74,86,0,0,12,15,13,11,0,0,5,45,4,2,0,0,50,85,51,84,66,0,0,80,92,95,91,0,0,30,28,26,27,93,0,0,49,18,48,21,23,0,0,96,71,67,94,0,0,90,99,9,47,14,53,98,0,0,6,7,8,46,1,0,0,78,73,79,60,0,0,81,38,61,55,88,0,0,63,76,89,33,32,0,0,65,52,57,22,0,0,59,97,77,25,0,0,40,42,70,68,69,0,0,82,10,16,17,0,0,83,24,19,20,64,0
0;pliki//100 lokacji//RC201.txt;300;20;invert;3;5044;7559.740292401104;2809.4609802892373;936.9151930410811;3813.364119070786;6179.307239234489;2032.5315385670813;1100;3046.7757006674083;22;300352.8424;0,94,27,26,62,0,0,80,0,0,53,11,59,87,65,0,0,92,63,51,19,49,20,0,0,83,74,58,75,97,0,0,66,22,57,0,0,100,3,5,46,2,61,0,0,95,85,89,76,56,0,0,68,44,43,40,38,0,0,10,9,99,0,0,39,36,35,37,0,0,50,33,32,30,28,31,0,0,70,42,72,96,0,0,48,18,84,91,0,0,55,88,60,98,69,0,0,67,34,29,71,93,0,0,7,79,73,78,0,0,54,41,81,0,0,82,12,13,86,52,64,0,0,90,77,25,23,21,24,0,0,15,16,17,47,14,0,0,6,8,4,45,1,0
0;pliki//100 lokacji//RC201.txt;300;20;insert;3;5042;7559.740292401104;2809.4609802892373;936.9151930410811;3813.364119070786;6385.748964394047;2195.8358979604236;980;3209.9130664336235;20;300009.3102;0,96,94,80,0,0,69,82,98,53,47,12,0,0,68,70,1,46,55,0,0,65,66,91,92,95,56,0,0,81,61,44,43,38,71,93,0,0,88,60,73,79,7,0,0,54,35,37,4,100,0,0,90,83,64,84,50,0,0,99,86,74,87,9,17,0,0,32,30,26,34,67,0,0,24,22,57,0,0,42,40,36,39,72,0,0,2,3,6,78,0,0,41,51,18,48,49,0,0,10,97,58,52,0,0,11,15,16,13,0,0,8,14,59,75,77,25,21,0,0,5,45,19,89,0,0,85,63,76,23,20,0,0,31,29,27,28,33,62,0
0;pliki//100 lokacji//RC201.txt;300;20;insert;3;5043;7559.740292401104;2809.4609802892373;936.9151930410811;3813.364119070786;6385.748964394047;2195.8358979604236;980;3209.9130664336235;20;300112.6599;0,96,94,80,0,0,69,82,98,53,47,12,0,0,68,70,1,46,55,0,0,65,66,91,92,95,56,0,0,81,61,44,43,38,71,93,0,0,88,60,73,79,7,0,0,54,35,37,4,100,0,0,90,83,64,84,50,0,0,99,86,74,87,9,17,0,0,32,30,26,34,67,0,0,24,22,57,0,0,42,40,36,39,72,0,0,2,3,6,78,0,0,41,51,18,48,49,0,0,10,97,58,52,0,0,11,15,16,13,0,0,8,14,59,75,77,25,21,0,0,5,45,19,89,0,0,85,63,76,23,20,0,0,31,29,27,28,33,62,0
0;pliki//100 lokacji//RC201.txt;300;20;insert;3;5044;7559.740292401104;2809.4609802892373;936.9151930410811;3813.364119070786;6385.748964394047;2195.8358979604236;980;3209.9130664336235;20;300006.8345;0,96,94,80,0,0,69,82,98,53,47,12,0,0,68,70,1,46,55,0,0,65,66,91,92,95,56,0,0,81,61,44,43,38,71,93,0,0,88,60,73,79,7,0,0,54,35,37,4,100,0,0,90,83,64,84,50,0,0,99,86,74,87,9,17,0,0,32,30,26,34,67,0,0,24,22,57,0,0,42,40,36,39,72,0,0,2,3,6,78,0,0,41,51,18,48,49,0,0,10,97,58,52,0,0,11,15,16,13,0,0,8,14,59,75,77,25,21,0,0,5,45,19,89,0,0,85,63,76,23,20,0,0,31,29,27,28,33,62,0
0;pliki//100 lokacji//RC201.txt;300;30;swap;3;6042;7559.740292401104;2809.4609802892373;936.9151930410811;3813.364119070786;5990.78554518457;2035.180214350595;900;3055.605330833975;21;300131.127;0,54,37,38,41,0,0,81,72,71,76,51,0,0,69,10,52,99,82,0,0,20,49,18,22,0,0,92,50,63,89,83,0,0,100,5,4,2,61,0,0,80,94,93,96,0,0,23,21,48,19,0,0,11,15,16,0,0,7,79,60,88,0,0,78,17,13,9,90,0,0,66,64,84,56,91,0,0,30,26,27,29,67,0,0,95,85,33,32,28,31,34,62,0,0,97,86,57,0,0,53,12,73,8,3,46,6,0,0,42,44,40,43,1,45,0,0,65,87,59,47,14,98,0,0,68,70,55,0,0,74,58,75,77,25,24,0,0,39,36,35,0
0;pliki//100 lokacji//RC201.txt;300;30;swap;3;6043;7559.740292401104;2809.4609802892373;936.9151930410811;3813.364119070786;6008.605963244122;2088.0925298520897;817.020116091983;3103.493317300049;22;300006.9417;0,4,45,46,2,100,0,0,28,26,27,31,0,0,78,73,79,88,0,0,42,39,36,35,72,0,0,94,93,71,0,0,83,63,33,89,51,64,0,0,84,32,30,85,18,25,0,0,55,6,8,7,60,53,0,0,56,95,92,91,0,0,76,48,21,19,0,0,29,34,50,62,67,0,0,57,74,59,97,0,0,1,3,5,98,69,0,0,66,99,86,13,9,90,0,0,54,96,80,0,0,68,70,43,40,81,0,0,20,49,22,0,0,15,16,17,47,52,0,0,14,10,65,0,0,24,23,77,58,75,87,0,0,41,38,37,44,61,0,0,12,11,82,0
0;pliki//100 lokacji//RC201.txt;300;30;swap;3;6044;7559.740292401104;2809.4609802892373;936.9151930410811;3813.364119070786;6113.897958185442;2127.306254693168;847.297236584946;3139.2944669073286;22;300001.993;0,23,21,48,19,0,0,10,11,9,0,0,14,60,40,39,38,0,0,63,85,95,92,0,0,42,36,35,37,72,0,0,15,16,47,12,0,0,4,46,45,5,3,0,0,24,22,20,64,0,0,25,77,75,58,74,86,0,0,57,89,33,34,0,0,56,84,62,71,93,94,0,0,91,80,68,0,0,54,41,96,81,0,0,79,73,78,53,88,0,0,55,70,100,98,69,0,0,29,27,26,28,67,0,0,1,8,7,17,59,52,82,0,0,6,2,43,44,61,0,0,31,30,32,50,0,0,51,76,18,49,0,0,13,97,87,99,90,0,0,66,83,65,0
0;pliki//100 lokacji//RC201.txt;300;30;invert;3;6042;7559.740292401104;2809.4609802892373;936.9151930410811;3813.364119070786;6244.430390134029;2106.2561599339956;1006.0253825762143;3132.148847623819;21;300185.9711;0,83,57,52,65,0,0,20,23,21,48,18,0,0,80,91,50,56,0,0,89,22,0,0,38,35,43,44,61,0,0,46,8,7,60,98,0,0,55,5,3,1,100,68,0,0,64,63,30,26,31,0,0,19,25,75,58,90,0,0,42,39,40,36,37,72,0,0,70,41,54,81,67,0,0,92,95,62,33,76,74,82,0,0,6,45,4,2,0,0,10,16,12,0,0,66,24,49,51,84,0,0,86,77,97,9,0,0,79,73,78,53,88,0,0,14,15,17,47,69,0,0,11,13,59,87,99,0,0,85,32,28,27,29,34,0,0,96,71,93,94,0
0;pliki//100 lokacji//RC201.txt;300;30;invert;3;6043;7559.740292401104;2809.4609802892373;936.9151930410811;3813.364119070786;6279.9604929953075;2094.3796958193852;1060;3125.5807971759223;21;300079.4814;0,11,16,47,98,0,0,69,83,20,48,77,75,0,0,41,72,54,81,80,0,0,68,4,45,46,2,0,0,85,63,33,32,28,27,29,71,93,0,0,22,76,0,0,55,100,5,1,70,0,0,12,14,17,15,13,52,0,0,64,57,65,0,0,38,37,35,44,3,0,0,49,19,23,24,0,0,87,97,58,74,86,0,0,95,50,34,0,0,53,60,73,78,99,90,0,0,61,39,31,26,30,62,67,0,0,59,9,10,82,0,0,25,21,18,89,0,0,96,94,92,0,0,66,56,51,84,91,0,0,6,8,7,79,88,0,0,36,40,43,42,0
0;pliki//100 lokacji//RC201.txt;300;30;invert;3;6044;7559.740292401104;2809.4609802892373;936.9151930410811;3813.364119070786;6271.531877433803;2113.969034321848;1020.7097119692244;3136.85313114273;22;300127.3733;0,61,40,44,70,0,0,30,28,26,29,67,0,0,11,15,47,14,0,0,66,22,83,65,0,0,87,59,97,13,98,0,0,2,8,78,12,0,0,21,23,58,75,99,0,0,84,62,34,27,71,0,0,4,45,5,46,0,0,24,25,77,74,86,52,82,0,0,80,94,93,96,0,0,56,85,63,89,33,32,64,0,0,10,16,9,90,0,0,55,88,60,6,68,0,0,69,0,0,18,48,19,49,20,0,0,51,76,57,0,0,100,3,1,43,38,0,0,81,54,72,41,0,0,37,35,36,39,42,0,0,7,79,73,17,53,0,0,92,31,50,95,91,0
0;pliki//100 lokacji//RC201.txt;300;30;insert;3;6042;7559.740292401104;2809.4609802892373;936.9151930410811;3813.364119070786;6385.748964394047;2195.8358979604236;980;3209.9130664336235;20;300044.9702;0,96,94,80,0,0,69,82,98,53,47,12,0,0,68,70,1,46,55,0,0,65,66,91,92,95,56,0,0,81,61,44,43,38,71,93,0,0,88,60,73,79,7,0,0,54,35,37,4,100,0,0,90,83,64,84,50,0,0,99,86,74,87,9,17,0,0,32,30,26,34,67,0,0,24,22,57,0,0,42,40,36,39,72,0,0,2,3,6,78,0,0,41,51,18,48,49,0,0,10,97,58,52,0,0,11,15,16,13,0,0,8,14,59,75,77,25,21,0,0,5,45,19,89,0,0,85,63,76,23,20,0,0,31,29,27,28,33,62,0
0;pliki//100 lokacji//RC201.txt;300;30;insert;3;6043;7559.740292401104;2809.4609802892373;936.9151930410811;3813.364119070786;6385.748964394047;2195.8358979604236;980;3209.9130664336235;20;300025.0055;0,96,94,80,0,0,69,82,98,53,47,12,0,0,68,70,1,46,55,0,0,65,66,91,92,95,56,0,0,81,61,44,43,38,71,93,0,0,88,60,73,79,7,0,0,54,35,37,4,100,0,0,90,83,64,84,50,0,0,99,86,74,87,9,17,0,0,32,30,26,34,67,0,0,24,22,57,0,0,42,40,36,39,72,0,0,2,3,6,78,0,0,41,51,18,48,49,0,0,10,97,58,52,0,0,11,15,16,13,0,0,8,14,59,75,77,25,21,0,0,5,45,19,89,0,0,85,63,76,23,20,0,0,31,29,27,28,33,62,0
0;pliki//100 lokacji//RC201.txt;300;30;insert;3;6044;7559.740292401104;2809.4609802892373;936.9151930410811;3813.364119070786;6385.748964394047;2195.8358979604236;980;3209.9130664336235;20;300045.8582;0,96,94,80,0,0,69,82,98,53,47,12,0,0,68,70,1,46,55,0,0,65,66,91,92,95,56,0,0,81,61,44,43,38,71,93,0,0,88,60,73,79,7,0,0,54,35,37,4,100,0,0,90,83,64,84,50,0,0,99,86,74,87,9,17,0,0,32,30,26,34,67,0,0,24,22,57,0,0,42,40,36,39,72,0,0,2,3,6,78,0,0,41,51,18,48,49,0,0,10,97,58,52,0,0,11,15,16,13,0,0,8,14,59,75,77,25,21,0,0,5,45,19,89,0,0,85,63,76,23,20,0,0,31,29,27,28,33,62,0
0;pliki//100 lokacji//RC201.txt;300;40;swap;3;7042;7559.740292401104;2809.4609802892373;936.9151930410811;3813.364119070786;5964.094181380536;2032.5094847639793;880;3051.5846966165564;22;300060.7959;0,85,89,76,51,0,0,10,11,0,0,9,13,15,16,98,0,0,87,97,59,83,0,0,80,92,94,67,95,91,0,0,100,45,5,3,2,0,0,12,14,47,17,69,0,0,66,57,99,90,0,0,55,7,8,46,6,88,0,0,79,73,78,60,53,0,0,82,74,58,75,52,0,0,70,1,4,68,0,0,20,48,18,84,56,0,0,72,35,36,40,0,0,34,31,26,28,0,0,96,93,71,44,43,61,0,0,19,23,77,86,0,0,65,25,21,63,33,62,0,0,50,27,29,30,32,0,0,42,39,37,38,41,0,0,54,81,0,0,24,22,49,64,0
0;pliki//100 lokacji//RC201.txt;300;40;swap;3;7043;7559.740292401104;2809.4609802892373;936.9151930410811;3813.364119070786;5893.394646788683;1978.720524179845;928.9918317685074;2985.68229084033;21;300114.3329;0,2,45,5,3,0,0,49,19,76,51,0,0,31,29,30,32,34,67,0,0,73,47,17,16,15,13,0,0,6,8,7,79,60,0,0,41,38,44,61,81,0,0,52,25,23,21,48,0,0,65,57,83,92,80,0,0,42,40,43,68,69,0,0,24,22,20,66,0,0,37,35,36,39,0,0,55,88,53,99,90,0,0,93,27,26,28,91,0,0,54,72,71,96,0,0,64,77,75,58,74,86,0,0,56,84,85,89,18,0,0,95,63,33,50,62,94,0,0,70,4,46,1,100,0,0,12,78,98,0,0,9,97,59,87,82,0,0,10,11,14,0
0;pliki//100 lokacji//RC201.txt;300;40;swap;3;7044;7559.740292401104;2809.4609802892373;936.9151930410811;3813.364119070786;6070.318038230988;2069.1427522571666;920.8836530283199;3080.291632945502;21;300097.2859;0,22,24,83,64,0,0,56,84,76,51,0,0,9,13,17,47,14,69,0,0,54,37,35,38,81,0,0,23,21,48,49,20,0,0,65,57,58,59,74,0,0,100,3,5,2,55,0,0,79,7,8,46,6,0,0,91,86,87,53,60,88,0,0,25,77,75,97,90,0,0,11,15,16,0,0,32,31,34,62,67,71,0,0,92,72,36,39,61,68,0,0,73,78,52,99,0,0,95,85,63,89,33,50,0,0,4,45,1,44,42,0,0,82,10,12,98,0,0,29,27,26,28,30,0,0,93,94,96,80,0,0,70,43,40,41,0,0,66,18,19,0
0;pliki//100 lokacji//RC201.txt;300;40;invert;3;7042;7559.740292401104;2809.4609802892373;936.9151930410811;3813.364119070786;6157.022216389268;2050.2190191195555;1042.0024143525663;3064.8007829171456;21;300112.8167;0,96,93,71,54,0,0,92,67,50,33,63,56,0,0,65,57,49,83,66,0,0,82,15,16,12,0,0,10,9,13,17,14,0,0,87,59,97,86,52,0,0,60,98,69,0,0,31,29,27,28,30,32,85,0,0,22,24,23,77,0,0,55,6,46,5,3,0,0,19,48,25,74,88,0,0,95,62,34,26,64,0,0,1,45,4,2,0,0,35,36,40,42,0,0,99,75,58,18,20,0,0,91,84,94,80,0,0,70,44,43,41,0,0,53,78,73,47,11,0,0,81,72,39,37,38,61,0,0,90,21,89,76,51,0,0,68,100,8,7,79,0
0;pliki//100 lokacji//RC201.txt;300;40;invert;3;7043;7559.740292401104;2809.4609802892373;936.9151930410811;3813.364119070786;6278.2234175497915;2109.7196703960826;1042.9158721654514;3125.5878749882577;22;300039.8272;0,74,24,21,76,51,92,0,0,3,45,7,88,98,82,0,0,68,42,41,54,0,0,93,96,0,0,25,77,75,97,13,0,0,12,47,17,11,0,0,38,35,43,61,0,0,95,63,28,26,34,62,0,0,66,64,19,49,20,0,0,44,40,36,37,39,72,0,0,55,6,8,46,4,0,0,65,69,70,0,0,85,33,32,30,27,29,31,0,0,100,1,5,2,0,0,22,23,58,0,0,94,50,71,81,0,0,10,59,99,83,0,0,89,18,48,86,90,0,0,79,73,78,60,53,0,0,91,80,0,0,52,87,9,15,16,14,0,0,56,67,84,57,0
0;pliki//100 lokacji//RC201.txt;300;40;invert;3;7044;7559.740292401104;2809.4609802892373;936.9151930410811;3813.364119070786;6169.238623315935;2066.2042293991926;1020;3083.0343939167424;22;300094.9124;0,39,36,35,72,0,0,11,14,17,13,9,52,0,0,92,71,41,42,54,0,0,6,7,60,69,0,0,86,74,22,51,85,0,0,44,43,40,37,38,93,0,0,91,95,33,27,34,0,0,49,19,48,18,0,0,68,100,45,4,2,0,0,70,5,3,1,61,0,0,76,89,63,84,0,0,56,62,50,67,0,0,77,58,97,59,87,0,0,53,47,10,0,0,80,94,96,81,0,0,20,21,23,25,0,0,66,57,90,0,0,73,79,8,46,88,55,0,0,12,78,98,0,0,82,15,16,75,99,0,0,64,24,83,65,0,0,31,29,26,28,30,32,0
0;pliki//100 lokacji//RC201.txt;300;40;insert;3;7042;7559.740292401104;2809.4609802892373;936.9151930410811;3813.364119070786;6385.748964394047;2195.8358979604236;980;3209.9130664336235;20;300081.017;0,96,94,80,0,0,69,82,98,53,47,12,0,0,68,70,1,46,55,0,0,65,66,91,92,95,56,0,0,81,61,44,43,38,71,93,0,0,88,60,73,79,7,0,0,54,35,37,4,100,0,0,90,83,64,84,50,0,0,99,86,74,87,9,17,0,0,32,30,26,34,67,0,0,24,22,57,0,0,42,40,36,39,72,0,0,2,3,6,78,0,0,41,51,18,48,49,0,0,10,97,58,52,0,0,11,15,16,13,0,0,8,14,59,75,77,25,21,0,0,5,45,19,89,0,0,85,63,76,23,20,0,0,31,29,27,28,33,62,0
0;pliki//100 lokacji//RC201.txt;300;40;insert;3;7043;7559.740292401104;2809.4609802892373;936.9151930410811;3813.364119070786;6385.748964394047;2195.8358979604236;980;3209.9130664336235;20;300054.0528;0,96,94,80,0,0,69,82,98,53,47,12,0,0,68,70,1,46,55,0,0,65,66,91,92,95,56,0,0,81,61,44,43,38,71,93,0,0,88,60,73,79,7,0,0,54,35,37,4,100,0,0,90,83,64,84,50,0,0,99,86,74,87,9,17,0,0,32,30,26,34,67,0,0,24,22,57,0,0,42,40,36,39,72,0,0,2,3,6,78,0,0,41,51,18,48,49,0,0,10,97,58,52,0,0,11,15,16,13,0,0,8,14,59,75,77,25,21,0,0,5,45,19,89,0,0,85,63,76,23,20,0,0,31,29,27,28,33,62,0
0;pliki//100 lokacji//RC201.txt;300;40;insert;3;7044;7559.740292401104;2809.4609802892373;936.9151930410811;3813.364119070786;6385.748964394047;2195.8358979604236;980;3209.9130664336235;20;300063.499;0,96,94,80,0,0,69,82,98,53,47,12,0,0,68,70,1,46,55,0,0,65,66,91,92,95,56,0,0,81,61,44,43,38,71,93,0,0,88,60,73,79,7,0,0,54,35,37,4,100,0,0,90,83,64,84,50,0,0,99,86,74,87,9,17,0,0,32,30,26,34,67,0,0,24,22,57,0,0,42,40,36,39,72,0,0,2,3,6,78,0,0,41,51,18,48,49,0,0,10,97,58,52,0,0,11,15,16,13,0,0,8,14,59,75,77,25,21,0,0,5,45,19,89,0,0,85,63,76,23,20,0,0,31,29,27,28,33,62,0
0;pliki//100 lokacji//RC201.txt;300;50;swap;3;8042;7559.740292401104;2809.4609802892373;936.9151930410811;3813.364119070786;6011.1968248697995;2040.0085165340847;920;3051.1883083357143;21;300067.2626;0,30,28,26,27,29,0,0,52,9,13,15,16,17,0,0,19,18,51,56,0,0,10,14,73,69,0,0,67,31,34,50,0,0,68,42,44,43,39,54,0,0,63,76,64,83,0,0,88,60,6,2,0,0,20,49,22,66,0,0,91,92,80,0,0,100,7,79,78,53,0,0,96,94,71,81,0,0,82,98,12,47,11,0,0,37,35,38,41,0,0,57,58,75,74,86,0,0,48,21,23,25,24,0,0,40,36,72,93,95,85,84,0,0,65,59,77,89,33,32,62,0,0,8,45,5,3,1,61,0,0,97,87,99,90,0,0,70,4,46,55,0
0;pliki//100 lokacji//RC201.txt;300;50;swap;3;8043;7559.740292401104;2809.4609802892373;936.9151930410811;3813.364119070786;5904.680654322041;2022.2646033623823;841.9881788149153;3040.427872144744;21;300103.378;0,86,58,87,99,90,0,0,19,23,25,0,0,46,8,7,6,60,88,0,0,29,27,26,28,71,0,0,15,16,69,0,0,84,63,76,20,83,0,0,54,35,37,96,0,0,2,4,45,5,0,0,41,38,40,44,61,0,0,52,97,75,77,21,24,0,0,79,73,78,53,81,0,0,12,14,47,17,98,0,0,85,32,33,89,51,64,0,0,94,92,67,62,95,56,0,0,10,11,9,0,0,91,66,80,0,0,65,57,74,59,13,82,0,0,48,18,49,22,0,0,55,100,3,1,70,68,0,0,31,30,34,50,0,0,42,43,36,39,72,93,0
0;pliki//100 lokacji//RC201.txt;300;50;swap;3;8044;7559.740292401104;2809.4609802892373;936.9151930410811;3813.364119070786;6087.052574016141;2100.32108599916;840;3146.731488016981;21;300112.2332;0,87,97,75,90,0,0,64,20,76,85,71,81,0,0,62,28,26,27,29,67,0,0,50,51,84,56,0,0,73,79,60,88,0,0,66,57,86,99,0,0,2,45,5,68,0,0,7,8,3,1,70,0,0,41,36,38,0,0,61,72,39,44,42,17,47,98,0,0,59,58,48,18,83,0,0,10,9,78,53,0,0,65,92,63,89,33,30,32,0,0,100,6,46,4,55,0,0,54,37,35,40,43,0,0,80,94,96,0,0,49,19,22,0,0,11,14,82,69,0,0,91,95,34,31,93,0,0,52,74,77,25,23,21,24,0,0,13,16,15,12,0
0;pliki//100 lokacji//RC201.txt;300;50;invert;3;8042;7559.740292401104;2809.4609802892373;936.9151930410811;3813.364119070786;6388.611905609608;2229.79087472948;920;3238.8210308801276;20;300065.3724;0,90,80,94,93,96,81,0,0,82,13,47,12,53,98,69,0,0,68,70,1,46,100,55,0,0,65,66,91,56,95,92,0,0,17,4,35,54,0,0,83,64,84,50,62,0,0,57,24,22,63,0,0,20,77,97,10,0,0,49,48,18,51,41,0,0,78,6,3,2,0,0,34,26,28,30,32,85,0,0,52,14,59,75,25,21,0,0,23,89,76,0,0,19,58,74,86,99,0,0,45,5,8,60,88,0,0,71,37,38,43,44,61,0,0,11,15,16,0,0,42,40,36,39,72,0,0,7,79,73,9,87,0,0,67,33,27,29,31,0
0;pliki//100 lokacji//RC201.txt;300;50;invert;3;8043;7559.740292401104;2809.4609802892373;936.9151930410811;3813.364119070786;6256.707011440565;2136.243847141496;962.7762816851632;3157.686882613906;21;300068.8887;0,81,72,34,28,30,32,84,0,0,68,4,2,0,0,82,15,17,47,12,0,0,52,58,25,23,21,0,0,53,11,16,13,9,0,0,66,18,22,0,0,80,92,95,65,98,69,0,0,91,89,50,62,71,0,0,57,64,96,0,0,14,10,87,59,83,0,0,78,73,60,88,90,0,0,85,48,19,49,24,74,99,0,0,42,44,36,37,54,0,0,70,40,41,0,0,100,1,3,5,45,46,0,0,77,75,97,86,0,0,55,6,8,7,79,0,0,56,51,76,20,0,0,63,33,26,27,93,0,0,67,31,29,94,0,0,39,38,35,43,61,0
0;pliki//100 lokacji//RC201.txt;300;50;invert;3;8044;7559.740292401104;2809.4609802892373;936.9151930410811;3813.364119070786;6195.9239269414575;2071.6917292707444;1044.1100607124965;3080.1221369582163;22;300058.371;0,93,71,54,68,0,0,31,27,26,32,0,0,91,62,50,34,67,0,0,56,64,82,88,69,0,0,57,74,58,75,9,90,0,0,55,46,45,5,1,100,0,0,96,92,0,0,65,99,52,86,83,0,0,18,21,23,24,0,0,53,12,16,11,0,0,79,8,6,70,0,0,14,13,97,59,87,0,0,38,37,35,44,61,0,0,7,4,3,2,0,0,42,43,40,36,39,0,0,66,76,19,77,0,0,10,15,17,47,0,0,60,73,78,98,0,0,95,63,33,30,28,29,72,41,0,0,20,49,25,22,0,0,48,89,85,51,84,0,0,80,94,81,0
0;pliki//100 lokacji//RC201.txt;300;50;insert;3;8042;7559.740292401104;2809.4609802892373;936.9151930410811;3813.364119070786;6385.748964394047;2195.8358979604236;980;3209.9130664336235;20;300100.9708;0,96,94,80,0,0,69,82,98,53,47,12,0,0,68,70,1,46,55,0,0,65,66,91,92,95,56,0,0,81,61,44,43,38,71,93,0,0,88,60,73,79,7,0,0,54,35,37,4,100,0,0,90,83,64,84,50,0,0,99,86,74,87,9,17,0,0,32,30,26,34,67,0,0,24,22,57,0,0,42,40,36,39,72,0,0,2,3,6,78,0,0,41,51,18,48,49,0,0,10,97,58,52,0,0,11,15,16,13,0,0,8,14,59,75,77,25,21,0,0,5,45,19,89,0,0,85,63,76,23,20,0,0,31,29,27,28,33,62,0
0;pliki//100 lokacji//RC201.txt;300;50;insert;3;8043;7559.740292401104;2809.4609802892373;936.9151930410811;3813.364119070786;6385.748964394047;2195.8358979604236;980;3209.9130664336235;20;300258.4494;0,96,94,80,0,0,69,82,98,53,47,12,0,0,68,70,1,46,55,0,0,65,66,91,92,95,56,0,0,81,61,44,43,38,71,93,0,0,88,60,73,79,7,0,0,54,35,37,4,100,0,0,90,83,64,84,50,0,0,99,86,74,87,9,17,0,0,32,30,26,34,67,0,0,24,22,57,0,0,42,40,36,39,72,0,0,2,3,6,78,0,0,41,51,18,48,49,0,0,10,97,58,52,0,0,11,15,16,13,0,0,8,14,59,75,77,25,21,0,0,5,45,19,89,0,0,85,63,76,23,20,0,0,31,29,27,28,33,62,0
0;pliki//100 lokacji//RC201.txt;300;50;insert;3;8044;7559.740292401104;2809.4609802892373;936.9151930410811;3813.364119070786;6385.748964394047;2195.8358979604236;980;3209.9130664336235;20;300082.9608;0,96,94,80,0,0,69,82,98,53,47,12,0,0,68,70,1,46,55,0,0,65,66,91,92,95,56,0,0,81,61,44,43,38,71,93,0,0,88,60,73,79,7,0,0,54,35,37,4,100,0,0,90,83,64,84,50,0,0,99,86,74,87,9,17,0,0,32,30,26,34,67,0,0,24,22,57,0,0,42,40,36,39,72,0,0,2,3,6,78,0,0,41,51,18,48,49,0,0,10,97,58,52,0,0,11,15,16,13,0,0,8,14,59,75,77,25,21,0,0,5,45,19,89,0,0,85,63,76,23,20,0,0,31,29,27,28,33,62,0
