ScenarioId;Filename;Iterations;TabuSize;MutationType;Repeat;Seed;GreedyOjective;GreedyTotalCost;GreedyTotalPenalty;GreedyTotalVehicleOperationTime;Objective;TotalCost;TotalPenalty;TotalVehicleOperationTime;RoutesCount;DurationMs;GTR
0;pliki//100 lokacji//RC101.txt;50;10;swap;3;1542;7654.157055121959;2699.0033108486723;1244.109229328365;3711.0445149449215;5876.45909215131;2049.680958951264;748.2680598010049;3078.5100733990407;22;300055.8178;0,68,55,70,100,0,0,94,50,80,0,0,69,98,88,90,0,0,65,66,83,64,85,84,56,0,0,82,99,52,57,24,20,0,0,91,95,67,93,96,0,0,61,42,44,43,35,54,0,0,2,8,7,6,0,0,71,38,40,0,0,81,72,39,36,37,41,0,0,63,89,76,51,0,0,87,9,13,17,60,0,0,86,75,97,74,0,0,11,10,53,0,0,1,3,46,4,0,0,22,19,49,0,0,79,73,78,0,0,12,14,47,15,16,0,0,45,5,59,58,77,0,0,18,48,21,23,25,0,0,31,29,27,30,33,32,0,0,92,62,28,26,34,0
0;pliki//100 lokacji//RC101.txt;50;10;swap;3;1543;7654.157055121959;2699.0033108486723;1244.109229328365;3711.0445149449215;5886.89384238007;2055.8983340656446;748.2680598010049;3082.7274485134208;22;300081.2814;0,68,55,70,100,0,0,94,50,80,0,0,69,98,88,90,0,0,65,66,83,64,85,84,56,0,0,82,99,52,57,20,49,0,0,91,95,67,93,96,0,0,61,42,44,43,35,54,0,0,2,8,7,6,0,0,71,38,40,0,0,81,72,39,36,37,41,0,0,63,89,76,51,0,0,87,9,13,17,60,0,0,86,75,97,74,0,0,11,10,53,0,0,1,3,46,4,0,0,24,19,22,0,0,79,73,78,0,0,12,14,47,15,16,0,0,45,5,59,58,77,0,0,18,48,21,23,25,0,0,31,29,27,30,33,32,0,0,92,62,28,26,34,0
0;pliki//100 lokacji//RC101.txt;50;10;swap;3;1544;7654.157055121959;2699.0033108486723;1244.109229328365;3711.0445149449215;5876.45909215131;2049.680958951264;748.2680598010049;3078.5100733990407;22;300121.4301;0,68,55,70,100,0,0,94,50,80,0,0,69,98,88,90,0,0,65,66,83,64,85,84,56,0,0,82,99,52,57,24,20,0,0,91,95,67,93,96,0,0,61,42,44,43,35,54,0,0,2,8,7,6,0,0,71,38,40,0,0,81,72,39,36,37,41,0,0,63,89,76,51,0,0,87,9,13,17,60,0,0,86,75,97,74,0,0,11,10,53,0,0,1,3,46,4,0,0,22,19,49,0,0,79,73,78,0,0,12,14,47,15,16,0,0,45,5,59,58,77,0,0,18,48,21,23,25,0,0,31,29,27,30,33,32,0,0,92,62,28,26,34,0
0;pliki//100 lokacji//RC101.txt;50;10;invert;3;1542;7654.157055121959;2699.0033108486723;1244.109229328365;3711.0445149449215;6305.418174317975;2107.380121883404;1060.020199884426;3138.017852550145;23;300130.7133;0,90,55,100,70,68,81,0,0,91,80,0,0,69,98,88,2,46,37,0,0,65,66,83,64,85,84,56,0,0,82,99,52,57,20,49,48,24,0,0,51,89,63,50,62,0,0,92,95,67,94,93,71,96,0,0,54,72,36,35,0,0,59,77,74,86,0,0,33,26,28,30,32,0,0,6,4,1,0,0,53,78,73,79,60,0,0,39,38,41,0,0,12,17,13,9,0,0,10,11,0,0,61,42,44,43,40,0,0,7,8,45,5,3,0,0,27,29,31,34,0,0,19,22,0,0,76,0,0,18,21,23,25,0,0,14,47,16,15,0,0,87,97,75,58,0
0;pliki//100 lokacji//RC101.txt;50;10;invert;3;1543;7654.157055121959;2699.0033108486723;1244.109229328365;3711.0445149449215;6281.497732577123;2088.600582862375;1085.1008975299544;3107.7962521847935;23;300027.1608;0,90,55,100,70,68,81,0,0,80,91,0,0,69,98,88,2,46,37,0,0,65,66,83,64,85,84,56,0,0,82,99,52,57,20,49,48,24,0,0,53,78,60,0,0,61,1,4,6,0,0,35,36,43,44,0,0,54,72,38,39,41,0,0,95,62,50,67,92,0,0,12,14,15,13,9,0,0,86,74,58,77,0,0,11,10,0,0,96,71,93,94,0,0,59,75,97,87,0,0,19,22,0,0,27,29,31,34,0,0,18,21,23,25,0,0,45,5,3,40,42,0,0,33,26,28,30,32,0,0,63,89,76,51,0,0,73,79,8,7,0,0,47,17,16,0
0;pliki//100 lokacji//RC101.txt;50;10;invert;3;1544;7654.157055121959;2699.0033108486723;1244.109229328365;3711.0445149449215;6538.6910415502625;2206.603443742362;1099.79937885479;3232.2882189531115;23;300142.9638;0,90,55,100,70,68,81,0,0,80,91,0,0,69,98,88,2,46,37,0,0,65,66,83,64,85,84,56,0,0,82,99,52,57,20,49,48,24,0,0,62,50,63,89,51,0,0,92,95,67,94,93,71,96,0,0,61,1,4,6,0,0,10,17,12,0,0,86,87,97,77,74,0,0,35,36,43,44,0,0,11,13,9,0,0,60,78,53,0,0,54,72,38,39,41,0,0,42,40,3,8,0,0,22,19,0,0,27,29,31,34,0,0,76,0,0,18,21,23,25,0,0,14,15,16,47,45,5,0,0,59,75,58,0,0,73,79,7,0,0,33,26,28,30,32,0
0;pliki//100 lokacji//RC101.txt;50;10;insert;3;1542;7654.157055121959;2699.0033108486723;1244.109229328365;3711.0445149449215;6196.814665061598;2208.57340089504;702.2401610930327;3286.001103073526;22;300023.3795;0,68,55,70,0,0,69,98,88,2,0,0,65,83,64,85,84,56,0,0,82,99,57,20,49,24,91,0,0,67,94,0,0,61,44,43,37,35,54,0,0,53,78,60,4,100,0,0,96,71,38,41,0,0,81,72,39,36,1,0,0,95,51,89,50,80,0,0,10,9,13,17,0,0,52,86,74,97,0,0,12,11,90,0,0,42,40,3,8,46,0,0,22,0,0,6,7,79,0,0,14,47,15,16,75,77,0,0,45,5,73,87,59,58,0,0,25,23,21,19,0,0,63,76,18,48,66,0,0,92,31,29,27,30,32,0,0,62,33,28,26,34,93,0
0;pliki//100 lokacji//RC101.txt;50;10;insert;3;1543;7654.157055121959;2699.0033108486723;1244.109229328365;3711.0445149449215;6196.814665061598;2208.57340089504;702.2401610930327;3286.001103073526;22;300024.0569;0,68,55,70,0,0,69,98,88,2,0,0,65,83,64,85,84,56,0,0,82,99,57,20,49,24,91,0,0,67,94,0,0,61,44,43,37,35,54,0,0,53,78,60,4,100,0,0,96,71,38,41,0,0,81,72,39,36,1,0,0,95,51,89,50,80,0,0,10,9,13,17,0,0,52,86,74,97,0,0,12,11,90,0,0,42,40,3,8,46,0,0,22,0,0,6,7,79,0,0,14,47,15,16,75,77,0,0,45,5,73,87,59,58,0,0,25,23,21,19,0,0,63,76,18,48,66,0,0,92,31,29,27,30,32,0,0,62,33,28,26,34,93,0
0;pliki//100 lokacji//RC101.txt;50;10;insert;3;1544;7654.157055121959;2699.0033108486723;1244.109229328365;3711.0445149449215;6196.814665061598;2208.57340089504;702.2401610930327;3286.001103073526;22;300054.1371;0,68,55,70,0,0,69,98,88,2,0,0,65,83,64,85,84,56,0,0,82,99,57,20,49,24,91,0,0,67,94,0,0,61,44,43,37,35,54,0,0,53,78,60,4,100,0,0,96,71,38,41,0,0,81,72,39,36,1,0,0,95,51,89,50,80,0,0,10,9,13,17,0,0,52,86,74,97,0,0,12,11,90,0,0,42,40,3,8,46,0,0,22,0,0,6,7,79,0,0,14,47,15,16,75,77,0,0,45,5,73,87,59,58,0,0,25,23,21,19,0,0,63,76,18,48,66,0,0,92,31,29,27,30,32,0,0,62,33,28,26,34,93,0
0;pliki//100 lokacji//RC101.txt;50;20;swap;3;2542;7654.157055121959;2699.0033108486723;1244.109229328365;3711.0445149449215;5876.45909215131;2049.680958951264;748.2680598010049;3078.5100733990407;22;300148.3501;0,68,55,70,100,0,0,94,50,80,0,0,69,98,88,90,0,0,65,66,83,64,85,84,56,0,0,82,99,52,57,24,20,0,0,91,95,67,93,96,0,0,61,42,44,43,35,54,0,0,2,8,7,6,0,0,71,38,40,0,0,81,72,39,36,37,41,0,0,63,89,76,51,0,0,87,9,13,17,60,0,0,86,75,97,74,0,0,11,10,53,0,0,1,3,46,4,0,0,22,19,49,0,0,79,73,78,0,0,12,14,47,15,16,0,0,45,5,59,58,77,0,0,18,48,21,23,25,0,0,31,29,27,30,33,32,0,0,92,62,28,26,34,0
0;pliki//100 lokacji//RC101.txt;50;20;swap;3;2543;7654.157055121959;2699.0033108486723;1244.109229328365;3711.0445149449215;5876.45909215131;2049.680958951264;748.2680598010049;3078.5100733990407;22;300184.9886;0,68,55,70,100,0,0,94,50,80,0,0,69,98,88,90,0,0,65,66,83,64,85,84,56,0,0,82,99,52,57,24,20,0,0,91,95,67,93,96,0,0,61,42,44,43,35,54,0,0,2,8,7,6,0,0,71,38,40,0,0,81,72,39,36,37,41,0,0,63,89,76,51,0,0,87,9,13,17,60,0,0,86,75,97,74,0,0,11,10,53,0,0,1,3,46,4,0,0,22,19,49,0,0,79,73,78,0,0,12,14,47,15,16,0,0,45,5,59,58,77,0,0,18,48,21,23,25,0,0,31,29,27,30,33,32,0,0,92,62,28,26,34,0
0;pliki//100 lokacji//RC101.txt;50;20;swap;3;2544;7654.157055121959;2699.0033108486723;1244.109229328365;3711.0445149449215;5886.89384238007;2055.8983340656446;748.2680598010049;3082.7274485134208;22;300137.5172;0,68,55,70,100,0,0,94,50,80,0,0,69,98,88,90,0,0,65,66,83,64,85,84,56,0,0,82,99,52,57,20,49,0,0,91,95,67,93,96,0,0,61,42,44,43,35,54,0,0,2,8,7,6,0,0,71,38,40,0,0,81,72,39,36,37,41,0,0,63,89,76,51,0,0,87,9,13,17,60,0,0,86,75,97,74,0,0,11,10,53,0,0,1,3,46,4,0,0,24,19,22,0,0,79,73,78,0,0,12,14,47,15,16,0,0,45,5,59,58,77,0,0,18,48,21,23,25,0,0,31,29,27,30,33,32,0,0,92,62,28,26,34,0
0;pliki//100 lokacji//RC101.txt;50;20;invert;3;2542;7654.157055121959;2699.0033108486723;1244.109229328365;3711.0445149449215;6881.505766032633;2383.2644209959944;1103.633748305368;3394.60759673127;23;300164.4086;0,90,55,100,70,68,81,0,0,80,91,0,0,69,98,88,2,46,37,0,0,65,66,83,64,85,84,56,0,0,82,99,52,57,20,49,48,24,0,0,94,92,95,67,71,93,96,0,0,53,78,60,4,0,0,54,35,43,44,41,0,0,61,38,1,0,0,72,36,39,6,0,0,62,50,63,89,51,0,0,9,13,17,10,0,0,86,74,77,97,0,0,12,11,87,0,0,42,40,3,8,0,0,76,34,0,0,19,22,0,0,18,21,23,25,0,0,14,15,16,47,45,5,0,0,59,75,58,0,0,73,79,7,0,0,27,29,31,30,32,0,0,33,26,28,0
0;pliki//100 lokacji//RC101.txt;50;20;invert;3;2543;7654.157055121959;2699.0033108486723;1244.109229328365;3711.0445149449215;6238.99770142886;2112.3456427292967;973.8829897463982;3152.7690689531646;22;300024.1813;0,90,69,98,88,46,2,0,0,55,100,70,68,91,80,0,0,81,37,35,36,0,0,65,66,83,64,85,84,56,0,0,82,99,52,57,24,48,49,20,0,0,53,78,60,4,0,0,92,95,67,94,93,71,96,0,0,54,72,38,39,41,0,0,11,10,0,0,87,97,77,74,86,0,0,61,42,44,43,40,0,0,12,17,13,9,0,0,63,89,76,51,0,0,6,8,3,1,0,0,19,22,0,0,62,50,34,0,0,18,21,23,25,0,0,14,15,16,47,7,0,0,59,75,58,0,0,45,5,79,73,0,0,31,29,27,30,32,0,0,33,26,28,0
0;pliki//100 lokacji//RC101.txt;50;20;invert;3;2544;7654.157055121959;2699.0033108486723;1244.109229328365;3711.0445149449215;6452.0596320409495;2237.186922300143;946.3317409050751;3268.5409688357313;23;300067.0051;0,90,55,100,70,68,81,0,0,91,80,0,0,69,98,88,2,46,37,0,0,65,66,83,64,85,84,56,0,0,82,99,52,57,20,49,48,24,0,0,4,60,78,53,0,0,61,38,35,54,0,0,92,95,67,94,93,71,96,0,0,10,11,0,0,72,36,39,41,0,0,12,17,13,9,0,0,62,50,63,89,51,0,0,86,87,97,77,74,0,0,42,44,43,40,0,0,6,8,3,1,0,0,76,34,0,0,19,22,0,0,18,21,23,25,0,0,14,15,16,47,7,0,0,59,75,58,0,0,45,5,79,73,0,0,31,29,27,30,32,0,0,33,26,28,0
0;pliki//100 lokacji//RC101.txt;50;20;insert;3;2542;7654.157055121959;2699.0033108486723;1244.109229328365;3711.0445149449215;6198.020740324815;2208.2019399381397;726.3383839290435;3263.480416457632;22;300098.8133;0,68,55,70,0,0,69,98,88,2,0,0,65,83,64,85,84,56,0,0,99,57,20,49,24,91,80,0,0,67,94,0,0,61,44,43,37,35,54,0,0,53,78,60,4,100,0,0,96,71,38,41,0,0,81,72,39,36,1,0,0,95,51,89,50,0,0,10,9,13,17,0,0,90,52,86,74,97,0,0,82,12,11,0,0,42,40,3,8,46,0,0,22,0,0,6,7,79,0,0,14,47,15,16,75,77,0,0,45,5,73,87,59,58,0,0,25,23,21,19,0,0,63,76,18,48,66,0,0,92,31,29,27,30,32,0,0,62,33,28,26,34,93,0
0;pliki//100 lokacji//RC101.txt;50;20;insert;3;2543;7654.157055121959;2699.0033108486723;1244.109229328365;3711.0445149449215;6198.020740324815;2208.2019399381397;726.3383839290435;3263.480416457632;22;300006.4372;0,68,55,70,0,0,69,98,88,2,0,0,65,83,64,85,84,56,0,0,99,57,20,49,24,91,80,0,0,67,94,0,0,61,44,43,37,35,54,0,0,53,78,60,4,100,0,0,96,71,38,41,0,0,81,72,39,36,1,0,0,95,51,89,50,0,0,10,9,13,17,0,0,90,52,86,74,97,0,0,82,12,11,0,0,42,40,3,8,46,0,0,22,0,0,6,7,79,0,0,14,47,15,16,75,77,0,0,45,5,73,87,59,58,0,0,25,23,21,19,0,0,63,76,18,48,66,0,0,92,31,29,27,30,32,0,0,62,33,28,26,34,93,0
0;pliki//100 lokacji//RC101.txt;50;20;insert;3;2544;7654.157055121959;2699.0033108486723;1244.109229328365;3711.0445149449215;6198.020740324815;2208.2019399381397;726.3383839290435;3263.480416457632;22;300109.0687;0,68,55,70,0,0,69,98,88,2,0,0,65,83,64,85,84,56,0,0,99,57,20,49,24,91,80,0,0,67,94,0,0,61,44,43,37,35,54,0,0,53,78,60,4,100,0,0,96,71,38,41,0,0,81,72,39,36,1,0,0,95,51,89,50,0,0,10,9,13,17,0,0,90,52,86,74,97,0,0,82,12,11,0,0,42,40,3,8,46,0,0,22,0,0,6,7,79,0,0,14,47,15,16,75,77,0,0,45,5,73,87,59,58,0,0,25,23,21,19,0,0,63,76,18,48,66,0,0,92,31,29,27,30,32,0,0,62,33,28,26,34,93,0
0;pliki//100 lokacji//RC101.txt;50;30;swap;3;3542;7654.157055121959;2699.0033108486723;1244.109229328365;3711.0445149449215;5886.89384238007;2055.8983340656446;748.2680598010049;3082.7274485134208;22;300144.6407;0,68,55,70,100,0,0,94,50,80,0,0,69,98,88,90,0,0,65,66,83,64,85,84,56,0,0,82,99,52,57,20,49,0,0,91,95,67,93,96,0,0,61,42,44,43,35,54,0,0,2,8,7,6,0,0,71,38,40,0,0,81,72,39,36,37,41,0,0,63,89,76,51,0,0,87,9,13,17,60,0,0,86,75,97,74,0,0,11,10,53,0,0,1,3,46,4,0,0,24,19,22,0,0,79,73,78,0,0,12,14,47,15,16,0,0,45,5,59,58,77,0,0,18,48,21,23,25,0,0,31,29,27,30,33,32,0,0,92,62,28,26,34,0
0;pliki//100 lokacji//RC101.txt;50;30;swap;3;3543;7654.157055121959;2699.0033108486723;1244.109229328365;3711.0445149449215;5876.45909215131;2049.680958951264;748.2680598010049;3078.5100733990407;22;300071.1076;0,68,55,70,100,0,0,94,50,80,0,0,69,98,88,90,0,0,65,66,83,64,85,84,56,0,0,82,99,52,57,24,20,0,0,91,95,67,93,96,0,0,61,42,44,43,35,54,0,0,2,8,7,6,0,0,71,38,40,0,0,81,72,39,36,37,41,0,0,63,89,76,51,0,0,87,9,13,17,60,0,0,86,75,97,74,0,0,11,10,53,0,0,1,3,46,4,0,0,22,19,49,0,0,79,73,78,0,0,12,14,47,15,16,0,0,45,5,59,58,77,0,0,18,48,21,23,25,0,0,31,29,27,30,33,32,0,0,92,62,28,26,34,0
0;pliki//100 lokacji//RC101.txt;50;30;swap;3;3544;7654.157055121959;2699.0033108486723;1244.109229328365;3711.0445149449215;5876.45909215131;2049.680958951264;748.2680598010049;3078.5100733990407;22;300147.2092;0,68,55,70,100,0,0,94,50,80,0,0,69,98,88,90,0,0,65,66,83,64,85,84,56,0,0,82,99,52,57,24,20,0,0,91,95,67,93,96,0,0,61,42,44,43,35,54,0,0,2,8,7,6,0,0,71,38,40,0,0,81,72,39,36,37,41,0,0,63,89,76,51,0,0,87,9,13,17,60,0,0,86,75,97,74,0,0,11,10,53,0,0,1,3,46,4,0,0,22,19,49,0,0,79,73,78,0,0,12,14,47,15,16,0,0,45,5,59,58,77,0,0,18,48,21,23,25,0,0,31,29,27,30,33,32,0,0,92,62,28,26,34,0
0;pliki//100 lokacji//RC101.txt;50;30;invert;3;3542;7654.157055121959;2699.0033108486723;1244.109229328365;3711.0445149449215;6985.881562182403;2541.0515351735608;871.959027120554;3572.870999888289;23;300019.7578;0,90,81,68,55,70,100,0,0,80,91,0,0,69,98,88,2,46,37,0,0,65,66,83,64,85,84,56,0,0,82,99,52,57,20,49,48,24,0,0,94,92,95,67,71,93,96,0,0,4,60,78,53,0,0,54,35,43,44,41,0,0,61,38,1,0,0,72,36,39,6,0,0,62,63,51,89,50,0,0,10,9,13,17,0,0,86,74,97,77,0,0,12,11,87,0,0,42,40,3,8,0,0,22,19,32,0,0,7,79,73,25,0,0,14,47,15,16,45,5,0,0,59,75,58,0,0,18,21,23,0,0,76,34,0,0,31,29,27,30,0,0,33,28,26,0
0;pliki//100 lokacji//RC101.txt;50;30;invert;3;3543;7654.157055121959;2699.0033108486723;1244.109229328365;3711.0445149449215;6985.881562182403;2541.0515351735608;871.959027120554;3572.870999888289;23;300019.4855;0,90,81,68,55,70,100,0,0,80,91,0,0,69,98,88,2,46,37,0,0,65,66,83,64,85,84,56,0,0,82,99,52,57,20,49,48,24,0,0,94,92,95,67,71,93,96,0,0,4,60,78,53,0,0,54,35,43,44,41,0,0,61,38,1,0,0,72,36,39,6,0,0,62,63,51,89,50,0,0,10,9,13,17,0,0,86,74,97,77,0,0,12,11,87,0,0,42,40,3,8,0,0,22,19,32,0,0,7,79,73,25,0,0,14,47,15,16,45,5,0,0,59,75,58,0,0,18,21,23,0,0,76,34,0,0,31,29,27,30,0,0,33,28,26,0
0;pliki//100 lokacji//RC101.txt;50;30;invert;3;3544;7654.157055121959;2699.0033108486723;1244.109229328365;3711.0445149449215;6985.881562182403;2541.0515351735608;871.959027120554;3572.870999888289;23;300061.3364;0,90,81,68,55,70,100,0,0,80,91,0,0,69,98,88,2,46,37,0,0,65,66,83,64,85,84,56,0,0,82,99,52,57,20,49,48,24,0,0,94,92,95,67,71,93,96,0,0,4,60,78,53,0,0,54,35,43,44,41,0,0,61,38,1,0,0,72,36,39,6,0,0,62,63,51,89,50,0,0,10,9,13,17,0,0,86,74,97,77,0,0,12,11,87,0,0,42,40,3,8,0,0,22,19,32,0,0,7,79,73,25,0,0,14,47,15,16,45,5,0,0,59,75,58,0,0,18,21,23,0,0,76,34,0,0,31,29,27,30,0,0,33,28,26,0
0;pliki//100 lokacji//RC101.txt;50;30;insert;3;3542;7654.157055121959;2699.0033108486723;1244.109229328365;3711.0445149449215;6198.020740324815;2208.2019399381397;726.3383839290435;3263.480416457632;22;300078.1999;0,68,55,70,0,0,69,98,88,2,0,0,65,83,64,85,84,56,0,0,99,57,20,49,24,91,80,0,0,67,94,0,0,61,44,43,37,35,54,0,0,53,78,60,4,100,0,0,96,71,38,41,0,0,81,72,39,36,1,0,0,95,51,89,50,0,0,10,9,13,17,0,0,90,52,86,74,97,0,0,82,12,11,0,0,42,40,3,8,46,0,0,22,0,0,6,7,79,0,0,14,47,15,16,75,77,0,0,45,5,73,87,59,58,0,0,25,23,21,19,0,0,63,76,18,48,66,0,0,92,31,29,27,30,32,0,0,62,33,28,26,34,93,0
0;pliki//100 lokacji//RC101.txt;50;30;insert;3;3543;7654.157055121959;2699.0033108486723;1244.109229328365;3711.0445149449215;6204.0516655226165;2207.6455869789584;722.7917454633549;3273.614333080304;22;300032.0846;0,68,55,70,0,0,69,98,88,2,0,0,65,83,64,85,84,56,0,0,99,57,20,49,24,80,0,0,67,94,0,0,61,44,43,37,35,54,0,0,53,78,60,4,100,0,0,96,71,38,41,0,0,81,72,39,36,1,0,0,95,51,89,50,91,0,0,10,9,13,17,0,0,90,52,86,74,97,0,0,82,12,11,0,0,42,40,3,8,46,0,0,22,0,0,6,7,79,0,0,14,47,15,16,75,77,0,0,45,5,73,87,59,58,0,0,25,23,21,19,0,0,63,76,18,48,66,0,0,92,31,29,27,30,32,0,0,62,33,28,26,34,93,0
0;pliki//100 lokacji//RC101.txt;50;30;insert;3;3544;7654.157055121959;2699.0033108486723;1244.109229328365;3711.0445149449215;6198.020740324815;2208.2019399381397;726.3383839290435;3263.480416457632;22;300113.3655;0,68,55,70,0,0,69,98,88,2,0,0,65,83,64,85,84,56,0,0,99,57,20,49,24,91,80,0,0,67,94,0,0,61,44,43,37,35,54,0,0,53,78,60,4,100,0,0,96,71,38,41,0,0,81,72,39,36,1,0,0,95,51,89,50,0,0,10,9,13,17,0,0,90,52,86,74,97,0,0,82,12,11,0,0,42,40,3,8,46,0,0,22,0,0,6,7,79,0,0,14,47,15,16,75,77,0,0,45,5,73,87,59,58,0,0,25,23,21,19,0,0,63,76,18,48,66,0,0,92,31,29,27,30,32,0,0,62,33,28,26,34,93,0
0;pliki//100 lokacji//RC101.txt;50;40;swap;3;4542;7654.157055121959;2699.0033108486723;1244.109229328365;3711.0445149449215;5876.45909215131;2049.680958951264;748.2680598010049;3078.5100733990407;22;300037.0297;0,68,55,70,100,0,0,94,50,80,0,0,69,98,88,90,0,0,65,66,83,64,85,84,56,0,0,82,99,52,57,24,20,0,0,91,95,67,93,96,0,0,61,42,44,43,35,54,0,0,2,8,7,6,0,0,71,38,40,0,0,81,72,39,36,37,41,0,0,63,89,76,51,0,0,87,9,13,17,60,0,0,86,75,97,74,0,0,11,10,53,0,0,1,3,46,4,0,0,22,19,49,0,0,79,73,78,0,0,12,14,47,15,16,0,0,45,5,59,58,77,0,0,18,48,21,23,25,0,0,31,29,27,30,33,32,0,0,92,62,28,26,34,0
0;pliki//100 lokacji//RC101.txt;50;40;swap;3;4543;7654.157055121959;2699.0033108486723;1244.109229328365;3711.0445149449215;5886.89384238007;2055.8983340656446;748.2680598010049;3082.7274485134208;22;300130.5262;0,68,55,70,100,0,0,94,50,80,0,0,69,98,88,90,0,0,65,66,83,64,85,84,56,0,0,82,99,52,57,20,49,0,0,91,95,67,93,96,0,0,61,42,44,43,35,54,0,0,2,8,7,6,0,0,71,38,40,0,0,81,72,39,36,37,41,0,0,63,89,76,51,0,0,87,9,13,17,60,0,0,86,75,97,74,0,0,11,10,53,0,0,1,3,46,4,0,0,24,19,22,0,0,79,73,78,0,0,12,14,47,15,16,0,0,45,5,59,58,77,0,0,18,48,21,23,25,0,0,31,29,27,30,33,32,0,0,92,62,28,26,34,0
0;pliki//100 lokacji//RC101.txt;50;40;swap;3;4544;7654.157055121959;2699.0033108486723;1244.109229328365;3711.0445149449215;5886.89384238007;2055.8983340656446;748.2680598010049;3082.7274485134208;22;300092.5298;0,68,55,70,100,0,0,94,50,80,0,0,69,98,88,90,0,0,65,66,83,64,85,84,56,0,0,82,99,52,57,20,49,0,0,91,95,67,93,96,0,0,61,42,44,43,35,54,0,0,2,8,7,6,0,0,71,38,40,0,0,81,72,39,36,37,41,0,0,63,89,76,51,0,0,87,9,13,17,60,0,0,86,75,97,74,0,0,11,10,53,0,0,1,3,46,4,0,0,24,19,22,0,0,79,73,78,0,0,12,14,47,15,16,0,0,45,5,59,58,77,0,0,18,48,21,23,25,0,0,31,29,27,30,33,32,0,0,92,62,28,26,34,0
0;pliki//100 lokacji//RC101.txt;50;40;invert;3;4542;7654.157055121959;2699.0033108486723;1244.109229328365;3711.0445149449215;6985.881562182403;2541.0515351735608;871.959027120554;3572.870999888289;23;300020.5762;0,90,81,68,55,70,100,0,0,80,91,0,0,69,98,88,2,46,37,0,0,65,66,83,64,85,84,56,0,0,82,99,52,57,20,49,48,24,0,0,94,92,95,67,71,93,96,0,0,4,60,78,53,0,0,54,35,43,44,41,0,0,61,38,1,0,0,72,36,39,6,0,0,62,63,51,89,50,0,0,10,9,13,17,0,0,86,74,97,77,0,0,12,11,87,0,0,42,40,3,8,0,0,22,19,32,0,0,7,79,73,25,0,0,14,47,15,16,45,5,0,0,59,75,58,0,0,18,21,23,0,0,76,34,0,0,31,29,27,30,0,0,33,28,26,0
0;pliki//100 lokacji//RC101.txt;50;40;invert;3;4543;7654.157055121959;2699.0033108486723;1244.109229328365;3711.0445149449215;6985.881562182403;2541.0515351735608;871.959027120554;3572.870999888289;23;300117.4794;0,90,81,68,55,70,100,0,0,80,91,0,0,69,98,88,2,46,37,0,0,65,66,83,64,85,84,56,0,0,82,99,52,57,20,49,48,24,0,0,94,92,95,67,71,93,96,0,0,4,60,78,53,0,0,54,35,43,44,41,0,0,61,38,1,0,0,72,36,39,6,0,0,62,63,51,89,50,0,0,10,9,13,17,0,0,86,74,97,77,0,0,12,11,87,0,0,42,40,3,8,0,0,22,19,32,0,0,7,79,73,25,0,0,14,47,15,16,45,5,0,0,59,75,58,0,0,18,21,23,0,0,76,34,0,0,31,29,27,30,0,0,33,28,26,0
0;pliki//100 lokacji//RC101.txt;50;40;invert;3;4544;7654.157055121959;2699.0033108486723;1244.109229328365;3711.0445149449215;6982.949229353435;2541.0515351735608;870.293395660559;3571.6042985193158;23;300119.4992;0,90,81,68,55,70,100,0,0,80,91,0,0,69,98,88,2,46,37,0,0,65,66,83,64,85,84,56,0,0,82,99,52,57,20,49,48,24,0,0,94,92,95,67,71,93,96,0,0,53,78,60,4,0,0,54,35,43,44,41,0,0,61,38,1,0,0,72,36,39,6,0,0,62,63,51,89,50,0,0,10,9,13,17,0,0,86,74,97,77,0,0,12,11,87,0,0,42,40,3,8,0,0,22,19,32,0,0,7,79,73,25,0,0,14,47,15,16,45,5,0,0,59,75,58,0,0,18,21,23,0,0,76,34,0,0,31,29,27,30,0,0,33,28,26,0
0;pliki//100 lokacji//RC101.txt;50;40;insert;3;4542;7654.157055121959;2699.0033108486723;1244.109229328365;3711.0445149449215;6198.020740324815;2208.2019399381397;726.3383839290435;3263.480416457632;22;300007.4001;0,68,55,70,0,0,69,98,88,2,0,0,65,83,64,85,84,56,0,0,99,57,20,49,24,91,80,0,0,67,94,0,0,61,44,43,37,35,54,0,0,53,78,60,4,100,0,0,96,71,38,41,0,0,81,72,39,36,1,0,0,95,51,89,50,0,0,10,9,13,17,0,0,90,52,86,74,97,0,0,82,12,11,0,0,42,40,3,8,46,0,0,22,0,0,6,7,79,0,0,14,47,15,16,75,77,0,0,45,5,73,87,59,58,0,0,25,23,21,19,0,0,63,76,18,48,66,0,0,92,31,29,27,30,32,0,0,62,33,28,26,34,93,0
0;pliki//100 lokacji//RC101.txt;50;40;insert;3;4543;7654.157055121959;2699.0033108486723;1244.109229328365;3711.0445149449215;6204.0516655226165;2207.6455869789584;722.7917454633549;3273.614333080304;22;300036.3261;0,68,55,70,0,0,69,98,88,2,0,0,65,83,64,85,84,56,0,0,99,57,20,49,24,80,0,0,67,94,0,0,61,44,43,37,35,54,0,0,53,78,60,4,100,0,0,96,71,38,41,0,0,81,72,39,36,1,0,0,95,51,89,50,91,0,0,10,9,13,17,0,0,90,52,86,74,97,0,0,82,12,11,0,0,42,40,3,8,46,0,0,22,0,0,6,7,79,0,0,14,47,15,16,75,77,0,0,45,5,73,87,59,58,0,0,25,23,21,19,0,0,63,76,18,48,66,0,0,92,31,29,27,30,32,0,0,62,33,28,26,34,93,0
0;pliki//100 lokacji//RC101.txt;50;40;insert;3;4544;7654.157055121959;2699.0033108486723;1244.109229328365;3711.0445149449215;6204.0516655226165;2207.6455869789584;722.7917454633549;3273.614333080304;22;300015.2292;0,68,55,70,0,0,69,98,88,2,0,0,65,83,64,85,84,56,0,0,99,57,20,49,24,80,0,0,67,94,0,0,61,44,43,37,35,54,0,0,53,78,60,4,100,0,0,96,71,38,41,0,0,81,72,39,36,1,0,0,95,51,89,50,91,0,0,10,9,13,17,0,0,90,52,86,74,97,0,0,82,12,11,0,0,42,40,3,8,46,0,0,22,0,0,6,7,79,0,0,14,47,15,16,75,77,0,0,45,5,73,87,59,58,0,0,25,23,21,19,0,0,63,76,18,48,66,0,0,92,31,29,27,30,32,0,0,62,33,28,26,34,93,0
0;pliki//100 lokacji//RC101.txt;50;50;swap;3;5542;7654.157055121959;2699.0033108486723;1244.109229328365;3711.0445149449215;5886.89384238007;2055.8983340656446;748.2680598010049;3082.7274485134208;22;300151.1394;0,68,55,70,100,0,0,94,50,80,0,0,69,98,88,90,0,0,65,66,83,64,85,84,56,0,0,82,99,52,57,20,49,0,0,91,95,67,93,96,0,0,61,42,44,43,35,54,0,0,2,8,7,6,0,0,71,38,40,0,0,81,72,39,36,37,41,0,0,63,89,76,51,0,0,87,9,13,17,60,0,0,86,75,97,74,0,0,11,10,53,0,0,1,3,46,4,0,0,24,19,22,0,0,79,73,78,0,0,12,14,47,15,16,0,0,45,5,59,58,77,0,0,18,48,21,23,25,0,0,31,29,27,30,33,32,0,0,92,62,28,26,34,0
0;pliki//100 lokacji//RC101.txt;50;50;swap;3;5543;7654.157055121959;2699.0033108486723;1244.109229328365;3711.0445149449215;5876.45909215131;2049.680958951264;748.2680598010049;3078.5100733990407;22;300268.2958;0,68,55,70,100,0,0,94,50,80,0,0,69,98,88,90,0,0,65,66,83,64,85,84,56,0,0,82,99,52,57,24,20,0,0,91,95,67,93,96,0,0,61,42,44,43,35,54,0,0,2,8,7,6,0,0,71,38,40,0,0,81,72,39,36,37,41,0,0,63,89,76,51,0,0,87,9,13,17,60,0,0,86,75,97,74,0,0,11,10,53,0,0,1,3,46,4,0,0,22,19,49,0,0,79,73,78,0,0,12,14,47,15,16,0,0,45,5,59,58,77,0,0,18,48,21,23,25,0,0,31,29,27,30,33,32,0,0,92,62,28,26,34,0
0;pliki//100 lokacji//RC101.txt;50;50;swap;3;5544;7654.157055121959;2699.0033108486723;1244.109229328365;3711.0445149449215;5886.89384238007;2055.8983340656446;748.2680598010049;3082.7274485134208;22;300045.9922;0,68,55,70,100,0,0,94,50,80,0,0,69,98,88,90,0,0,65,66,83,64,85,84,56,0,0,82,99,52,57,20,49,0,0,91,95,67,93,96,0,0,61,42,44,43,35,54,0,0,2,8,7,6,0,0,71,38,40,0,0,81,72,39,36,37,41,0,0,63,89,76,51,0,0,87,9,13,17,60,0,0,86,75,97,74,0,0,11,10,53,0,0,1,3,46,4,0,0,24,19,22,0,0,79,73,78,0,0,12,14,47,15,16,0,0,45,5,59,58,77,0,0,18,48,21,23,25,0,0,31,29,27,30,33,32,0,0,92,62,28,26,34,0
0;pliki//100 lokacji//RC101.txt;50;50;invert;3;5542;7654.157055121959;2699.0033108486723;1244.109229328365;3711.0445149449215;6982.949229353435;2541.0515351735608;870.293395660559;3571.6042985193158;23;300109.9621;0,90,81,68,55,70,100,0,0,80,91,0,0,69,98,88,2,46,37,0,0,65,66,83,64,85,84,56,0,0,82,99,52,57,20,49,48,24,0,0,94,92,95,67,71,93,96,0,0,53,78,60,4,0,0,54,35,43,44,41,0,0,61,38,1,0,0,72,36,39,6,0,0,62,63,51,89,50,0,0,10,9,13,17,0,0,86,74,97,77,0,0,12,11,87,0,0,42,40,3,8,0,0,22,19,32,0,0,7,79,73,25,0,0,14,47,15,16,45,5,0,0,59,75,58,0,0,18,21,23,0,0,76,34,0,0,31,29,27,30,0,0,33,28,26,0
0;pliki//100 lokacji//RC101.txt;50;50;invert;3;5543;7654.157055121959;2699.0033108486723;1244.109229328365;3711.0445149449215;6985.881562182403;2541.0515351735608;871.959027120554;3572.870999888289;23;300093.92;0,90,81,68,55,70,100,0,0,80,91,0,0,69,98,88,2,46,37,0,0,65,66,83,64,85,84,56,0,0,82,99,52,57,20,49,48,24,0,0,94,92,95,67,71,93,96,0,0,4,60,78,53,0,0,54,35,43,44,41,0,0,61,38,1,0,0,72,36,39,6,0,0,62,63,51,89,50,0,0,10,9,13,17,0,0,86,74,97,77,0,0,12,11,87,0,0,42,40,3,8,0,0,22,19,32,0,0,7,79,73,25,0,0,14,47,15,16,45,5,0,0,59,75,58,0,0,18,21,23,0,0,76,34,0,0,31,29,27,30,0,0,33,28,26,0
0;pliki//100 lokacji//RC101.txt;50;50;invert;3;5544;7654.157055121959;2699.0033108486723;1244.109229328365;3711.0445149449215;6985.881562182403;2541.0515351735608;871.959027120554;3572.870999888289;23;300100.0892;0,90,81,68,55,70,100,0,0,80,91,0,0,69,98,88,2,46,37,0,0,65,66,83,64,85,84,56,0,0,82,99,52,57,20,49,48,24,0,0,94,92,95,67,71,93,96,0,0,4,60,78,53,0,0,54,35,43,44,41,0,0,61,38,1,0,0,72,36,39,6,0,0,62,63,51,89,50,0,0,10,9,13,17,0,0,86,74,97,77,0,0,12,11,87,0,0,42,40,3,8,0,0,22,19,32,0,0,7,79,73,25,0,0,14,47,15,16,45,5,0,0,59,75,58,0,0,18,21,23,0,0,76,34,0,0,31,29,27,30,0,0,33,28,26,0
0;pliki//100 lokacji//RC101.txt;50;50;insert;3;5542;7654.157055121959;2699.0033108486723;1244.109229328365;3711.0445149449215;6198.020740324815;2208.2019399381397;726.3383839290435;3263.480416457632;22;300092.1234;0,68,55,70,0,0,69,98,88,2,0,0,65,83,64,85,84,56,0,0,99,57,20,49,24,91,80,0,0,67,94,0,0,61,44,43,37,35,54,0,0,53,78,60,4,100,0,0,96,71,38,41,0,0,81,72,39,36,1,0,0,95,51,89,50,0,0,10,9,13,17,0,0,90,52,86,74,97,0,0,82,12,11,0,0,42,40,3,8,46,0,0,22,0,0,6,7,79,0,0,14,47,15,16,75,77,0,0,45,5,73,87,59,58,0,0,25,23,21,19,0,0,63,76,18,48,66,0,0,92,31,29,27,30,32,0,0,62,33,28,26,34,93,0
0;pliki//100 lokacji//RC101.txt;50;50;insert;3;5543;7654.157055121959;2699.0033108486723;1244.109229328365;3711.0445149449215;6204.0516655226165;2207.6455869789584;722.7917454633549;3273.614333080304;22;300031.9068;0,68,55,70,0,0,69,98,88,2,0,0,65,83,64,85,84,56,0,0,99,57,20,49,24,80,0,0,67,94,0,0,61,44,43,37,35,54,0,0,53,78,60,4,100,0,0,96,71,38,41,0,0,81,72,39,36,1,0,0,95,51,89,50,91,0,0,10,9,13,17,0,0,90,52,86,74,97,0,0,82,12,11,0,0,42,40,3,8,46,0,0,22,0,0,6,7,79,0,0,14,47,15,16,75,77,0,0,45,5,73,87,59,58,0,0,25,23,21,19,0,0,63,76,18,48,66,0,0,92,31,29,27,30,32,0,0,62,33,28,26,34,93,0
0;pliki//100 lokacji//RC101.txt;50;50;insert;3;5544;7654.157055121959;2699.0033108486723;1244.109229328365;3711.0445149449215;6204.0516655226165;2207.6455869789584;722.7917454633549;3273.614333080304;22;300040.4888;0,68,55,70,0,0,69,98,88,2,0,0,65,83,64,85,84,56,0,0,99,57,20,49,24,80,0,0,67,94,0,0,61,44,43,37,35,54,0,0,53,78,60,4,100,0,0,96,71,38,41,0,0,81,72,39,36,1,0,0,95,51,89,50,91,0,0,10,9,13,17,0,0,90,52,86,74,97,0,0,82,12,11,0,0,42,40,3,8,46,0,0,22,0,0,6,7,79,0,0,14,47,15,16,75,77,0,0,45,5,73,87,59,58,0,0,25,23,21,19,0,0,63,76,18,48,66,0,0,92,31,29,27,30,32,0,0,62,33,28,26,34,93,0
0;pliki//100 lokacji//RC101.txt;100;10;swap;3;2042;7654.157055121959;2699.0033108486723;1244.109229328365;3711.0445149449215;5858.665717044927;2127.820113406615;542.3542998709048;3188.4913037674078;23;300084.0065;0,39,44,41,37,35,43,0,0,3,5,8,79,0,0,82,59,75,97,0,0,55,70,68,0,0,72,36,40,0,0,62,33,28,30,26,32,80,0,0,84,85,89,18,48,25,0,0,65,83,64,0,0,27,29,31,34,0,0,98,88,53,10,13,0,0,92,95,67,93,96,54,0,0,21,23,19,66,0,0,69,99,57,0,0,71,94,50,91,0,0,11,15,16,0,0,45,2,7,6,0,0,22,20,49,24,0,0,61,42,38,81,0,0,86,74,58,77,0,0,90,52,87,9,17,60,0,0,51,76,63,56,0,0,46,4,1,100,0,0,12,14,47,73,78,0
0;pliki//100 lokacji//RC101.txt;100;10;swap;3;2043;7654.157055121959;2699.0033108486723;1244.109229328365;3711.0445149449215;5876.45909215131;2049.680958951264;748.2680598010049;3078.5100733990407;22;300057.1859;0,68,55,70,100,0,0,94,50,80,0,0,69,98,88,90,0,0,65,66,83,64,85,84,56,0,0,82,99,52,57,24,20,0,0,91,95,67,93,96,0,0,61,42,44,43,35,54,0,0,2,8,7,6,0,0,71,38,40,0,0,81,72,39,36,37,41,0,0,63,89,76,51,0,0,87,9,13,17,60,0,0,86,75,97,74,0,0,11,10,53,0,0,1,3,46,4,0,0,22,19,49,0,0,79,73,78,0,0,12,14,47,15,16,0,0,45,5,59,58,77,0,0,18,48,21,23,25,0,0,31,29,27,30,33,32,0,0,92,62,28,26,34,0
0;pliki//100 lokacji//RC101.txt;100;10;swap;3;2044;7654.157055121959;2699.0033108486723;1244.109229328365;3711.0445149449215;5814.80517126654;2052.1513161884895;648.7382033441299;3113.915651733921;22;300102.4575;0,68,55,70,100,0,0,26,28,30,33,89,0,0,92,63,85,51,84,56,91,0,0,69,98,73,78,60,0,0,61,41,37,35,43,0,0,65,59,97,75,0,0,53,11,9,0,0,2,4,6,0,0,81,42,39,38,72,0,0,88,7,79,0,0,96,71,94,0,0,36,40,44,0,0,45,5,8,46,3,1,0,0,67,32,34,50,80,0,0,24,19,22,20,0,0,83,25,23,21,48,49,0,0,12,14,47,15,16,0,0,95,62,76,18,66,0,0,52,86,74,57,0,0,31,29,27,93,54,0,0,82,99,87,58,77,64,0,0,90,10,13,17,0
0;pliki//100 lokacji//RC101.txt;100;10;invert;3;2042;7654.157055121959;2699.0033108486723;1244.109229328365;3711.0445149449215;6282.5139399829695;2113.834842217439;1025.4133957333727;3143.265702032158;23;300054.9517;0,90,55,100,70,68,81,0,0,91,80,0,0,69,98,88,2,46,37,0,0,65,66,83,64,85,84,56,0,0,82,99,52,57,20,49,24,0,0,63,89,76,51,0,0,61,42,40,1,0,0,18,48,21,23,25,0,0,60,78,53,0,0,92,95,67,71,93,94,96,0,0,54,72,38,39,41,0,0,4,45,5,3,0,0,59,75,97,87,0,0,12,47,16,13,9,0,0,73,79,8,6,0,0,35,36,43,44,0,0,11,10,0,0,19,22,0,0,86,74,58,77,0,0,27,29,31,34,0,0,62,50,0,0,14,15,17,7,0,0,33,26,28,30,32,0
0;pliki//100 lokacji//RC101.txt;100;10;invert;3;2043;7654.157055121959;2699.0033108486723;1244.109229328365;3711.0445149449215;6340.008992158925;2153.702383471245;995.6079783735345;3190.6986303141457;22;300116.766;0,90,55,100,70,68,81,0,0,80,91,0,0,69,98,88,2,46,37,0,0,65,66,83,64,85,84,56,0,0,82,99,52,57,20,49,48,24,0,0,92,95,67,94,93,71,96,0,0,54,72,38,39,41,0,0,10,11,0,0,87,97,77,74,86,0,0,35,36,43,44,0,0,61,42,40,1,0,0,6,8,4,3,0,0,19,22,0,0,27,29,31,34,0,0,50,62,53,78,60,0,0,12,14,47,16,15,0,0,18,21,23,25,0,0,63,89,76,51,0,0,9,13,17,7,0,0,59,75,58,0,0,45,5,79,73,0,0,33,26,28,30,32,0
0;pliki//100 lokacji//RC101.txt;100;10;invert;3;2044;7654.157055121959;2699.0033108486723;1244.109229328365;3711.0445149449215;6181.336429940922;2086.436241647103;978.8760861541398;3116.0241021396796;23;300053.2379;0,90,55,100,70,68,81,0,0,91,80,0,0,69,98,88,2,46,37,0,0,65,66,83,64,85,84,56,0,0,82,99,52,57,49,20,0,0,92,50,62,95,0,0,10,11,0,0,96,71,93,94,0,0,39,38,41,0,0,8,4,3,1,0,0,27,29,31,34,0,0,22,19,48,24,0,0,6,7,78,60,0,0,54,72,35,36,0,0,87,97,77,74,86,0,0,33,26,28,30,32,67,0,0,12,14,47,15,0,0,61,42,44,43,40,0,0,53,17,16,13,9,0,0,63,89,76,51,0,0,18,21,23,25,0,0,45,5,79,73,0,0,59,75,58,0
0;pliki//100 lokacji//RC101.txt;100;10;insert;3;2042;7654.157055121959;2699.0033108486723;1244.109229328365;3711.0445149449215;6196.814665061598;2208.57340089504;702.2401610930327;3286.001103073526;22;300023.9956;0,68,55,70,0,0,69,98,88,2,0,0,65,83,64,85,84,56,0,0,82,99,57,20,49,24,91,0,0,67,94,0,0,61,44,43,37,35,54,0,0,53,78,60,4,100,0,0,96,71,38,41,0,0,81,72,39,36,1,0,0,95,51,89,50,80,0,0,10,9,13,17,0,0,52,86,74,97,0,0,12,11,90,0,0,42,40,3,8,46,0,0,22,0,0,6,7,79,0,0,14,47,15,16,75,77,0,0,45,5,73,87,59,58,0,0,25,23,21,19,0,0,63,76,18,48,66,0,0,92,31,29,27,30,32,0,0,62,33,28,26,34,93,0
0;pliki//100 lokacji//RC101.txt;100;10;insert;3;2043;7654.157055121959;2699.0033108486723;1244.109229328365;3711.0445149449215;6196.814665061598;2208.57340089504;702.2401610930327;3286.001103073526;22;300054.4878;0,68,55,70,0,0,69,98,88,2,0,0,65,83,64,85,84,56,0,0,82,99,57,20,49,24,91,0,0,67,94,0,0,61,44,43,37,35,54,0,0,53,78,60,4,100,0,0,96,71,38,41,0,0,81,72,39,36,1,0,0,95,51,89,50,80,0,0,10,9,13,17,0,0,52,86,74,97,0,0,12,11,90,0,0,42,40,3,8,46,0,0,22,0,0,6,7,79,0,0,14,47,15,16,75,77,0,0,45,5,73,87,59,58,0,0,25,23,21,19,0,0,63,76,18,48,66,0,0,92,31,29,27,30,32,0,0,62,33,28,26,34,93,0
0;pliki//100 lokacji//RC101.txt;100;10;insert;3;2044;7654.157055121959;2699.0033108486723;1244.109229328365;3711.0445149449215;6196.814665061598;2208.57340089504;702.2401610930327;3286.001103073526;22;300002.9815;0,68,55,70,0,0,69,98,88,2,0,0,65,83,64,85,84,56,0,0,82,99,57,20,49,24,91,0,0,67,94,0,0,61,44,43,37,35,54,0,0,53,78,60,4,100,0,0,96,71,38,41,0,0,81,72,39,36,1,0,0,95,51,89,50,80,0,0,10,9,13,17,0,0,52,86,74,97,0,0,12,11,90,0,0,42,40,3,8,46,0,0,22,0,0,6,7,79,0,0,14,47,15,16,75,77,0,0,45,5,73,87,59,58,0,0,25,23,21,19,0,0,63,76,18,48,66,0,0,92,31,29,27,30,32,0,0,62,33,28,26,34,93,0
0;pliki//100 lokacji//RC101.txt;100;20;swap;3;3042;7654.157055121959;2699.0033108486723;1244.109229328365;3711.0445149449215;5812.033272617598;2109.7642609541335;556.0978098273836;3146.1712018360818;24;300118.7569;0,84,85,89,48,21,25,0,0,10,15,16,13,0,0,71,34,50,0,0,45,5,7,6,0,0,81,54,68,0,0,42,44,39,38,41,0,0,95,62,67,94,0,0,24,23,18,49,66,0,0,33,28,26,29,96,0,0,60,79,73,78,0,0,52,74,86,57,0,0,92,31,27,30,32,93,0,0,83,64,90,0,0,88,2,8,46,55,0,0,82,11,99,0,0,61,35,37,43,70,0,0,72,36,40,0,0,22,19,20,0,0,12,14,47,17,53,0,0,56,63,76,51,0,0,87,59,97,9,0,0,100,1,3,4,0,0,69,98,0,0,65,58,75,77,91,80,0
0;pliki//100 lokacji//RC101.txt;100;20;swap;3;3043;7654.157055121959;2699.0033108486723;1244.109229328365;3711.0445149449215;5876.45909215131;2049.680958951264;748.2680598010049;3078.5100733990407;22;300055.117;0,68,55,70,100,0,0,94,50,80,0,0,69,98,88,90,0,0,65,66,83,64,85,84,56,0,0,82,99,52,57,24,20,0,0,91,95,67,93,96,0,0,61,42,44,43,35,54,0,0,2,8,7,6,0,0,71,38,40,0,0,81,72,39,36,37,41,0,0,63,89,76,51,0,0,87,9,13,17,60,0,0,86,75,97,74,0,0,11,10,53,0,0,1,3,46,4,0,0,22,19,49,0,0,79,73,78,0,0,12,14,47,15,16,0,0,45,5,59,58,77,0,0,18,48,21,23,25,0,0,31,29,27,30,33,32,0,0,92,62,28,26,34,0
0;pliki//100 lokacji//RC101.txt;100;20;swap;3;3044;7654.157055121959;2699.0033108486723;1244.109229328365;3711.0445149449215;5842.406030618822;2073.1583017523685;641.942556318548;3127.3051725479054;22;300017.4416;0,95,33,28,26,34,0,0,92,62,31,30,32,50,0,0,23,18,20,48,25,0,0,8,46,5,1,70,100,0,0,81,72,37,35,40,0,0,14,47,17,13,9,0,0,4,45,3,44,43,0,0,67,29,27,89,91,80,0,0,15,16,10,0,0,64,19,49,66,0,0,7,79,60,0,0,94,93,71,96,0,0,88,2,6,55,0,0,39,38,41,68,0,0,53,12,87,97,74,0,0,82,11,73,78,0,0,84,85,63,76,51,56,0,0,90,59,75,58,77,24,0,0,65,99,52,86,57,0,0,69,98,0,0,83,21,22,0,0,61,42,36,54,0
0;pliki//100 lokacji//RC101.txt;100;20;invert;3;3042;7654.157055121959;2699.0033108486723;1244.109229328365;3711.0445149449215;6553.382182875362;2255.436706440689;1018.5644372429324;3279.3810391917405;23;300132.7421;0,90,55,100,70,68,81,0,0,91,80,0,0,69,98,88,2,46,37,0,0,65,66,83,64,85,84,56,0,0,82,99,52,57,20,49,48,24,0,0,94,92,95,67,71,93,96,0,0,53,78,60,4,0,0,54,72,38,39,41,0,0,35,36,43,44,0,0,61,42,40,0,0,6,8,3,1,0,0,9,13,17,10,0,0,62,50,63,89,51,0,0,86,74,77,97,0,0,12,11,87,0,0,76,34,0,0,19,22,0,0,18,21,23,25,0,0,14,15,16,47,7,0,0,59,75,58,0,0,45,5,79,73,0,0,31,29,27,30,32,0,0,33,26,28,0
0;pliki//100 lokacji//RC101.txt;100;20;invert;3;3043;7654.157055121959;2699.0033108486723;1244.109229328365;3711.0445149449215;6501.279024536795;2207.7976843469555;1050.5321098926706;3242.949230297169;23;300063.7531;0,90,55,100,70,68,81,0,0,91,80,0,0,69,98,88,2,46,37,0,0,65,66,83,64,85,84,56,0,0,82,99,52,57,20,49,48,24,0,0,94,92,95,67,71,93,96,0,0,61,44,43,40,42,0,0,11,10,0,0,54,72,35,36,0,0,4,60,78,53,0,0,39,38,41,0,0,87,97,77,74,86,0,0,12,17,13,9,0,0,51,63,89,32,50,62,0,0,6,8,3,1,0,0,22,19,0,0,18,21,23,25,0,0,14,15,16,47,7,0,0,59,75,58,0,0,45,5,79,73,0,0,33,26,28,34,0,0,31,29,27,30,0,0,76,0
0;pliki//100 lokacji//RC101.txt;100;20;invert;3;3044;7654.157055121959;2699.0033108486723;1244.109229328365;3711.0445149449215;6174.010259240926;2016.6150513041964;1114.8708247941477;3042.524383142581;22;300012.4569;0,90,82,99,52,57,24,49,20,0,0,53,78,60,6,46,0,0,42,44,43,40,37,0,0,65,66,83,64,85,84,56,0,0,96,71,93,94,91,80,0,0,69,98,88,55,0,0,61,41,38,54,0,0,2,70,68,0,0,18,48,21,23,25,0,0,12,14,47,16,15,0,0,73,79,8,5,45,100,0,0,11,10,0,0,59,97,87,0,0,39,36,35,72,81,0,0,4,3,1,0,0,19,22,0,0,86,58,75,77,74,0,0,63,89,76,51,0,0,7,17,13,9,0,0,95,33,26,28,30,32,0,0,27,29,31,0,0,92,62,50,34,67,0
0;pliki//100 lokacji//RC101.txt;100;20;insert;3;3042;7654.157055121959;2699.0033108486723;1244.109229328365;3711.0445149449215;6204.0516655226165;2207.6455869789584;722.7917454633549;3273.614333080304;22;300188.3082;0,68,55,70,0,0,69,98,88,2,0,0,65,83,64,85,84,56,0,0,99,57,20,49,24,80,0,0,67,94,0,0,61,44,43,37,35,54,0,0,53,78,60,4,100,0,0,96,71,38,41,0,0,81,72,39,36,1,0,0,95,51,89,50,91,0,0,10,9,13,17,0,0,90,52,86,74,97,0,0,82,12,11,0,0,42,40,3,8,46,0,0,22,0,0,6,7,79,0,0,14,47,15,16,75,77,0,0,45,5,73,87,59,58,0,0,25,23,21,19,0,0,63,76,18,48,66,0,0,92,31,29,27,30,32,0,0,62,33,28,26,34,93,0
0;pliki//100 lokacji//RC101.txt;100;20;insert;3;3043;7654.157055121959;2699.0033108486723;1244.109229328365;3711.0445149449215;6198.020740324815;2208.2019399381397;726.3383839290435;3263.480416457632;22;300021.0721;0,68,55,70,0,0,69,98,88,2,0,0,65,83,64,85,84,56,0,0,99,57,20,49,24,91,80,0,0,67,94,0,0,61,44,43,37,35,54,0,0,53,78,60,4,100,0,0,96,71,38,41,0,0,81,72,39,36,1,0,0,95,51,89,50,0,0,10,9,13,17,0,0,90,52,86,74,97,0,0,82,12,11,0,0,42,40,3,8,46,0,0,22,0,0,6,7,79,0,0,14,47,15,16,75,77,0,0,45,5,73,87,59,58,0,0,25,23,21,19,0,0,63,76,18,48,66,0,0,92,31,29,27,30,32,0,0,62,33,28,26,34,93,0
0;pliki//100 lokacji//RC101.txt;100;20;insert;3;3044;7654.157055121959;2699.0033108486723;1244.109229328365;3711.0445149449215;6204.0516655226165;2207.6455869789584;722.7917454633549;3273.614333080304;22;300113.4268;0,68,55,70,0,0,69,98,88,2,0,0,65,83,64,85,84,56,0,0,99,57,20,49,24,80,0,0,67,94,0,0,61,44,43,37,35,54,0,0,53,78,60,4,100,0,0,96,71,38,41,0,0,81,72,39,36,1,0,0,95,51,89,50,91,0,0,10,9,13,17,0,0,90,52,86,74,97,0,0,82,12,11,0,0,42,40,3,8,46,0,0,22,0,0,6,7,79,0,0,14,47,15,16,75,77,0,0,45,5,73,87,59,58,0,0,25,23,21,19,0,0,63,76,18,48,66,0,0,92,31,29,27,30,32,0,0,62,33,28,26,34,93,0
0;pliki//100 lokacji//RC101.txt;100;30;swap;3;4042;7654.157055121959;2699.0033108486723;1244.109229328365;3711.0445149449215;5876.45909215131;2049.680958951264;748.2680598010049;3078.5100733990407;22;300055.3729;0,68,55,70,100,0,0,94,50,80,0,0,69,98,88,90,0,0,65,66,83,64,85,84,56,0,0,82,99,52,57,24,20,0,0,91,95,67,93,96,0,0,61,42,44,43,35,54,0,0,2,8,7,6,0,0,71,38,40,0,0,81,72,39,36,37,41,0,0,63,89,76,51,0,0,87,9,13,17,60,0,0,86,75,97,74,0,0,11,10,53,0,0,1,3,46,4,0,0,22,19,49,0,0,79,73,78,0,0,12,14,47,15,16,0,0,45,5,59,58,77,0,0,18,48,21,23,25,0,0,31,29,27,30,33,32,0,0,92,62,28,26,34,0
0;pliki//100 lokacji//RC101.txt;100;30;swap;3;4043;7654.157055121959;2699.0033108486723;1244.109229328365;3711.0445149449215;5816.613994360481;2082.044296585919;612.533747857045;3122.035949917517;23;300041.3732;0,7,79,55,0,0,11,10,53,0,0,69,98,88,70,0,0,6,8,46,3,1,100,0,0,54,96,93,80,0,0,64,51,85,84,91,0,0,99,15,13,9,0,0,61,42,39,37,38,41,0,0,71,32,30,94,0,0,83,21,23,48,49,20,0,0,62,33,28,26,34,0,0,81,72,40,43,0,0,52,75,97,58,77,0,0,87,59,74,86,57,0,0,19,22,66,0,0,63,89,76,56,0,0,90,65,24,25,18,0,0,92,95,67,0,0,82,12,73,78,60,0,0,45,5,4,2,0,0,27,29,31,50,0,0,36,35,44,68,0,0,14,47,17,16,0
0;pliki//100 lokacji//RC101.txt;100;30;swap;3;4044;7654.157055121959;2699.0033108486723;1244.109229328365;3711.0445149449215;5876.45909215131;2049.680958951264;748.2680598010049;3078.5100733990407;22;300134.1193;0,68,55,70,100,0,0,94,50,80,0,0,69,98,88,90,0,0,65,66,83,64,85,84,56,0,0,82,99,52,57,24,20,0,0,91,95,67,93,96,0,0,61,42,44,43,35,54,0,0,2,8,7,6,0,0,71,38,40,0,0,81,72,39,36,37,41,0,0,63,89,76,51,0,0,87,9,13,17,60,0,0,86,75,97,74,0,0,11,10,53,0,0,1,3,46,4,0,0,22,19,49,0,0,79,73,78,0,0,12,14,47,15,16,0,0,45,5,59,58,77,0,0,18,48,21,23,25,0,0,31,29,27,30,33,32,0,0,92,62,28,26,34,0
0;pliki//100 lokacji//RC101.txt;100;30;invert;3;4042;7654.157055121959;2699.0033108486723;1244.109229328365;3711.0445149449215;6461.182533081208;2229.163253778018;981.90519647677;3250.1140828264206;23;300021.3029;0,90,55,100,70,68,81,0,0,91,80,0,0,69,98,88,2,46,37,0,0,65,66,83,64,85,84,56,0,0,82,99,52,57,20,49,48,24,0,0,94,92,95,67,71,93,96,0,0,53,78,60,4,0,0,54,35,43,44,41,0,0,61,40,38,0,0,19,22,0,0,51,76,89,0,0,11,13,9,0,0,6,8,3,1,0,0,42,39,36,72,0,0,87,97,77,74,86,0,0,12,17,10,0,0,62,63,34,50,0,0,18,21,23,25,0,0,14,15,16,47,7,0,0,59,75,58,0,0,45,5,79,73,0,0,31,29,27,30,32,0,0,33,26,28,0
0;pliki//100 lokacji//RC101.txt;100;30;invert;3;4043;7654.157055121959;2699.0033108486723;1244.109229328365;3711.0445149449215;6630.189589647427;2317.501453897743;967.1017251436106;3345.586410606074;23;300012.542;0,90,55,100,70,68,81,0,0,91,80,0,0,69,98,88,2,46,37,0,0,65,66,83,64,85,84,56,0,0,82,99,52,57,20,49,48,24,0,0,1,43,44,41,0,0,61,38,35,54,0,0,53,78,60,4,0,0,92,95,67,94,93,71,96,0,0,12,17,13,9,0,0,51,63,89,32,50,62,0,0,39,42,3,8,6,0,0,10,11,0,0,87,97,77,74,86,0,0,72,36,40,0,0,19,22,0,0,18,21,23,25,0,0,14,15,16,47,7,0,0,59,75,58,0,0,45,5,79,73,0,0,76,34,0,0,31,29,27,30,0,0,33,26,28,0
0;pliki//100 lokacji//RC101.txt;100;30;invert;3;4044;7654.157055121959;2699.0033108486723;1244.109229328365;3711.0445149449215;6666.364745734096;2325.687612454847;995.6122009369626;3345.064932342286;23;300031.3803;0,90,55,100,70,68,81,0,0,80,91,0,0,69,98,88,2,46,37,0,0,65,66,83,64,85,84,56,0,0,82,99,52,57,20,49,48,24,0,0,53,78,60,4,0,0,54,35,43,44,41,0,0,92,95,67,94,93,71,96,0,0,61,38,1,6,0,0,10,11,0,0,12,17,13,9,0,0,72,36,39,0,0,62,50,63,89,51,0,0,86,87,97,74,77,0,0,42,40,3,8,0,0,76,34,0,0,18,21,23,25,0,0,19,22,0,0,14,15,16,47,7,0,0,59,75,58,0,0,45,5,79,73,0,0,31,29,27,30,32,0,0,33,26,28,0
0;pliki//100 lokacji//RC101.txt;100;30;insert;3;4042;7654.157055121959;2699.0033108486723;1244.109229328365;3711.0445149449215;6198.020740324815;2208.2019399381397;726.3383839290435;3263.480416457632;22;300153.6765;0,68,55,70,0,0,69,98,88,2,0,0,65,83,64,85,84,56,0,0,99,57,20,49,24,91,80,0,0,67,94,0,0,61,44,43,37,35,54,0,0,53,78,60,4,100,0,0,96,71,38,41,0,0,81,72,39,36,1,0,0,95,51,89,50,0,0,10,9,13,17,0,0,90,52,86,74,97,0,0,82,12,11,0,0,42,40,3,8,46,0,0,22,0,0,6,7,79,0,0,14,47,15,16,75,77,0,0,45,5,73,87,59,58,0,0,25,23,21,19,0,0,63,76,18,48,66,0,0,92,31,29,27,30,32,0,0,62,33,28,26,34,93,0
0;pliki//100 lokacji//RC101.txt;100;30;insert;3;4043;7654.157055121959;2699.0033108486723;1244.109229328365;3711.0445149449215;6198.020740324815;2208.2019399381397;726.3383839290435;3263.480416457632;22;300439.8445;0,68,55,70,0,0,69,98,88,2,0,0,65,83,64,85,84,56,0,0,99,57,20,49,24,91,80,0,0,67,94,0,0,61,44,43,37,35,54,0,0,53,78,60,4,100,0,0,96,71,38,41,0,0,81,72,39,36,1,0,0,95,51,89,50,0,0,10,9,13,17,0,0,90,52,86,74,97,0,0,82,12,11,0,0,42,40,3,8,46,0,0,22,0,0,6,7,79,0,0,14,47,15,16,75,77,0,0,45,5,73,87,59,58,0,0,25,23,21,19,0,0,63,76,18,48,66,0,0,92,31,29,27,30,32,0,0,62,33,28,26,34,93,0
0;pliki//100 lokacji//RC101.txt;100;30;insert;3;4044;7654.157055121959;2699.0033108486723;1244.109229328365;3711.0445149449215;6204.0516655226165;2207.6455869789584;722.7917454633549;3273.614333080304;22;300027.039;0,68,55,70,0,0,69,98,88,2,0,0,65,83,64,85,84,56,0,0,99,57,20,49,24,80,0,0,67,94,0,0,61,44,43,37,35,54,0,0,53,78,60,4,100,0,0,96,71,38,41,0,0,81,72,39,36,1,0,0,95,51,89,50,91,0,0,10,9,13,17,0,0,90,52,86,74,97,0,0,82,12,11,0,0,42,40,3,8,46,0,0,22,0,0,6,7,79,0,0,14,47,15,16,75,77,0,0,45,5,73,87,59,58,0,0,25,23,21,19,0,0,63,76,18,48,66,0,0,92,31,29,27,30,32,0,0,62,33,28,26,34,93,0
0;pliki//100 lokacji//RC101.txt;100;40;swap;3;5042;7654.157055121959;2699.0033108486723;1244.109229328365;3711.0445149449215;5876.45909215131;2049.680958951264;748.2680598010049;3078.5100733990407;22;300994.8608;0,68,55,70,100,0,0,94,50,80,0,0,69,98,88,90,0,0,65,66,83,64,85,84,56,0,0,82,99,52,57,24,20,0,0,91,95,67,93,96,0,0,61,42,44,43,35,54,0,0,2,8,7,6,0,0,71,38,40,0,0,81,72,39,36,37,41,0,0,63,89,76,51,0,0,87,9,13,17,60,0,0,86,75,97,74,0,0,11,10,53,0,0,1,3,46,4,0,0,22,19,49,0,0,79,73,78,0,0,12,14,47,15,16,0,0,45,5,59,58,77,0,0,18,48,21,23,25,0,0,31,29,27,30,33,32,0,0,92,62,28,26,34,0
0;pliki//100 lokacji//RC101.txt;100;40;swap;3;5043;7654.157055121959;2699.0033108486723;1244.109229328365;3711.0445149449215;5886.89384238007;2055.8983340656446;748.2680598010049;3082.7274485134208;22;300108.8401;0,68,55,70,100,0,0,94,50,80,0,0,69,98,88,90,0,0,65,66,83,64,85,84,56,0,0,82,99,52,57,20,49,0,0,91,95,67,93,96,0,0,61,42,44,43,35,54,0,0,2,8,7,6,0,0,71,38,40,0,0,81,72,39,36,37,41,0,0,63,89,76,51,0,0,87,9,13,17,60,0,0,86,75,97,74,0,0,11,10,53,0,0,1,3,46,4,0,0,24,19,22,0,0,79,73,78,0,0,12,14,47,15,16,0,0,45,5,59,58,77,0,0,18,48,21,23,25,0,0,31,29,27,30,33,32,0,0,92,62,28,26,34,0
0;pliki//100 lokacji//RC101.txt;100;40;swap;3;5044;7654.157055121959;2699.0033108486723;1244.109229328365;3711.0445149449215;5886.89384238007;2055.8983340656446;748.2680598010049;3082.7274485134208;22;300092.0754;0,68,55,70,100,0,0,94,50,80,0,0,69,98,88,90,0,0,65,66,83,64,85,84,56,0,0,82,99,52,57,20,49,0,0,91,95,67,93,96,0,0,61,42,44,43,35,54,0,0,2,8,7,6,0,0,71,38,40,0,0,81,72,39,36,37,41,0,0,63,89,76,51,0,0,87,9,13,17,60,0,0,86,75,97,74,0,0,11,10,53,0,0,1,3,46,4,0,0,24,19,22,0,0,79,73,78,0,0,12,14,47,15,16,0,0,45,5,59,58,77,0,0,18,48,21,23,25,0,0,31,29,27,30,33,32,0,0,92,62,28,26,34,0
0;pliki//100 lokacji//RC101.txt;100;40;invert;3;5042;7654.157055121959;2699.0033108486723;1244.109229328365;3711.0445149449215;6589.691850982816;2219.7800528869;1091.1631849688606;3278.7486131270553;23;300059.3126;0,69,82,57,19,0,0,46,7,73,78,60,0,0,17,11,87,0,0,90,0,0,88,8,5,3,1,100,0,0,36,43,44,68,0,0,15,16,59,74,99,0,0,29,27,26,28,62,0,0,55,70,54,96,0,0,64,84,33,32,56,0,0,80,93,71,37,35,42,0,0,49,48,21,22,0,0,92,95,76,85,50,0,0,98,79,0,0,6,45,4,2,0,0,12,14,47,10,53,0,0,94,67,72,40,0,0,52,75,97,13,9,0,0,65,77,58,86,0,0,83,25,23,24,0,0,91,51,18,20,66,0,0,61,39,38,41,81,0,0,34,31,30,89,63,0
0;pliki//100 lokacji//RC101.txt;100;40;invert;3;5043;7654.157055121959;2699.0033108486723;1244.109229328365;3711.0445149449215;6919.004506265743;2369.344021856249;1136.4169463806372;3413.2435380288566;22;300156.0245;0,41,36,61,68,0,0,56,84,63,48,24,86,98,0,0,32,27,31,71,70,0,0,39,37,35,40,42,0,0,51,20,22,0,0,100,2,6,79,0,0,83,75,97,13,52,90,0,0,82,12,17,0,0,69,53,45,5,3,55,0,0,80,72,38,81,0,0,94,67,34,96,0,0,92,29,28,26,30,0,0,65,57,21,19,0,0,66,64,0,0,49,76,85,50,0,0,14,73,8,4,1,0,0,11,10,0,0,78,47,16,15,9,0,0,88,74,58,77,18,0,0,44,43,46,7,60,0,0,87,59,99,54,93,91,0,0,95,62,33,89,23,25,0
0;pliki//100 lokacji//RC101.txt;100;40;invert;3;5044;7654.157055121959;2699.0033108486723;1244.109229328365;3711.0445149449215;6708.953848304147;2250.9037593749954;1152.8925105461017;3305.1575783830503;22;300023.8195;0,52,59,97,87,99,90,0,0,83,24,21,48,18,20,56,80,0,0,44,40,43,68,0,0,86,75,58,74,66,0,0,51,89,23,25,0,0,70,42,39,38,72,0,0,55,6,8,46,3,0,0,73,79,60,0,0,53,47,17,16,15,0,0,69,88,0,0,92,96,93,71,37,54,81,0,0,50,27,28,30,62,0,0,2,45,5,1,100,0,0,65,13,10,82,0,0,98,12,78,7,0,0,94,63,85,84,91,0,0,64,32,26,34,0,0,61,36,35,41,0,0,76,22,0,0,33,29,31,4,0,0,14,11,57,0,0,67,95,49,19,77,9,0
0;pliki//100 lokacji//RC101.txt;100;40;insert;3;5042;7654.157055121959;2699.0033108486723;1244.109229328365;3711.0445149449215;6198.020740324815;2208.2019399381397;726.3383839290435;3263.480416457632;22;300040.4912;0,68,55,70,0,0,69,98,88,2,0,0,65,83,64,85,84,56,0,0,99,57,20,49,24,91,80,0,0,67,94,0,0,61,44,43,37,35,54,0,0,53,78,60,4,100,0,0,96,71,38,41,0,0,81,72,39,36,1,0,0,95,51,89,50,0,0,10,9,13,17,0,0,90,52,86,74,97,0,0,82,12,11,0,0,42,40,3,8,46,0,0,22,0,0,6,7,79,0,0,14,47,15,16,75,77,0,0,45,5,73,87,59,58,0,0,25,23,21,19,0,0,63,76,18,48,66,0,0,92,31,29,27,30,32,0,0,62,33,28,26,34,93,0
0;pliki//100 lokacji//RC101.txt;100;40;insert;3;5043;7654.157055121959;2699.0033108486723;1244.109229328365;3711.0445149449215;6204.0516655226165;2207.6455869789584;722.7917454633549;3273.614333080304;22;300091.0638;0,68,55,70,0,0,69,98,88,2,0,0,65,83,64,85,84,56,0,0,99,57,20,49,24,80,0,0,67,94,0,0,61,44,43,37,35,54,0,0,53,78,60,4,100,0,0,96,71,38,41,0,0,81,72,39,36,1,0,0,95,51,89,50,91,0,0,10,9,13,17,0,0,90,52,86,74,97,0,0,82,12,11,0,0,42,40,3,8,46,0,0,22,0,0,6,7,79,0,0,14,47,15,16,75,77,0,0,45,5,73,87,59,58,0,0,25,23,21,19,0,0,63,76,18,48,66,0,0,92,31,29,27,30,32,0,0,62,33,28,26,34,93,0
0;pliki//100 lokacji//RC101.txt;100;40;insert;3;5044;7654.157055121959;2699.0033108486723;1244.109229328365;3711.0445149449215;6204.0516655226165;2207.6455869789584;722.7917454633549;3273.614333080304;22;300312.7749;0,68,55,70,0,0,69,98,88,2,0,0,65,83,64,85,84,56,0,0,99,57,20,49,24,80,0,0,67,94,0,0,61,44,43,37,35,54,0,0,53,78,60,4,100,0,0,96,71,38,41,0,0,81,72,39,36,1,0,0,95,51,89,50,91,0,0,10,9,13,17,0,0,90,52,86,74,97,0,0,82,12,11,0,0,42,40,3,8,46,0,0,22,0,0,6,7,79,0,0,14,47,15,16,75,77,0,0,45,5,73,87,59,58,0,0,25,23,21,19,0,0,63,76,18,48,66,0,0,92,31,29,27,30,32,0,0,62,33,28,26,34,93,0
0;pliki//100 lokacji//RC101.txt;100;50;swap;3;6042;7654.157055121959;2699.0033108486723;1244.109229328365;3711.0445149449215;5859.80594665061;2035.6224580109026;736.4247577675355;3087.7587308721722;22;300144.7841;0,10,17,53,0,0,92,64,51,84,56,0,0,95,85,63,89,76,80,0,0,33,29,31,32,50,67,0,0,87,59,75,97,74,0,0,45,5,3,79,0,0,34,28,30,94,54,0,0,69,98,88,55,70,0,0,61,81,0,0,39,36,35,41,0,0,65,99,52,86,57,0,0,22,48,77,58,0,0,96,72,42,44,43,68,0,0,24,18,21,19,66,0,0,82,12,73,78,60,0,0,11,90,0,0,93,71,27,26,62,91,0,0,14,47,15,16,13,9,0,0,83,25,23,49,20,0,0,38,37,40,0,0,1,4,2,100,0,0,7,6,8,46,0
0;pliki//100 lokacji//RC101.txt;100;50;swap;3;6043;7654.157055121959;2699.0033108486723;1244.109229328365;3711.0445149449215;5867.520283964181;2132.8574265258117;566.3876875261109;3168.275169912258;23;300047.3682;0,12,16,97,74,0,0,41,37,68,0,0,59,75,57,0,0,63,76,51,56,0,0,69,98,88,0,0,96,93,71,67,50,0,0,65,86,52,99,90,0,0,64,24,22,0,0,77,58,87,13,10,0,0,94,95,84,85,89,91,80,0,0,21,23,25,19,0,0,83,49,48,18,20,66,0,0,45,5,73,78,60,0,0,82,11,9,0,0,14,47,17,15,53,0,0,54,72,39,38,0,0,61,42,44,43,40,0,0,62,33,28,26,27,0,0,36,35,81,0,0,70,1,4,100,0,0,6,8,46,3,55,0,0,92,31,29,30,32,34,0,0,2,7,79,0
0;pliki//100 lokacji//RC101.txt;100;50;swap;3;6044;7654.157055121959;2699.0033108486723;1244.109229328365;3711.0445149449215;5876.45909215131;2049.680958951264;748.2680598010049;3078.5100733990407;22;300187.814;0,68,55,70,100,0,0,94,50,80,0,0,69,98,88,90,0,0,65,66,83,64,85,84,56,0,0,82,99,52,57,24,20,0,0,91,95,67,93,96,0,0,61,42,44,43,35,54,0,0,2,8,7,6,0,0,71,38,40,0,0,81,72,39,36,37,41,0,0,63,89,76,51,0,0,87,9,13,17,60,0,0,86,75,97,74,0,0,11,10,53,0,0,1,3,46,4,0,0,22,19,49,0,0,79,73,78,0,0,12,14,47,15,16,0,0,45,5,59,58,77,0,0,18,48,21,23,25,0,0,31,29,27,30,33,32,0,0,92,62,28,26,34,0
0;pliki//100 lokacji//RC101.txt;100;50;invert;3;6042;7654.157055121959;2699.0033108486723;1244.109229328365;3711.0445149449215;6729.1765001747135;2295.5431665223737;1109.5434700207975;3324.089863631542;22;300068.2723;0,54,72,38,39,0,0,88,64,49,19,24,0,0,3,5,2,55,0,0,11,47,12,0,0,91,95,85,63,18,25,75,0,0,17,73,79,0,0,62,30,28,26,34,0,0,78,60,4,45,100,0,0,41,42,44,43,1,0,0,65,82,14,13,58,80,0,0,52,86,99,90,0,0,98,57,22,20,0,0,83,16,9,10,0,0,46,8,7,6,0,0,56,48,21,23,66,0,0,87,59,97,77,74,0,0,27,32,33,50,92,0,0,68,69,15,53,0,0,84,89,76,51,0,0,61,70,37,35,71,93,0,0,94,67,29,31,96,0,0,40,36,81,0
0;pliki//100 lokacji//RC101.txt;100;50;invert;3;6043;7654.157055121959;2699.0033108486723;1244.109229328365;3711.0445149449215;6982.949229353435;2541.0515351735608;870.293395660559;3571.6042985193158;23;300039.804;0,90,81,68,55,70,100,0,0,80,91,0,0,69,98,88,2,46,37,0,0,65,66,83,64,85,84,56,0,0,82,99,52,57,20,49,48,24,0,0,94,92,95,67,71,93,96,0,0,54,35,43,44,41,0,0,53,78,60,4,0,0,61,38,1,0,0,72,36,39,6,0,0,62,63,51,89,50,0,0,10,9,13,17,0,0,86,74,97,77,0,0,12,11,87,0,0,42,40,3,8,0,0,22,19,32,0,0,7,79,73,25,0,0,14,47,15,16,45,5,0,0,59,75,58,0,0,18,21,23,0,0,76,34,0,0,31,29,27,30,0,0,33,28,26,0
0;pliki//100 lokacji//RC101.txt;100;50;invert;3;6044;7654.157055121959;2699.0033108486723;1244.109229328365;3711.0445149449215;6982.949229353435;2541.0515351735608;870.293395660559;3571.6042985193158;23;300152.4709;0,90,81,68,55,70,100,0,0,80,91,0,0,69,98,88,2,46,37,0,0,65,66,83,64,85,84,56,0,0,82,99,52,57,20,49,48,24,0,0,94,92,95,67,71,93,96,0,0,53,78,60,4,0,0,54,35,43,44,41,0,0,61,38,1,0,0,72,36,39,6,0,0,62,63,51,89,50,0,0,10,9,13,17,0,0,86,74,97,77,0,0,12,11,87,0,0,42,40,3,8,0,0,22,19,32,0,0,7,79,73,25,0,0,14,47,15,16,45,5,0,0,59,75,58,0,0,18,21,23,0,0,76,34,0,0,31,29,27,30,0,0,33,28,26,0
0;pliki//100 lokacji//RC101.txt;100;50;insert;3;6042;7654.157055121959;2699.0033108486723;1244.109229328365;3711.0445149449215;6204.0516655226165;2207.6455869789584;722.7917454633549;3273.614333080304;22;300103.3873;0,68,55,70,0,0,69,98,88,2,0,0,65,83,64,85,84,56,0,0,99,57,20,49,24,80,0,0,67,94,0,0,61,44,43,37,35,54,0,0,53,78,60,4,100,0,0,96,71,38,41,0,0,81,72,39,36,1,0,0,95,51,89,50,91,0,0,10,9,13,17,0,0,90,52,86,74,97,0,0,82,12,11,0,0,42,40,3,8,46,0,0,22,0,0,6,7,79,0,0,14,47,15,16,75,77,0,0,45,5,73,87,59,58,0,0,25,23,21,19,0,0,63,76,18,48,66,0,0,92,31,29,27,30,32,0,0,62,33,28,26,34,93,0
0;pliki//100 lokacji//RC101.txt;100;50;insert;3;6043;7654.157055121959;2699.0033108486723;1244.109229328365;3711.0445149449215;6198.020740324815;2208.2019399381397;726.3383839290435;3263.480416457632;22;300102.8098;0,68,55,70,0,0,69,98,88,2,0,0,65,83,64,85,84,56,0,0,99,57,20,49,24,91,80,0,0,67,94,0,0,61,44,43,37,35,54,0,0,53,78,60,4,100,0,0,96,71,38,41,0,0,81,72,39,36,1,0,0,95,51,89,50,0,0,10,9,13,17,0,0,90,52,86,74,97,0,0,82,12,11,0,0,42,40,3,8,46,0,0,22,0,0,6,7,79,0,0,14,47,15,16,75,77,0,0,45,5,73,87,59,58,0,0,25,23,21,19,0,0,63,76,18,48,66,0,0,92,31,29,27,30,32,0,0,62,33,28,26,34,93,0
0;pliki//100 lokacji//RC101.txt;100;50;insert;3;6044;7654.157055121959;2699.0033108486723;1244.109229328365;3711.0445149449215;6204.0516655226165;2207.6455869789584;722.7917454633549;3273.614333080304;22;300115.6271;0,68,55,70,0,0,69,98,88,2,0,0,65,83,64,85,84,56,0,0,99,57,20,49,24,80,0,0,67,94,0,0,61,44,43,37,35,54,0,0,53,78,60,4,100,0,0,96,71,38,41,0,0,81,72,39,36,1,0,0,95,51,89,50,91,0,0,10,9,13,17,0,0,90,52,86,74,97,0,0,82,12,11,0,0,42,40,3,8,46,0,0,22,0,0,6,7,79,0,0,14,47,15,16,75,77,0,0,45,5,73,87,59,58,0,0,25,23,21,19,0,0,63,76,18,48,66,0,0,92,31,29,27,30,32,0,0,62,33,28,26,34,93,0
0;pliki//100 lokacji//RC101.txt;150;10;swap;3;2542;7654.157055121959;2699.0033108486723;1244.109229328365;3711.0445149449215;5876.45909215131;2049.680958951264;748.2680598010049;3078.5100733990407;22;300043.556;0,68,55,70,100,0,0,94,50,80,0,0,69,98,88,90,0,0,65,66,83,64,85,84,56,0,0,82,99,52,57,24,20,0,0,91,95,67,93,96,0,0,61,42,44,43,35,54,0,0,2,8,7,6,0,0,71,38,40,0,0,81,72,39,36,37,41,0,0,63,89,76,51,0,0,87,9,13,17,60,0,0,86,75,97,74,0,0,11,10,53,0,0,1,3,46,4,0,0,22,19,49,0,0,79,73,78,0,0,12,14,47,15,16,0,0,45,5,59,58,77,0,0,18,48,21,23,25,0,0,31,29,27,30,33,32,0,0,92,62,28,26,34,0
0;pliki//100 lokacji//RC101.txt;150;10;swap;3;2543;7654.157055121959;2699.0033108486723;1244.109229328365;3711.0445149449215;5867.750929988814;2183.387887410685;472.7944190560675;3211.568623522062;24;300091.6195;0,76,18,24,0,0,64,84,91,0,0,65,82,12,78,53,0,0,44,40,43,68,0,0,42,36,35,54,0,0,87,59,75,97,74,0,0,69,98,0,0,19,22,56,0,0,10,11,0,0,72,38,39,81,0,0,88,79,73,17,0,0,7,6,55,0,0,86,58,77,25,48,0,0,52,99,90,0,0,45,5,3,2,0,0,33,28,26,34,32,0,0,96,71,94,0,0,8,46,4,60,0,0,61,41,37,1,70,100,0,0,83,21,23,57,0,0,14,47,15,16,13,9,0,0,92,95,62,51,49,20,66,0,0,67,50,85,63,89,80,0,0,27,29,31,30,93,0
0;pliki//100 lokacji//RC101.txt;150;10;swap;3;2544;7654.157055121959;2699.0033108486723;1244.109229328365;3711.0445149449215;5865.862592412248;2063.341737530335;721.8788645367576;3080.6419903451556;22;300097.7471;0,33,30,28,27,93,96,0,0,2,6,1,70,0,0,81,72,39,37,38,41,0,0,52,86,58,75,77,74,0,0,92,56,64,0,0,69,98,88,90,0,0,45,5,3,4,100,0,0,51,84,94,54,0,0,14,47,73,78,55,68,0,0,53,12,10,0,0,19,18,48,49,0,0,83,21,23,25,20,66,0,0,7,79,60,0,0,71,34,26,80,0,0,99,87,59,97,13,0,0,82,11,9,0,0,95,62,85,63,89,76,91,0,0,65,15,16,17,0,0,35,36,8,46,0,0,61,42,44,43,40,0,0,67,31,29,32,50,0,0,57,24,22,0
0;pliki//100 lokacji//RC101.txt;150;10;invert;3;2542;7654.157055121959;2699.0033108486723;1244.109229328365;3711.0445149449215;6148.6515958957025;1993.5963094228723;1132.2973965881247;3022.757889884706;22;300026.7928;0,90,65,66,83,64,95,91,0,0,18,21,23,25,0,0,42,44,43,40,37,0,0,68,61,39,38,41,0,0,27,29,31,34,62,0,0,100,6,46,1,70,0,0,82,99,52,57,24,48,49,20,0,0,69,98,0,0,36,35,72,71,93,0,0,80,92,67,50,85,84,56,0,0,81,54,96,94,0,0,2,4,8,3,0,0,87,97,77,74,86,0,0,19,22,0,0,55,88,60,78,0,0,53,14,15,16,13,9,0,0,11,10,0,0,63,89,76,51,0,0,12,47,17,7,0,0,59,75,58,0,0,45,5,79,73,0,0,33,26,28,30,32,0
0;pliki//100 lokacji//RC101.txt;150;10;invert;3;2543;7654.157055121959;2699.0033108486723;1244.109229328365;3711.0445149449215;6159.786737710783;2098.023398894357;939.2310382715239;3122.5323005449027;22;300012.3693;0,90,55,100,70,68,81,0,0,80,91,0,0,69,98,88,2,46,37,0,0,65,66,83,64,85,84,56,0,0,82,99,52,57,20,49,48,24,0,0,35,36,43,44,0,0,54,72,39,38,41,0,0,92,95,67,71,93,94,96,0,0,12,17,13,9,0,0,10,11,0,0,61,42,40,1,0,0,59,75,97,87,0,0,3,5,45,4,8,0,0,19,22,0,0,50,62,53,78,60,0,0,27,29,31,34,0,0,63,89,76,51,0,0,18,21,23,25,0,0,14,47,16,15,0,0,33,26,28,30,32,0,0,73,79,7,6,0,0,86,74,58,77,0
0;pliki//100 lokacji//RC101.txt;150;10;invert;3;2544;7654.157055121959;2699.0033108486723;1244.109229328365;3711.0445149449215;6400.347368757038;2156.2274883110344;1070.6551146595184;3173.464765786485;23;300047.4943;0,90,55,100,70,68,81,0,0,80,91,0,0,69,98,88,2,46,37,0,0,65,66,83,64,85,84,56,0,0,82,99,52,57,20,49,48,24,0,0,60,78,53,0,0,41,38,39,43,44,0,0,36,35,72,54,0,0,61,1,4,6,0,0,92,95,62,50,67,0,0,12,17,13,9,0,0,10,11,0,0,96,71,93,94,0,0,86,87,97,77,74,0,0,42,40,3,8,0,0,19,22,0,0,27,29,31,34,0,0,63,89,76,51,0,0,18,21,23,25,0,0,14,15,16,47,45,5,0,0,59,75,58,0,0,73,79,7,0,0,33,26,28,30,32,0
0;pliki//100 lokacji//RC101.txt;150;10;insert;3;2542;7654.157055121959;2699.0033108486723;1244.109229328365;3711.0445149449215;6196.814665061598;2208.57340089504;702.2401610930327;3286.001103073526;22;300099.5736;0,68,55,70,0,0,69,98,88,2,0,0,65,83,64,85,84,56,0,0,82,99,57,20,49,24,91,0,0,67,94,0,0,61,44,43,37,35,54,0,0,53,78,60,4,100,0,0,96,71,38,41,0,0,81,72,39,36,1,0,0,95,51,89,50,80,0,0,10,9,13,17,0,0,52,86,74,97,0,0,12,11,90,0,0,42,40,3,8,46,0,0,22,0,0,6,7,79,0,0,14,47,15,16,75,77,0,0,45,5,73,87,59,58,0,0,25,23,21,19,0,0,63,76,18,48,66,0,0,92,31,29,27,30,32,0,0,62,33,28,26,34,93,0
0;pliki//100 lokacji//RC101.txt;150;10;insert;3;2543;7654.157055121959;2699.0033108486723;1244.109229328365;3711.0445149449215;6196.814665061598;2208.57340089504;702.2401610930327;3286.001103073526;22;300072.1534;0,68,55,70,0,0,69,98,88,2,0,0,65,83,64,85,84,56,0,0,82,99,57,20,49,24,91,0,0,67,94,0,0,61,44,43,37,35,54,0,0,53,78,60,4,100,0,0,96,71,38,41,0,0,81,72,39,36,1,0,0,95,51,89,50,80,0,0,10,9,13,17,0,0,52,86,74,97,0,0,12,11,90,0,0,42,40,3,8,46,0,0,22,0,0,6,7,79,0,0,14,47,15,16,75,77,0,0,45,5,73,87,59,58,0,0,25,23,21,19,0,0,63,76,18,48,66,0,0,92,31,29,27,30,32,0,0,62,33,28,26,34,93,0
0;pliki//100 lokacji//RC101.txt;150;10;insert;3;2544;7654.157055121959;2699.0033108486723;1244.109229328365;3711.0445149449215;6196.814665061598;2208.57340089504;702.2401610930327;3286.001103073526;22;300108.7999;0,68,55,70,0,0,69,98,88,2,0,0,65,83,64,85,84,56,0,0,82,99,57,20,49,24,91,0,0,67,94,0,0,61,44,43,37,35,54,0,0,53,78,60,4,100,0,0,96,71,38,41,0,0,81,72,39,36,1,0,0,95,51,89,50,80,0,0,10,9,13,17,0,0,52,86,74,97,0,0,12,11,90,0,0,42,40,3,8,46,0,0,22,0,0,6,7,79,0,0,14,47,15,16,75,77,0,0,45,5,73,87,59,58,0,0,25,23,21,19,0,0,63,76,18,48,66,0,0,92,31,29,27,30,32,0,0,62,33,28,26,34,93,0
0;pliki//100 lokacji//RC101.txt;150;20;swap;3;3542;7654.157055121959;2699.0033108486723;1244.109229328365;3711.0445149449215;5876.45909215131;2049.680958951264;748.2680598010049;3078.5100733990407;22;300144.0164;0,68,55,70,100,0,0,94,50,80,0,0,69,98,88,90,0,0,65,66,83,64,85,84,56,0,0,82,99,52,57,24,20,0,0,91,95,67,93,96,0,0,61,42,44,43,35,54,0,0,2,8,7,6,0,0,71,38,40,0,0,81,72,39,36,37,41,0,0,63,89,76,51,0,0,87,9,13,17,60,0,0,86,75,97,74,0,0,11,10,53,0,0,1,3,46,4,0,0,22,19,49,0,0,79,73,78,0,0,12,14,47,15,16,0,0,45,5,59,58,77,0,0,18,48,21,23,25,0,0,31,29,27,30,33,32,0,0,92,62,28,26,34,0
0;pliki//100 lokacji//RC101.txt;150;20;swap;3;3543;7654.157055121959;2699.0033108486723;1244.109229328365;3711.0445149449215;5876.45909215131;2049.680958951264;748.2680598010049;3078.5100733990407;22;300169.4295;0,68,55,70,100,0,0,94,50,80,0,0,69,98,88,90,0,0,65,66,83,64,85,84,56,0,0,82,99,52,57,24,20,0,0,91,95,67,93,96,0,0,61,42,44,43,35,54,0,0,2,8,7,6,0,0,71,38,40,0,0,81,72,39,36,37,41,0,0,63,89,76,51,0,0,87,9,13,17,60,0,0,86,75,97,74,0,0,11,10,53,0,0,1,3,46,4,0,0,22,19,49,0,0,79,73,78,0,0,12,14,47,15,16,0,0,45,5,59,58,77,0,0,18,48,21,23,25,0,0,31,29,27,30,33,32,0,0,92,62,28,26,34,0
0;pliki//100 lokacji//RC101.txt;150;20;swap;3;3544;7654.157055121959;2699.0033108486723;1244.109229328365;3711.0445149449215;5876.45909215131;2049.680958951264;748.2680598010049;3078.5100733990407;22;300137.2676;0,68,55,70,100,0,0,94,50,80,0,0,69,98,88,90,0,0,65,66,83,64,85,84,56,0,0,82,99,52,57,24,20,0,0,91,95,67,93,96,0,0,61,42,44,43,35,54,0,0,2,8,7,6,0,0,71,38,40,0,0,81,72,39,36,37,41,0,0,63,89,76,51,0,0,87,9,13,17,60,0,0,86,75,97,74,0,0,11,10,53,0,0,1,3,46,4,0,0,22,19,49,0,0,79,73,78,0,0,12,14,47,15,16,0,0,45,5,59,58,77,0,0,18,48,21,23,25,0,0,31,29,27,30,33,32,0,0,92,62,28,26,34,0
0;pliki//100 lokacji//RC101.txt;150;20;invert;3;3542;7654.157055121959;2699.0033108486723;1244.109229328365;3711.0445149449215;6321.995972835817;2181.6185254251623;933.8808130863235;3206.496634324332;23;300109.0376;0,90,55,100,70,68,81,0,0,91,80,0,0,69,98,88,2,46,37,0,0,65,66,83,64,85,84,56,0,0,82,99,52,57,20,49,48,24,0,0,92,95,67,71,93,94,96,0,0,53,78,60,4,0,0,54,72,38,41,0,0,35,36,43,44,0,0,61,42,40,39,0,0,10,11,0,0,6,8,3,1,0,0,63,89,76,51,0,0,87,97,77,74,86,0,0,12,47,16,13,9,0,0,19,22,0,0,62,50,34,0,0,18,21,23,25,0,0,45,5,79,73,0,0,59,75,58,0,0,14,15,17,7,0,0,31,29,27,30,32,0,0,33,26,28,0
0;pliki//100 lokacji//RC101.txt;150;20;invert;3;3543;7654.157055121959;2699.0033108486723;1244.109229328365;3711.0445149449215;6309.425579417108;2162.072478093457;956.9775039419555;3190.375597381695;23;300060.6566;0,90,55,100,70,68,81,0,0,91,80,0,0,69,98,88,2,46,37,0,0,65,66,83,64,85,84,56,0,0,82,99,52,57,20,49,48,24,0,0,92,95,67,34,50,62,0,0,86,74,77,97,87,0,0,61,42,44,43,40,0,0,53,78,60,4,0,0,54,72,35,36,0,0,39,38,41,0,0,96,71,93,94,0,0,11,10,0,0,12,17,13,9,0,0,6,8,3,1,0,0,63,89,76,51,0,0,22,19,0,0,18,21,23,25,0,0,14,15,16,47,7,0,0,59,75,58,0,0,45,5,79,73,0,0,31,29,27,30,32,0,0,33,26,28,0
0;pliki//100 lokacji//RC101.txt;150;20;invert;3;3544;7654.157055121959;2699.0033108486723;1244.109229328365;3711.0445149449215;6506.3955315838975;2111.340420109317;1244.0621913588145;3150.9929201157656;22;300132.5132;0,49,19,18,48,21,0,0,91,95,62,34,67,94,80,0,0,45,5,46,2,70,0,0,54,71,93,96,0,0,42,40,43,44,61,0,0,87,97,75,58,0,0,100,1,3,4,0,0,35,38,41,0,0,99,59,13,9,82,0,0,12,14,15,86,0,0,69,98,78,60,88,0,0,53,73,17,16,10,0,0,84,85,63,89,51,64,0,0,29,27,28,30,33,56,0,0,55,7,6,68,0,0,74,77,25,22,66,0,0,65,47,11,0,0,92,50,76,20,0,0,81,72,31,26,32,0,0,83,24,23,57,52,90,0,0,39,36,37,0,0,79,8,0
0;pliki//100 lokacji//RC101.txt;150;20;insert;3;3542;7654.157055121959;2699.0033108486723;1244.109229328365;3711.0445149449215;6204.0516655226165;2207.6455869789584;722.7917454633549;3273.614333080304;22;300070.4322;0,68,55,70,0,0,69,98,88,2,0,0,65,83,64,85,84,56,0,0,99,57,20,49,24,80,0,0,67,94,0,0,61,44,43,37,35,54,0,0,53,78,60,4,100,0,0,96,71,38,41,0,0,81,72,39,36,1,0,0,95,51,89,50,91,0,0,10,9,13,17,0,0,90,52,86,74,97,0,0,82,12,11,0,0,42,40,3,8,46,0,0,22,0,0,6,7,79,0,0,14,47,15,16,75,77,0,0,45,5,73,87,59,58,0,0,25,23,21,19,0,0,63,76,18,48,66,0,0,92,31,29,27,30,32,0,0,62,33,28,26,34,93,0
0;pliki//100 lokacji//RC101.txt;150;20;insert;3;3543;7654.157055121959;2699.0033108486723;1244.109229328365;3711.0445149449215;6204.0516655226165;2207.6455869789584;722.7917454633549;3273.614333080304;22;300146.2522;0,68,55,70,0,0,69,98,88,2,0,0,65,83,64,85,84,56,0,0,99,57,20,49,24,80,0,0,67,94,0,0,61,44,43,37,35,54,0,0,53,78,60,4,100,0,0,96,71,38,41,0,0,81,72,39,36,1,0,0,95,51,89,50,91,0,0,10,9,13,17,0,0,90,52,86,74,97,0,0,82,12,11,0,0,42,40,3,8,46,0,0,22,0,0,6,7,79,0,0,14,47,15,16,75,77,0,0,45,5,73,87,59,58,0,0,25,23,21,19,0,0,63,76,18,48,66,0,0,92,31,29,27,30,32,0,0,62,33,28,26,34,93,0
0;pliki//100 lokacji//RC101.txt;150;20;insert;3;3544;7654.157055121959;2699.0033108486723;1244.109229328365;3711.0445149449215;6204.0516655226165;2207.6455869789584;722.7917454633549;3273.614333080304;22;300255.9542;0,68,55,70,0,0,69,98,88,2,0,0,65,83,64,85,84,56,0,0,99,57,20,49,24,80,0,0,67,94,0,0,61,44,43,37,35,54,0,0,53,78,60,4,100,0,0,96,71,38,41,0,0,81,72,39,36,1,0,0,95,51,89,50,91,0,0,10,9,13,17,0,0,90,52,86,74,97,0,0,82,12,11,0,0,42,40,3,8,46,0,0,22,0,0,6,7,79,0,0,14,47,15,16,75,77,0,0,45,5,73,87,59,58,0,0,25,23,21,19,0,0,63,76,18,48,66,0,0,92,31,29,27,30,32,0,0,62,33,28,26,34,93,0
0;pliki//100 lokacji//RC101.txt;150;30;swap;3;4542;7654.157055121959;2699.0033108486723;1244.109229328365;3711.0445149449215;5876.45909215131;2049.680958951264;748.2680598010049;3078.5100733990407;22;300116.1633;0,68,55,70,100,0,0,94,50,80,0,0,69,98,88,90,0,0,65,66,83,64,85,84,56,0,0,82,99,52,57,24,20,0,0,91,95,67,93,96,0,0,61,42,44,43,35,54,0,0,2,8,7,6,0,0,71,38,40,0,0,81,72,39,36,37,41,0,0,63,89,76,51,0,0,87,9,13,17,60,0,0,86,75,97,74,0,0,11,10,53,0,0,1,3,46,4,0,0,22,19,49,0,0,79,73,78,0,0,12,14,47,15,16,0,0,45,5,59,58,77,0,0,18,48,21,23,25,0,0,31,29,27,30,33,32,0,0,92,62,28,26,34,0
0;pliki//100 lokacji//RC101.txt;150;30;swap;3;4543;7654.157055121959;2699.0033108486723;1244.109229328365;3711.0445149449215;5886.89384238007;2055.8983340656446;748.2680598010049;3082.7274485134208;22;300109.3587;0,68,55,70,100,0,0,94,50,80,0,0,69,98,88,90,0,0,65,66,83,64,85,84,56,0,0,82,99,52,57,20,49,0,0,91,95,67,93,96,0,0,61,42,44,43,35,54,0,0,2,8,7,6,0,0,71,38,40,0,0,81,72,39,36,37,41,0,0,63,89,76,51,0,0,87,9,13,17,60,0,0,86,75,97,74,0,0,11,10,53,0,0,1,3,46,4,0,0,24,19,22,0,0,79,73,78,0,0,12,14,47,15,16,0,0,45,5,59,58,77,0,0,18,48,21,23,25,0,0,31,29,27,30,33,32,0,0,92,62,28,26,34,0
0;pliki//100 lokacji//RC101.txt;150;30;swap;3;4544;7654.157055121959;2699.0033108486723;1244.109229328365;3711.0445149449215;5759.576106025723;2020.719140345549;682.4699494060793;3056.387016274095;22;300035.149;0,60,79,73,78,0,0,33,29,31,34,54,0,0,92,95,62,67,94,0,0,24,23,19,49,20,0,0,42,43,40,81,0,0,98,14,47,17,16,0,0,72,36,35,37,0,0,59,86,57,66,0,0,65,83,52,99,90,0,0,69,12,15,9,0,0,18,48,21,25,77,74,0,0,87,97,75,58,0,0,91,84,85,50,96,80,0,0,61,70,1,3,46,0,0,63,89,76,51,0,0,82,11,0,0,55,88,53,10,13,0,0,27,26,28,30,32,0,0,39,38,44,41,71,93,0,0,64,22,56,0,0,7,8,6,100,68,0,0,45,5,4,2,0
0;pliki//100 lokacji//RC101.txt;150;30;invert;3;4542;7654.157055121959;2699.0033108486723;1244.109229328365;3711.0445149449215;6542.720444974792;2179.618064369132;1154.7976115150643;3208.304769090596;23;300012.5542;0,88,79,55,0,0,10,15,16,78,0,0,95,89,76,0,0,68,69,0,0,42,44,38,37,35,72,0,0,64,20,19,65,0,0,82,9,87,58,74,52,0,0,21,23,25,57,0,0,7,8,5,3,45,100,0,0,92,50,62,67,96,0,0,40,43,70,0,0,59,11,60,0,0,84,33,32,27,34,0,0,86,97,75,77,0,0,56,63,51,18,49,0,0,12,14,17,13,0,0,31,29,30,28,26,0,0,39,36,71,93,94,0,0,98,53,47,73,46,6,0,0,1,4,2,0,0,81,54,41,61,0,0,66,24,22,48,85,91,80,0,0,83,99,90,0
0;pliki//100 lokacji//RC101.txt;150;30;invert;3;4543;7654.157055121959;2699.0033108486723;1244.109229328365;3711.0445149449215;6658.6120806581985;2294.4044856502437;1045.620925229308;3318.586669778647;23;300021.4264;0,90,55,100,70,68,81,0,0,91,80,0,0,69,98,88,2,46,37,0,0,65,66,83,64,85,84,56,0,0,82,99,52,57,20,49,48,24,0,0,38,39,61,0,0,53,78,60,4,0,0,92,95,67,94,93,71,96,0,0,62,50,63,89,51,0,0,72,36,35,54,0,0,41,44,43,1,6,0,0,10,11,0,0,87,97,77,74,86,0,0,12,17,13,9,0,0,42,40,3,8,0,0,22,19,0,0,76,34,0,0,18,21,23,25,0,0,14,15,16,47,7,0,0,59,75,58,0,0,45,5,79,73,0,0,31,29,27,30,32,0,0,33,26,28,0
0;pliki//100 lokacji//RC101.txt;150;30;invert;3;4544;7654.157055121959;2699.0033108486723;1244.109229328365;3711.0445149449215;6656.544225177369;2311.1391984496545;1014.9232393426432;3330.4817873850716;23;300135.866;0,90,55,100,70,68,81,0,0,91,80,0,0,69,98,88,2,46,37,0,0,65,66,83,64,85,84,56,0,0,82,99,52,57,20,49,48,24,0,0,94,92,95,67,71,93,96,0,0,54,35,43,44,41,0,0,53,78,60,4,0,0,61,38,1,0,0,72,36,39,6,0,0,11,10,0,0,63,89,76,51,0,0,62,50,34,0,0,87,97,77,74,86,0,0,12,17,13,9,0,0,42,40,3,8,0,0,19,22,0,0,18,21,23,25,0,0,14,15,16,47,7,0,0,59,75,58,0,0,45,5,79,73,0,0,31,29,27,30,32,0,0,33,26,28,0
0;pliki//100 lokacji//RC101.txt;150;30;insert;3;4542;7654.157055121959;2699.0033108486723;1244.109229328365;3711.0445149449215;6204.0516655226165;2207.6455869789584;722.7917454633549;3273.614333080304;22;300085.6763;0,68,55,70,0,0,69,98,88,2,0,0,65,83,64,85,84,56,0,0,99,57,20,49,24,80,0,0,67,94,0,0,61,44,43,37,35,54,0,0,53,78,60,4,100,0,0,96,71,38,41,0,0,81,72,39,36,1,0,0,95,51,89,50,91,0,0,10,9,13,17,0,0,90,52,86,74,97,0,0,82,12,11,0,0,42,40,3,8,46,0,0,22,0,0,6,7,79,0,0,14,47,15,16,75,77,0,0,45,5,73,87,59,58,0,0,25,23,21,19,0,0,63,76,18,48,66,0,0,92,31,29,27,30,32,0,0,62,33,28,26,34,93,0
0;pliki//100 lokacji//RC101.txt;150;30;insert;3;4543;7654.157055121959;2699.0033108486723;1244.109229328365;3711.0445149449215;6198.020740324815;2208.2019399381397;726.3383839290435;3263.480416457632;22;300041.6517;0,68,55,70,0,0,69,98,88,2,0,0,65,83,64,85,84,56,0,0,99,57,20,49,24,91,80,0,0,67,94,0,0,61,44,43,37,35,54,0,0,53,78,60,4,100,0,0,96,71,38,41,0,0,81,72,39,36,1,0,0,95,51,89,50,0,0,10,9,13,17,0,0,90,52,86,74,97,0,0,82,12,11,0,0,42,40,3,8,46,0,0,22,0,0,6,7,79,0,0,14,47,15,16,75,77,0,0,45,5,73,87,59,58,0,0,25,23,21,19,0,0,63,76,18,48,66,0,0,92,31,29,27,30,32,0,0,62,33,28,26,34,93,0
0;pliki//100 lokacji//RC101.txt;150;30;insert;3;4544;7654.157055121959;2699.0033108486723;1244.109229328365;3711.0445149449215;6198.020740324815;2208.2019399381397;726.3383839290435;3263.480416457632;22;300151.0602;0,68,55,70,0,0,69,98,88,2,0,0,65,83,64,85,84,56,0,0,99,57,20,49,24,91,80,0,0,67,94,0,0,61,44,43,37,35,54,0,0,53,78,60,4,100,0,0,96,71,38,41,0,0,81,72,39,36,1,0,0,95,51,89,50,0,0,10,9,13,17,0,0,90,52,86,74,97,0,0,82,12,11,0,0,42,40,3,8,46,0,0,22,0,0,6,7,79,0,0,14,47,15,16,75,77,0,0,45,5,73,87,59,58,0,0,25,23,21,19,0,0,63,76,18,48,66,0,0,92,31,29,27,30,32,0,0,62,33,28,26,34,93,0
0;pliki//100 lokacji//RC101.txt;150;40;swap;3;5542;7654.157055121959;2699.0033108486723;1244.109229328365;3711.0445149449215;5853.275997932282;2060.1925740378806;705.413477945423;3087.669945948978;22;301141.797;0,43,40,41,0,0,27,26,28,33,32,0,0,54,96,80,0,0,10,15,16,0,0,20,49,25,77,58,0,0,82,11,87,74,0,0,100,2,7,6,8,0,0,62,50,71,93,94,0,0,61,42,36,35,81,0,0,92,67,29,31,30,34,0,0,53,12,73,78,60,0,0,14,47,17,13,9,0,0,56,85,63,76,89,0,0,88,46,4,55,0,0,64,51,22,0,0,45,5,3,1,70,0,0,65,86,52,99,90,0,0,59,97,75,21,24,0,0,19,23,57,0,0,72,39,38,37,44,68,0,0,69,98,79,0,0,95,84,48,18,83,66,91,0
0;pliki//100 lokacji//RC101.txt;150;40;swap;3;5543;7654.157055121959;2699.0033108486723;1244.109229328365;3711.0445149449215;5818.331576507546;2032.040742368456;694.8434830275918;3091.4473511114975;21;300067.9239;0,69,88,57,74,0,0,61,44,37,35,36,0,0,12,14,15,13,53,98,0,0,6,79,73,78,0,0,90,65,21,23,48,49,24,0,0,85,63,51,76,89,0,0,3,5,45,2,100,55,0,0,29,27,50,84,0,0,52,86,59,75,58,0,0,92,33,31,32,34,93,80,0,0,81,96,71,94,0,0,42,43,40,54,0,0,47,17,16,10,0,0,64,22,56,0,0,99,87,97,77,25,0,0,95,62,30,28,26,67,91,0,0,1,4,70,0,0,82,11,9,0,0,7,8,46,60,0,0,19,18,20,83,66,0,0,72,39,38,41,68,0
0;pliki//100 lokacji//RC101.txt;150;40;swap;3;5544;7654.157055121959;2699.0033108486723;1244.109229328365;3711.0445149449215;5876.45909215131;2049.680958951264;748.2680598010049;3078.5100733990407;22;300062.3296;0,68,55,70,100,0,0,94,50,80,0,0,69,98,88,90,0,0,65,66,83,64,85,84,56,0,0,82,99,52,57,24,20,0,0,91,95,67,93,96,0,0,61,42,44,43,35,54,0,0,2,8,7,6,0,0,71,38,40,0,0,81,72,39,36,37,41,0,0,63,89,76,51,0,0,87,9,13,17,60,0,0,86,75,97,74,0,0,11,10,53,0,0,1,3,46,4,0,0,22,19,49,0,0,79,73,78,0,0,12,14,47,15,16,0,0,45,5,59,58,77,0,0,18,48,21,23,25,0,0,31,29,27,30,33,32,0,0,92,62,28,26,34,0
0;pliki//100 lokacji//RC101.txt;150;40;invert;3;5542;7654.157055121959;2699.0033108486723;1244.109229328365;3711.0445149449215;6772.258550079296;2371.776240482604;988.4487011981282;3412.033608398563;23;300155.9122;0,31,29,26,34,0,0,53,47,13,75,80,93,0,0,65,82,69,68,0,0,56,63,76,51,91,0,0,42,43,44,4,8,0,0,45,46,6,78,12,0,0,92,95,18,23,20,0,0,39,38,41,54,0,0,11,97,0,0,98,73,79,7,0,0,22,49,89,0,0,33,28,27,32,50,0,0,5,3,1,100,0,0,87,59,9,17,0,0,74,77,25,48,19,0,0,14,16,15,10,0,0,66,83,57,86,90,0,0,81,37,35,36,0,0,62,30,94,0,0,55,60,2,70,0,0,96,72,71,67,85,84,64,0,0,88,99,52,58,21,24,0,0,61,40,0
0;pliki//100 lokacji//RC101.txt;150;40;invert;3;5543;7654.157055121959;2699.0033108486723;1244.109229328365;3711.0445149449215;6669.448381460255;2219.8510470395236;1199.7571521217294;3249.840182299002;22;300002.1865;0,69,68,38,91,0,0,42,44,39,35,37,41,0,0,84,63,76,48,25,20,0,0,79,1,70,0,0,98,10,73,78,55,0,0,74,58,97,9,0,0,29,27,30,32,96,0,0,83,23,22,0,0,53,47,17,15,88,0,0,92,94,93,71,54,81,0,0,5,4,2,0,0,82,99,52,16,75,77,51,0,0,90,86,57,66,0,0,6,8,46,45,3,100,0,0,72,43,7,60,0,0,95,56,64,0,0,31,28,26,34,0,0,65,11,0,0,12,14,13,59,87,0,0,67,62,50,33,89,85,80,0,0,24,21,18,19,49,0,0,36,40,61,0
0;pliki//100 lokacji//RC101.txt;150;40;invert;3;5544;7654.157055121959;2699.0033108486723;1244.109229328365;3711.0445149449215;6930.744598634648;2369.6625664287;1145.3019000273146;3415.7801321786333;23;300096.4023;0,100,2,6,8,7,0,0,85,63,76,89,28,32,0,0,47,11,0,0,5,3,1,0,0,87,58,57,0,0,69,61,54,0,0,36,40,0,0,90,9,13,15,73,60,0,0,95,34,29,30,84,0,0,41,38,37,35,93,0,0,98,14,16,78,68,0,0,22,56,91,0,0,97,59,74,86,52,0,0,83,24,23,18,0,0,81,42,39,45,46,4,0,0,33,31,27,26,0,0,88,75,49,66,0,0,65,48,19,94,92,0,0,96,72,71,67,50,62,0,0,82,17,79,0,0,44,43,70,55,80,0,0,64,51,21,25,77,20,0,0,99,10,12,53,0
0;pliki//100 lokacji//RC101.txt;150;40;insert;3;5542;7654.157055121959;2699.0033108486723;1244.109229328365;3711.0445149449215;6198.020740324815;2208.2019399381397;726.3383839290435;3263.480416457632;22;300006.0937;0,68,55,70,0,0,69,98,88,2,0,0,65,83,64,85,84,56,0,0,99,57,20,49,24,91,80,0,0,67,94,0,0,61,44,43,37,35,54,0,0,53,78,60,4,100,0,0,96,71,38,41,0,0,81,72,39,36,1,0,0,95,51,89,50,0,0,10,9,13,17,0,0,90,52,86,74,97,0,0,82,12,11,0,0,42,40,3,8,46,0,0,22,0,0,6,7,79,0,0,14,47,15,16,75,77,0,0,45,5,73,87,59,58,0,0,25,23,21,19,0,0,63,76,18,48,66,0,0,92,31,29,27,30,32,0,0,62,33,28,26,34,93,0
0;pliki//100 lokacji//RC101.txt;150;40;insert;3;5543;7654.157055121959;2699.0033108486723;1244.109229328365;3711.0445149449215;6198.020740324815;2208.2019399381397;726.3383839290435;3263.480416457632;22;300054.452;0,68,55,70,0,0,69,98,88,2,0,0,65,83,64,85,84,56,0,0,99,57,20,49,24,91,80,0,0,67,94,0,0,61,44,43,37,35,54,0,0,53,78,60,4,100,0,0,96,71,38,41,0,0,81,72,39,36,1,0,0,95,51,89,50,0,0,10,9,13,17,0,0,90,52,86,74,97,0,0,82,12,11,0,0,42,40,3,8,46,0,0,22,0,0,6,7,79,0,0,14,47,15,16,75,77,0,0,45,5,73,87,59,58,0,0,25,23,21,19,0,0,63,76,18,48,66,0,0,92,31,29,27,30,32,0,0,62,33,28,26,34,93,0
0;pliki//100 lokacji//RC101.txt;150;40;insert;3;5544;7654.157055121959;2699.0033108486723;1244.109229328365;3711.0445149449215;6204.0516655226165;2207.6455869789584;722.7917454633549;3273.614333080304;22;300072.5653;0,68,55,70,0,0,69,98,88,2,0,0,65,83,64,85,84,56,0,0,99,57,20,49,24,80,0,0,67,94,0,0,61,44,43,37,35,54,0,0,53,78,60,4,100,0,0,96,71,38,41,0,0,81,72,39,36,1,0,0,95,51,89,50,91,0,0,10,9,13,17,0,0,90,52,86,74,97,0,0,82,12,11,0,0,42,40,3,8,46,0,0,22,0,0,6,7,79,0,0,14,47,15,16,75,77,0,0,45,5,73,87,59,58,0,0,25,23,21,19,0,0,63,76,18,48,66,0,0,92,31,29,27,30,32,0,0,62,33,28,26,34,93,0
0;pliki//100 lokacji//RC101.txt;150;50;swap;3;6542;7654.157055121959;2699.0033108486723;1244.109229328365;3711.0445149449215;5886.89384238007;2055.8983340656446;748.2680598010049;3082.7274485134208;22;300174.5614;0,68,55,70,100,0,0,94,50,80,0,0,69,98,88,90,0,0,65,66,83,64,85,84,56,0,0,82,99,52,57,20,49,0,0,91,95,67,93,96,0,0,61,42,44,43,35,54,0,0,2,8,7,6,0,0,71,38,40,0,0,81,72,39,36,37,41,0,0,63,89,76,51,0,0,87,9,13,17,60,0,0,86,75,97,74,0,0,11,10,53,0,0,1,3,46,4,0,0,24,19,22,0,0,79,73,78,0,0,12,14,47,15,16,0,0,45,5,59,58,77,0,0,18,48,21,23,25,0,0,31,29,27,30,33,32,0,0,92,62,28,26,34,0
0;pliki//100 lokacji//RC101.txt;150;50;swap;3;6543;7654.157055121959;2699.0033108486723;1244.109229328365;3711.0445149449215;5850.742445763429;2075.661641985791;644.2519595852909;3130.828844192347;22;300087.4241;0,21,23,25,57,0,0,92,34,29,31,93,0,0,82,13,15,16,17,0,0,69,73,79,55,0,0,83,76,51,56,0,0,12,87,59,10,0,0,14,47,11,9,0,0,64,22,20,66,0,0,40,44,37,43,0,0,19,18,48,49,24,0,0,91,95,85,63,89,80,0,0,42,39,38,54,81,0,0,62,33,30,32,50,96,0,0,72,71,67,94,0,0,45,5,46,2,70,0,0,4,3,1,0,0,27,26,28,84,0,0,6,7,8,100,68,0,0,61,41,36,35,0,0,65,52,86,99,90,0,0,98,88,53,78,60,0,0,77,58,75,97,74,0
0;pliki//100 lokacji//RC101.txt;150;50;swap;3;6544;7654.157055121959;2699.0033108486723;1244.109229328365;3711.0445149449215;5855.57169434662;2035.0718999443297;717.3187215806244;3103.181072821665;21;300024.9901;0,22,49,25,24,0,0,83,52,99,57,0,0,27,28,30,26,32,0,0,11,14,12,0,0,45,5,3,1,70,0,0,67,29,34,50,91,0,0,88,60,15,16,0,0,95,84,76,51,56,0,0,87,59,97,75,0,0,61,54,96,71,94,0,0,68,43,37,35,72,93,0,0,36,40,44,0,0,92,64,48,18,20,66,0,0,62,33,31,89,63,85,80,0,0,42,39,38,41,81,0,0,2,7,79,0,0,98,6,8,46,4,100,0,0,90,69,86,74,58,77,0,0,53,47,17,73,78,55,0,0,65,23,21,19,0,0,82,13,9,10,0
0;pliki//100 lokacji//RC101.txt;150;50;invert;3;6542;7654.157055121959;2699.0033108486723;1244.109229328365;3711.0445149449215;6625.498253677948;2252.3842311209696;1097.8611898106874;3275.2528327462915;22;300036.3033;0,71,42,45,7,100,68,0,0,65,52,12,16,13,0,0,99,87,58,89,0,0,93,29,28,30,32,34,85,0,0,5,3,43,41,0,0,20,23,22,0,0,90,82,83,64,66,0,0,81,37,35,36,61,0,0,62,50,67,96,0,0,54,72,39,40,44,0,0,86,74,97,25,0,0,56,18,21,19,49,0,0,59,15,14,10,0,0,2,6,8,46,55,0,0,88,79,60,0,0,31,27,26,33,0,0,70,1,4,0,0,98,47,17,73,78,69,0,0,80,91,92,94,38,0,0,95,84,63,76,51,0,0,53,11,9,0,0,57,75,77,48,24,0
0;pliki//100 lokacji//RC101.txt;150;50;invert;3;6543;7654.157055121959;2699.0033108486723;1244.109229328365;3711.0445149449215;6762.609954840317;2220.4914269664073;1297.8334624556023;3244.2850654183076;22;300025.9448;0,98,87,18,19,0,0,71,40,41,54,0,0,100,5,4,2,0,0,59,77,25,23,20,0,0,47,15,57,64,80,0,0,65,0,0,81,35,36,44,42,0,0,61,7,79,14,0,0,85,63,89,76,51,0,0,55,78,60,70,0,0,91,95,33,30,32,50,67,0,0,52,17,73,46,1,6,0,0,34,29,27,93,96,0,0,11,16,9,0,0,82,69,0,0,43,39,38,37,72,0,0,97,75,49,21,48,24,0,0,90,99,86,58,74,0,0,94,84,22,66,0,0,88,8,45,3,68,0,0,53,12,10,13,83,0,0,92,31,26,28,62,56,0
0;pliki//100 lokacji//RC101.txt;150;50;invert;3;6544;7654.157055121959;2699.0033108486723;1244.109229328365;3711.0445149449215;6728.546645598128;2287.4438179416916;1132.0663178654065;3309.0365097910303;22;300024.0831;0,83,21,18,84,0,0,81,61,43,1,0,0,98,88,73,14,13,60,53,0,0,92,85,63,30,28,26,71,0,0,82,9,59,75,77,99,0,0,94,29,27,32,80,0,0,69,68,44,41,54,0,0,2,5,8,6,0,0,51,19,49,66,0,0,42,40,38,0,0,17,16,97,74,0,0,56,95,62,33,31,34,91,0,0,100,3,45,46,4,0,0,7,79,78,0,0,86,58,24,96,0,0,11,87,57,0,0,67,50,93,70,55,0,0,12,47,15,10,0,0,90,22,0,0,39,36,35,37,72,0,0,65,52,25,23,48,20,0,0,64,76,89,0
0;pliki//100 lokacji//RC101.txt;150;50;insert;3;6542;7654.157055121959;2699.0033108486723;1244.109229328365;3711.0445149449215;6204.0516655226165;2207.6455869789584;722.7917454633549;3273.614333080304;22;300097.8497;0,68,55,70,0,0,69,98,88,2,0,0,65,83,64,85,84,56,0,0,99,57,20,49,24,80,0,0,67,94,0,0,61,44,43,37,35,54,0,0,53,78,60,4,100,0,0,96,71,38,41,0,0,81,72,39,36,1,0,0,95,51,89,50,91,0,0,10,9,13,17,0,0,90,52,86,74,97,0,0,82,12,11,0,0,42,40,3,8,46,0,0,22,0,0,6,7,79,0,0,14,47,15,16,75,77,0,0,45,5,73,87,59,58,0,0,25,23,21,19,0,0,63,76,18,48,66,0,0,92,31,29,27,30,32,0,0,62,33,28,26,34,93,0
0;pliki//100 lokacji//RC101.txt;150;50;insert;3;6543;7654.157055121959;2699.0033108486723;1244.109229328365;3711.0445149449215;6198.020740324815;2208.2019399381397;726.3383839290435;3263.480416457632;22;302184.1542;0,68,55,70,0,0,69,98,88,2,0,0,65,83,64,85,84,56,0,0,99,57,20,49,24,91,80,0,0,67,94,0,0,61,44,43,37,35,54,0,0,53,78,60,4,100,0,0,96,71,38,41,0,0,81,72,39,36,1,0,0,95,51,89,50,0,0,10,9,13,17,0,0,90,52,86,74,97,0,0,82,12,11,0,0,42,40,3,8,46,0,0,22,0,0,6,7,79,0,0,14,47,15,16,75,77,0,0,45,5,73,87,59,58,0,0,25,23,21,19,0,0,63,76,18,48,66,0,0,92,31,29,27,30,32,0,0,62,33,28,26,34,93,0
0;pliki//100 lokacji//RC101.txt;150;50;insert;3;6544;7654.157055121959;2699.0033108486723;1244.109229328365;3711.0445149449215;6204.0516655226165;2207.6455869789584;722.7917454633549;3273.614333080304;22;300015.6137;0,68,55,70,0,0,69,98,88,2,0,0,65,83,64,85,84,56,0,0,99,57,20,49,24,80,0,0,67,94,0,0,61,44,43,37,35,54,0,0,53,78,60,4,100,0,0,96,71,38,41,0,0,81,72,39,36,1,0,0,95,51,89,50,91,0,0,10,9,13,17,0,0,90,52,86,74,97,0,0,82,12,11,0,0,42,40,3,8,46,0,0,22,0,0,6,7,79,0,0,14,47,15,16,75,77,0,0,45,5,73,87,59,58,0,0,25,23,21,19,0,0,63,76,18,48,66,0,0,92,31,29,27,30,32,0,0,62,33,28,26,34,93,0
0;pliki//100 lokacji//RC101.txt;200;10;swap;3;3042;7654.157055121959;2699.0033108486723;1244.109229328365;3711.0445149449215;5876.45909215131;2049.680958951264;748.2680598010049;3078.5100733990407;22;300590.5882;0,68,55,70,100,0,0,94,50,80,0,0,69,98,88,90,0,0,65,66,83,64,85,84,56,0,0,82,99,52,57,24,20,0,0,91,95,67,93,96,0,0,61,42,44,43,35,54,0,0,2,8,7,6,0,0,71,38,40,0,0,81,72,39,36,37,41,0,0,63,89,76,51,0,0,87,9,13,17,60,0,0,86,75,97,74,0,0,11,10,53,0,0,1,3,46,4,0,0,22,19,49,0,0,79,73,78,0,0,12,14,47,15,16,0,0,45,5,59,58,77,0,0,18,48,21,23,25,0,0,31,29,27,30,33,32,0,0,92,62,28,26,34,0
0;pliki//100 lokacji//RC101.txt;200;10;swap;3;3043;7654.157055121959;2699.0033108486723;1244.109229328365;3711.0445149449215;5876.45909215131;2049.680958951264;748.2680598010049;3078.5100733990407;22;300127.488;0,68,55,70,100,0,0,94,50,80,0,0,69,98,88,90,0,0,65,66,83,64,85,84,56,0,0,82,99,52,57,24,20,0,0,91,95,67,93,96,0,0,61,42,44,43,35,54,0,0,2,8,7,6,0,0,71,38,40,0,0,81,72,39,36,37,41,0,0,63,89,76,51,0,0,87,9,13,17,60,0,0,86,75,97,74,0,0,11,10,53,0,0,1,3,46,4,0,0,22,19,49,0,0,79,73,78,0,0,12,14,47,15,16,0,0,45,5,59,58,77,0,0,18,48,21,23,25,0,0,31,29,27,30,33,32,0,0,92,62,28,26,34,0
0;pliki//100 lokacji//RC101.txt;200;10;swap;3;3044;7654.157055121959;2699.0033108486723;1244.109229328365;3711.0445149449215;5876.45909215131;2049.680958951264;748.2680598010049;3078.5100733990407;22;300063.1873;0,68,55,70,100,0,0,94,50,80,0,0,69,98,88,90,0,0,65,66,83,64,85,84,56,0,0,82,99,52,57,24,20,0,0,91,95,67,93,96,0,0,61,42,44,43,35,54,0,0,2,8,7,6,0,0,71,38,40,0,0,81,72,39,36,37,41,0,0,63,89,76,51,0,0,87,9,13,17,60,0,0,86,75,97,74,0,0,11,10,53,0,0,1,3,46,4,0,0,22,19,49,0,0,79,73,78,0,0,12,14,47,15,16,0,0,45,5,59,58,77,0,0,18,48,21,23,25,0,0,31,29,27,30,33,32,0,0,92,62,28,26,34,0
0;pliki//100 lokacji//RC101.txt;200;10;invert;3;3042;7654.157055121959;2699.0033108486723;1244.109229328365;3711.0445149449215;6139.445913384388;2053.8267083015808;1015.183740352945;3070.4354647298624;23;300127.3894;0,90,55,100,70,68,81,0,0,91,80,0,0,69,98,88,6,8,46,0,0,2,60,78,53,0,0,4,3,1,0,0,20,49,77,97,87,82,0,0,54,72,38,41,0,0,11,10,0,0,12,17,13,9,0,0,39,36,35,37,0,0,96,71,93,94,0,0,95,62,50,67,92,0,0,22,19,48,24,0,0,99,52,86,74,57,0,0,65,66,83,64,85,84,56,0,0,61,42,44,43,40,0,0,63,89,76,51,0,0,18,21,23,25,0,0,27,29,31,34,0,0,14,15,16,47,7,0,0,45,5,79,73,0,0,33,26,28,30,32,0,0,59,75,58,0
0;pliki//100 lokacji//RC101.txt;200;10;invert;3;3043;7654.157055121959;2699.0033108486723;1244.109229328365;3711.0445149449215;6223.678376063068;2024.772236853244;1112.3891468574348;3086.516992352389;22;300051.4802;0,14,47,17,16,15,0,0,69,12,60,55,0,0,72,37,36,68,0,0,7,46,5,1,100,0,0,81,54,71,93,94,0,0,51,76,89,85,56,0,0,11,13,9,0,0,52,86,59,87,0,0,91,95,84,62,30,34,67,80,0,0,61,42,44,43,40,0,0,2,4,70,0,0,83,24,25,21,19,20,0,0,88,79,73,78,53,0,0,33,26,28,32,96,0,0,39,35,38,41,0,0,65,57,64,0,0,90,82,99,10,98,0,0,92,63,22,0,0,3,45,8,6,0,0,97,75,58,77,74,0,0,27,29,31,50,0,0,23,48,18,49,66,0
0;pliki//100 lokacji//RC101.txt;200;10;invert;3;3044;7654.157055121959;2699.0033108486723;1244.109229328365;3711.0445149449215;6112.63409591971;1991.5315403586872;1123.5503790449864;2997.5521765160356;23;300038.456;0,90,69,98,53,78,60,0,0,91,80,0,0,81,68,70,100,55,0,0,61,42,39,40,37,0,0,65,83,64,66,0,0,35,36,43,44,0,0,54,72,38,41,0,0,88,2,46,1,0,0,12,47,16,13,9,0,0,52,86,58,75,77,74,0,0,73,79,7,0,0,82,99,59,97,87,0,0,92,50,62,95,0,0,10,11,0,0,51,20,49,24,57,0,0,3,5,45,4,0,0,27,29,31,34,0,0,18,48,21,23,25,0,0,14,15,17,8,6,0,0,33,26,28,30,32,67,0,0,63,89,76,85,84,56,0,0,96,71,93,94,0,0,19,22,0
0;pliki//100 lokacji//RC101.txt;200;10;insert;3;3042;7654.157055121959;2699.0033108486723;1244.109229328365;3711.0445149449215;6196.814665061598;2208.57340089504;702.2401610930327;3286.001103073526;22;300031.939;0,68,55,70,0,0,69,98,88,2,0,0,65,83,64,85,84,56,0,0,82,99,57,20,49,24,91,0,0,67,94,0,0,61,44,43,37,35,54,0,0,53,78,60,4,100,0,0,96,71,38,41,0,0,81,72,39,36,1,0,0,95,51,89,50,80,0,0,10,9,13,17,0,0,52,86,74,97,0,0,12,11,90,0,0,42,40,3,8,46,0,0,22,0,0,6,7,79,0,0,14,47,15,16,75,77,0,0,45,5,73,87,59,58,0,0,25,23,21,19,0,0,63,76,18,48,66,0,0,92,31,29,27,30,32,0,0,62,33,28,26,34,93,0
0;pliki//100 lokacji//RC101.txt;200;10;insert;3;3043;7654.157055121959;2699.0033108486723;1244.109229328365;3711.0445149449215;6196.814665061598;2208.57340089504;702.2401610930327;3286.001103073526;22;300110.9158;0,68,55,70,0,0,69,98,88,2,0,0,65,83,64,85,84,56,0,0,82,99,57,20,49,24,91,0,0,67,94,0,0,61,44,43,37,35,54,0,0,53,78,60,4,100,0,0,96,71,38,41,0,0,81,72,39,36,1,0,0,95,51,89,50,80,0,0,10,9,13,17,0,0,52,86,74,97,0,0,12,11,90,0,0,42,40,3,8,46,0,0,22,0,0,6,7,79,0,0,14,47,15,16,75,77,0,0,45,5,73,87,59,58,0,0,25,23,21,19,0,0,63,76,18,48,66,0,0,92,31,29,27,30,32,0,0,62,33,28,26,34,93,0
0;pliki//100 lokacji//RC101.txt;200;10;insert;3;3044;7654.157055121959;2699.0033108486723;1244.109229328365;3711.0445149449215;6196.814665061598;2208.57340089504;702.2401610930327;3286.001103073526;22;300115.8443;0,68,55,70,0,0,69,98,88,2,0,0,65,83,64,85,84,56,0,0,82,99,57,20,49,24,91,0,0,67,94,0,0,61,44,43,37,35,54,0,0,53,78,60,4,100,0,0,96,71,38,41,0,0,81,72,39,36,1,0,0,95,51,89,50,80,0,0,10,9,13,17,0,0,52,86,74,97,0,0,12,11,90,0,0,42,40,3,8,46,0,0,22,0,0,6,7,79,0,0,14,47,15,16,75,77,0,0,45,5,73,87,59,58,0,0,25,23,21,19,0,0,63,76,18,48,66,0,0,92,31,29,27,30,32,0,0,62,33,28,26,34,93,0
0;pliki//100 lokacji//RC101.txt;200;20;swap;3;4042;7654.157055121959;2699.0033108486723;1244.109229328365;3711.0445149449215;5714.711590405127;2050.9194130794567;553.2726314035926;3110.5195459220777;22;300055.9034;0,4,45,46,2,0,0,83,64,22,66,0,0,92,95,51,19,49,20,0,0,7,6,8,68,0,0,63,89,76,56,0,0,94,67,62,85,32,33,91,80,0,0,81,71,72,37,35,0,0,84,18,25,77,58,0,0,60,79,73,78,0,0,69,98,88,90,0,0,99,52,75,97,13,0,0,54,96,0,0,27,26,28,30,0,0,65,87,59,74,86,0,0,82,12,17,55,0,0,93,29,31,34,50,0,0,24,48,21,23,57,0,0,61,5,3,1,70,100,0,0,14,47,11,53,0,0,42,44,43,38,41,0,0,39,36,40,0,0,15,16,9,10,0
0;pliki//100 lokacji//RC101.txt;200;20;swap;3;4043;7654.157055121959;2699.0033108486723;1244.109229328365;3711.0445149449215;5886.89384238007;2055.8983340656446;748.2680598010049;3082.7274485134208;22;300045.6157;0,68,55,70,100,0,0,94,50,80,0,0,69,98,88,90,0,0,65,66,83,64,85,84,56,0,0,82,99,52,57,20,49,0,0,91,95,67,93,96,0,0,61,42,44,43,35,54,0,0,2,8,7,6,0,0,71,38,40,0,0,81,72,39,36,37,41,0,0,63,89,76,51,0,0,87,9,13,17,60,0,0,86,75,97,74,0,0,11,10,53,0,0,1,3,46,4,0,0,24,19,22,0,0,79,73,78,0,0,12,14,47,15,16,0,0,45,5,59,58,77,0,0,18,48,21,23,25,0,0,31,29,27,30,33,32,0,0,92,62,28,26,34,0
0;pliki//100 lokacji//RC101.txt;200;20;swap;3;4044;7654.157055121959;2699.0033108486723;1244.109229328365;3711.0445149449215;5876.45909215131;2049.680958951264;748.2680598010049;3078.5100733990407;22;300023.7665;0,68,55,70,100,0,0,94,50,80,0,0,69,98,88,90,0,0,65,66,83,64,85,84,56,0,0,82,99,52,57,24,20,0,0,91,95,67,93,96,0,0,61,42,44,43,35,54,0,0,2,8,7,6,0,0,71,38,40,0,0,81,72,39,36,37,41,0,0,63,89,76,51,0,0,87,9,13,17,60,0,0,86,75,97,74,0,0,11,10,53,0,0,1,3,46,4,0,0,22,19,49,0,0,79,73,78,0,0,12,14,47,15,16,0,0,45,5,59,58,77,0,0,18,48,21,23,25,0,0,31,29,27,30,33,32,0,0,92,62,28,26,34,0
0;pliki//100 lokacji//RC101.txt;200;20;invert;3;4042;7654.157055121959;2699.0033108486723;1244.109229328365;3711.0445149449215;6569.567812541784;2245.744089075193;1054.576844720079;3269.2468787465123;23;300125.3081;0,90,55,100,70,68,81,0,0,91,80,0,0,69,98,88,2,46,37,0,0,65,66,83,64,85,84,56,0,0,82,99,52,57,20,49,48,24,0,0,94,92,95,67,71,93,96,0,0,60,78,53,0,0,54,72,39,38,41,0,0,35,36,43,44,0,0,61,1,4,6,0,0,10,11,0,0,62,50,63,89,51,0,0,12,17,13,9,0,0,87,97,77,74,86,0,0,42,40,3,8,0,0,19,22,0,0,76,34,0,0,25,23,21,18,0,0,14,15,16,47,7,0,0,59,75,58,0,0,45,5,79,73,0,0,31,29,27,30,32,0,0,33,26,28,0
0;pliki//100 lokacji//RC101.txt;200;20;invert;3;4043;7654.157055121959;2699.0033108486723;1244.109229328365;3711.0445149449215;6454.084173289155;2228.187155255365;967.7459310791871;3258.1510869546023;23;300001.3338;0,90,55,100,70,68,81,0,0,91,80,0,0,69,98,88,2,46,37,0,0,65,66,83,64,85,84,56,0,0,82,99,52,57,20,49,48,24,0,0,92,95,67,71,93,94,96,0,0,61,38,35,54,0,0,6,60,78,53,0,0,51,89,63,50,62,0,0,10,11,0,0,12,17,13,9,0,0,87,97,77,74,86,0,0,42,44,43,40,0,0,72,36,39,41,0,0,8,4,3,1,0,0,19,22,0,0,76,34,0,0,18,21,23,25,0,0,14,15,16,47,7,0,0,45,5,79,73,0,0,59,75,58,0,0,31,29,27,30,32,0,0,33,26,28,0
0;pliki//100 lokacji//RC101.txt;200;20;invert;3;4044;7654.157055121959;2699.0033108486723;1244.109229328365;3711.0445149449215;6368.572495972551;2201.6779943185643;942.3838459542246;3224.5106556997625;23;300091.6637;0,90,55,100,70,68,81,0,0,91,80,0,0,69,98,88,2,46,37,0,0,65,66,83,64,85,84,56,0,0,82,99,52,57,20,49,48,24,0,0,92,95,62,76,51,0,0,12,17,13,9,0,0,53,78,60,4,0,0,39,36,35,72,0,0,10,11,0,0,42,40,43,44,61,0,0,54,38,41,0,0,96,93,71,67,94,0,0,87,97,77,74,86,0,0,6,8,3,1,0,0,63,89,34,50,0,0,19,22,0,0,18,21,23,25,0,0,14,15,16,47,7,0,0,59,75,58,0,0,45,5,79,73,0,0,31,29,27,30,32,0,0,33,26,28,0
0;pliki//100 lokacji//RC101.txt;200;20;insert;3;4042;7654.157055121959;2699.0033108486723;1244.109229328365;3711.0445149449215;6198.020740324815;2208.2019399381397;726.3383839290435;3263.480416457632;22;300061.6024;0,68,55,70,0,0,69,98,88,2,0,0,65,83,64,85,84,56,0,0,99,57,20,49,24,91,80,0,0,67,94,0,0,61,44,43,37,35,54,0,0,53,78,60,4,100,0,0,96,71,38,41,0,0,81,72,39,36,1,0,0,95,51,89,50,0,0,10,9,13,17,0,0,90,52,86,74,97,0,0,82,12,11,0,0,42,40,3,8,46,0,0,22,0,0,6,7,79,0,0,14,47,15,16,75,77,0,0,45,5,73,87,59,58,0,0,25,23,21,19,0,0,63,76,18,48,66,0,0,92,31,29,27,30,32,0,0,62,33,28,26,34,93,0
0;pliki//100 lokacji//RC101.txt;200;20;insert;3;4043;7654.157055121959;2699.0033108486723;1244.109229328365;3711.0445149449215;6204.0516655226165;2207.6455869789584;722.7917454633549;3273.614333080304;22;300078.8855;0,68,55,70,0,0,69,98,88,2,0,0,65,83,64,85,84,56,0,0,99,57,20,49,24,80,0,0,67,94,0,0,61,44,43,37,35,54,0,0,53,78,60,4,100,0,0,96,71,38,41,0,0,81,72,39,36,1,0,0,95,51,89,50,91,0,0,10,9,13,17,0,0,90,52,86,74,97,0,0,82,12,11,0,0,42,40,3,8,46,0,0,22,0,0,6,7,79,0,0,14,47,15,16,75,77,0,0,45,5,73,87,59,58,0,0,25,23,21,19,0,0,63,76,18,48,66,0,0,92,31,29,27,30,32,0,0,62,33,28,26,34,93,0
0;pliki//100 lokacji//RC101.txt;200;20;insert;3;4044;7654.157055121959;2699.0033108486723;1244.109229328365;3711.0445149449215;6204.0516655226165;2207.6455869789584;722.7917454633549;3273.614333080304;22;300021.862;0,68,55,70,0,0,69,98,88,2,0,0,65,83,64,85,84,56,0,0,99,57,20,49,24,80,0,0,67,94,0,0,61,44,43,37,35,54,0,0,53,78,60,4,100,0,0,96,71,38,41,0,0,81,72,39,36,1,0,0,95,51,89,50,91,0,0,10,9,13,17,0,0,90,52,86,74,97,0,0,82,12,11,0,0,42,40,3,8,46,0,0,22,0,0,6,7,79,0,0,14,47,15,16,75,77,0,0,45,5,73,87,59,58,0,0,25,23,21,19,0,0,63,76,18,48,66,0,0,92,31,29,27,30,32,0,0,62,33,28,26,34,93,0
0;pliki//100 lokacji//RC101.txt;200;30;swap;3;5042;7654.157055121959;2699.0033108486723;1244.109229328365;3711.0445149449215;5886.89384238007;2055.8983340656446;748.2680598010049;3082.7274485134208;22;300017.7611;0,68,55,70,100,0,0,94,50,80,0,0,69,98,88,90,0,0,65,66,83,64,85,84,56,0,0,82,99,52,57,20,49,0,0,91,95,67,93,96,0,0,61,42,44,43,35,54,0,0,2,8,7,6,0,0,71,38,40,0,0,81,72,39,36,37,41,0,0,63,89,76,51,0,0,87,9,13,17,60,0,0,86,75,97,74,0,0,11,10,53,0,0,1,3,46,4,0,0,24,19,22,0,0,79,73,78,0,0,12,14,47,15,16,0,0,45,5,59,58,77,0,0,18,48,21,23,25,0,0,31,29,27,30,33,32,0,0,92,62,28,26,34,0
0;pliki//100 lokacji//RC101.txt;200;30;swap;3;5043;7654.157055121959;2699.0033108486723;1244.109229328365;3711.0445149449215;5876.45909215131;2049.680958951264;748.2680598010049;3078.5100733990407;22;300106.95;0,68,55,70,100,0,0,94,50,80,0,0,69,98,88,90,0,0,65,66,83,64,85,84,56,0,0,82,99,52,57,24,20,0,0,91,95,67,93,96,0,0,61,42,44,43,35,54,0,0,2,8,7,6,0,0,71,38,40,0,0,81,72,39,36,37,41,0,0,63,89,76,51,0,0,87,9,13,17,60,0,0,86,75,97,74,0,0,11,10,53,0,0,1,3,46,4,0,0,22,19,49,0,0,79,73,78,0,0,12,14,47,15,16,0,0,45,5,59,58,77,0,0,18,48,21,23,25,0,0,31,29,27,30,33,32,0,0,92,62,28,26,34,0
0;pliki//100 lokacji//RC101.txt;200;30;swap;3;5044;7654.157055121959;2699.0033108486723;1244.109229328365;3711.0445149449215;5825.868363964286;2001.9836022395548;780.5687462765179;3043.3160154482134;22;300097.0169;0,22,20,66,0,0,11,16,9,0,0,82,12,47,15,53,0,0,51,34,50,80,0,0,45,5,46,7,8,0,0,58,75,97,13,0,0,14,17,73,78,100,55,0,0,65,83,57,52,99,90,0,0,96,93,71,67,94,0,0,39,38,54,81,0,0,98,88,79,60,0,0,63,89,76,85,84,56,0,0,44,43,40,41,0,0,2,6,70,68,0,0,69,0,0,42,36,35,37,72,0,0,61,1,3,4,0,0,86,59,87,10,0,0,74,77,23,18,48,21,24,0,0,92,31,29,27,0,0,95,62,32,30,28,26,33,91,0,0,64,25,19,49,0
0;pliki//100 lokacji//RC101.txt;200;30;invert;3;5042;7654.157055121959;2699.0033108486723;1244.109229328365;3711.0445149449215;6774.410433074827;2287.3263859967883;1161.1247546953787;3325.9592923826594;23;300063.0821;0,20,49,21,24,0,0,92,32,30,26,29,72,0,0,42,39,35,38,41,0,0,22,64,54,0,0,65,74,77,18,66,0,0,70,3,45,100,55,0,0,90,10,17,69,0,0,61,44,43,36,0,0,91,56,95,34,94,0,0,63,27,50,62,80,0,0,4,8,5,1,0,0,11,12,53,0,0,15,47,73,78,98,0,0,84,76,89,48,0,0,99,86,57,83,0,0,52,59,97,87,9,0,0,67,85,51,0,0,82,60,79,88,0,0,14,16,13,75,58,0,0,33,28,31,71,93,96,0,0,81,37,40,68,0,0,2,46,7,6,0,0,19,23,25,0
0;pliki//100 lokacji//RC101.txt;200;30;invert;3;5043;7654.157055121959;2699.0033108486723;1244.109229328365;3711.0445149449215;6671.168354315706;2304.7434708428873;1047.8949003775667;3318.5299830952517;23;300053.0767;0,90,55,100,70,68,81,0,0,91,80,0,0,69,98,88,2,46,37,0,0,65,66,83,64,85,84,56,0,0,82,99,52,57,20,49,48,24,0,0,94,92,95,67,71,93,96,0,0,62,50,63,89,51,0,0,41,44,43,1,6,0,0,61,38,35,54,0,0,53,78,60,4,0,0,72,36,39,0,0,12,17,13,9,0,0,87,97,77,74,86,0,0,10,11,0,0,42,40,3,8,0,0,19,22,0,0,76,34,0,0,18,21,23,25,0,0,14,15,16,47,7,0,0,59,75,58,0,0,45,5,79,73,0,0,33,26,28,30,32,0,0,27,29,31,0
0;pliki//100 lokacji//RC101.txt;200;30;invert;3;5044;7654.157055121959;2699.0033108486723;1244.109229328365;3711.0445149449215;6655.830362602968;2256.8284112434885;1118.8043451290068;3280.197606230473;23;300123.0153;0,64,50,67,0,0,39,36,37,72,54,0,0,68,70,88,0,0,1,4,2,0,0,66,22,24,25,77,0,0,42,44,40,81,0,0,65,19,76,0,0,27,29,31,0,0,45,46,6,7,60,0,0,99,87,59,75,58,0,0,11,13,47,53,0,0,73,8,5,3,100,55,0,0,80,34,28,32,89,91,0,0,52,97,9,10,0,0,69,98,78,79,0,0,83,49,51,56,0,0,82,15,16,17,14,0,0,62,33,26,30,94,0,0,43,0,0,12,86,57,0,0,71,35,38,41,0,0,90,92,95,84,85,63,93,96,61,0,0,74,23,21,48,18,20,0
0;pliki//100 lokacji//RC101.txt;200;30;insert;3;5042;7654.157055121959;2699.0033108486723;1244.109229328365;3711.0445149449215;6204.0516655226165;2207.6455869789584;722.7917454633549;3273.614333080304;22;300091.7884;0,68,55,70,0,0,69,98,88,2,0,0,65,83,64,85,84,56,0,0,99,57,20,49,24,80,0,0,67,94,0,0,61,44,43,37,35,54,0,0,53,78,60,4,100,0,0,96,71,38,41,0,0,81,72,39,36,1,0,0,95,51,89,50,91,0,0,10,9,13,17,0,0,90,52,86,74,97,0,0,82,12,11,0,0,42,40,3,8,46,0,0,22,0,0,6,7,79,0,0,14,47,15,16,75,77,0,0,45,5,73,87,59,58,0,0,25,23,21,19,0,0,63,76,18,48,66,0,0,92,31,29,27,30,32,0,0,62,33,28,26,34,93,0
0;pliki//100 lokacji//RC101.txt;200;30;insert;3;5043;7654.157055121959;2699.0033108486723;1244.109229328365;3711.0445149449215;6204.0516655226165;2207.6455869789584;722.7917454633549;3273.614333080304;22;300128.8192;0,68,55,70,0,0,69,98,88,2,0,0,65,83,64,85,84,56,0,0,99,57,20,49,24,80,0,0,67,94,0,0,61,44,43,37,35,54,0,0,53,78,60,4,100,0,0,96,71,38,41,0,0,81,72,39,36,1,0,0,95,51,89,50,91,0,0,10,9,13,17,0,0,90,52,86,74,97,0,0,82,12,11,0,0,42,40,3,8,46,0,0,22,0,0,6,7,79,0,0,14,47,15,16,75,77,0,0,45,5,73,87,59,58,0,0,25,23,21,19,0,0,63,76,18,48,66,0,0,92,31,29,27,30,32,0,0,62,33,28,26,34,93,0
0;pliki//100 lokacji//RC101.txt;200;30;insert;3;5044;7654.157055121959;2699.0033108486723;1244.109229328365;3711.0445149449215;6198.020740324815;2208.2019399381397;726.3383839290435;3263.480416457632;22;300106.4639;0,68,55,70,0,0,69,98,88,2,0,0,65,83,64,85,84,56,0,0,99,57,20,49,24,91,80,0,0,67,94,0,0,61,44,43,37,35,54,0,0,53,78,60,4,100,0,0,96,71,38,41,0,0,81,72,39,36,1,0,0,95,51,89,50,0,0,10,9,13,17,0,0,90,52,86,74,97,0,0,82,12,11,0,0,42,40,3,8,46,0,0,22,0,0,6,7,79,0,0,14,47,15,16,75,77,0,0,45,5,73,87,59,58,0,0,25,23,21,19,0,0,63,76,18,48,66,0,0,92,31,29,27,30,32,0,0,62,33,28,26,34,93,0
0;pliki//100 lokacji//RC101.txt;200;40;swap;3;6042;7654.157055121959;2699.0033108486723;1244.109229328365;3711.0445149449215;5876.45909215131;2049.680958951264;748.2680598010049;3078.5100733990407;22;300112.4857;0,68,55,70,100,0,0,94,50,80,0,0,69,98,88,90,0,0,65,66,83,64,85,84,56,0,0,82,99,52,57,24,20,0,0,91,95,67,93,96,0,0,61,42,44,43,35,54,0,0,2,8,7,6,0,0,71,38,40,0,0,81,72,39,36,37,41,0,0,63,89,76,51,0,0,87,9,13,17,60,0,0,86,75,97,74,0,0,11,10,53,0,0,1,3,46,4,0,0,22,19,49,0,0,79,73,78,0,0,12,14,47,15,16,0,0,45,5,59,58,77,0,0,18,48,21,23,25,0,0,31,29,27,30,33,32,0,0,92,62,28,26,34,0
0;pliki//100 lokacji//RC101.txt;200;40;swap;3;6043;7654.157055121959;2699.0033108486723;1244.109229328365;3711.0445149449215;5886.89384238007;2055.8983340656446;748.2680598010049;3082.7274485134208;22;300027.9414;0,68,55,70,100,0,0,94,50,80,0,0,69,98,88,90,0,0,65,66,83,64,85,84,56,0,0,82,99,52,57,20,49,0,0,91,95,67,93,96,0,0,61,42,44,43,35,54,0,0,2,8,7,6,0,0,71,38,40,0,0,81,72,39,36,37,41,0,0,63,89,76,51,0,0,87,9,13,17,60,0,0,86,75,97,74,0,0,11,10,53,0,0,1,3,46,4,0,0,24,19,22,0,0,79,73,78,0,0,12,14,47,15,16,0,0,45,5,59,58,77,0,0,18,48,21,23,25,0,0,31,29,27,30,33,32,0,0,92,62,28,26,34,0
0;pliki//100 lokacji//RC101.txt;200;40;swap;3;6044;7654.157055121959;2699.0033108486723;1244.109229328365;3711.0445149449215;5861.122582327704;2051.46429119396;737.3272609961939;3072.331030137549;23;300122.7443;0,95,62,67,94,0,0,27,31,50,0,0,18,21,23,24,66,0,0,68,55,70,100,0,0,91,29,28,26,34,0,0,14,16,17,73,78,0,0,11,47,12,0,0,53,15,13,9,10,0,0,65,82,0,0,5,3,1,6,8,0,0,72,41,39,37,38,61,0,0,84,85,63,76,51,56,0,0,99,19,20,49,48,25,0,0,42,36,35,54,0,0,4,45,46,2,0,0,87,59,97,75,0,0,96,71,93,0,0,64,77,58,74,86,0,0,92,32,30,33,89,80,0,0,40,43,44,81,0,0,83,52,57,22,0,0,7,79,60,0,0,69,98,88,90,0
0;pliki//100 lokacji//RC101.txt;200;40;invert;3;6042;7654.157055121959;2699.0033108486723;1244.109229328365;3711.0445149449215;6745.033958127576;2336.2240293663144;1053.6818048269272;3355.1281239343343;23;300119.4509;0,90,55,100,70,68,81,0,0,91,80,0,0,69,98,88,2,46,37,0,0,65,66,83,64,85,84,56,0,0,82,99,52,57,20,49,48,24,0,0,94,92,95,67,71,93,96,0,0,53,78,60,4,0,0,54,35,43,44,41,0,0,61,38,1,0,0,72,36,39,0,0,73,79,7,6,0,0,10,11,0,0,18,21,23,25,0,0,12,17,13,9,0,0,51,63,89,32,50,62,0,0,87,97,77,74,86,0,0,42,40,3,8,0,0,19,22,0,0,14,15,16,47,45,5,0,0,59,75,58,0,0,76,34,0,0,31,29,27,30,0,0,33,26,28,0
0;pliki//100 lokacji//RC101.txt;200;40;invert;3;6043;7654.157055121959;2699.0033108486723;1244.109229328365;3711.0445149449215;6674.306095548268;2320.8600980766605;1013.6818048269272;3339.7641926446804;23;300154.9847;0,90,55,100,70,68,81,0,0,91,80,0,0,69,98,88,2,46,37,0,0,65,66,83,64,85,84,56,0,0,82,99,52,57,20,49,48,24,0,0,53,78,60,4,0,0,41,44,43,1,0,0,61,38,35,54,0,0,92,95,67,71,93,94,96,0,0,72,36,39,0,0,73,79,7,6,0,0,10,11,0,0,12,17,13,9,0,0,87,97,77,74,86,0,0,51,63,89,32,50,62,0,0,42,40,3,8,0,0,19,22,0,0,18,21,23,25,0,0,14,15,16,47,45,5,0,0,59,75,58,0,0,76,34,0,0,31,29,27,30,0,0,33,26,28,0
0;pliki//100 lokacji//RC101.txt;200;40;invert;3;6044;7654.157055121959;2699.0033108486723;1244.109229328365;3711.0445149449215;6666.0109537481985;2133.708224026413;1375.6238902574273;3156.678839464358;22;300090.7558;0,53,10,73,7,5,0,0,72,38,41,81,0,0,93,95,84,48,25,57,66,0,0,61,39,40,35,37,0,0,100,2,45,46,6,60,0,0,91,85,63,76,89,33,62,0,0,21,18,19,20,0,0,99,87,59,13,15,9,0,0,92,67,34,31,29,71,0,0,65,52,77,23,49,24,0,0,78,17,75,58,0,0,27,26,28,30,32,0,0,8,4,3,1,0,0,54,68,0,0,90,83,64,22,0,0,98,12,88,55,0,0,80,50,51,56,0,0,14,47,16,11,0,0,96,94,0,0,36,43,44,42,0,0,82,97,74,86,0,0,69,79,70,0
0;pliki//100 lokacji//RC101.txt;200;40;insert;3;6042;7654.157055121959;2699.0033108486723;1244.109229328365;3711.0445149449215;6204.0516655226165;2207.6455869789584;722.7917454633549;3273.614333080304;22;300098.5713;0,68,55,70,0,0,69,98,88,2,0,0,65,83,64,85,84,56,0,0,99,57,20,49,24,80,0,0,67,94,0,0,61,44,43,37,35,54,0,0,53,78,60,4,100,0,0,96,71,38,41,0,0,81,72,39,36,1,0,0,95,51,89,50,91,0,0,10,9,13,17,0,0,90,52,86,74,97,0,0,82,12,11,0,0,42,40,3,8,46,0,0,22,0,0,6,7,79,0,0,14,47,15,16,75,77,0,0,45,5,73,87,59,58,0,0,25,23,21,19,0,0,63,76,18,48,66,0,0,92,31,29,27,30,32,0,0,62,33,28,26,34,93,0
0;pliki//100 lokacji//RC101.txt;200;40;insert;3;6043;7654.157055121959;2699.0033108486723;1244.109229328365;3711.0445149449215;6204.0516655226165;2207.6455869789584;722.7917454633549;3273.614333080304;22;300014.4632;0,68,55,70,0,0,69,98,88,2,0,0,65,83,64,85,84,56,0,0,99,57,20,49,24,80,0,0,67,94,0,0,61,44,43,37,35,54,0,0,53,78,60,4,100,0,0,96,71,38,41,0,0,81,72,39,36,1,0,0,95,51,89,50,91,0,0,10,9,13,17,0,0,90,52,86,74,97,0,0,82,12,11,0,0,42,40,3,8,46,0,0,22,0,0,6,7,79,0,0,14,47,15,16,75,77,0,0,45,5,73,87,59,58,0,0,25,23,21,19,0,0,63,76,18,48,66,0,0,92,31,29,27,30,32,0,0,62,33,28,26,34,93,0
0;pliki//100 lokacji//RC101.txt;200;40;insert;3;6044;7654.157055121959;2699.0033108486723;1244.109229328365;3711.0445149449215;6204.0516655226165;2207.6455869789584;722.7917454633549;3273.614333080304;22;300110.5813;0,68,55,70,0,0,69,98,88,2,0,0,65,83,64,85,84,56,0,0,99,57,20,49,24,80,0,0,67,94,0,0,61,44,43,37,35,54,0,0,53,78,60,4,100,0,0,96,71,38,41,0,0,81,72,39,36,1,0,0,95,51,89,50,91,0,0,10,9,13,17,0,0,90,52,86,74,97,0,0,82,12,11,0,0,42,40,3,8,46,0,0,22,0,0,6,7,79,0,0,14,47,15,16,75,77,0,0,45,5,73,87,59,58,0,0,25,23,21,19,0,0,63,76,18,48,66,0,0,92,31,29,27,30,32,0,0,62,33,28,26,34,93,0
0;pliki//100 lokacji//RC101.txt;200;50;swap;3;7042;7654.157055121959;2699.0033108486723;1244.109229328365;3711.0445149449215;5886.89384238007;2055.8983340656446;748.2680598010049;3082.7274485134208;22;300030.5841;0,68,55,70,100,0,0,94,50,80,0,0,69,98,88,90,0,0,65,66,83,64,85,84,56,0,0,82,99,52,57,20,49,0,0,91,95,67,93,96,0,0,61,42,44,43,35,54,0,0,2,8,7,6,0,0,71,38,40,0,0,81,72,39,36,37,41,0,0,63,89,76,51,0,0,87,9,13,17,60,0,0,86,75,97,74,0,0,11,10,53,0,0,1,3,46,4,0,0,24,19,22,0,0,79,73,78,0,0,12,14,47,15,16,0,0,45,5,59,58,77,0,0,18,48,21,23,25,0,0,31,29,27,30,33,32,0,0,92,62,28,26,34,0
0;pliki//100 lokacji//RC101.txt;200;50;swap;3;7043;7654.157055121959;2699.0033108486723;1244.109229328365;3711.0445149449215;5886.89384238007;2055.8983340656446;748.2680598010049;3082.7274485134208;22;300077.6507;0,68,55,70,100,0,0,94,50,80,0,0,69,98,88,90,0,0,65,66,83,64,85,84,56,0,0,82,99,52,57,20,49,0,0,91,95,67,93,96,0,0,61,42,44,43,35,54,0,0,2,8,7,6,0,0,71,38,40,0,0,81,72,39,36,37,41,0,0,63,89,76,51,0,0,87,9,13,17,60,0,0,86,75,97,74,0,0,11,10,53,0,0,1,3,46,4,0,0,24,19,22,0,0,79,73,78,0,0,12,14,47,15,16,0,0,45,5,59,58,77,0,0,18,48,21,23,25,0,0,31,29,27,30,33,32,0,0,92,62,28,26,34,0
0;pliki//100 lokacji//RC101.txt;200;50;swap;3;7044;7654.157055121959;2699.0033108486723;1244.109229328365;3711.0445149449215;5798.39465877518;2073.654680188574;581.5406592285381;3143.1993193580674;23;300033.5787;0,39,36,35,37,72,0,0,73,79,5,3,45,100,0,0,95,84,85,89,91,80,0,0,6,8,46,1,60,0,0,61,38,41,54,0,0,71,81,0,0,77,58,75,97,0,0,15,16,17,78,0,0,14,47,11,53,0,0,21,48,19,22,0,0,63,76,51,56,0,0,29,27,28,26,32,0,0,12,13,9,10,0,0,69,98,88,90,0,0,64,24,49,20,66,0,0,92,67,34,31,94,0,0,68,55,70,0,0,42,44,43,40,0,0,82,52,74,86,57,0,0,2,7,4,0,0,83,25,23,18,0,0,65,59,87,99,0,0,62,33,30,50,93,96,0
0;pliki//100 lokacji//RC101.txt;200;50;invert;3;7042;7654.157055121959;2699.0033108486723;1244.109229328365;3711.0445149449215;6744.161929367927;2320.154802203624;1052.53060218242;3371.4765249818824;22;300028.3613;0,45,5,1,36,0,0,70,40,93,96,0,0,100,6,79,60,0,0,64,20,24,21,77,0,0,47,17,73,78,68,0,0,34,29,32,50,91,0,0,69,82,11,0,0,90,86,57,51,0,0,38,37,43,44,0,0,80,95,62,84,94,0,0,88,15,16,13,9,0,0,67,28,30,33,89,85,0,0,31,27,26,0,0,2,8,7,55,0,0,10,14,12,53,98,0,0,25,48,19,49,0,0,56,63,76,23,0,0,54,71,41,39,35,42,0,0,65,99,75,58,74,0,0,81,72,61,3,46,4,0,0,59,18,22,0,0,92,83,52,87,97,66,0
0;pliki//100 lokacji//RC101.txt;200;50;invert;3;7043;7654.157055121959;2699.0033108486723;1244.109229328365;3711.0445149449215;6764.919927926389;2291.0027141884157;1155.7497701192337;3318.16744361874;23;300017.9828;0,94,96,73,78,0,0,80,31,29,27,28,32,93,0,0,81,72,40,43,0,0,90,86,48,18,49,0,0,98,12,14,74,57,0,0,4,45,3,1,100,0,0,66,64,51,85,56,0,0,52,87,75,97,16,0,0,71,34,50,0,0,62,67,37,35,36,0,0,6,8,46,55,0,0,53,11,13,9,0,0,88,79,60,0,0,82,10,65,0,0,83,22,77,58,0,0,61,42,44,39,41,92,91,0,0,69,47,17,15,0,0,99,59,25,19,24,0,0,63,89,76,84,0,0,70,38,54,0,0,7,5,2,68,0,0,95,33,26,30,0,0,20,21,23,0
0;pliki//100 lokacji//RC101.txt;200;50;invert;3;7044;7654.157055121959;2699.0033108486723;1244.109229328365;3711.0445149449215;6763.267121973219;2323.766399315626;1091.4419538747065;3348.0587687828865;22;300090.2327;0,1,4,2,0,0,98,78,11,99,0,0,79,7,6,0,0,92,83,24,10,0,0,72,36,35,37,0,0,42,39,100,55,60,88,0,0,22,18,20,0,0,14,47,16,15,12,0,0,84,63,67,94,96,0,0,52,9,97,75,77,0,0,29,27,28,30,32,33,0,0,64,66,90,68,0,0,61,54,34,50,62,0,0,49,21,25,23,89,0,0,65,82,13,53,69,0,0,41,31,26,91,0,0,86,87,59,74,57,0,0,73,17,58,48,19,0,0,40,43,46,8,0,0,95,85,76,51,56,80,0,0,45,5,3,70,0,0,81,44,38,71,93,0
0;pliki//100 lokacji//RC101.txt;200;50;insert;3;7042;7654.157055121959;2699.0033108486723;1244.109229328365;3711.0445149449215;6198.020740324815;2208.2019399381397;726.3383839290435;3263.480416457632;22;300119.0627;0,68,55,70,0,0,69,98,88,2,0,0,65,83,64,85,84,56,0,0,99,57,20,49,24,91,80,0,0,67,94,0,0,61,44,43,37,35,54,0,0,53,78,60,4,100,0,0,96,71,38,41,0,0,81,72,39,36,1,0,0,95,51,89,50,0,0,10,9,13,17,0,0,90,52,86,74,97,0,0,82,12,11,0,0,42,40,3,8,46,0,0,22,0,0,6,7,79,0,0,14,47,15,16,75,77,0,0,45,5,73,87,59,58,0,0,25,23,21,19,0,0,63,76,18,48,66,0,0,92,31,29,27,30,32,0,0,62,33,28,26,34,93,0
0;pliki//100 lokacji//RC101.txt;200;50;insert;3;7043;7654.157055121959;2699.0033108486723;1244.109229328365;3711.0445149449215;6204.0516655226165;2207.6455869789584;722.7917454633549;3273.614333080304;22;300076.5187;0,68,55,70,0,0,69,98,88,2,0,0,65,83,64,85,84,56,0,0,99,57,20,49,24,80,0,0,67,94,0,0,61,44,43,37,35,54,0,0,53,78,60,4,100,0,0,96,71,38,41,0,0,81,72,39,36,1,0,0,95,51,89,50,91,0,0,10,9,13,17,0,0,90,52,86,74,97,0,0,82,12,11,0,0,42,40,3,8,46,0,0,22,0,0,6,7,79,0,0,14,47,15,16,75,77,0,0,45,5,73,87,59,58,0,0,25,23,21,19,0,0,63,76,18,48,66,0,0,92,31,29,27,30,32,0,0,62,33,28,26,34,93,0
0;pliki//100 lokacji//RC101.txt;200;50;insert;3;7044;7654.157055121959;2699.0033108486723;1244.109229328365;3711.0445149449215;6204.0516655226165;2207.6455869789584;722.7917454633549;3273.614333080304;22;300125.8932;0,68,55,70,0,0,69,98,88,2,0,0,65,83,64,85,84,56,0,0,99,57,20,49,24,80,0,0,67,94,0,0,61,44,43,37,35,54,0,0,53,78,60,4,100,0,0,96,71,38,41,0,0,81,72,39,36,1,0,0,95,51,89,50,91,0,0,10,9,13,17,0,0,90,52,86,74,97,0,0,82,12,11,0,0,42,40,3,8,46,0,0,22,0,0,6,7,79,0,0,14,47,15,16,75,77,0,0,45,5,73,87,59,58,0,0,25,23,21,19,0,0,63,76,18,48,66,0,0,92,31,29,27,30,32,0,0,62,33,28,26,34,93,0
0;pliki//100 lokacji//RC101.txt;250;10;swap;3;3542;7654.157055121959;2699.0033108486723;1244.109229328365;3711.0445149449215;5738.255023713613;2036.768220125456;609.0765826206712;3092.410220967486;22;300053.2405;0,6,8,46,4,0,0,72,35,37,41,43,0,0,14,47,16,15,13,9,0,0,2,7,79,0,0,83,19,21,48,18,0,0,86,52,99,90,0,0,88,53,10,17,0,0,81,94,93,96,0,0,24,23,25,57,0,0,45,5,3,1,0,0,87,97,75,59,74,0,0,71,34,50,80,0,0,69,98,73,78,60,0,0,61,42,39,38,54,0,0,64,22,20,66,0,0,62,84,85,63,49,77,58,65,0,0,95,76,51,56,0,0,82,11,12,0,0,68,55,100,70,0,0,92,31,28,30,33,89,91,0,0,67,29,27,26,32,0,0,36,40,44,0
0;pliki//100 lokacji//RC101.txt;250;10;swap;3;3543;7654.157055121959;2699.0033108486723;1244.109229328365;3711.0445149449215;5886.89384238007;2055.8983340656446;748.2680598010049;3082.7274485134208;22;300074.4685;0,68,55,70,100,0,0,94,50,80,0,0,69,98,88,90,0,0,65,66,83,64,85,84,56,0,0,82,99,52,57,20,49,0,0,91,95,67,93,96,0,0,61,42,44,43,35,54,0,0,2,8,7,6,0,0,71,38,40,0,0,81,72,39,36,37,41,0,0,63,89,76,51,0,0,87,9,13,17,60,0,0,86,75,97,74,0,0,11,10,53,0,0,1,3,46,4,0,0,24,19,22,0,0,79,73,78,0,0,12,14,47,15,16,0,0,45,5,59,58,77,0,0,18,48,21,23,25,0,0,31,29,27,30,33,32,0,0,92,62,28,26,34,0
0;pliki//100 lokacji//RC101.txt;250;10;swap;3;3544;7654.157055121959;2699.0033108486723;1244.109229328365;3711.0445149449215;5876.45909215131;2049.680958951264;748.2680598010049;3078.5100733990407;22;300082.4671;0,68,55,70,100,0,0,94,50,80,0,0,69,98,88,90,0,0,65,66,83,64,85,84,56,0,0,82,99,52,57,24,20,0,0,91,95,67,93,96,0,0,61,42,44,43,35,54,0,0,2,8,7,6,0,0,71,38,40,0,0,81,72,39,36,37,41,0,0,63,89,76,51,0,0,87,9,13,17,60,0,0,86,75,97,74,0,0,11,10,53,0,0,1,3,46,4,0,0,22,19,49,0,0,79,73,78,0,0,12,14,47,15,16,0,0,45,5,59,58,77,0,0,18,48,21,23,25,0,0,31,29,27,30,33,32,0,0,92,62,28,26,34,0
0;pliki//100 lokacji//RC101.txt;250;10;invert;3;3542;7654.157055121959;2699.0033108486723;1244.109229328365;3711.0445149449215;6312.476546160542;2048.2738706241475;1200.8699937235167;3063.332681812878;22;300002.2099;0,90,55,100,70,68,81,0,0,80,91,0,0,69,98,88,2,46,37,0,0,65,66,83,64,85,84,56,0,0,99,52,57,0,0,82,15,16,13,9,0,0,22,19,48,24,0,0,35,36,43,44,0,0,67,50,71,93,96,0,0,11,10,0,0,8,5,45,4,61,0,0,95,62,33,26,28,30,32,0,0,27,29,31,34,0,0,63,89,76,51,0,0,18,21,23,25,0,0,54,72,38,39,41,0,0,12,14,47,17,0,0,94,92,53,78,60,0,0,73,79,7,6,0,0,86,74,58,77,49,20,0,0,59,75,97,87,0,0,42,40,1,3,0
0;pliki//100 lokacji//RC101.txt;250;10;invert;3;3543;7654.157055121959;2699.0033108486723;1244.109229328365;3711.0445149449215;6138.982287464991;2013.154310281605;1080.2851944900583;3045.542782693327;22;300095.8923;0,90,55,100,70,68,81,0,0,91,80,0,0,69,98,88,2,46,37,0,0,65,66,83,64,85,84,56,0,0,82,99,52,86,74,58,77,0,0,22,24,57,0,0,10,11,0,0,61,42,44,43,40,0,0,95,63,89,48,19,49,20,0,0,36,35,72,54,0,0,27,29,31,34,0,0,62,50,67,94,96,0,0,73,79,60,0,0,92,76,51,0,0,4,3,1,0,0,12,17,13,9,0,0,33,32,30,28,26,71,93,0,0,39,38,41,0,0,59,75,97,87,0,0,18,21,23,25,0,0,53,14,15,16,47,78,0,0,45,5,8,7,6,0
0;pliki//100 lokacji//RC101.txt;250;10;invert;3;3544;7654.157055121959;2699.0033108486723;1244.109229328365;3711.0445149449215;6045.02368008152;2013.1959313695556;998.8550078903024;3032.9727408216627;23;300083.4977;0,90,69,98,88,55,0,0,91,80,0,0,100,2,46,70,68,81,0,0,65,66,83,64,85,84,56,0,0,53,14,15,16,47,78,0,0,82,99,52,57,24,49,20,0,0,6,8,4,3,0,0,96,71,93,94,0,0,61,42,39,40,37,41,0,0,11,10,0,0,87,97,77,74,86,0,0,19,22,0,0,27,29,31,34,0,0,12,17,13,9,0,0,18,48,21,23,25,0,0,54,72,38,0,0,35,36,43,44,0,0,7,79,73,60,0,0,45,5,1,0,0,92,50,62,95,0,0,63,89,76,51,0,0,59,75,58,0,0,33,26,28,30,32,67,0
0;pliki//100 lokacji//RC101.txt;250;10;insert;3;3542;7654.157055121959;2699.0033108486723;1244.109229328365;3711.0445149449215;6196.814665061598;2208.57340089504;702.2401610930327;3286.001103073526;22;300111.3454;0,68,55,70,0,0,69,98,88,2,0,0,65,83,64,85,84,56,0,0,82,99,57,20,49,24,91,0,0,67,94,0,0,61,44,43,37,35,54,0,0,53,78,60,4,100,0,0,96,71,38,41,0,0,81,72,39,36,1,0,0,95,51,89,50,80,0,0,10,9,13,17,0,0,52,86,74,97,0,0,12,11,90,0,0,42,40,3,8,46,0,0,22,0,0,6,7,79,0,0,14,47,15,16,75,77,0,0,45,5,73,87,59,58,0,0,25,23,21,19,0,0,63,76,18,48,66,0,0,92,31,29,27,30,32,0,0,62,33,28,26,34,93,0
0;pliki//100 lokacji//RC101.txt;250;10;insert;3;3543;7654.157055121959;2699.0033108486723;1244.109229328365;3711.0445149449215;6196.814665061598;2208.57340089504;702.2401610930327;3286.001103073526;22;300137.251;0,68,55,70,0,0,69,98,88,2,0,0,65,83,64,85,84,56,0,0,82,99,57,20,49,24,91,0,0,67,94,0,0,61,44,43,37,35,54,0,0,53,78,60,4,100,0,0,96,71,38,41,0,0,81,72,39,36,1,0,0,95,51,89,50,80,0,0,10,9,13,17,0,0,52,86,74,97,0,0,12,11,90,0,0,42,40,3,8,46,0,0,22,0,0,6,7,79,0,0,14,47,15,16,75,77,0,0,45,5,73,87,59,58,0,0,25,23,21,19,0,0,63,76,18,48,66,0,0,92,31,29,27,30,32,0,0,62,33,28,26,34,93,0
0;pliki//100 lokacji//RC101.txt;250;10;insert;3;3544;7654.157055121959;2699.0033108486723;1244.109229328365;3711.0445149449215;6196.814665061598;2208.57340089504;702.2401610930327;3286.001103073526;22;300036.4289;0,68,55,70,0,0,69,98,88,2,0,0,65,83,64,85,84,56,0,0,82,99,57,20,49,24,91,0,0,67,94,0,0,61,44,43,37,35,54,0,0,53,78,60,4,100,0,0,96,71,38,41,0,0,81,72,39,36,1,0,0,95,51,89,50,80,0,0,10,9,13,17,0,0,52,86,74,97,0,0,12,11,90,0,0,42,40,3,8,46,0,0,22,0,0,6,7,79,0,0,14,47,15,16,75,77,0,0,45,5,73,87,59,58,0,0,25,23,21,19,0,0,63,76,18,48,66,0,0,92,31,29,27,30,32,0,0,62,33,28,26,34,93,0
0;pliki//100 lokacji//RC101.txt;250;20;swap;3;4542;7654.157055121959;2699.0033108486723;1244.109229328365;3711.0445149449215;5876.45909215131;2049.680958951264;748.2680598010049;3078.5100733990407;22;300067.5203;0,68,55,70,100,0,0,94,50,80,0,0,69,98,88,90,0,0,65,66,83,64,85,84,56,0,0,82,99,52,57,24,20,0,0,91,95,67,93,96,0,0,61,42,44,43,35,54,0,0,2,8,7,6,0,0,71,38,40,0,0,81,72,39,36,37,41,0,0,63,89,76,51,0,0,87,9,13,17,60,0,0,86,75,97,74,0,0,11,10,53,0,0,1,3,46,4,0,0,22,19,49,0,0,79,73,78,0,0,12,14,47,15,16,0,0,45,5,59,58,77,0,0,18,48,21,23,25,0,0,31,29,27,30,33,32,0,0,92,62,28,26,34,0
0;pliki//100 lokacji//RC101.txt;250;20;swap;3;4543;7654.157055121959;2699.0033108486723;1244.109229328365;3711.0445149449215;5730.364728887637;2112.6854586349973;456.03476936993695;3161.644500882703;22;300078.1692;0,2,8,46,4,0,0,65,52,59,75,58,74,0,0,91,33,31,50,54,0,0,42,36,40,0,0,99,87,97,13,0,0,61,44,43,37,35,81,0,0,14,47,11,53,0,0,72,39,38,41,68,0,0,67,32,26,93,70,100,0,0,22,19,49,0,0,55,7,6,0,0,21,23,48,18,89,0,0,64,63,76,84,56,0,0,45,5,3,1,0,0,96,71,94,0,0,80,92,95,62,85,51,20,77,25,0,0,83,86,57,24,66,0,0,82,15,9,10,0,0,60,79,73,78,0,0,69,98,88,90,0,0,12,16,17,0,0,29,27,28,30,34,0
0;pliki//100 lokacji//RC101.txt;250;20;swap;3;4544;7654.157055121959;2699.0033108486723;1244.109229328365;3711.0445149449215;5689.929062400753;2001.5927371979913;633.0856017807787;3055.250723421983;21;300127.3848;0,71,72,37,35,36,0,0,99,87,59,13,17,0,0,22,51,84,56,0,0,41,39,38,81,0,0,94,67,93,96,92,91,80,0,0,45,5,8,6,70,0,0,69,98,88,55,68,0,0,61,42,44,43,40,0,0,15,16,9,10,0,0,95,62,32,30,54,0,0,65,82,52,86,57,0,0,64,19,49,20,66,0,0,27,29,31,50,0,0,83,21,48,23,25,24,0,0,53,12,73,78,60,0,0,63,33,28,26,34,0,0,46,3,1,4,100,0,0,77,58,75,97,74,0,0,85,76,18,89,0,0,2,7,79,0,0,14,47,11,90,0
0;pliki//100 lokacji//RC101.txt;250;20;invert;3;4542;7654.157055121959;2699.0033108486723;1244.109229328365;3711.0445149449215;6304.469082230526;2126.2138543852893;1020.2123572544767;3158.04287059076;23;300104.0563;0,90,55,100,70,68,81,0,0,91,80,0,0,69,98,88,46,2,0,0,92,95,67,71,93,94,96,0,0,65,66,83,64,85,84,56,0,0,82,99,52,57,24,48,49,20,0,0,39,37,38,41,0,0,36,35,72,54,0,0,10,11,0,0,8,4,3,1,0,0,87,97,77,74,86,0,0,6,60,78,53,0,0,12,17,13,9,0,0,61,42,44,43,40,0,0,62,50,34,0,0,19,22,0,0,63,89,76,51,0,0,18,21,23,25,0,0,14,15,16,47,7,0,0,59,75,58,0,0,45,5,79,73,0,0,31,29,27,30,32,0,0,33,26,28,0
0;pliki//100 lokacji//RC101.txt;250;20;invert;3;4543;7654.157055121959;2699.0033108486723;1244.109229328365;3711.0445149449215;6413.116161472055;2204.3527462186853;967.1316454483895;3241.6317698049806;23;300128.3829;0,90,55,100,70,68,81,0,0,91,80,0,0,69,98,88,2,46,37,0,0,65,66,83,64,85,84,56,0,0,82,99,52,57,20,49,48,24,0,0,60,78,53,0,0,54,72,38,39,41,0,0,35,36,43,44,0,0,92,95,62,76,51,0,0,9,13,17,12,0,0,11,10,0,0,96,93,71,67,94,0,0,61,42,40,1,0,0,87,97,77,74,86,0,0,6,8,4,3,0,0,25,23,21,18,0,0,63,89,34,50,0,0,19,22,0,0,14,15,16,47,7,0,0,59,75,58,0,0,45,5,79,73,0,0,27,29,31,0,0,33,26,28,30,32,0
0;pliki//100 lokacji//RC101.txt;250;20;invert;3;4544;7654.157055121959;2699.0033108486723;1244.109229328365;3711.0445149449215;6358.3976390910775;2205.0807628937355;927.2824016205634;3226.034474576779;23;300154.7652;0,90,55,100,70,68,81,0,0,91,80,0,0,69,98,88,2,46,37,0,0,65,66,83,64,85,84,56,0,0,82,99,52,57,20,49,48,24,0,0,92,95,67,71,93,94,96,0,0,61,40,38,0,0,53,78,60,4,0,0,54,35,43,44,41,0,0,51,76,89,0,0,42,39,36,72,0,0,6,8,3,1,0,0,11,13,9,0,0,5,45,17,10,0,0,63,34,50,62,0,0,19,22,0,0,59,75,97,87,0,0,18,21,23,25,0,0,14,47,16,15,12,0,0,86,74,58,77,0,0,7,79,73,0,0,31,29,27,30,32,0,0,33,26,28,0
0;pliki//100 lokacji//RC101.txt;250;20;insert;3;4542;7654.157055121959;2699.0033108486723;1244.109229328365;3711.0445149449215;6198.020740324815;2208.2019399381397;726.3383839290435;3263.480416457632;22;300162.1262;0,68,55,70,0,0,69,98,88,2,0,0,65,83,64,85,84,56,0,0,99,57,20,49,24,91,80,0,0,67,94,0,0,61,44,43,37,35,54,0,0,53,78,60,4,100,0,0,96,71,38,41,0,0,81,72,39,36,1,0,0,95,51,89,50,0,0,10,9,13,17,0,0,90,52,86,74,97,0,0,82,12,11,0,0,42,40,3,8,46,0,0,22,0,0,6,7,79,0,0,14,47,15,16,75,77,0,0,45,5,73,87,59,58,0,0,25,23,21,19,0,0,63,76,18,48,66,0,0,92,31,29,27,30,32,0,0,62,33,28,26,34,93,0
0;pliki//100 lokacji//RC101.txt;250;20;insert;3;4543;7654.157055121959;2699.0033108486723;1244.109229328365;3711.0445149449215;6198.020740324815;2208.2019399381397;726.3383839290435;3263.480416457632;22;300043.1069;0,68,55,70,0,0,69,98,88,2,0,0,65,83,64,85,84,56,0,0,99,57,20,49,24,91,80,0,0,67,94,0,0,61,44,43,37,35,54,0,0,53,78,60,4,100,0,0,96,71,38,41,0,0,81,72,39,36,1,0,0,95,51,89,50,0,0,10,9,13,17,0,0,90,52,86,74,97,0,0,82,12,11,0,0,42,40,3,8,46,0,0,22,0,0,6,7,79,0,0,14,47,15,16,75,77,0,0,45,5,73,87,59,58,0,0,25,23,21,19,0,0,63,76,18,48,66,0,0,92,31,29,27,30,32,0,0,62,33,28,26,34,93,0
0;pliki//100 lokacji//RC101.txt;250;20;insert;3;4544;7654.157055121959;2699.0033108486723;1244.109229328365;3711.0445149449215;6198.020740324815;2208.2019399381397;726.3383839290435;3263.480416457632;22;300762.7863;0,68,55,70,0,0,69,98,88,2,0,0,65,83,64,85,84,56,0,0,99,57,20,49,24,91,80,0,0,67,94,0,0,61,44,43,37,35,54,0,0,53,78,60,4,100,0,0,96,71,38,41,0,0,81,72,39,36,1,0,0,95,51,89,50,0,0,10,9,13,17,0,0,90,52,86,74,97,0,0,82,12,11,0,0,42,40,3,8,46,0,0,22,0,0,6,7,79,0,0,14,47,15,16,75,77,0,0,45,5,73,87,59,58,0,0,25,23,21,19,0,0,63,76,18,48,66,0,0,92,31,29,27,30,32,0,0,62,33,28,26,34,93,0
0;pliki//100 lokacji//RC101.txt;250;30;swap;3;5542;7654.157055121959;2699.0033108486723;1244.109229328365;3711.0445149449215;5876.45909215131;2049.680958951264;748.2680598010049;3078.5100733990407;22;300154.9005;0,68,55,70,100,0,0,94,50,80,0,0,69,98,88,90,0,0,65,66,83,64,85,84,56,0,0,82,99,52,57,24,20,0,0,91,95,67,93,96,0,0,61,42,44,43,35,54,0,0,2,8,7,6,0,0,71,38,40,0,0,81,72,39,36,37,41,0,0,63,89,76,51,0,0,87,9,13,17,60,0,0,86,75,97,74,0,0,11,10,53,0,0,1,3,46,4,0,0,22,19,49,0,0,79,73,78,0,0,12,14,47,15,16,0,0,45,5,59,58,77,0,0,18,48,21,23,25,0,0,31,29,27,30,33,32,0,0,92,62,28,26,34,0
0;pliki//100 lokacji//RC101.txt;250;30;swap;3;5543;7654.157055121959;2699.0033108486723;1244.109229328365;3711.0445149449215;5886.89384238007;2055.8983340656446;748.2680598010049;3082.7274485134208;22;300007.5901;0,68,55,70,100,0,0,94,50,80,0,0,69,98,88,90,0,0,65,66,83,64,85,84,56,0,0,82,99,52,57,20,49,0,0,91,95,67,93,96,0,0,61,42,44,43,35,54,0,0,2,8,7,6,0,0,71,38,40,0,0,81,72,39,36,37,41,0,0,63,89,76,51,0,0,87,9,13,17,60,0,0,86,75,97,74,0,0,11,10,53,0,0,1,3,46,4,0,0,24,19,22,0,0,79,73,78,0,0,12,14,47,15,16,0,0,45,5,59,58,77,0,0,18,48,21,23,25,0,0,31,29,27,30,33,32,0,0,92,62,28,26,34,0
0;pliki//100 lokacji//RC101.txt;250;30;swap;3;5544;7654.157055121959;2699.0033108486723;1244.109229328365;3711.0445149449215;5886.89384238007;2055.8983340656446;748.2680598010049;3082.7274485134208;22;300026.735;0,68,55,70,100,0,0,94,50,80,0,0,69,98,88,90,0,0,65,66,83,64,85,84,56,0,0,82,99,52,57,20,49,0,0,91,95,67,93,96,0,0,61,42,44,43,35,54,0,0,2,8,7,6,0,0,71,38,40,0,0,81,72,39,36,37,41,0,0,63,89,76,51,0,0,87,9,13,17,60,0,0,86,75,97,74,0,0,11,10,53,0,0,1,3,46,4,0,0,24,19,22,0,0,79,73,78,0,0,12,14,47,15,16,0,0,45,5,59,58,77,0,0,18,48,21,23,25,0,0,31,29,27,30,33,32,0,0,92,62,28,26,34,0
0;pliki//100 lokacji//RC101.txt;250;30;invert;3;5542;7654.157055121959;2699.0033108486723;1244.109229328365;3711.0445149449215;6330.163311622826;2222.798461557056;856.359952732894;3251.0048973328758;23;300085.5838;0,90,55,100,70,68,81,0,0,91,80,0,0,69,98,88,2,46,37,0,0,65,66,83,64,85,84,56,0,0,82,99,52,57,20,49,48,24,0,0,53,78,60,4,0,0,61,38,35,54,0,0,92,95,67,71,93,94,96,0,0,6,8,3,1,0,0,12,17,13,9,0,0,11,10,0,0,62,76,51,0,0,87,97,77,74,86,0,0,42,44,43,40,0,0,72,36,39,41,0,0,19,22,0,0,63,89,34,50,0,0,18,21,23,25,0,0,14,15,16,47,7,0,0,59,75,58,0,0,45,5,79,73,0,0,31,29,27,30,32,0,0,33,26,28,0
0;pliki//100 lokacji//RC101.txt;250;30;invert;3;5543;7654.157055121959;2699.0033108486723;1244.109229328365;3711.0445149449215;6529.417885364981;2244.0549622611884;1008.3551073231456;3277.0078157806465;23;300065.3375;0,90,55,100,70,68,81,0,0,91,80,0,0,69,98,88,2,46,37,0,0,65,66,83,64,85,84,56,0,0,82,99,52,57,20,49,48,24,0,0,54,72,38,41,0,0,92,95,67,94,93,71,96,0,0,53,78,60,4,0,0,39,36,35,0,0,61,42,44,43,40,0,0,51,63,89,32,50,62,0,0,87,97,77,74,86,0,0,12,17,13,9,0,0,11,10,0,0,6,8,3,1,0,0,7,79,73,0,0,19,22,0,0,18,21,23,25,0,0,14,15,16,47,45,5,0,0,59,75,58,0,0,76,34,0,0,31,29,27,30,0,0,33,26,28,0
0;pliki//100 lokacji//RC101.txt;250;30;invert;3;5544;7654.157055121959;2699.0033108486723;1244.109229328365;3711.0445149449215;6489.948041227364;2128.0563796774054;1216.0337115654677;3145.8579499844914;22;300009.9506;0,7,8,4,0,0,90,10,73,79,0,0,96,71,54,55,0,0,94,31,29,26,0,0,98,53,15,97,9,0,0,61,42,43,36,37,0,0,83,24,22,56,91,0,0,21,48,18,19,20,0,0,69,88,78,60,100,0,0,12,14,47,17,13,0,0,64,85,32,50,67,92,0,0,87,59,75,58,0,0,81,35,40,44,0,0,45,5,3,1,70,0,0,68,39,38,41,0,0,33,30,28,27,34,0,0,99,82,6,46,2,0,0,52,86,77,25,23,0,0,95,84,51,49,57,66,0,0,72,93,62,63,89,76,80,0,0,65,0,0,11,16,74,0
0;pliki//100 lokacji//RC101.txt;250;30;insert;3;5542;7654.157055121959;2699.0033108486723;1244.109229328365;3711.0445149449215;6198.020740324815;2208.2019399381397;726.3383839290435;3263.480416457632;22;300055.6715;0,68,55,70,0,0,69,98,88,2,0,0,65,83,64,85,84,56,0,0,99,57,20,49,24,91,80,0,0,67,94,0,0,61,44,43,37,35,54,0,0,53,78,60,4,100,0,0,96,71,38,41,0,0,81,72,39,36,1,0,0,95,51,89,50,0,0,10,9,13,17,0,0,90,52,86,74,97,0,0,82,12,11,0,0,42,40,3,8,46,0,0,22,0,0,6,7,79,0,0,14,47,15,16,75,77,0,0,45,5,73,87,59,58,0,0,25,23,21,19,0,0,63,76,18,48,66,0,0,92,31,29,27,30,32,0,0,62,33,28,26,34,93,0
0;pliki//100 lokacji//RC101.txt;250;30;insert;3;5543;7654.157055121959;2699.0033108486723;1244.109229328365;3711.0445149449215;6198.020740324815;2208.2019399381397;726.3383839290435;3263.480416457632;22;300171.7271;0,68,55,70,0,0,69,98,88,2,0,0,65,83,64,85,84,56,0,0,99,57,20,49,24,91,80,0,0,67,94,0,0,61,44,43,37,35,54,0,0,53,78,60,4,100,0,0,96,71,38,41,0,0,81,72,39,36,1,0,0,95,51,89,50,0,0,10,9,13,17,0,0,90,52,86,74,97,0,0,82,12,11,0,0,42,40,3,8,46,0,0,22,0,0,6,7,79,0,0,14,47,15,16,75,77,0,0,45,5,73,87,59,58,0,0,25,23,21,19,0,0,63,76,18,48,66,0,0,92,31,29,27,30,32,0,0,62,33,28,26,34,93,0
0;pliki//100 lokacji//RC101.txt;250;30;insert;3;5544;7654.157055121959;2699.0033108486723;1244.109229328365;3711.0445149449215;6198.020740324815;2208.2019399381397;726.3383839290435;3263.480416457632;22;300044.6708;0,68,55,70,0,0,69,98,88,2,0,0,65,83,64,85,84,56,0,0,99,57,20,49,24,91,80,0,0,67,94,0,0,61,44,43,37,35,54,0,0,53,78,60,4,100,0,0,96,71,38,41,0,0,81,72,39,36,1,0,0,95,51,89,50,0,0,10,9,13,17,0,0,90,52,86,74,97,0,0,82,12,11,0,0,42,40,3,8,46,0,0,22,0,0,6,7,79,0,0,14,47,15,16,75,77,0,0,45,5,73,87,59,58,0,0,25,23,21,19,0,0,63,76,18,48,66,0,0,92,31,29,27,30,32,0,0,62,33,28,26,34,93,0
0;pliki//100 lokacji//RC101.txt;250;40;swap;3;6542;7654.157055121959;2699.0033108486723;1244.109229328365;3711.0445149449215;5849.966180220606;2142.5511707628325;517.6996717776493;3189.715337680124;24;300066.9079;0,59,97,87,0,0,98,6,46,3,1,0,0,36,40,44,0,0,27,28,50,0,0,91,95,85,84,56,0,0,14,47,15,17,78,0,0,42,39,38,41,81,0,0,18,48,25,24,0,0,65,83,57,52,99,90,0,0,93,71,34,26,32,0,0,86,77,75,58,74,0,0,12,16,13,10,0,0,64,19,23,21,0,0,22,49,20,66,0,0,68,61,43,37,35,72,0,0,4,2,88,53,0,0,92,62,67,94,0,0,54,96,0,0,31,29,30,33,89,80,0,0,69,73,79,60,0,0,82,11,9,0,0,70,100,0,0,5,45,7,8,55,0,0,63,76,51,0
0;pliki//100 lokacji//RC101.txt;250;40;swap;3;6543;7654.157055121959;2699.0033108486723;1244.109229328365;3711.0445149449215;5814.5209783199825;2091.4605649247283;578.5661495189;3144.494263876354;22;300011.0101;0,33,28,27,26,32,0,0,99,86,58,77,25,0,0,14,47,17,78,60,0,0,61,54,81,0,0,12,10,53,0,0,92,95,62,51,18,49,24,0,0,64,23,19,20,0,0,70,1,4,0,0,82,11,9,0,0,22,21,48,89,66,0,0,98,88,2,46,3,100,0,0,45,5,8,7,6,0,0,69,73,79,55,0,0,76,63,85,94,80,0,0,67,50,84,56,91,0,0,65,15,16,87,74,0,0,72,37,43,44,41,68,0,0,90,59,75,97,13,0,0,29,31,30,34,96,0,0,39,40,38,0,0,42,36,35,71,93,0,0,83,52,57,0
0;pliki//100 lokacji//RC101.txt;250;40;swap;3;6544;7654.157055121959;2699.0033108486723;1244.109229328365;3711.0445149449215;5857.885715710474;2027.7234756304144;748.2905251801403;3081.8717148999194;22;300086.0554;0,45,5,8,70,68,0,0,83,21,23,25,77,66,0,0,34,31,85,63,84,0,0,65,87,59,9,0,0,89,76,51,56,0,0,52,86,57,0,0,46,3,1,4,100,0,0,72,38,40,0,0,69,82,99,90,0,0,93,29,27,30,32,50,0,0,81,39,36,35,37,0,0,98,73,79,60,88,0,0,14,47,15,17,78,0,0,97,75,58,74,0,0,2,6,7,0,0,64,22,49,20,0,0,61,42,44,43,41,54,0,0,12,16,13,55,0,0,92,95,18,48,19,24,0,0,80,91,62,67,94,0,0,33,28,26,71,96,0,0,11,10,53,0
0;pliki//100 lokacji//RC101.txt;250;40;invert;3;6542;7654.157055121959;2699.0033108486723;1244.109229328365;3711.0445149449215;6946.501673247263;2443.4291611063136;1037.6818048269272;3465.390707314023;23;300097.4838;0,90,55,100,70,68,81,0,0,91,80,0,0,69,98,88,2,46,37,0,0,65,66,83,64,85,84,56,0,0,82,99,52,57,20,49,48,24,0,0,94,92,95,67,71,93,96,0,0,53,78,60,4,0,0,54,35,43,44,41,0,0,61,38,1,0,0,72,36,39,6,0,0,12,17,13,9,0,0,10,11,0,0,51,63,89,32,50,62,0,0,87,97,77,74,86,0,0,42,40,3,8,0,0,19,22,0,0,7,79,73,25,0,0,14,47,16,15,45,5,0,0,59,75,58,0,0,18,21,23,0,0,76,34,0,0,31,29,27,30,0,0,33,26,28,0
0;pliki//100 lokacji//RC101.txt;250;40;invert;3;6543;7654.157055121959;2699.0033108486723;1244.109229328365;3711.0445149449215;6877.540899658798;2282.0204576949322;1296.8679088022627;3298.652533161602;21;300126.927;0,93,54,37,35,39,42,3,100,0,0,92,67,29,27,32,33,91,0,0,82,78,8,5,68,0,0,44,40,38,0,0,18,49,20,0,0,53,52,23,19,89,0,0,11,15,9,0,0,69,61,36,81,0,0,14,47,17,10,66,0,0,84,63,76,57,0,0,86,21,48,22,0,0,1,45,6,55,0,0,87,59,97,75,77,0,0,88,60,73,46,4,0,0,72,71,50,62,94,80,0,0,83,74,58,25,24,64,0,0,41,43,2,70,0,0,96,31,28,30,95,56,0,0,51,85,26,34,0,0,65,99,13,16,12,0,0,90,98,79,7,0
0;pliki//100 lokacji//RC101.txt;250;40;invert;3;6544;7654.157055121959;2699.0033108486723;1244.109229328365;3711.0445149449215;6766.880928790446;2347.6288510336913;1062.3042014457374;3356.9478763110174;23;300143.2834;0,90,55,100,70,68,81,0,0,91,80,0,0,69,98,88,2,46,37,0,0,65,66,83,64,85,84,56,0,0,82,99,52,57,20,49,48,24,0,0,94,92,95,67,71,93,96,0,0,53,78,60,4,0,0,54,35,43,44,41,0,0,61,38,1,6,0,0,72,36,39,0,0,10,17,13,9,0,0,62,50,63,89,51,0,0,86,74,77,97,0,0,12,11,87,0,0,42,40,3,8,0,0,19,22,0,0,76,34,0,0,18,21,23,25,0,0,14,15,16,47,7,0,0,59,75,58,0,0,45,5,79,73,0,0,31,29,27,30,32,0,0,33,26,28,0
0;pliki//100 lokacji//RC101.txt;250;40;insert;3;6542;7654.157055121959;2699.0033108486723;1244.109229328365;3711.0445149449215;6204.0516655226165;2207.6455869789584;722.7917454633549;3273.614333080304;22;300109.3948;0,68,55,70,0,0,69,98,88,2,0,0,65,83,64,85,84,56,0,0,99,57,20,49,24,80,0,0,67,94,0,0,61,44,43,37,35,54,0,0,53,78,60,4,100,0,0,96,71,38,41,0,0,81,72,39,36,1,0,0,95,51,89,50,91,0,0,10,9,13,17,0,0,90,52,86,74,97,0,0,82,12,11,0,0,42,40,3,8,46,0,0,22,0,0,6,7,79,0,0,14,47,15,16,75,77,0,0,45,5,73,87,59,58,0,0,25,23,21,19,0,0,63,76,18,48,66,0,0,92,31,29,27,30,32,0,0,62,33,28,26,34,93,0
0;pliki//100 lokacji//RC101.txt;250;40;insert;3;6543;7654.157055121959;2699.0033108486723;1244.109229328365;3711.0445149449215;6204.0516655226165;2207.6455869789584;722.7917454633549;3273.614333080304;22;300096.2852;0,68,55,70,0,0,69,98,88,2,0,0,65,83,64,85,84,56,0,0,99,57,20,49,24,80,0,0,67,94,0,0,61,44,43,37,35,54,0,0,53,78,60,4,100,0,0,96,71,38,41,0,0,81,72,39,36,1,0,0,95,51,89,50,91,0,0,10,9,13,17,0,0,90,52,86,74,97,0,0,82,12,11,0,0,42,40,3,8,46,0,0,22,0,0,6,7,79,0,0,14,47,15,16,75,77,0,0,45,5,73,87,59,58,0,0,25,23,21,19,0,0,63,76,18,48,66,0,0,92,31,29,27,30,32,0,0,62,33,28,26,34,93,0
0;pliki//100 lokacji//RC101.txt;250;40;insert;3;6544;7654.157055121959;2699.0033108486723;1244.109229328365;3711.0445149449215;6204.0516655226165;2207.6455869789584;722.7917454633549;3273.614333080304;22;300150.4168;0,68,55,70,0,0,69,98,88,2,0,0,65,83,64,85,84,56,0,0,99,57,20,49,24,80,0,0,67,94,0,0,61,44,43,37,35,54,0,0,53,78,60,4,100,0,0,96,71,38,41,0,0,81,72,39,36,1,0,0,95,51,89,50,91,0,0,10,9,13,17,0,0,90,52,86,74,97,0,0,82,12,11,0,0,42,40,3,8,46,0,0,22,0,0,6,7,79,0,0,14,47,15,16,75,77,0,0,45,5,73,87,59,58,0,0,25,23,21,19,0,0,63,76,18,48,66,0,0,92,31,29,27,30,32,0,0,62,33,28,26,34,93,0
0;pliki//100 lokacji//RC101.txt;250;50;swap;3;7542;7654.157055121959;2699.0033108486723;1244.109229328365;3711.0445149449215;5876.45909215131;2049.680958951264;748.2680598010049;3078.5100733990407;22;300016.0308;0,68,55,70,100,0,0,94,50,80,0,0,69,98,88,90,0,0,65,66,83,64,85,84,56,0,0,82,99,52,57,24,20,0,0,91,95,67,93,96,0,0,61,42,44,43,35,54,0,0,2,8,7,6,0,0,71,38,40,0,0,81,72,39,36,37,41,0,0,63,89,76,51,0,0,87,9,13,17,60,0,0,86,75,97,74,0,0,11,10,53,0,0,1,3,46,4,0,0,22,19,49,0,0,79,73,78,0,0,12,14,47,15,16,0,0,45,5,59,58,77,0,0,18,48,21,23,25,0,0,31,29,27,30,33,32,0,0,92,62,28,26,34,0
0;pliki//100 lokacji//RC101.txt;250;50;swap;3;7543;7654.157055121959;2699.0033108486723;1244.109229328365;3711.0445149449215;5886.89384238007;2055.8983340656446;748.2680598010049;3082.7274485134208;22;300078.8552;0,68,55,70,100,0,0,94,50,80,0,0,69,98,88,90,0,0,65,66,83,64,85,84,56,0,0,82,99,52,57,20,49,0,0,91,95,67,93,96,0,0,61,42,44,43,35,54,0,0,2,8,7,6,0,0,71,38,40,0,0,81,72,39,36,37,41,0,0,63,89,76,51,0,0,87,9,13,17,60,0,0,86,75,97,74,0,0,11,10,53,0,0,1,3,46,4,0,0,24,19,22,0,0,79,73,78,0,0,12,14,47,15,16,0,0,45,5,59,58,77,0,0,18,48,21,23,25,0,0,31,29,27,30,33,32,0,0,92,62,28,26,34,0
0;pliki//100 lokacji//RC101.txt;250;50;swap;3;7544;7654.157055121959;2699.0033108486723;1244.109229328365;3711.0445149449215;5886.89384238007;2055.8983340656446;748.2680598010049;3082.7274485134208;22;300113.4018;0,68,55,70,100,0,0,94,50,80,0,0,69,98,88,90,0,0,65,66,83,64,85,84,56,0,0,82,99,52,57,20,49,0,0,91,95,67,93,96,0,0,61,42,44,43,35,54,0,0,2,8,7,6,0,0,71,38,40,0,0,81,72,39,36,37,41,0,0,63,89,76,51,0,0,87,9,13,17,60,0,0,86,75,97,74,0,0,11,10,53,0,0,1,3,46,4,0,0,24,19,22,0,0,79,73,78,0,0,12,14,47,15,16,0,0,45,5,59,58,77,0,0,18,48,21,23,25,0,0,31,29,27,30,33,32,0,0,92,62,28,26,34,0
0;pliki//100 lokacji//RC101.txt;250;50;invert;3;7542;7654.157055121959;2699.0033108486723;1244.109229328365;3711.0445149449215;6788.790824443327;2338.713075116294;1100.530533846506;3349.547215480528;23;300078.0492;0,23,85,63,26,28,95,0,0,39,36,35,37,72,0,0,65,59,97,87,52,0,0,6,7,73,78,0,0,92,31,93,54,61,68,0,0,12,15,53,0,0,43,5,2,100,70,0,0,18,19,49,0,0,69,82,9,74,21,48,24,0,0,64,84,51,89,62,91,0,0,99,58,75,77,25,0,0,10,11,0,0,38,40,0,0,3,45,4,46,8,0,0,71,29,27,30,34,0,0,94,67,41,55,0,0,14,47,17,16,13,0,0,88,79,60,98,0,0,83,22,20,66,0,0,96,50,32,33,80,0,0,90,86,57,0,0,76,56,0,0,81,42,44,1,0
0;pliki//100 lokacji//RC101.txt;250;50;invert;3;7543;7654.157055121959;2699.0033108486723;1244.109229328365;3711.0445149449215;6628.126492493782;2237.157273999419;1138.655344369093;3252.31387412527;23;300058.3015;0,70,3,46,8,0,0,29,27,89,48,21,74,83,0,0,61,39,38,85,56,91,80,0,0,90,12,47,17,53,0,0,81,41,44,43,68,0,0,93,31,28,30,32,34,67,0,0,54,72,35,36,0,0,69,98,88,6,55,0,0,24,23,19,51,0,0,65,57,52,0,0,4,45,5,1,100,0,0,87,97,75,58,0,0,82,10,15,16,0,0,92,84,76,66,0,0,42,40,37,0,0,7,79,60,0,0,64,20,49,22,0,0,86,59,99,0,0,2,73,78,14,0,0,11,13,9,0,0,94,95,63,18,25,77,0,0,62,33,26,50,0,0,96,71,0
0;pliki//100 lokacji//RC101.txt;250;50;invert;3;7544;7654.157055121959;2699.0033108486723;1244.109229328365;3711.0445149449215;6848.390860591951;2370.340521527751;1056.8047354519304;3421.2456036122694;22;300307.8558;0,2,42,37,72,50,85,0,0,80,29,26,30,84,0,0,22,20,49,58,0,0,83,95,94,81,0,0,12,15,9,60,0,0,91,62,31,71,54,61,0,0,69,82,99,97,77,0,0,88,73,4,1,100,0,0,33,28,27,32,34,93,0,0,39,35,43,44,70,0,0,98,79,8,6,0,0,14,47,17,16,13,0,0,53,10,78,55,0,0,92,63,89,18,48,66,0,0,64,76,56,0,0,38,40,0,0,65,57,86,52,0,0,74,59,75,23,21,24,0,0,11,87,68,0,0,7,46,5,3,45,0,0,67,51,19,25,90,0,0,41,36,96,0
0;pliki//100 lokacji//RC101.txt;250;50;insert;3;7542;7654.157055121959;2699.0033108486723;1244.109229328365;3711.0445149449215;6204.0516655226165;2207.6455869789584;722.7917454633549;3273.614333080304;22;300072.0274;0,68,55,70,0,0,69,98,88,2,0,0,65,83,64,85,84,56,0,0,99,57,20,49,24,80,0,0,67,94,0,0,61,44,43,37,35,54,0,0,53,78,60,4,100,0,0,96,71,38,41,0,0,81,72,39,36,1,0,0,95,51,89,50,91,0,0,10,9,13,17,0,0,90,52,86,74,97,0,0,82,12,11,0,0,42,40,3,8,46,0,0,22,0,0,6,7,79,0,0,14,47,15,16,75,77,0,0,45,5,73,87,59,58,0,0,25,23,21,19,0,0,63,76,18,48,66,0,0,92,31,29,27,30,32,0,0,62,33,28,26,34,93,0
0;pliki//100 lokacji//RC101.txt;250;50;insert;3;7543;7654.157055121959;2699.0033108486723;1244.109229328365;3711.0445149449215;6198.020740324815;2208.2019399381397;726.3383839290435;3263.480416457632;22;300077.6896;0,68,55,70,0,0,69,98,88,2,0,0,65,83,64,85,84,56,0,0,99,57,20,49,24,91,80,0,0,67,94,0,0,61,44,43,37,35,54,0,0,53,78,60,4,100,0,0,96,71,38,41,0,0,81,72,39,36,1,0,0,95,51,89,50,0,0,10,9,13,17,0,0,90,52,86,74,97,0,0,82,12,11,0,0,42,40,3,8,46,0,0,22,0,0,6,7,79,0,0,14,47,15,16,75,77,0,0,45,5,73,87,59,58,0,0,25,23,21,19,0,0,63,76,18,48,66,0,0,92,31,29,27,30,32,0,0,62,33,28,26,34,93,0
0;pliki//100 lokacji//RC101.txt;250;50;insert;3;7544;7654.157055121959;2699.0033108486723;1244.109229328365;3711.0445149449215;6204.0516655226165;2207.6455869789584;722.7917454633549;3273.614333080304;22;300085.3681;0,68,55,70,0,0,69,98,88,2,0,0,65,83,64,85,84,56,0,0,99,57,20,49,24,80,0,0,67,94,0,0,61,44,43,37,35,54,0,0,53,78,60,4,100,0,0,96,71,38,41,0,0,81,72,39,36,1,0,0,95,51,89,50,91,0,0,10,9,13,17,0,0,90,52,86,74,97,0,0,82,12,11,0,0,42,40,3,8,46,0,0,22,0,0,6,7,79,0,0,14,47,15,16,75,77,0,0,45,5,73,87,59,58,0,0,25,23,21,19,0,0,63,76,18,48,66,0,0,92,31,29,27,30,32,0,0,62,33,28,26,34,93,0
0;pliki//100 lokacji//RC101.txt;300;10;swap;3;4042;7654.157055121959;2699.0033108486723;1244.109229328365;3711.0445149449215;5876.45909215131;2049.680958951264;748.2680598010049;3078.5100733990407;22;300094.988;0,68,55,70,100,0,0,94,50,80,0,0,69,98,88,90,0,0,65,66,83,64,85,84,56,0,0,82,99,52,57,24,20,0,0,91,95,67,93,96,0,0,61,42,44,43,35,54,0,0,2,8,7,6,0,0,71,38,40,0,0,81,72,39,36,37,41,0,0,63,89,76,51,0,0,87,9,13,17,60,0,0,86,75,97,74,0,0,11,10,53,0,0,1,3,46,4,0,0,22,19,49,0,0,79,73,78,0,0,12,14,47,15,16,0,0,45,5,59,58,77,0,0,18,48,21,23,25,0,0,31,29,27,30,33,32,0,0,92,62,28,26,34,0
0;pliki//100 lokacji//RC101.txt;300;10;swap;3;4043;7654.157055121959;2699.0033108486723;1244.109229328365;3711.0445149449215;5876.45909215131;2049.680958951264;748.2680598010049;3078.5100733990407;22;300038.7146;0,68,55,70,100,0,0,94,50,80,0,0,69,98,88,90,0,0,65,66,83,64,85,84,56,0,0,82,99,52,57,24,20,0,0,91,95,67,93,96,0,0,61,42,44,43,35,54,0,0,2,8,7,6,0,0,71,38,40,0,0,81,72,39,36,37,41,0,0,63,89,76,51,0,0,87,9,13,17,60,0,0,86,75,97,74,0,0,11,10,53,0,0,1,3,46,4,0,0,22,19,49,0,0,79,73,78,0,0,12,14,47,15,16,0,0,45,5,59,58,77,0,0,18,48,21,23,25,0,0,31,29,27,30,33,32,0,0,92,62,28,26,34,0
0;pliki//100 lokacji//RC101.txt;300;10;swap;3;4044;7654.157055121959;2699.0033108486723;1244.109229328365;3711.0445149449215;5843.490257866377;2164.7086213185376;493.9981917213485;3184.7834448264903;23;300075.8998;0,59,97,58,87,0,0,71,29,27,30,89,91,0,0,65,77,75,10,13,0,0,78,73,79,60,0,0,92,33,31,93,54,96,0,0,45,5,7,8,46,0,0,95,62,85,34,50,0,0,72,39,43,44,41,68,0,0,53,14,47,17,16,0,0,83,21,23,19,0,0,61,38,35,37,0,0,69,98,88,90,0,0,64,18,48,25,24,0,0,52,74,86,57,0,0,63,76,51,84,56,0,0,42,40,36,0,0,2,6,70,55,0,0,82,11,99,0,0,22,49,20,66,0,0,67,28,26,32,80,0,0,12,15,9,0,0,81,94,0,0,1,3,4,100,0
0;pliki//100 lokacji//RC101.txt;300;10;invert;3;4042;7654.157055121959;2699.0033108486723;1244.109229328365;3711.0445149449215;6090.060847660784;1973.9510211407135;1103.3146726912223;3012.795153828848;22;300099.5089;0,90,82,99,52,57,65,0,0,69,98,88,46,2,0,0,66,83,64,84,56,91,80,0,0,81,68,70,100,55,0,0,92,95,67,94,93,71,96,0,0,54,72,38,39,41,0,0,60,78,53,0,0,35,36,43,44,0,0,12,14,47,16,15,0,0,61,42,37,40,1,0,0,50,62,0,0,27,29,31,34,0,0,22,19,20,0,0,18,48,21,23,25,0,0,85,63,89,76,51,0,0,86,74,58,77,49,24,0,0,59,75,97,87,0,0,4,45,3,5,8,0,0,33,26,28,30,32,0,0,73,79,7,6,0,0,9,13,17,0,0,11,10,0
0;pliki//100 lokacji//RC101.txt;300;10;invert;3;4043;7654.157055121959;2699.0033108486723;1244.109229328365;3711.0445149449215;6253.125783579293;2011.880844111053;1193.522363976028;3047.722575492212;21;300045.206;0,42,40,43,44,61,0,0,69,15,16,13,9,0,0,53,47,17,78,55,0,0,96,36,81,0,0,67,31,29,27,30,92,0,0,65,58,97,87,0,0,91,95,62,50,34,0,0,94,93,71,35,39,41,0,0,98,8,5,3,1,100,0,0,54,72,37,38,0,0,83,24,48,21,23,25,74,0,0,90,99,59,75,77,57,0,0,6,46,45,4,0,0,11,14,12,0,0,68,70,2,88,0,0,7,79,73,60,0,0,22,19,66,0,0,84,85,33,26,28,32,80,0,0,82,10,86,52,0,0,63,89,76,51,0,0,56,64,18,49,20,0
0;pliki//100 lokacji//RC101.txt;300;10;invert;3;4044;7654.157055121959;2699.0033108486723;1244.109229328365;3711.0445149449215;6435.499720654248;2135.131356997572;1124.652332419139;3175.7160312375377;23;300121.5778;0,90,55,100,70,68,81,0,0,80,91,0,0,69,98,88,2,46,37,0,0,65,66,83,64,85,84,56,0,0,35,36,43,44,0,0,95,62,50,67,92,0,0,82,99,52,57,24,48,49,20,0,0,96,71,93,94,0,0,54,72,38,39,41,0,0,60,78,53,0,0,87,97,77,74,86,0,0,10,11,0,0,12,17,13,9,0,0,6,8,3,4,0,0,61,42,40,1,0,0,19,22,0,0,18,21,23,25,0,0,27,29,31,34,0,0,63,89,76,51,0,0,14,15,16,47,45,5,0,0,59,75,58,0,0,73,79,7,0,0,33,26,28,30,32,0
0;pliki//100 lokacji//RC101.txt;300;10;insert;3;4042;7654.157055121959;2699.0033108486723;1244.109229328365;3711.0445149449215;6196.814665061598;2208.57340089504;702.2401610930327;3286.001103073526;22;300071.6752;0,68,55,70,0,0,69,98,88,2,0,0,65,83,64,85,84,56,0,0,82,99,57,20,49,24,91,0,0,67,94,0,0,61,44,43,37,35,54,0,0,53,78,60,4,100,0,0,96,71,38,41,0,0,81,72,39,36,1,0,0,95,51,89,50,80,0,0,10,9,13,17,0,0,52,86,74,97,0,0,12,11,90,0,0,42,40,3,8,46,0,0,22,0,0,6,7,79,0,0,14,47,15,16,75,77,0,0,45,5,73,87,59,58,0,0,25,23,21,19,0,0,63,76,18,48,66,0,0,92,31,29,27,30,32,0,0,62,33,28,26,34,93,0
0;pliki//100 lokacji//RC101.txt;300;10;insert;3;4043;7654.157055121959;2699.0033108486723;1244.109229328365;3711.0445149449215;6196.814665061598;2208.57340089504;702.2401610930327;3286.001103073526;22;300056.5469;0,68,55,70,0,0,69,98,88,2,0,0,65,83,64,85,84,56,0,0,82,99,57,20,49,24,91,0,0,67,94,0,0,61,44,43,37,35,54,0,0,53,78,60,4,100,0,0,96,71,38,41,0,0,81,72,39,36,1,0,0,95,51,89,50,80,0,0,10,9,13,17,0,0,52,86,74,97,0,0,12,11,90,0,0,42,40,3,8,46,0,0,22,0,0,6,7,79,0,0,14,47,15,16,75,77,0,0,45,5,73,87,59,58,0,0,25,23,21,19,0,0,63,76,18,48,66,0,0,92,31,29,27,30,32,0,0,62,33,28,26,34,93,0
0;pliki//100 lokacji//RC101.txt;300;10;insert;3;4044;7654.157055121959;2699.0033108486723;1244.109229328365;3711.0445149449215;6196.814665061598;2208.57340089504;702.2401610930327;3286.001103073526;22;300017.3503;0,68,55,70,0,0,69,98,88,2,0,0,65,83,64,85,84,56,0,0,82,99,57,20,49,24,91,0,0,67,94,0,0,61,44,43,37,35,54,0,0,53,78,60,4,100,0,0,96,71,38,41,0,0,81,72,39,36,1,0,0,95,51,89,50,80,0,0,10,9,13,17,0,0,52,86,74,97,0,0,12,11,90,0,0,42,40,3,8,46,0,0,22,0,0,6,7,79,0,0,14,47,15,16,75,77,0,0,45,5,73,87,59,58,0,0,25,23,21,19,0,0,63,76,18,48,66,0,0,92,31,29,27,30,32,0,0,62,33,28,26,34,93,0
0;pliki//100 lokacji//RC101.txt;300;20;swap;3;5042;7654.157055121959;2699.0033108486723;1244.109229328365;3711.0445149449215;5886.89384238007;2055.8983340656446;748.2680598010049;3082.7274485134208;22;300060.7917;0,68,55,70,100,0,0,94,50,80,0,0,69,98,88,90,0,0,65,66,83,64,85,84,56,0,0,82,99,52,57,20,49,0,0,91,95,67,93,96,0,0,61,42,44,43,35,54,0,0,2,8,7,6,0,0,71,38,40,0,0,81,72,39,36,37,41,0,0,63,89,76,51,0,0,87,9,13,17,60,0,0,86,75,97,74,0,0,11,10,53,0,0,1,3,46,4,0,0,24,19,22,0,0,79,73,78,0,0,12,14,47,15,16,0,0,45,5,59,58,77,0,0,18,48,21,23,25,0,0,31,29,27,30,33,32,0,0,92,62,28,26,34,0
0;pliki//100 lokacji//RC101.txt;300;20;swap;3;5043;7654.157055121959;2699.0033108486723;1244.109229328365;3711.0445149449215;5876.45909215131;2049.680958951264;748.2680598010049;3078.5100733990407;22;300123.6846;0,68,55,70,100,0,0,94,50,80,0,0,69,98,88,90,0,0,65,66,83,64,85,84,56,0,0,82,99,52,57,24,20,0,0,91,95,67,93,96,0,0,61,42,44,43,35,54,0,0,2,8,7,6,0,0,71,38,40,0,0,81,72,39,36,37,41,0,0,63,89,76,51,0,0,87,9,13,17,60,0,0,86,75,97,74,0,0,11,10,53,0,0,1,3,46,4,0,0,22,19,49,0,0,79,73,78,0,0,12,14,47,15,16,0,0,45,5,59,58,77,0,0,18,48,21,23,25,0,0,31,29,27,30,33,32,0,0,92,62,28,26,34,0
0;pliki//100 lokacji//RC101.txt;300;20;swap;3;5044;7654.157055121959;2699.0033108486723;1244.109229328365;3711.0445149449215;5876.45909215131;2049.680958951264;748.2680598010049;3078.5100733990407;22;300104.9315;0,68,55,70,100,0,0,94,50,80,0,0,69,98,88,90,0,0,65,66,83,64,85,84,56,0,0,82,99,52,57,24,20,0,0,91,95,67,93,96,0,0,61,42,44,43,35,54,0,0,2,8,7,6,0,0,71,38,40,0,0,81,72,39,36,37,41,0,0,63,89,76,51,0,0,87,9,13,17,60,0,0,86,75,97,74,0,0,11,10,53,0,0,1,3,46,4,0,0,22,19,49,0,0,79,73,78,0,0,12,14,47,15,16,0,0,45,5,59,58,77,0,0,18,48,21,23,25,0,0,31,29,27,30,33,32,0,0,92,62,28,26,34,0
0;pliki//100 lokacji//RC101.txt;300;20;invert;3;5042;7654.157055121959;2699.0033108486723;1244.109229328365;3711.0445149449215;6276.385329990523;2109.387104366327;1013.2277229792871;3153.770502644909;23;300006.0367;0,90,55,100,70,68,81,0,0,91,80,0,0,69,98,88,2,46,37,0,0,65,66,83,64,85,84,56,0,0,82,99,52,57,20,49,48,24,0,0,9,13,17,10,0,0,39,36,35,72,0,0,95,62,50,34,67,92,0,0,63,89,76,51,0,0,42,40,43,44,61,0,0,54,38,41,0,0,11,12,0,0,53,14,15,16,47,78,0,0,18,21,23,25,0,0,60,7,6,0,0,8,4,3,1,0,0,59,75,97,87,0,0,19,22,0,0,96,71,93,94,0,0,86,74,58,77,0,0,45,5,79,73,0,0,31,29,27,30,32,0,0,33,26,28,0
0;pliki//100 lokacji//RC101.txt;300;20;invert;3;5043;7654.157055121959;2699.0033108486723;1244.109229328365;3711.0445149449215;6446.618535624484;2179.271750552257;1048.4443810113776;3218.9024040608497;22;300046.702;0,92,29,26,32,0,0,2,78,9,87,0,0,81,42,39,38,41,0,0,4,45,8,7,0,0,93,71,37,40,43,0,0,64,51,84,56,0,0,69,98,73,12,99,90,0,0,24,25,23,48,18,0,0,60,3,1,70,100,0,0,52,74,58,75,97,0,0,63,76,20,66,0,0,86,59,13,17,47,0,0,65,83,77,21,19,0,0,35,36,44,68,0,0,95,62,94,96,80,0,0,82,11,53,0,0,67,34,30,33,89,85,91,0,0,88,79,55,0,0,54,72,61,5,46,6,0,0,14,16,15,10,0,0,31,27,28,50,0,0,57,22,49,0
0;pliki//100 lokacji//RC101.txt;300;20;invert;3;5044;7654.157055121959;2699.0033108486723;1244.109229328365;3711.0445149449215;6314.549879940114;2180.68792370482;922.0513766471045;3211.8105795881893;23;300057.1414;0,90,55,100,70,68,81,0,0,91,80,0,0,69,98,88,2,46,37,0,0,65,66,83,64,85,84,56,0,0,82,99,52,57,20,49,48,24,0,0,53,78,60,4,0,0,92,95,67,71,93,94,96,0,0,54,72,38,39,41,0,0,35,36,43,44,0,0,61,42,40,0,0,6,8,3,1,0,0,11,10,0,0,34,50,62,0,0,87,97,77,74,86,0,0,12,14,47,16,15,0,0,18,21,23,25,0,0,22,19,0,0,63,89,76,51,0,0,7,17,13,9,0,0,59,75,58,0,0,45,5,79,73,0,0,31,29,27,30,32,0,0,33,26,28,0
0;pliki//100 lokacji//RC101.txt;300;20;insert;3;5042;7654.157055121959;2699.0033108486723;1244.109229328365;3711.0445149449215;6198.020740324815;2208.2019399381397;726.3383839290435;3263.480416457632;22;300135.961;0,68,55,70,0,0,69,98,88,2,0,0,65,83,64,85,84,56,0,0,99,57,20,49,24,91,80,0,0,67,94,0,0,61,44,43,37,35,54,0,0,53,78,60,4,100,0,0,96,71,38,41,0,0,81,72,39,36,1,0,0,95,51,89,50,0,0,10,9,13,17,0,0,90,52,86,74,97,0,0,82,12,11,0,0,42,40,3,8,46,0,0,22,0,0,6,7,79,0,0,14,47,15,16,75,77,0,0,45,5,73,87,59,58,0,0,25,23,21,19,0,0,63,76,18,48,66,0,0,92,31,29,27,30,32,0,0,62,33,28,26,34,93,0
0;pliki//100 lokacji//RC101.txt;300;20;insert;3;5043;7654.157055121959;2699.0033108486723;1244.109229328365;3711.0445149449215;6198.020740324815;2208.2019399381397;726.3383839290435;3263.480416457632;22;300150.9706;0,68,55,70,0,0,69,98,88,2,0,0,65,83,64,85,84,56,0,0,99,57,20,49,24,91,80,0,0,67,94,0,0,61,44,43,37,35,54,0,0,53,78,60,4,100,0,0,96,71,38,41,0,0,81,72,39,36,1,0,0,95,51,89,50,0,0,10,9,13,17,0,0,90,52,86,74,97,0,0,82,12,11,0,0,42,40,3,8,46,0,0,22,0,0,6,7,79,0,0,14,47,15,16,75,77,0,0,45,5,73,87,59,58,0,0,25,23,21,19,0,0,63,76,18,48,66,0,0,92,31,29,27,30,32,0,0,62,33,28,26,34,93,0
0;pliki//100 lokacji//RC101.txt;300;20;insert;3;5044;7654.157055121959;2699.0033108486723;1244.109229328365;3711.0445149449215;6204.0516655226165;2207.6455869789584;722.7917454633549;3273.614333080304;22;300151.6492;0,68,55,70,0,0,69,98,88,2,0,0,65,83,64,85,84,56,0,0,99,57,20,49,24,80,0,0,67,94,0,0,61,44,43,37,35,54,0,0,53,78,60,4,100,0,0,96,71,38,41,0,0,81,72,39,36,1,0,0,95,51,89,50,91,0,0,10,9,13,17,0,0,90,52,86,74,97,0,0,82,12,11,0,0,42,40,3,8,46,0,0,22,0,0,6,7,79,0,0,14,47,15,16,75,77,0,0,45,5,73,87,59,58,0,0,25,23,21,19,0,0,63,76,18,48,66,0,0,92,31,29,27,30,32,0,0,62,33,28,26,34,93,0
0;pliki//100 lokacji//RC101.txt;300;30;swap;3;6042;7654.157055121959;2699.0033108486723;1244.109229328365;3711.0445149449215;5886.89384238007;2055.8983340656446;748.2680598010049;3082.7274485134208;22;300107.7782;0,68,55,70,100,0,0,94,50,80,0,0,69,98,88,90,0,0,65,66,83,64,85,84,56,0,0,82,99,52,57,20,49,0,0,91,95,67,93,96,0,0,61,42,44,43,35,54,0,0,2,8,7,6,0,0,71,38,40,0,0,81,72,39,36,37,41,0,0,63,89,76,51,0,0,87,9,13,17,60,0,0,86,75,97,74,0,0,11,10,53,0,0,1,3,46,4,0,0,24,19,22,0,0,79,73,78,0,0,12,14,47,15,16,0,0,45,5,59,58,77,0,0,18,48,21,23,25,0,0,31,29,27,30,33,32,0,0,92,62,28,26,34,0
0;pliki//100 lokacji//RC101.txt;300;30;swap;3;6043;7654.157055121959;2699.0033108486723;1244.109229328365;3711.0445149449215;5886.89384238007;2055.8983340656446;748.2680598010049;3082.7274485134208;22;300096.7285;0,68,55,70,100,0,0,94,50,80,0,0,69,98,88,90,0,0,65,66,83,64,85,84,56,0,0,82,99,52,57,20,49,0,0,91,95,67,93,96,0,0,61,42,44,43,35,54,0,0,2,8,7,6,0,0,71,38,40,0,0,81,72,39,36,37,41,0,0,63,89,76,51,0,0,87,9,13,17,60,0,0,86,75,97,74,0,0,11,10,53,0,0,1,3,46,4,0,0,24,19,22,0,0,79,73,78,0,0,12,14,47,15,16,0,0,45,5,59,58,77,0,0,18,48,21,23,25,0,0,31,29,27,30,33,32,0,0,92,62,28,26,34,0
0;pliki//100 lokacji//RC101.txt;300;30;swap;3;6044;7654.157055121959;2699.0033108486723;1244.109229328365;3711.0445149449215;5876.45909215131;2049.680958951264;748.2680598010049;3078.5100733990407;22;300041.8153;0,68,55,70,100,0,0,94,50,80,0,0,69,98,88,90,0,0,65,66,83,64,85,84,56,0,0,82,99,52,57,24,20,0,0,91,95,67,93,96,0,0,61,42,44,43,35,54,0,0,2,8,7,6,0,0,71,38,40,0,0,81,72,39,36,37,41,0,0,63,89,76,51,0,0,87,9,13,17,60,0,0,86,75,97,74,0,0,11,10,53,0,0,1,3,46,4,0,0,22,19,49,0,0,79,73,78,0,0,12,14,47,15,16,0,0,45,5,59,58,77,0,0,18,48,21,23,25,0,0,31,29,27,30,33,32,0,0,92,62,28,26,34,0
0;pliki//100 lokacji//RC101.txt;300;30;invert;3;6042;7654.157055121959;2699.0033108486723;1244.109229328365;3711.0445149449215;6219.787440822557;2159.549251536037;865.6619400279361;3194.576249258584;23;300726.3239;0,90,55,100,70,68,81,0,0,91,80,0,0,69,98,88,2,46,37,0,0,65,66,83,64,85,84,56,0,0,82,99,52,57,20,49,48,24,0,0,54,72,35,36,0,0,92,95,67,34,50,62,0,0,39,38,41,0,0,63,89,76,51,0,0,6,8,3,1,0,0,53,78,60,4,0,0,61,42,44,43,40,0,0,96,71,93,94,0,0,19,22,0,0,87,97,77,74,86,0,0,11,13,9,0,0,12,14,47,16,15,0,0,18,21,23,25,0,0,33,26,28,30,32,0,0,27,29,31,0,0,59,75,58,0,0,45,5,79,73,0,0,7,17,10,0
0;pliki//100 lokacji//RC101.txt;300;30;invert;3;6043;7654.157055121959;2699.0033108486723;1244.109229328365;3711.0445149449215;6566.365099207074;2180.963014980617;1139.2311609271246;3246.1709232993326;22;300128.2292;0,40,37,41,54,0,0,68,0,0,67,34,31,28,32,63,0,0,69,14,16,15,0,0,53,78,73,79,60,0,0,90,59,75,58,74,80,0,0,55,2,8,43,44,0,0,93,72,36,38,0,0,56,95,51,85,29,27,71,0,0,77,23,48,18,20,24,0,0,88,11,9,0,0,82,99,19,49,91,0,0,98,6,4,45,3,0,0,86,97,17,0,0,12,47,10,0,0,81,61,39,35,42,70,0,0,7,46,5,1,100,0,0,92,84,62,94,96,0,0,65,83,57,87,13,0,0,33,26,30,50,0,0,52,25,21,22,66,0,0,64,76,89,0
0;pliki//100 lokacji//RC101.txt;300;30;invert;3;6044;7654.157055121959;2699.0033108486723;1244.109229328365;3711.0445149449215;6508.439759866023;2251.3917168187068;972.2230571453231;3284.824985901993;23;300005.461;0,90,55,100,70,68,81,0,0,91,80,0,0,69,98,88,2,46,37,0,0,65,66,83,64,85,84,56,0,0,82,99,52,57,20,49,48,24,0,0,94,92,95,67,71,93,96,0,0,53,78,60,4,0,0,54,72,39,38,41,0,0,35,36,43,44,0,0,61,42,40,0,0,10,11,0,0,87,97,77,74,86,0,0,12,17,13,9,0,0,51,63,89,32,50,62,0,0,6,8,3,1,0,0,19,22,0,0,18,21,23,25,0,0,14,15,16,47,7,0,0,59,75,58,0,0,45,5,79,73,0,0,76,34,0,0,31,29,27,30,0,0,33,26,28,0
0;pliki//100 lokacji//RC101.txt;300;30;insert;3;6042;7654.157055121959;2699.0033108486723;1244.109229328365;3711.0445149449215;6204.0516655226165;2207.6455869789584;722.7917454633549;3273.614333080304;22;300103.98;0,68,55,70,0,0,69,98,88,2,0,0,65,83,64,85,84,56,0,0,99,57,20,49,24,80,0,0,67,94,0,0,61,44,43,37,35,54,0,0,53,78,60,4,100,0,0,96,71,38,41,0,0,81,72,39,36,1,0,0,95,51,89,50,91,0,0,10,9,13,17,0,0,90,52,86,74,97,0,0,82,12,11,0,0,42,40,3,8,46,0,0,22,0,0,6,7,79,0,0,14,47,15,16,75,77,0,0,45,5,73,87,59,58,0,0,25,23,21,19,0,0,63,76,18,48,66,0,0,92,31,29,27,30,32,0,0,62,33,28,26,34,93,0
0;pliki//100 lokacji//RC101.txt;300;30;insert;3;6043;7654.157055121959;2699.0033108486723;1244.109229328365;3711.0445149449215;6204.0516655226165;2207.6455869789584;722.7917454633549;3273.614333080304;22;300041.7806;0,68,55,70,0,0,69,98,88,2,0,0,65,83,64,85,84,56,0,0,99,57,20,49,24,80,0,0,67,94,0,0,61,44,43,37,35,54,0,0,53,78,60,4,100,0,0,96,71,38,41,0,0,81,72,39,36,1,0,0,95,51,89,50,91,0,0,10,9,13,17,0,0,90,52,86,74,97,0,0,82,12,11,0,0,42,40,3,8,46,0,0,22,0,0,6,7,79,0,0,14,47,15,16,75,77,0,0,45,5,73,87,59,58,0,0,25,23,21,19,0,0,63,76,18,48,66,0,0,92,31,29,27,30,32,0,0,62,33,28,26,34,93,0
0;pliki//100 lokacji//RC101.txt;300;30;insert;3;6044;7654.157055121959;2699.0033108486723;1244.109229328365;3711.0445149449215;6198.020740324815;2208.2019399381397;726.3383839290435;3263.480416457632;22;300104.5975;0,68,55,70,0,0,69,98,88,2,0,0,65,83,64,85,84,56,0,0,99,57,20,49,24,91,80,0,0,67,94,0,0,61,44,43,37,35,54,0,0,53,78,60,4,100,0,0,96,71,38,41,0,0,81,72,39,36,1,0,0,95,51,89,50,0,0,10,9,13,17,0,0,90,52,86,74,97,0,0,82,12,11,0,0,42,40,3,8,46,0,0,22,0,0,6,7,79,0,0,14,47,15,16,75,77,0,0,45,5,73,87,59,58,0,0,25,23,21,19,0,0,63,76,18,48,66,0,0,92,31,29,27,30,32,0,0,62,33,28,26,34,93,0
0;pliki//100 lokacji//RC101.txt;300;40;swap;3;7042;7654.157055121959;2699.0033108486723;1244.109229328365;3711.0445149449215;5876.45909215131;2049.680958951264;748.2680598010049;3078.5100733990407;22;300130.5;0,68,55,70,100,0,0,94,50,80,0,0,69,98,88,90,0,0,65,66,83,64,85,84,56,0,0,82,99,52,57,24,20,0,0,91,95,67,93,96,0,0,61,42,44,43,35,54,0,0,2,8,7,6,0,0,71,38,40,0,0,81,72,39,36,37,41,0,0,63,89,76,51,0,0,87,9,13,17,60,0,0,86,75,97,74,0,0,11,10,53,0,0,1,3,46,4,0,0,22,19,49,0,0,79,73,78,0,0,12,14,47,15,16,0,0,45,5,59,58,77,0,0,18,48,21,23,25,0,0,31,29,27,30,33,32,0,0,92,62,28,26,34,0
0;pliki//100 lokacji//RC101.txt;300;40;swap;3;7043;7654.157055121959;2699.0033108486723;1244.109229328365;3711.0445149449215;5832.983870783239;2021.0998146763977;754.2064184518792;3057.6776376549615;21;300052.0496;0,39,36,40,0,0,96,93,71,67,63,89,0,0,94,95,84,85,50,80,0,0,65,52,86,99,90,0,0,83,76,51,56,0,0,33,26,27,32,62,91,0,0,69,98,73,17,58,77,0,0,57,19,49,24,0,0,82,15,16,13,9,0,0,14,47,11,0,0,42,44,38,72,54,0,0,87,59,75,97,74,0,0,81,61,41,37,35,43,0,0,7,6,2,88,0,0,64,22,20,66,0,0,10,12,78,53,0,0,45,5,3,1,68,0,0,8,46,4,70,100,0,0,60,79,55,0,0,92,29,28,30,31,34,0,0,21,23,25,48,18,0
0;pliki//100 lokacji//RC101.txt;300;40;swap;3;7044;7654.157055121959;2699.0033108486723;1244.109229328365;3711.0445149449215;5844.881938249082;2075.781104478296;615.902998698974;3153.197835071812;22;300037.5457;0,61,44,41,54,96,80,0,0,71,93,94,0,0,2,45,6,88,0,0,85,63,76,89,84,0,0,12,14,17,78,0,0,5,3,1,42,43,0,0,81,72,35,37,38,0,0,33,28,27,50,0,0,92,67,62,30,26,32,91,0,0,24,23,21,19,20,0,0,64,86,74,77,25,0,0,69,98,73,79,60,0,0,65,82,11,53,0,0,83,22,57,0,0,52,87,59,75,58,0,0,95,51,18,48,49,66,0,0,47,15,16,13,10,0,0,31,29,34,56,0,0,39,36,40,0,0,7,8,46,4,0,0,68,55,100,70,0,0,90,99,9,97,0
0;pliki//100 lokacji//RC101.txt;300;40;invert;3;7042;7654.157055121959;2699.0033108486723;1244.109229328365;3711.0445149449215;6656.459309377555;2211.2566115655204;1202.1763605422473;3243.0263372697873;21;300100.6257;0,81,38,36,0,0,69,53,79,70,0,0,82,12,59,77,25,24,0,0,61,42,44,43,1,68,0,0,2,5,8,7,0,0,52,57,74,86,9,0,0,31,26,28,32,56,91,0,0,67,29,27,33,50,0,0,92,94,93,71,35,39,0,0,85,63,76,49,64,0,0,16,47,78,73,4,0,0,23,21,48,18,89,0,0,98,14,17,15,13,90,0,0,11,10,0,0,65,75,19,51,0,0,88,60,6,46,55,0,0,96,72,37,40,0,0,100,45,3,41,54,0,0,83,22,20,66,0,0,80,95,62,34,30,84,0,0,99,87,97,58,0
0;pliki//100 lokacji//RC101.txt;300;40;invert;3;7043;7654.157055121959;2699.0033108486723;1244.109229328365;3711.0445149449215;6831.645241131397;2336.614638891769;1132.6033142757656;3362.4272879638625;23;300029.2809;0,53,14,16,11,0,0,93,71,54,41,37,35,42,0,0,73,7,46,100,55,0,0,20,86,87,0,0,62,31,29,27,96,0,0,69,98,44,40,0,0,95,85,76,51,0,0,65,77,75,97,74,0,0,12,47,17,13,0,0,57,84,63,32,50,0,0,5,45,4,2,0,0,83,52,99,90,0,0,81,39,38,80,0,0,60,6,8,3,68,0,0,66,25,21,48,18,56,0,0,59,58,23,0,0,10,15,9,0,0,43,36,72,94,0,0,92,30,28,26,33,91,0,0,82,78,79,88,0,0,61,1,70,0,0,22,19,49,0,0,67,34,89,24,64,0
0;pliki//100 lokacji//RC101.txt;300;40;invert;3;7044;7654.157055121959;2699.0033108486723;1244.109229328365;3711.0445149449215;6629.8784645083;2250.545956923289;1081.0716526557162;3298.260854929295;23;300161.6288;0,86,74,57,0,0,29,27,28,89,85,0,0,64,51,76,56,0,0,23,19,49,20,0,0,39,38,35,43,0,0,14,47,17,16,0,0,98,60,11,99,0,0,83,52,24,22,66,0,0,6,4,1,0,0,93,34,50,62,80,0,0,96,72,70,55,0,0,90,97,25,0,0,61,81,71,94,0,0,42,44,40,37,54,0,0,92,67,95,84,18,63,91,0,0,33,32,30,26,31,0,0,68,3,5,45,46,8,0,0,100,2,7,0,0,15,9,10,82,0,0,36,41,0,0,69,53,73,79,88,0,0,65,58,75,77,21,48,0,0,87,59,13,12,78,0
0;pliki//100 lokacji//RC101.txt;300;40;insert;3;7042;7654.157055121959;2699.0033108486723;1244.109229328365;3711.0445149449215;6204.0516655226165;2207.6455869789584;722.7917454633549;3273.614333080304;22;300015.4659;0,68,55,70,0,0,69,98,88,2,0,0,65,83,64,85,84,56,0,0,99,57,20,49,24,80,0,0,67,94,0,0,61,44,43,37,35,54,0,0,53,78,60,4,100,0,0,96,71,38,41,0,0,81,72,39,36,1,0,0,95,51,89,50,91,0,0,10,9,13,17,0,0,90,52,86,74,97,0,0,82,12,11,0,0,42,40,3,8,46,0,0,22,0,0,6,7,79,0,0,14,47,15,16,75,77,0,0,45,5,73,87,59,58,0,0,25,23,21,19,0,0,63,76,18,48,66,0,0,92,31,29,27,30,32,0,0,62,33,28,26,34,93,0
0;pliki//100 lokacji//RC101.txt;300;40;insert;3;7043;7654.157055121959;2699.0033108486723;1244.109229328365;3711.0445149449215;6204.0516655226165;2207.6455869789584;722.7917454633549;3273.614333080304;22;300092.5572;0,68,55,70,0,0,69,98,88,2,0,0,65,83,64,85,84,56,0,0,99,57,20,49,24,80,0,0,67,94,0,0,61,44,43,37,35,54,0,0,53,78,60,4,100,0,0,96,71,38,41,0,0,81,72,39,36,1,0,0,95,51,89,50,91,0,0,10,9,13,17,0,0,90,52,86,74,97,0,0,82,12,11,0,0,42,40,3,8,46,0,0,22,0,0,6,7,79,0,0,14,47,15,16,75,77,0,0,45,5,73,87,59,58,0,0,25,23,21,19,0,0,63,76,18,48,66,0,0,92,31,29,27,30,32,0,0,62,33,28,26,34,93,0
0;pliki//100 lokacji//RC101.txt;300;40;insert;3;7044;7654.157055121959;2699.0033108486723;1244.109229328365;3711.0445149449215;6204.0516655226165;2207.6455869789584;722.7917454633549;3273.614333080304;22;300109.993;0,68,55,70,0,0,69,98,88,2,0,0,65,83,64,85,84,56,0,0,99,57,20,49,24,80,0,0,67,94,0,0,61,44,43,37,35,54,0,0,53,78,60,4,100,0,0,96,71,38,41,0,0,81,72,39,36,1,0,0,95,51,89,50,91,0,0,10,9,13,17,0,0,90,52,86,74,97,0,0,82,12,11,0,0,42,40,3,8,46,0,0,22,0,0,6,7,79,0,0,14,47,15,16,75,77,0,0,45,5,73,87,59,58,0,0,25,23,21,19,0,0,63,76,18,48,66,0,0,92,31,29,27,30,32,0,0,62,33,28,26,34,93,0
0;pliki//100 lokacji//RC101.txt;300;50;swap;3;8042;7654.157055121959;2699.0033108486723;1244.109229328365;3711.0445149449215;5886.89384238007;2055.8983340656446;748.2680598010049;3082.7274485134208;22;300099.6878;0,68,55,70,100,0,0,94,50,80,0,0,69,98,88,90,0,0,65,66,83,64,85,84,56,0,0,82,99,52,57,20,49,0,0,91,95,67,93,96,0,0,61,42,44,43,35,54,0,0,2,8,7,6,0,0,71,38,40,0,0,81,72,39,36,37,41,0,0,63,89,76,51,0,0,87,9,13,17,60,0,0,86,75,97,74,0,0,11,10,53,0,0,1,3,46,4,0,0,24,19,22,0,0,79,73,78,0,0,12,14,47,15,16,0,0,45,5,59,58,77,0,0,18,48,21,23,25,0,0,31,29,27,30,33,32,0,0,92,62,28,26,34,0
0;pliki//100 lokacji//RC101.txt;300;50;swap;3;8043;7654.157055121959;2699.0033108486723;1244.109229328365;3711.0445149449215;5876.45909215131;2049.680958951264;748.2680598010049;3078.5100733990407;22;300025.8814;0,68,55,70,100,0,0,94,50,80,0,0,69,98,88,90,0,0,65,66,83,64,85,84,56,0,0,82,99,52,57,24,20,0,0,91,95,67,93,96,0,0,61,42,44,43,35,54,0,0,2,8,7,6,0,0,71,38,40,0,0,81,72,39,36,37,41,0,0,63,89,76,51,0,0,87,9,13,17,60,0,0,86,75,97,74,0,0,11,10,53,0,0,1,3,46,4,0,0,22,19,49,0,0,79,73,78,0,0,12,14,47,15,16,0,0,45,5,59,58,77,0,0,18,48,21,23,25,0,0,31,29,27,30,33,32,0,0,92,62,28,26,34,0
0;pliki//100 lokacji//RC101.txt;300;50;swap;3;8044;7654.157055121959;2699.0033108486723;1244.109229328365;3711.0445149449215;5876.45909215131;2049.680958951264;748.2680598010049;3078.5100733990407;22;300051.8789;0,68,55,70,100,0,0,94,50,80,0,0,69,98,88,90,0,0,65,66,83,64,85,84,56,0,0,82,99,52,57,24,20,0,0,91,95,67,93,96,0,0,61,42,44,43,35,54,0,0,2,8,7,6,0,0,71,38,40,0,0,81,72,39,36,37,41,0,0,63,89,76,51,0,0,87,9,13,17,60,0,0,86,75,97,74,0,0,11,10,53,0,0,1,3,46,4,0,0,22,19,49,0,0,79,73,78,0,0,12,14,47,15,16,0,0,45,5,59,58,77,0,0,18,48,21,23,25,0,0,31,29,27,30,33,32,0,0,92,62,28,26,34,0
0;pliki//100 lokacji//RC101.txt;300;50;invert;3;8042;7654.157055121959;2699.0033108486723;1244.109229328365;3711.0445149449215;6808.108500665296;2340.522980362339;1097.3636060994538;3370.2219142035024;23;300005.3437;0,14,47,12,9,99,0,0,57,74,75,97,0,0,81,62,31,28,33,50,0,0,61,39,37,5,45,4,0,0,69,98,88,60,0,0,7,6,100,70,0,0,83,64,20,21,25,77,52,0,0,93,94,66,0,0,10,11,0,0,56,84,51,85,89,49,24,0,0,90,87,58,19,0,0,80,92,63,26,34,0,0,65,86,15,68,0,0,40,1,46,0,0,72,36,35,43,0,0,3,8,2,0,0,53,78,73,79,0,0,59,13,16,17,82,0,0,91,95,67,0,0,22,23,48,0,0,42,44,38,41,54,0,0,29,27,30,32,71,96,0,0,76,18,55,0
0;pliki//100 lokacji//RC101.txt;300;50;invert;3;8043;7654.157055121959;2699.0033108486723;1244.109229328365;3711.0445149449215;6882.93310495122;2396.2189156358345;1053.8982005477528;3432.8159887676334;23;300124.8928;0,2,7,6,48,30,0,0,83,52,58,97,59,0,0,12,15,10,53,0,0,98,60,8,1,68,0,0,14,17,16,13,9,0,0,36,37,81,0,0,71,67,28,84,64,56,91,0,0,72,40,43,41,0,0,4,45,79,73,0,0,75,19,20,25,80,0,0,22,18,0,0,29,27,32,33,50,62,0,0,65,86,74,87,0,0,61,42,44,35,38,39,0,0,54,96,0,0,11,47,88,0,0,90,57,89,93,94,0,0,70,100,55,0,0,3,5,46,78,0,0,31,26,34,0,0,82,99,77,23,21,49,24,0,0,92,85,63,76,51,66,0,0,95,69,0
0;pliki//100 lokacji//RC101.txt;300;50;invert;3;8044;7654.157055121959;2699.0033108486723;1244.109229328365;3711.0445149449215;6901.607973603412;2371.0154998976936;1132.840834747437;3397.7516389582815;23;300073.7289;0,6,25,18,66,0,0,31,29,27,30,32,33,95,0,0,90,53,47,9,75,77,0,0,92,94,93,67,85,84,91,80,0,0,51,48,21,23,20,0,0,61,44,43,40,42,0,0,69,73,79,45,3,0,0,36,35,37,0,0,22,19,49,0,0,14,17,16,99,0,0,56,62,26,54,0,0,10,15,86,0,0,65,59,58,24,83,0,0,82,11,87,52,0,0,88,8,46,55,0,0,12,78,100,68,0,0,57,74,97,13,0,0,96,38,81,0,0,64,63,76,89,0,0,1,5,7,60,0,0,72,39,41,0,0,98,2,4,70,0,0,71,34,28,50,0
0;pliki//100 lokacji//RC101.txt;300;50;insert;3;8042;7654.157055121959;2699.0033108486723;1244.109229328365;3711.0445149449215;6204.0516655226165;2207.6455869789584;722.7917454633549;3273.614333080304;22;300059.3931;0,68,55,70,0,0,69,98,88,2,0,0,65,83,64,85,84,56,0,0,99,57,20,49,24,80,0,0,67,94,0,0,61,44,43,37,35,54,0,0,53,78,60,4,100,0,0,96,71,38,41,0,0,81,72,39,36,1,0,0,95,51,89,50,91,0,0,10,9,13,17,0,0,90,52,86,74,97,0,0,82,12,11,0,0,42,40,3,8,46,0,0,22,0,0,6,7,79,0,0,14,47,15,16,75,77,0,0,45,5,73,87,59,58,0,0,25,23,21,19,0,0,63,76,18,48,66,0,0,92,31,29,27,30,32,0,0,62,33,28,26,34,93,0
0;pliki//100 lokacji//RC101.txt;300;50;insert;3;8043;7654.157055121959;2699.0033108486723;1244.109229328365;3711.0445149449215;6204.0516655226165;2207.6455869789584;722.7917454633549;3273.614333080304;22;300086.079;0,68,55,70,0,0,69,98,88,2,0,0,65,83,64,85,84,56,0,0,99,57,20,49,24,80,0,0,67,94,0,0,61,44,43,37,35,54,0,0,53,78,60,4,100,0,0,96,71,38,41,0,0,81,72,39,36,1,0,0,95,51,89,50,91,0,0,10,9,13,17,0,0,90,52,86,74,97,0,0,82,12,11,0,0,42,40,3,8,46,0,0,22,0,0,6,7,79,0,0,14,47,15,16,75,77,0,0,45,5,73,87,59,58,0,0,25,23,21,19,0,0,63,76,18,48,66,0,0,92,31,29,27,30,32,0,0,62,33,28,26,34,93,0
0;pliki//100 lokacji//RC101.txt;300;50;insert;3;8044;7654.157055121959;2699.0033108486723;1244.109229328365;3711.0445149449215;6204.0516655226165;2207.6455869789584;722.7917454633549;3273.614333080304;22;300014.0955;0,68,55,70,0,0,69,98,88,2,0,0,65,83,64,85,84,56,0,0,99,57,20,49,24,80,0,0,67,94,0,0,61,44,43,37,35,54,0,0,53,78,60,4,100,0,0,96,71,38,41,0,0,81,72,39,36,1,0,0,95,51,89,50,91,0,0,10,9,13,17,0,0,90,52,86,74,97,0,0,82,12,11,0,0,42,40,3,8,46,0,0,22,0,0,6,7,79,0,0,14,47,15,16,75,77,0,0,45,5,73,87,59,58,0,0,25,23,21,19,0,0,63,76,18,48,66,0,0,92,31,29,27,30,32,0,0,62,33,28,26,34,93,0
