ScenarioId;Filename;Iterations;TabuSize;MutationType;Repeat;Seed;GreedyOjective;GreedyTotalCost;GreedyTotalPenalty;GreedyTotalVehicleOperationTime;Objective;TotalCost;TotalPenalty;TotalVehicleOperationTime;RoutesCount;DurationMs;GTR
0;pliki//100 lokacji//C201.txt;50;10;swap;3;1542;22718.714430035507;2898.0937847829045;7540.865038658179;12279.755606594425;21797.15259812087;2309.7087331036887;7436.869231948555;12050.574633068625;22;300467.0483;0,93,5,21,27,30,0,0,75,2,1,99,0,0,67,63,62,72,61,0,0,28,39,36,35,6,68,0,0,43,48,42,51,47,10,11,8,0,0,66,69,65,49,55,53,59,0,0,22,24,0,0,37,31,41,96,90,89,0,0,87,77,74,0,0,81,79,71,78,0,0,80,84,86,57,40,0,0,45,46,76,70,73,0,0,88,91,34,60,0,0,52,50,44,13,17,9,0,0,25,15,0,0,32,26,23,19,14,12,0,0,7,3,82,85,83,0,0,33,38,29,0,0,20,18,16,0,0,100,97,98,0,0,54,56,58,0,0,64,4,92,94,95,0
0;pliki//100 lokacji//C201.txt;50;10;swap;3;1543;22718.714430035507;2898.0937847829045;7540.865038658179;12279.755606594425;21797.15259812087;2309.7087331036887;7436.869231948555;12050.574633068625;22;300099.8158;0,93,5,21,27,30,0,0,75,2,1,99,0,0,67,63,62,72,61,0,0,28,39,36,35,6,68,0,0,43,48,42,51,47,10,11,8,0,0,66,69,65,49,55,53,59,0,0,22,24,0,0,37,31,41,96,90,89,0,0,87,77,74,0,0,81,79,71,78,0,0,80,84,86,57,40,0,0,45,46,76,70,73,0,0,88,91,34,60,0,0,52,50,44,13,17,9,0,0,25,15,0,0,32,26,23,19,14,12,0,0,7,3,82,85,83,0,0,33,38,29,0,0,20,18,16,0,0,100,97,98,0,0,54,56,58,0,0,64,4,92,94,95,0
0;pliki//100 lokacji//C201.txt;50;10;swap;3;1544;22718.714430035507;2898.0937847829045;7540.865038658179;12279.755606594425;21797.15259812087;2309.7087331036887;7436.869231948555;12050.574633068625;22;300041.9289;0,93,5,21,27,30,0,0,75,2,1,99,0,0,67,63,62,72,61,0,0,28,39,36,35,6,68,0,0,43,48,42,51,47,10,11,8,0,0,66,69,65,49,55,53,59,0,0,22,24,0,0,37,31,41,96,90,89,0,0,87,77,74,0,0,81,79,71,78,0,0,80,84,86,57,40,0,0,45,46,76,70,73,0,0,88,91,34,60,0,0,52,50,44,13,17,9,0,0,25,15,0,0,32,26,23,19,14,12,0,0,7,3,82,85,83,0,0,33,38,29,0,0,20,18,16,0,0,100,97,98,0,0,54,56,58,0,0,64,4,92,94,95,0
0;pliki//100 lokacji//C201.txt;50;10;invert;3;1542;22718.714430035507;2898.0937847829045;7540.865038658179;12279.755606594425;22509.629287785065;2348.762848678743;8230.028973841858;11930.837465264463;22;300063.7445;0,93,5,75,27,29,43,0,0,20,24,2,1,99,64,0,0,67,63,62,72,61,0,0,22,6,36,30,21,0,0,48,68,42,51,47,10,11,8,0,0,69,65,31,55,53,59,0,0,66,41,52,32,37,0,0,87,77,74,0,0,9,17,95,98,89,0,0,90,78,81,79,96,0,0,83,84,86,57,40,0,0,45,46,44,50,13,0,0,34,60,91,88,0,0,73,70,71,76,80,0,0,25,15,0,0,4,18,23,26,28,0,0,35,38,33,0,0,49,85,82,3,7,0,0,19,16,14,12,0,0,100,97,92,94,0,0,58,56,54,0,0,39,0
0;pliki//100 lokacji//C201.txt;50;10;invert;3;1543;22718.714430035507;2898.0937847829045;7540.865038658179;12279.755606594425;22491.27489324342;2273.977328736905;8342.028973841858;11875.268590664657;22;300085.4696;0,93,5,75,27,29,43,0,0,20,24,2,1,99,64,0,0,67,63,62,72,61,0,0,22,6,36,30,21,0,0,48,68,42,51,47,11,10,8,0,0,69,65,31,55,53,59,0,0,96,79,81,78,90,0,0,89,98,95,17,9,0,0,74,60,41,66,0,0,86,84,83,57,40,0,0,45,46,44,50,13,0,0,32,34,37,52,0,0,87,77,88,91,0,0,73,70,71,76,80,0,0,15,25,0,0,4,18,23,26,28,0,0,35,38,33,0,0,49,85,82,3,7,0,0,19,16,14,12,0,0,100,97,92,94,0,0,58,56,54,0,0,39,0
0;pliki//100 lokacji//C201.txt;50;10;invert;3;1544;22718.714430035507;2898.0937847829045;7540.865038658179;12279.755606594425;22509.629287785065;2348.762848678743;8230.028973841858;11930.837465264463;22;300130.277;0,93,5,75,27,29,43,0,0,20,24,2,1,99,64,0,0,67,63,62,72,61,0,0,22,6,36,30,21,0,0,48,68,42,51,47,10,11,8,0,0,69,65,31,55,53,59,0,0,66,41,52,32,37,0,0,87,77,74,0,0,9,17,95,98,89,0,0,90,78,81,79,96,0,0,83,84,86,57,40,0,0,45,46,44,50,13,0,0,34,60,91,88,0,0,73,70,71,76,80,0,0,25,15,0,0,4,18,23,26,28,0,0,35,38,33,0,0,49,85,82,3,7,0,0,19,16,14,12,0,0,100,97,92,94,0,0,58,56,54,0,0,39,0
0;pliki//100 lokacji//C201.txt;50;10;insert;3;1542;22718.714430035507;2898.0937847829045;7540.865038658179;12279.755606594425;22517.499331942676;2502.414167867275;7800.935251046523;12214.149913028878;22;300020.9656;0,93,5,75,0,0,20,24,2,1,99,0,0,67,63,62,72,61,0,0,22,21,27,0,0,48,43,42,51,47,10,11,8,0,0,69,65,31,55,53,59,0,0,66,6,32,36,37,0,0,41,64,68,96,90,98,0,0,87,77,74,0,0,81,79,78,9,17,0,0,89,84,86,40,57,0,0,45,46,76,70,73,0,0,88,91,34,60,0,0,50,44,13,83,71,80,0,0,25,15,0,0,30,29,28,26,23,14,12,0,0,82,85,49,0,0,33,38,35,0,0,18,19,16,0,0,100,97,94,52,39,0,0,58,56,54,0,0,4,92,95,3,7,0
0;pliki//100 lokacji//C201.txt;50;10;insert;3;1543;22718.714430035507;2898.0937847829045;7540.865038658179;12279.755606594425;22517.499331942676;2502.414167867275;7800.935251046523;12214.149913028878;22;300042.4567;0,93,5,75,0,0,20,24,2,1,99,0,0,67,63,62,72,61,0,0,22,21,27,0,0,48,43,42,51,47,10,11,8,0,0,69,65,31,55,53,59,0,0,66,6,32,36,37,0,0,41,64,68,96,90,98,0,0,87,77,74,0,0,81,79,78,9,17,0,0,89,84,86,40,57,0,0,45,46,76,70,73,0,0,88,91,34,60,0,0,50,44,13,83,71,80,0,0,25,15,0,0,30,29,28,26,23,14,12,0,0,82,85,49,0,0,33,38,35,0,0,18,19,16,0,0,100,97,94,52,39,0,0,58,56,54,0,0,4,92,95,3,7,0
0;pliki//100 lokacji//C201.txt;50;10;insert;3;1544;22718.714430035507;2898.0937847829045;7540.865038658179;12279.755606594425;22517.499331942676;2502.414167867275;7800.935251046523;12214.149913028878;22;300171.8774;0,93,5,75,0,0,20,24,2,1,99,0,0,67,63,62,72,61,0,0,22,21,27,0,0,48,43,42,51,47,10,11,8,0,0,69,65,31,55,53,59,0,0,66,6,32,36,37,0,0,41,64,68,96,90,98,0,0,87,77,74,0,0,81,79,78,9,17,0,0,89,84,86,40,57,0,0,45,46,76,70,73,0,0,88,91,34,60,0,0,50,44,13,83,71,80,0,0,25,15,0,0,30,29,28,26,23,14,12,0,0,82,85,49,0,0,33,38,35,0,0,18,19,16,0,0,100,97,94,52,39,0,0,58,56,54,0,0,4,92,95,3,7,0
0;pliki//100 lokacji//C201.txt;50;20;swap;3;2542;22718.714430035507;2898.0937847829045;7540.865038658179;12279.755606594425;21465.657617340996;2418.873977102482;6986.56214699116;12060.221493247354;22;300054.5981;0,93,5,75,27,29,0,0,22,24,2,1,99,0,0,67,63,62,72,61,0,0,30,6,50,68,0,0,43,48,42,51,47,10,11,8,0,0,66,69,65,49,55,53,59,0,0,39,38,37,31,0,0,78,96,90,9,0,0,87,77,74,0,0,21,52,79,81,17,0,0,84,86,60,57,0,0,45,46,76,71,73,0,0,89,88,91,34,36,0,0,13,44,40,80,70,0,0,25,15,0,0,20,28,26,23,19,14,12,0,0,7,3,82,85,83,0,0,33,35,32,0,0,18,16,0,0,100,97,94,98,0,0,58,56,54,0,0,41,64,4,92,95,0
0;pliki//100 lokacji//C201.txt;50;20;swap;3;2543;22718.714430035507;2898.0937847829045;7540.865038658179;12279.755606594425;21465.657617340996;2418.873977102482;6986.56214699116;12060.221493247354;22;300180.2394;0,93,5,75,27,29,0,0,22,24,2,1,99,0,0,67,63,62,72,61,0,0,30,6,50,68,0,0,43,48,42,51,47,10,11,8,0,0,66,69,65,49,55,53,59,0,0,39,38,37,31,0,0,78,96,90,9,0,0,87,77,74,0,0,21,52,79,81,17,0,0,84,86,60,57,0,0,45,46,76,71,73,0,0,89,88,91,34,36,0,0,13,44,40,80,70,0,0,25,15,0,0,20,28,26,23,19,14,12,0,0,7,3,82,85,83,0,0,33,35,32,0,0,18,16,0,0,100,97,94,98,0,0,58,56,54,0,0,41,64,4,92,95,0
0;pliki//100 lokacji//C201.txt;50;20;swap;3;2544;22718.714430035507;2898.0937847829045;7540.865038658179;12279.755606594425;21465.657617340996;2418.873977102482;6986.56214699116;12060.221493247354;22;300114.2026;0,93,5,75,27,29,0,0,22,24,2,1,99,0,0,67,63,62,72,61,0,0,30,6,50,68,0,0,43,48,42,51,47,10,11,8,0,0,66,69,65,49,55,53,59,0,0,39,38,37,31,0,0,78,96,90,9,0,0,87,77,74,0,0,21,52,79,81,17,0,0,84,86,60,57,0,0,45,46,76,71,73,0,0,89,88,91,34,36,0,0,13,44,40,80,70,0,0,25,15,0,0,20,28,26,23,19,14,12,0,0,7,3,82,85,83,0,0,33,35,32,0,0,18,16,0,0,100,97,94,98,0,0,58,56,54,0,0,41,64,4,92,95,0
0;pliki//100 lokacji//C201.txt;50;20;invert;3;2542;22718.714430035507;2898.0937847829045;7540.865038658179;12279.755606594425;22718.714430035507;2898.0937847829045;7540.865038658179;12279.755606594425;22;300071.7778;0,93,5,75,27,29,43,0,0,20,24,2,1,99,64,0,0,67,63,62,72,61,0,0,22,21,30,6,36,68,0,0,48,42,51,47,10,11,8,0,0,69,65,31,55,53,59,0,0,66,32,37,98,95,83,0,0,41,96,90,9,0,0,74,87,77,0,0,52,81,79,17,78,0,0,89,84,86,40,57,0,0,45,46,76,70,73,0,0,91,88,34,60,0,0,50,44,13,71,80,0,0,25,15,0,0,4,28,26,23,12,14,19,0,0,7,3,82,85,49,0,0,33,35,38,0,0,18,16,0,0,100,97,94,39,0,0,54,58,56,0,0,92,0
0;pliki//100 lokacji//C201.txt;50;20;invert;3;2543;22718.714430035507;2898.0937847829045;7540.865038658179;12279.755606594425;22718.714430035507;2898.0937847829045;7540.865038658179;12279.755606594425;22;300006.9875;0,93,5,75,27,29,43,0,0,20,24,2,1,99,64,0,0,67,63,62,72,61,0,0,22,21,30,6,36,68,0,0,48,42,51,47,10,11,8,0,0,69,65,31,55,53,59,0,0,66,32,37,98,95,83,0,0,41,96,90,9,0,0,74,87,77,0,0,52,81,79,17,78,0,0,89,84,86,40,57,0,0,45,46,76,70,73,0,0,91,88,34,60,0,0,50,44,13,71,80,0,0,25,15,0,0,4,28,26,23,12,14,19,0,0,7,3,82,85,49,0,0,33,35,38,0,0,18,16,0,0,100,97,94,39,0,0,54,58,56,0,0,92,0
0;pliki//100 lokacji//C201.txt;50;20;invert;3;2544;22718.714430035507;2898.0937847829045;7540.865038658179;12279.755606594425;22718.714430035507;2898.0937847829045;7540.865038658179;12279.755606594425;22;300024.6247;0,93,5,75,27,29,43,0,0,20,24,2,1,99,64,0,0,67,63,62,72,61,0,0,22,21,30,6,36,68,0,0,48,42,51,47,10,11,8,0,0,69,65,31,55,53,59,0,0,66,32,37,98,95,83,0,0,41,96,90,9,0,0,74,87,77,0,0,52,81,79,17,78,0,0,89,84,86,40,57,0,0,45,46,76,70,73,0,0,91,88,34,60,0,0,50,44,13,71,80,0,0,25,15,0,0,4,28,26,23,12,14,19,0,0,7,3,82,85,49,0,0,33,35,38,0,0,18,16,0,0,100,97,94,39,0,0,54,58,56,0,0,92,0
0;pliki//100 lokacji//C201.txt;50;20;insert;3;2542;22718.714430035507;2898.0937847829045;7540.865038658179;12279.755606594425;22240.82595143097;2513.7407873555703;7620.935251046523;12106.149913028878;22;300167.114;0,93,5,75,0,0,20,24,2,1,99,0,0,67,63,62,72,61,0,0,22,21,27,0,0,43,48,42,51,47,10,11,8,0,0,69,65,31,55,53,59,0,0,66,6,32,36,37,0,0,41,64,68,96,90,98,0,0,87,77,74,0,0,81,79,78,9,17,0,0,89,84,86,40,57,0,0,45,46,76,70,73,0,0,88,91,34,60,0,0,50,44,13,83,71,80,0,0,25,15,0,0,30,29,28,26,23,14,12,0,0,82,85,49,0,0,33,38,35,0,0,18,19,16,0,0,100,97,94,52,39,0,0,58,56,54,0,0,4,92,95,3,7,0
0;pliki//100 lokacji//C201.txt;50;20;insert;3;2543;22718.714430035507;2898.0937847829045;7540.865038658179;12279.755606594425;22240.82595143097;2513.7407873555703;7620.935251046523;12106.149913028878;22;300032.2785;0,93,5,75,0,0,20,24,2,1,99,0,0,67,63,62,72,61,0,0,22,21,27,0,0,43,48,42,51,47,10,11,8,0,0,69,65,31,55,53,59,0,0,66,6,32,36,37,0,0,41,64,68,96,90,98,0,0,87,77,74,0,0,81,79,78,9,17,0,0,89,84,86,40,57,0,0,45,46,76,70,73,0,0,88,91,34,60,0,0,50,44,13,83,71,80,0,0,25,15,0,0,30,29,28,26,23,14,12,0,0,82,85,49,0,0,33,38,35,0,0,18,19,16,0,0,100,97,94,52,39,0,0,58,56,54,0,0,4,92,95,3,7,0
0;pliki//100 lokacji//C201.txt;50;20;insert;3;2544;22718.714430035507;2898.0937847829045;7540.865038658179;12279.755606594425;22240.82595143097;2513.7407873555703;7620.935251046523;12106.149913028878;22;300062.5253;0,93,5,75,0,0,20,24,2,1,99,0,0,67,63,62,72,61,0,0,22,21,27,0,0,43,48,42,51,47,10,11,8,0,0,69,65,31,55,53,59,0,0,66,6,32,36,37,0,0,41,64,68,96,90,98,0,0,87,77,74,0,0,81,79,78,9,17,0,0,89,84,86,40,57,0,0,45,46,76,70,73,0,0,88,91,34,60,0,0,50,44,13,83,71,80,0,0,25,15,0,0,30,29,28,26,23,14,12,0,0,82,85,49,0,0,33,38,35,0,0,18,19,16,0,0,100,97,94,52,39,0,0,58,56,54,0,0,4,92,95,3,7,0
0;pliki//100 lokacji//C201.txt;50;30;swap;3;3542;22718.714430035507;2898.0937847829045;7540.865038658179;12279.755606594425;21465.657617340996;2418.873977102482;6986.56214699116;12060.221493247354;22;300052.622;0,93,5,75,27,29,0,0,22,24,2,1,99,0,0,67,63,62,72,61,0,0,30,6,50,68,0,0,43,48,42,51,47,10,11,8,0,0,66,69,65,49,55,53,59,0,0,39,38,37,31,0,0,78,96,90,9,0,0,87,77,74,0,0,21,52,79,81,17,0,0,84,86,60,57,0,0,45,46,76,71,73,0,0,89,88,91,34,36,0,0,13,44,40,80,70,0,0,25,15,0,0,20,28,26,23,19,14,12,0,0,7,3,82,85,83,0,0,33,35,32,0,0,18,16,0,0,100,97,94,98,0,0,58,56,54,0,0,41,64,4,92,95,0
0;pliki//100 lokacji//C201.txt;50;30;swap;3;3543;22718.714430035507;2898.0937847829045;7540.865038658179;12279.755606594425;21465.657617340996;2418.873977102482;6986.56214699116;12060.221493247354;22;300148.177;0,93,5,75,27,29,0,0,22,24,2,1,99,0,0,67,63,62,72,61,0,0,30,6,50,68,0,0,43,48,42,51,47,10,11,8,0,0,66,69,65,49,55,53,59,0,0,39,38,37,31,0,0,78,96,90,9,0,0,87,77,74,0,0,21,52,79,81,17,0,0,84,86,60,57,0,0,45,46,76,71,73,0,0,89,88,91,34,36,0,0,13,44,40,80,70,0,0,25,15,0,0,20,28,26,23,19,14,12,0,0,7,3,82,85,83,0,0,33,35,32,0,0,18,16,0,0,100,97,94,98,0,0,58,56,54,0,0,41,64,4,92,95,0
0;pliki//100 lokacji//C201.txt;50;30;swap;3;3544;22718.714430035507;2898.0937847829045;7540.865038658179;12279.755606594425;21465.657617340996;2418.873977102482;6986.56214699116;12060.221493247354;22;300080.3313;0,93,5,75,27,29,0,0,22,24,2,1,99,0,0,67,63,62,72,61,0,0,30,6,50,68,0,0,43,48,42,51,47,10,11,8,0,0,66,69,65,49,55,53,59,0,0,39,38,37,31,0,0,78,96,90,9,0,0,87,77,74,0,0,21,52,79,81,17,0,0,84,86,60,57,0,0,45,46,76,71,73,0,0,89,88,91,34,36,0,0,13,44,40,80,70,0,0,25,15,0,0,20,28,26,23,19,14,12,0,0,7,3,82,85,83,0,0,33,35,32,0,0,18,16,0,0,100,97,94,98,0,0,58,56,54,0,0,41,64,4,92,95,0
0;pliki//100 lokacji//C201.txt;50;30;invert;3;3542;22718.714430035507;2898.0937847829045;7540.865038658179;12279.755606594425;22718.714430035507;2898.0937847829045;7540.865038658179;12279.755606594425;22;300087.7629;0,93,5,75,27,29,43,0,0,20,24,2,1,99,64,0,0,67,63,62,72,61,0,0,22,21,30,6,36,68,0,0,48,42,51,47,10,11,8,0,0,69,65,31,55,53,59,0,0,66,32,37,98,95,83,0,0,41,96,90,9,0,0,74,87,77,0,0,52,81,79,17,78,0,0,89,84,86,40,57,0,0,45,46,76,70,73,0,0,91,88,34,60,0,0,50,44,13,71,80,0,0,25,15,0,0,4,28,26,23,12,14,19,0,0,7,3,82,85,49,0,0,33,35,38,0,0,18,16,0,0,100,97,94,39,0,0,54,58,56,0,0,92,0
0;pliki//100 lokacji//C201.txt;50;30;invert;3;3543;22718.714430035507;2898.0937847829045;7540.865038658179;12279.755606594425;22718.714430035507;2898.0937847829045;7540.865038658179;12279.755606594425;22;300060.6737;0,93,5,75,27,29,43,0,0,20,24,2,1,99,64,0,0,67,63,62,72,61,0,0,22,21,30,6,36,68,0,0,48,42,51,47,10,11,8,0,0,69,65,31,55,53,59,0,0,66,32,37,98,95,83,0,0,41,96,90,9,0,0,74,87,77,0,0,52,81,79,17,78,0,0,89,84,86,40,57,0,0,45,46,76,70,73,0,0,91,88,34,60,0,0,50,44,13,71,80,0,0,25,15,0,0,4,28,26,23,12,14,19,0,0,7,3,82,85,49,0,0,33,35,38,0,0,18,16,0,0,100,97,94,39,0,0,54,58,56,0,0,92,0
0;pliki//100 lokacji//C201.txt;50;30;invert;3;3544;22718.714430035507;2898.0937847829045;7540.865038658179;12279.755606594425;22718.714430035507;2898.0937847829045;7540.865038658179;12279.755606594425;22;300125.9502;0,93,5,75,27,29,43,0,0,20,24,2,1,99,64,0,0,67,63,62,72,61,0,0,22,21,30,6,36,68,0,0,48,42,51,47,10,11,8,0,0,69,65,31,55,53,59,0,0,66,32,37,98,95,83,0,0,41,96,90,9,0,0,74,87,77,0,0,52,81,79,17,78,0,0,89,84,86,40,57,0,0,45,46,76,70,73,0,0,91,88,34,60,0,0,50,44,13,71,80,0,0,25,15,0,0,4,28,26,23,12,14,19,0,0,7,3,82,85,49,0,0,33,35,38,0,0,18,16,0,0,100,97,94,39,0,0,54,58,56,0,0,92,0
0;pliki//100 lokacji//C201.txt;50;30;insert;3;3542;22718.714430035507;2898.0937847829045;7540.865038658179;12279.755606594425;22240.82595143097;2513.7407873555703;7620.935251046523;12106.149913028878;22;300025.3699;0,93,5,75,0,0,20,24,2,1,99,0,0,67,63,62,72,61,0,0,22,21,27,0,0,43,48,42,51,47,10,11,8,0,0,69,65,31,55,53,59,0,0,66,6,32,36,37,0,0,41,64,68,96,90,98,0,0,87,77,74,0,0,81,79,78,9,17,0,0,89,84,86,40,57,0,0,45,46,76,70,73,0,0,88,91,34,60,0,0,50,44,13,83,71,80,0,0,25,15,0,0,30,29,28,26,23,14,12,0,0,82,85,49,0,0,33,38,35,0,0,18,19,16,0,0,100,97,94,52,39,0,0,58,56,54,0,0,4,92,95,3,7,0
0;pliki//100 lokacji//C201.txt;50;30;insert;3;3543;22718.714430035507;2898.0937847829045;7540.865038658179;12279.755606594425;22240.82595143097;2513.7407873555703;7620.935251046523;12106.149913028878;22;300015.5034;0,93,5,75,0,0,20,24,2,1,99,0,0,67,63,62,72,61,0,0,22,21,27,0,0,43,48,42,51,47,10,11,8,0,0,69,65,31,55,53,59,0,0,66,6,32,36,37,0,0,41,64,68,96,90,98,0,0,87,77,74,0,0,81,79,78,9,17,0,0,89,84,86,40,57,0,0,45,46,76,70,73,0,0,88,91,34,60,0,0,50,44,13,83,71,80,0,0,25,15,0,0,30,29,28,26,23,14,12,0,0,82,85,49,0,0,33,38,35,0,0,18,19,16,0,0,100,97,94,52,39,0,0,58,56,54,0,0,4,92,95,3,7,0
0;pliki//100 lokacji//C201.txt;50;30;insert;3;3544;22718.714430035507;2898.0937847829045;7540.865038658179;12279.755606594425;22240.82595143097;2513.7407873555703;7620.935251046523;12106.149913028878;22;300147.2837;0,93,5,75,0,0,20,24,2,1,99,0,0,67,63,62,72,61,0,0,22,21,27,0,0,43,48,42,51,47,10,11,8,0,0,69,65,31,55,53,59,0,0,66,6,32,36,37,0,0,41,64,68,96,90,98,0,0,87,77,74,0,0,81,79,78,9,17,0,0,89,84,86,40,57,0,0,45,46,76,70,73,0,0,88,91,34,60,0,0,50,44,13,83,71,80,0,0,25,15,0,0,30,29,28,26,23,14,12,0,0,82,85,49,0,0,33,38,35,0,0,18,19,16,0,0,100,97,94,52,39,0,0,58,56,54,0,0,4,92,95,3,7,0
0;pliki//100 lokacji//C201.txt;50;40;swap;3;4542;22718.714430035507;2898.0937847829045;7540.865038658179;12279.755606594425;19614.6561775737;2184.485467098604;5825.728588314983;11604.44212216011;25;300100.7366;0,50,6,32,65,49,55,0,0,86,88,7,89,0,0,51,59,53,54,0,0,67,63,62,0,0,10,81,80,79,96,0,0,74,0,0,21,40,57,60,44,0,0,9,15,28,0,0,56,58,31,52,0,0,5,75,2,1,0,0,11,25,47,43,41,42,0,0,22,24,27,30,29,0,0,87,90,84,0,0,98,94,95,3,4,91,0,0,20,33,35,0,0,26,34,36,0,0,77,76,71,73,70,0,0,13,23,18,17,0,0,38,37,39,0,0,93,0,0,8,19,14,46,45,48,0,0,78,85,82,83,0,0,99,100,97,92,0,0,72,61,64,68,66,69,0,0,16,12,0
0;pliki//100 lokacji//C201.txt;50;40;swap;3;4543;22718.714430035507;2898.0937847829045;7540.865038658179;12279.755606594425;21465.657617340996;2418.873977102482;6986.56214699116;12060.221493247354;22;300018.9675;0,93,5,75,27,29,0,0,22,24,2,1,99,0,0,67,63,62,72,61,0,0,30,6,50,68,0,0,43,48,42,51,47,10,11,8,0,0,66,69,65,49,55,53,59,0,0,39,38,37,31,0,0,78,96,90,9,0,0,87,77,74,0,0,21,52,79,81,17,0,0,84,86,60,57,0,0,45,46,76,71,73,0,0,89,88,91,34,36,0,0,13,44,40,80,70,0,0,25,15,0,0,20,28,26,23,19,14,12,0,0,7,3,82,85,83,0,0,33,35,32,0,0,18,16,0,0,100,97,94,98,0,0,58,56,54,0,0,41,64,4,92,95,0
0;pliki//100 lokacji//C201.txt;50;40;swap;3;4544;22718.714430035507;2898.0937847829045;7540.865038658179;12279.755606594425;21465.657617340996;2418.873977102482;6986.56214699116;12060.221493247354;22;300063.9677;0,93,5,75,27,29,0,0,22,24,2,1,99,0,0,67,63,62,72,61,0,0,30,6,50,68,0,0,43,48,42,51,47,10,11,8,0,0,66,69,65,49,55,53,59,0,0,39,38,37,31,0,0,78,96,90,9,0,0,87,77,74,0,0,21,52,79,81,17,0,0,84,86,60,57,0,0,45,46,76,71,73,0,0,89,88,91,34,36,0,0,13,44,40,80,70,0,0,25,15,0,0,20,28,26,23,19,14,12,0,0,7,3,82,85,83,0,0,33,35,32,0,0,18,16,0,0,100,97,94,98,0,0,58,56,54,0,0,41,64,4,92,95,0
0;pliki//100 lokacji//C201.txt;50;40;invert;3;4542;22718.714430035507;2898.0937847829045;7540.865038658179;12279.755606594425;22718.714430035507;2898.0937847829045;7540.865038658179;12279.755606594425;22;300107.9967;0,93,5,75,27,29,43,0,0,20,24,2,1,99,64,0,0,67,63,62,72,61,0,0,22,21,30,6,36,68,0,0,48,42,51,47,10,11,8,0,0,69,65,31,55,53,59,0,0,66,32,37,98,95,83,0,0,41,96,90,9,0,0,74,87,77,0,0,52,81,79,17,78,0,0,89,84,86,40,57,0,0,45,46,76,70,73,0,0,91,88,34,60,0,0,50,44,13,71,80,0,0,25,15,0,0,4,28,26,23,12,14,19,0,0,7,3,82,85,49,0,0,33,35,38,0,0,18,16,0,0,100,97,94,39,0,0,54,58,56,0,0,92,0
0;pliki//100 lokacji//C201.txt;50;40;invert;3;4543;22718.714430035507;2898.0937847829045;7540.865038658179;12279.755606594425;22718.714430035507;2898.0937847829045;7540.865038658179;12279.755606594425;22;300112.2983;0,93,5,75,27,29,43,0,0,20,24,2,1,99,64,0,0,67,63,62,72,61,0,0,22,21,30,6,36,68,0,0,48,42,51,47,10,11,8,0,0,69,65,31,55,53,59,0,0,66,32,37,98,95,83,0,0,41,96,90,9,0,0,74,87,77,0,0,52,81,79,17,78,0,0,89,84,86,40,57,0,0,45,46,76,70,73,0,0,91,88,34,60,0,0,50,44,13,71,80,0,0,25,15,0,0,4,28,26,23,12,14,19,0,0,7,3,82,85,49,0,0,33,35,38,0,0,18,16,0,0,100,97,94,39,0,0,54,58,56,0,0,92,0
0;pliki//100 lokacji//C201.txt;50;40;invert;3;4544;22718.714430035507;2898.0937847829045;7540.865038658179;12279.755606594425;22718.714430035507;2898.0937847829045;7540.865038658179;12279.755606594425;22;301078.8854;0,93,5,75,27,29,43,0,0,20,24,2,1,99,64,0,0,67,63,62,72,61,0,0,22,21,30,6,36,68,0,0,48,42,51,47,10,11,8,0,0,69,65,31,55,53,59,0,0,66,32,37,98,95,83,0,0,41,96,90,9,0,0,74,87,77,0,0,52,81,79,17,78,0,0,89,84,86,40,57,0,0,45,46,76,70,73,0,0,91,88,34,60,0,0,50,44,13,71,80,0,0,25,15,0,0,4,28,26,23,12,14,19,0,0,7,3,82,85,49,0,0,33,35,38,0,0,18,16,0,0,100,97,94,39,0,0,54,58,56,0,0,92,0
0;pliki//100 lokacji//C201.txt;50;40;insert;3;4542;22718.714430035507;2898.0937847829045;7540.865038658179;12279.755606594425;22240.82595143097;2513.7407873555703;7620.935251046523;12106.149913028878;22;300037.576;0,93,5,75,0,0,20,24,2,1,99,0,0,67,63,62,72,61,0,0,22,21,27,0,0,43,48,42,51,47,10,11,8,0,0,69,65,31,55,53,59,0,0,66,6,32,36,37,0,0,41,64,68,96,90,98,0,0,87,77,74,0,0,81,79,78,9,17,0,0,89,84,86,40,57,0,0,45,46,76,70,73,0,0,88,91,34,60,0,0,50,44,13,83,71,80,0,0,25,15,0,0,30,29,28,26,23,14,12,0,0,82,85,49,0,0,33,38,35,0,0,18,19,16,0,0,100,97,94,52,39,0,0,58,56,54,0,0,4,92,95,3,7,0
0;pliki//100 lokacji//C201.txt;50;40;insert;3;4543;22718.714430035507;2898.0937847829045;7540.865038658179;12279.755606594425;22240.82595143097;2513.7407873555703;7620.935251046523;12106.149913028878;22;300047.4051;0,93,5,75,0,0,20,24,2,1,99,0,0,67,63,62,72,61,0,0,22,21,27,0,0,43,48,42,51,47,10,11,8,0,0,69,65,31,55,53,59,0,0,66,6,32,36,37,0,0,41,64,68,96,90,98,0,0,87,77,74,0,0,81,79,78,9,17,0,0,89,84,86,40,57,0,0,45,46,76,70,73,0,0,88,91,34,60,0,0,50,44,13,83,71,80,0,0,25,15,0,0,30,29,28,26,23,14,12,0,0,82,85,49,0,0,33,38,35,0,0,18,19,16,0,0,100,97,94,52,39,0,0,58,56,54,0,0,4,92,95,3,7,0
0;pliki//100 lokacji//C201.txt;50;40;insert;3;4544;22718.714430035507;2898.0937847829045;7540.865038658179;12279.755606594425;22240.82595143097;2513.7407873555703;7620.935251046523;12106.149913028878;22;300096.4928;0,93,5,75,0,0,20,24,2,1,99,0,0,67,63,62,72,61,0,0,22,21,27,0,0,43,48,42,51,47,10,11,8,0,0,69,65,31,55,53,59,0,0,66,6,32,36,37,0,0,41,64,68,96,90,98,0,0,87,77,74,0,0,81,79,78,9,17,0,0,89,84,86,40,57,0,0,45,46,76,70,73,0,0,88,91,34,60,0,0,50,44,13,83,71,80,0,0,25,15,0,0,30,29,28,26,23,14,12,0,0,82,85,49,0,0,33,38,35,0,0,18,19,16,0,0,100,97,94,52,39,0,0,58,56,54,0,0,4,92,95,3,7,0
0;pliki//100 lokacji//C201.txt;50;50;swap;3;5542;22718.714430035507;2898.0937847829045;7540.865038658179;12279.755606594425;20545.62118272184;2340.616043195603;6244.882240521794;11960.122899004442;26;300083.86;0,96,86,60,40,0,0,57,49,56,53,0,0,90,76,81,43,48,0,0,19,17,12,14,45,0,0,21,25,10,11,0,0,4,92,84,82,83,0,0,79,71,70,73,80,0,0,20,38,33,0,0,72,61,64,51,44,65,0,0,91,88,55,58,0,0,94,95,98,3,7,89,0,0,52,6,35,32,0,0,16,50,13,0,0,22,24,27,30,29,0,0,28,36,34,0,0,15,23,18,0,0,63,0,0,87,77,85,78,0,0,67,62,74,0,0,5,75,2,0,0,59,54,0,0,31,37,39,26,9,0,0,46,68,66,69,0,0,1,99,100,97,0,0,8,47,42,41,0,0,93,0
0;pliki//100 lokacji//C201.txt;50;50;swap;3;5543;22718.714430035507;2898.0937847829045;7540.865038658179;12279.755606594425;21465.657617340996;2418.873977102482;6986.56214699116;12060.221493247354;22;300095.5139;0,93,5,75,27,29,0,0,22,24,2,1,99,0,0,67,63,62,72,61,0,0,30,6,50,68,0,0,43,48,42,51,47,10,11,8,0,0,66,69,65,49,55,53,59,0,0,39,38,37,31,0,0,78,96,90,9,0,0,87,77,74,0,0,21,52,79,81,17,0,0,84,86,60,57,0,0,45,46,76,71,73,0,0,89,88,91,34,36,0,0,13,44,40,80,70,0,0,25,15,0,0,20,28,26,23,19,14,12,0,0,7,3,82,85,83,0,0,33,35,32,0,0,18,16,0,0,100,97,94,98,0,0,58,56,54,0,0,41,64,4,92,95,0
0;pliki//100 lokacji//C201.txt;50;50;swap;3;5544;22718.714430035507;2898.0937847829045;7540.865038658179;12279.755606594425;21465.657617340996;2418.873977102482;6986.56214699116;12060.221493247354;22;300060.7154;0,93,5,75,27,29,0,0,22,24,2,1,99,0,0,67,63,62,72,61,0,0,30,6,50,68,0,0,43,48,42,51,47,10,11,8,0,0,66,69,65,49,55,53,59,0,0,39,38,37,31,0,0,78,96,90,9,0,0,87,77,74,0,0,21,52,79,81,17,0,0,84,86,60,57,0,0,45,46,76,71,73,0,0,89,88,91,34,36,0,0,13,44,40,80,70,0,0,25,15,0,0,20,28,26,23,19,14,12,0,0,7,3,82,85,83,0,0,33,35,32,0,0,18,16,0,0,100,97,94,98,0,0,58,56,54,0,0,41,64,4,92,95,0
0;pliki//100 lokacji//C201.txt;50;50;invert;3;5542;22718.714430035507;2898.0937847829045;7540.865038658179;12279.755606594425;22718.714430035507;2898.0937847829045;7540.865038658179;12279.755606594425;22;300129.8447;0,93,5,75,27,29,43,0,0,20,24,2,1,99,64,0,0,67,63,62,72,61,0,0,22,21,30,6,36,68,0,0,48,42,51,47,10,11,8,0,0,69,65,31,55,53,59,0,0,66,32,37,98,95,83,0,0,41,96,90,9,0,0,74,87,77,0,0,52,81,79,17,78,0,0,89,84,86,40,57,0,0,45,46,76,70,73,0,0,91,88,34,60,0,0,50,44,13,71,80,0,0,25,15,0,0,4,28,26,23,12,14,19,0,0,7,3,82,85,49,0,0,33,35,38,0,0,18,16,0,0,100,97,94,39,0,0,54,58,56,0,0,92,0
0;pliki//100 lokacji//C201.txt;50;50;invert;3;5543;22718.714430035507;2898.0937847829045;7540.865038658179;12279.755606594425;22718.714430035507;2898.0937847829045;7540.865038658179;12279.755606594425;22;300023.8131;0,93,5,75,27,29,43,0,0,20,24,2,1,99,64,0,0,67,63,62,72,61,0,0,22,21,30,6,36,68,0,0,48,42,51,47,10,11,8,0,0,69,65,31,55,53,59,0,0,66,32,37,98,95,83,0,0,41,96,90,9,0,0,74,87,77,0,0,52,81,79,17,78,0,0,89,84,86,40,57,0,0,45,46,76,70,73,0,0,91,88,34,60,0,0,50,44,13,71,80,0,0,25,15,0,0,4,28,26,23,12,14,19,0,0,7,3,82,85,49,0,0,33,35,38,0,0,18,16,0,0,100,97,94,39,0,0,54,58,56,0,0,92,0
0;pliki//100 lokacji//C201.txt;50;50;invert;3;5544;22718.714430035507;2898.0937847829045;7540.865038658179;12279.755606594425;22718.714430035507;2898.0937847829045;7540.865038658179;12279.755606594425;22;300030.839;0,93,5,75,27,29,43,0,0,20,24,2,1,99,64,0,0,67,63,62,72,61,0,0,22,21,30,6,36,68,0,0,48,42,51,47,10,11,8,0,0,69,65,31,55,53,59,0,0,66,32,37,98,95,83,0,0,41,96,90,9,0,0,74,87,77,0,0,52,81,79,17,78,0,0,89,84,86,40,57,0,0,45,46,76,70,73,0,0,91,88,34,60,0,0,50,44,13,71,80,0,0,25,15,0,0,4,28,26,23,12,14,19,0,0,7,3,82,85,49,0,0,33,35,38,0,0,18,16,0,0,100,97,94,39,0,0,54,58,56,0,0,92,0
0;pliki//100 lokacji//C201.txt;50;50;insert;3;5542;22718.714430035507;2898.0937847829045;7540.865038658179;12279.755606594425;22240.82595143097;2513.7407873555703;7620.935251046523;12106.149913028878;22;300155.7951;0,93,5,75,0,0,20,24,2,1,99,0,0,67,63,62,72,61,0,0,22,21,27,0,0,43,48,42,51,47,10,11,8,0,0,69,65,31,55,53,59,0,0,66,6,32,36,37,0,0,41,64,68,96,90,98,0,0,87,77,74,0,0,81,79,78,9,17,0,0,89,84,86,40,57,0,0,45,46,76,70,73,0,0,88,91,34,60,0,0,50,44,13,83,71,80,0,0,25,15,0,0,30,29,28,26,23,14,12,0,0,82,85,49,0,0,33,38,35,0,0,18,19,16,0,0,100,97,94,52,39,0,0,58,56,54,0,0,4,92,95,3,7,0
0;pliki//100 lokacji//C201.txt;50;50;insert;3;5543;22718.714430035507;2898.0937847829045;7540.865038658179;12279.755606594425;22240.82595143097;2513.7407873555703;7620.935251046523;12106.149913028878;22;300105.2676;0,93,5,75,0,0,20,24,2,1,99,0,0,67,63,62,72,61,0,0,22,21,27,0,0,43,48,42,51,47,10,11,8,0,0,69,65,31,55,53,59,0,0,66,6,32,36,37,0,0,41,64,68,96,90,98,0,0,87,77,74,0,0,81,79,78,9,17,0,0,89,84,86,40,57,0,0,45,46,76,70,73,0,0,88,91,34,60,0,0,50,44,13,83,71,80,0,0,25,15,0,0,30,29,28,26,23,14,12,0,0,82,85,49,0,0,33,38,35,0,0,18,19,16,0,0,100,97,94,52,39,0,0,58,56,54,0,0,4,92,95,3,7,0
0;pliki//100 lokacji//C201.txt;50;50;insert;3;5544;22718.714430035507;2898.0937847829045;7540.865038658179;12279.755606594425;22240.82595143097;2513.7407873555703;7620.935251046523;12106.149913028878;22;300101.4291;0,93,5,75,0,0,20,24,2,1,99,0,0,67,63,62,72,61,0,0,22,21,27,0,0,43,48,42,51,47,10,11,8,0,0,69,65,31,55,53,59,0,0,66,6,32,36,37,0,0,41,64,68,96,90,98,0,0,87,77,74,0,0,81,79,78,9,17,0,0,89,84,86,40,57,0,0,45,46,76,70,73,0,0,88,91,34,60,0,0,50,44,13,83,71,80,0,0,25,15,0,0,30,29,28,26,23,14,12,0,0,82,85,49,0,0,33,38,35,0,0,18,19,16,0,0,100,97,94,52,39,0,0,58,56,54,0,0,4,92,95,3,7,0
0;pliki//100 lokacji//C201.txt;100;10;swap;3;2042;22718.714430035507;2898.0937847829045;7540.865038658179;12279.755606594425;20896.1497877384;2067.1952499442273;7393.505291650388;11435.449246143784;25;300024.8416;0,76,85,82,83,84,86,0,0,49,65,31,26,19,9,11,10,0,0,59,56,54,69,0,0,47,42,41,43,48,0,0,92,94,95,98,0,0,5,75,2,0,0,67,62,74,0,0,77,71,70,73,79,0,0,20,24,27,33,35,50,0,0,52,51,44,60,57,40,0,0,30,29,6,32,0,0,16,23,14,12,0,0,36,39,38,34,0,0,91,7,88,89,0,0,66,72,61,64,68,46,0,0,4,3,55,53,58,0,0,96,80,81,78,0,0,21,25,8,0,0,63,0,0,13,17,18,45,0,0,15,28,37,0,0,87,90,0,0,22,0,0,93,0,0,1,99,97,100,0
0;pliki//100 lokacji//C201.txt;100;10;swap;3;2043;22718.714430035507;2898.0937847829045;7540.865038658179;12279.755606594425;21012.093149148597;2186.52090757816;7054.663949326916;11770.90829224352;25;300301.9927;0,64,56,60,31,37,0,0,3,92,95,98,7,0,0,25,23,19,14,12,11,0,0,67,63,0,0,93,0,0,62,74,72,61,0,0,44,55,54,53,0,0,86,84,0,0,96,71,70,73,79,0,0,8,10,0,0,35,33,32,0,0,41,80,81,77,87,0,0,17,18,21,0,0,99,100,13,9,65,49,0,0,22,24,27,0,0,4,94,97,50,51,0,0,59,58,57,40,0,0,52,34,36,15,0,0,20,38,39,30,0,0,78,85,82,83,76,0,0,88,90,91,89,0,0,16,28,26,0,0,29,6,68,66,69,0,0,5,75,2,1,0,0,47,46,45,42,43,48,0
0;pliki//100 lokacji//C201.txt;100;10;swap;3;2044;22718.714430035507;2898.0937847829045;7540.865038658179;12279.755606594425;20553.274949638435;2039.7947663956077;6784.269155139361;11729.211028103466;24;300179.2409;0,22,24,27,29,6,0,0,2,1,99,19,9,0,0,8,23,26,28,0,0,82,85,78,65,49,0,0,60,55,39,38,36,0,0,16,12,11,10,0,0,92,94,95,98,0,0,93,5,75,0,0,59,58,57,40,0,0,47,52,51,42,48,0,0,25,18,17,0,0,67,63,62,0,0,80,73,70,76,79,96,0,0,20,33,34,30,0,0,90,88,84,86,0,0,77,83,71,81,0,0,50,32,35,37,31,0,0,21,64,68,66,69,0,0,91,100,97,0,0,56,53,54,0,0,43,45,44,46,41,0,0,87,4,3,7,89,0,0,74,72,61,0,0,13,15,14,0
0;pliki//100 lokacji//C201.txt;100;10;invert;3;2042;22718.714430035507;2898.0937847829045;7540.865038658179;12279.755606594425;22509.629287785065;2348.762848678743;8230.028973841858;11930.837465264463;22;300048.1112;0,93,5,75,27,29,43,0,0,20,24,2,1,99,64,0,0,67,63,62,72,61,0,0,22,6,36,30,21,0,0,48,68,42,51,47,10,11,8,0,0,69,65,31,55,53,59,0,0,66,41,52,32,37,0,0,87,77,74,0,0,9,17,95,98,89,0,0,90,78,81,79,96,0,0,83,84,86,57,40,0,0,45,46,44,50,13,0,0,34,60,91,88,0,0,73,70,71,76,80,0,0,25,15,0,0,4,18,23,26,28,0,0,35,38,33,0,0,49,85,82,3,7,0,0,19,16,14,12,0,0,100,97,92,94,0,0,58,56,54,0,0,39,0
0;pliki//100 lokacji//C201.txt;100;10;invert;3;2043;22718.714430035507;2898.0937847829045;7540.865038658179;12279.755606594425;22509.629287785065;2348.762848678743;8230.028973841858;11930.837465264463;22;300107.7349;0,93,5,75,27,29,43,0,0,20,24,2,1,99,64,0,0,67,63,62,72,61,0,0,22,6,36,30,21,0,0,48,68,42,51,47,10,11,8,0,0,69,65,31,55,53,59,0,0,66,41,52,32,37,0,0,87,77,74,0,0,9,17,95,98,89,0,0,90,78,81,79,96,0,0,83,84,86,57,40,0,0,45,46,44,50,13,0,0,34,60,91,88,0,0,73,70,71,76,80,0,0,25,15,0,0,4,18,23,26,28,0,0,35,38,33,0,0,49,85,82,3,7,0,0,19,16,14,12,0,0,100,97,92,94,0,0,58,56,54,0,0,39,0
0;pliki//100 lokacji//C201.txt;100;10;invert;3;2044;22718.714430035507;2898.0937847829045;7540.865038658179;12279.755606594425;22509.629287785065;2348.762848678743;8230.028973841858;11930.837465264463;22;300152.5545;0,93,5,75,27,29,43,0,0,20,24,2,1,99,64,0,0,67,63,62,72,61,0,0,22,6,36,30,21,0,0,48,68,42,51,47,10,11,8,0,0,69,65,31,55,53,59,0,0,66,41,52,32,37,0,0,87,77,74,0,0,9,17,95,98,89,0,0,90,78,81,79,96,0,0,83,84,86,57,40,0,0,45,46,44,50,13,0,0,34,60,91,88,0,0,73,70,71,76,80,0,0,25,15,0,0,4,18,23,26,28,0,0,35,38,33,0,0,49,85,82,3,7,0,0,19,16,14,12,0,0,100,97,92,94,0,0,58,56,54,0,0,39,0
0;pliki//100 lokacji//C201.txt;100;10;insert;3;2042;22718.714430035507;2898.0937847829045;7540.865038658179;12279.755606594425;22517.499331942676;2502.414167867275;7800.935251046523;12214.149913028878;22;300147.9666;0,93,5,75,0,0,20,24,2,1,99,0,0,67,63,62,72,61,0,0,22,21,27,0,0,48,43,42,51,47,10,11,8,0,0,69,65,31,55,53,59,0,0,66,6,32,36,37,0,0,41,64,68,96,90,98,0,0,87,77,74,0,0,81,79,78,9,17,0,0,89,84,86,40,57,0,0,45,46,76,70,73,0,0,88,91,34,60,0,0,50,44,13,83,71,80,0,0,25,15,0,0,30,29,28,26,23,14,12,0,0,82,85,49,0,0,33,38,35,0,0,18,19,16,0,0,100,97,94,52,39,0,0,58,56,54,0,0,4,92,95,3,7,0
0;pliki//100 lokacji//C201.txt;100;10;insert;3;2043;22718.714430035507;2898.0937847829045;7540.865038658179;12279.755606594425;22517.499331942676;2502.414167867275;7800.935251046523;12214.149913028878;22;300163.0025;0,93,5,75,0,0,20,24,2,1,99,0,0,67,63,62,72,61,0,0,22,21,27,0,0,48,43,42,51,47,10,11,8,0,0,69,65,31,55,53,59,0,0,66,6,32,36,37,0,0,41,64,68,96,90,98,0,0,87,77,74,0,0,81,79,78,9,17,0,0,89,84,86,40,57,0,0,45,46,76,70,73,0,0,88,91,34,60,0,0,50,44,13,83,71,80,0,0,25,15,0,0,30,29,28,26,23,14,12,0,0,82,85,49,0,0,33,38,35,0,0,18,19,16,0,0,100,97,94,52,39,0,0,58,56,54,0,0,4,92,95,3,7,0
0;pliki//100 lokacji//C201.txt;100;10;insert;3;2044;22718.714430035507;2898.0937847829045;7540.865038658179;12279.755606594425;22517.499331942676;2502.414167867275;7800.935251046523;12214.149913028878;22;300051.4058;0,93,5,75,0,0,20,24,2,1,99,0,0,67,63,62,72,61,0,0,22,21,27,0,0,48,43,42,51,47,10,11,8,0,0,69,65,31,55,53,59,0,0,66,6,32,36,37,0,0,41,64,68,96,90,98,0,0,87,77,74,0,0,81,79,78,9,17,0,0,89,84,86,40,57,0,0,45,46,76,70,73,0,0,88,91,34,60,0,0,50,44,13,83,71,80,0,0,25,15,0,0,30,29,28,26,23,14,12,0,0,82,85,49,0,0,33,38,35,0,0,18,19,16,0,0,100,97,94,52,39,0,0,58,56,54,0,0,4,92,95,3,7,0
0;pliki//100 lokacji//C201.txt;100;20;swap;3;3042;22718.714430035507;2898.0937847829045;7540.865038658179;12279.755606594425;20975.11947044976;2114.19552538386;7218.732117543549;11642.19182752235;26;300069.2142;0,96,83,76,73,79,81,0,0,77,85,82,87,0,0,72,61,64,68,66,69,0,0,67,62,74,0,0,93,0,0,41,65,49,54,0,0,9,15,28,0,0,78,71,70,80,0,0,55,58,56,53,0,0,25,18,21,0,0,50,44,57,0,0,4,100,97,0,0,48,46,45,42,43,0,0,20,39,38,35,0,0,24,27,30,29,60,59,40,0,0,33,32,0,0,86,84,90,0,0,1,99,88,0,0,5,75,2,0,0,91,7,89,0,0,52,37,26,19,23,34,36,0,0,22,47,51,31,6,0,0,11,16,12,14,0,0,8,17,13,10,0,0,63,0,0,92,94,95,98,3,0
0;pliki//100 lokacji//C201.txt;100;20;swap;3;3043;22718.714430035507;2898.0937847829045;7540.865038658179;12279.755606594425;20754.467094110732;2131.1750295856637;6755.4263101737315;11867.865754351338;25;300185.5486;0,32,37,35,31,0,0,10,94,95,3,4,91,0,0,78,77,96,0,0,55,56,53,58,0,0,25,23,13,9,0,0,41,57,40,44,50,0,0,21,43,47,42,48,0,0,52,51,34,36,0,0,93,5,0,0,67,62,74,0,0,90,88,84,86,0,0,26,28,38,39,0,0,85,76,71,70,0,0,49,59,46,45,68,66,69,0,0,11,87,79,73,80,81,0,0,83,82,92,98,0,0,20,33,0,0,14,16,18,0,0,1,99,100,97,0,0,89,7,54,60,0,0,22,24,27,30,19,17,0,0,75,2,29,6,0,0,65,72,61,64,0,0,8,15,12,0,0,63,0
0;pliki//100 lokacji//C201.txt;100;20;swap;3;3044;22718.714430035507;2898.0937847829045;7540.865038658179;12279.755606594425;20273.352347036755;2226.287551588419;5998.105186595607;12048.959608852729;27;300185.2819;0,97,92,94,0,0,58,56,61,64,68,66,0,0,5,75,2,1,99,0,0,93,88,86,0,0,17,23,50,44,46,0,0,4,100,9,25,0,0,48,40,57,60,59,0,0,31,37,39,0,0,80,73,79,81,0,0,21,36,38,34,0,0,8,15,12,11,0,0,67,62,74,72,0,0,90,96,0,0,27,30,29,6,0,0,3,95,98,7,91,89,0,0,69,65,49,0,0,87,85,82,76,0,0,78,71,70,0,0,41,45,42,51,47,43,0,0,22,24,18,13,0,0,77,84,83,0,0,55,54,53,0,0,26,28,0,0,20,0,0,10,19,16,14,0,0,35,33,32,52,0,0,63,0
0;pliki//100 lokacji//C201.txt;100;20;invert;3;3042;22718.714430035507;2898.0937847829045;7540.865038658179;12279.755606594425;22423.75361825162;2337.2721107379703;8343.596920437943;11742.884587075707;22;300051.4509;0,93,5,75,27,29,43,0,0,20,24,2,1,99,64,0,0,67,63,62,72,61,0,0,21,22,47,51,42,48,0,0,8,10,11,30,36,6,68,0,0,69,65,31,55,53,59,0,0,37,32,66,95,98,0,0,18,15,0,0,78,81,79,96,90,0,0,41,49,74,0,0,19,16,14,12,0,0,80,71,85,82,83,0,0,28,26,23,91,88,0,0,89,4,3,7,9,17,0,0,87,77,84,86,0,0,34,52,60,57,40,0,0,73,70,76,46,45,0,0,13,25,44,50,0,0,33,38,35,0,0,100,97,92,94,0,0,58,56,54,0,0,39,0
0;pliki//100 lokacji//C201.txt;100;20;invert;3;3043;22718.714430035507;2898.0937847829045;7540.865038658179;12279.755606594425;22718.714430035507;2898.0937847829045;7540.865038658179;12279.755606594425;22;300157.7005;0,93,5,75,27,29,43,0,0,20,24,2,1,99,64,0,0,67,63,62,72,61,0,0,22,21,30,6,36,68,0,0,48,42,51,47,10,11,8,0,0,69,65,31,55,53,59,0,0,66,32,37,98,95,83,0,0,41,96,90,9,0,0,74,87,77,0,0,52,81,79,17,78,0,0,89,84,86,40,57,0,0,45,46,76,70,73,0,0,91,88,34,60,0,0,50,44,13,71,80,0,0,25,15,0,0,4,28,26,23,12,14,19,0,0,7,3,82,85,49,0,0,33,35,38,0,0,18,16,0,0,100,97,94,39,0,0,54,58,56,0,0,92,0
0;pliki//100 lokacji//C201.txt;100;20;invert;3;3044;22718.714430035507;2898.0937847829045;7540.865038658179;12279.755606594425;22718.714430035507;2898.0937847829045;7540.865038658179;12279.755606594425;22;300134.335;0,93,5,75,27,29,43,0,0,20,24,2,1,99,64,0,0,67,63,62,72,61,0,0,22,21,30,6,36,68,0,0,48,42,51,47,10,11,8,0,0,69,65,31,55,53,59,0,0,66,32,37,98,95,83,0,0,41,96,90,9,0,0,74,87,77,0,0,52,81,79,17,78,0,0,89,84,86,40,57,0,0,45,46,76,70,73,0,0,91,88,34,60,0,0,50,44,13,71,80,0,0,25,15,0,0,4,28,26,23,12,14,19,0,0,7,3,82,85,49,0,0,33,35,38,0,0,18,16,0,0,100,97,94,39,0,0,54,58,56,0,0,92,0
0;pliki//100 lokacji//C201.txt;100;20;insert;3;3042;22718.714430035507;2898.0937847829045;7540.865038658179;12279.755606594425;22240.82595143097;2513.7407873555703;7620.935251046523;12106.149913028878;22;300036.2558;0,93,5,75,0,0,20,24,2,1,99,0,0,67,63,62,72,61,0,0,22,21,27,0,0,43,48,42,51,47,10,11,8,0,0,69,65,31,55,53,59,0,0,66,6,32,36,37,0,0,41,64,68,96,90,98,0,0,87,77,74,0,0,81,79,78,9,17,0,0,89,84,86,40,57,0,0,45,46,76,70,73,0,0,88,91,34,60,0,0,50,44,13,83,71,80,0,0,25,15,0,0,30,29,28,26,23,14,12,0,0,82,85,49,0,0,33,38,35,0,0,18,19,16,0,0,100,97,94,52,39,0,0,58,56,54,0,0,4,92,95,3,7,0
0;pliki//100 lokacji//C201.txt;100;20;insert;3;3043;22718.714430035507;2898.0937847829045;7540.865038658179;12279.755606594425;22240.82595143097;2513.7407873555703;7620.935251046523;12106.149913028878;22;300006.1803;0,93,5,75,0,0,20,24,2,1,99,0,0,67,63,62,72,61,0,0,22,21,27,0,0,43,48,42,51,47,10,11,8,0,0,69,65,31,55,53,59,0,0,66,6,32,36,37,0,0,41,64,68,96,90,98,0,0,87,77,74,0,0,81,79,78,9,17,0,0,89,84,86,40,57,0,0,45,46,76,70,73,0,0,88,91,34,60,0,0,50,44,13,83,71,80,0,0,25,15,0,0,30,29,28,26,23,14,12,0,0,82,85,49,0,0,33,38,35,0,0,18,19,16,0,0,100,97,94,52,39,0,0,58,56,54,0,0,4,92,95,3,7,0
0;pliki//100 lokacji//C201.txt;100;20;insert;3;3044;22718.714430035507;2898.0937847829045;7540.865038658179;12279.755606594425;22240.82595143097;2513.7407873555703;7620.935251046523;12106.149913028878;22;300027.7561;0,93,5,75,0,0,20,24,2,1,99,0,0,67,63,62,72,61,0,0,22,21,27,0,0,43,48,42,51,47,10,11,8,0,0,69,65,31,55,53,59,0,0,66,6,32,36,37,0,0,41,64,68,96,90,98,0,0,87,77,74,0,0,81,79,78,9,17,0,0,89,84,86,40,57,0,0,45,46,76,70,73,0,0,88,91,34,60,0,0,50,44,13,83,71,80,0,0,25,15,0,0,30,29,28,26,23,14,12,0,0,82,85,49,0,0,33,38,35,0,0,18,19,16,0,0,100,97,94,52,39,0,0,58,56,54,0,0,4,92,95,3,7,0
0;pliki//100 lokacji//C201.txt;100;30;swap;3;4042;22718.714430035507;2898.0937847829045;7540.865038658179;12279.755606594425;20294.07359578032;2221.2946153419202;6481.290790506924;11591.488189931475;23;300055.9025;0,57,45,52,6,0,0,80,73,70,81,0,0,94,49,55,54,90,89,0,0,41,69,98,95,7,0,0,22,25,26,30,0,0,48,68,65,31,38,0,0,16,23,18,0,0,91,83,85,84,86,11,10,0,0,8,17,77,96,0,0,29,33,35,32,0,0,24,27,15,9,0,0,93,5,75,0,0,74,72,61,64,66,0,0,4,82,88,0,0,36,37,39,28,34,0,0,20,21,2,1,99,0,0,14,19,12,13,0,0,56,59,53,58,0,0,100,97,92,3,0,0,87,78,76,71,79,0,0,46,60,40,44,50,0,0,67,63,62,0,0,47,42,51,43,0
0;pliki//100 lokacji//C201.txt;100;30;swap;3;4043;22718.714430035507;2898.0937847829045;7540.865038658179;12279.755606594425;20559.304113055703;2286.1115654055075;6526.355399426778;11746.83714822342;27;300012.0661;0,16,14,12,0,0,56,53,61,64,68,66,0,0,67,63,62,0,0,23,34,36,0,0,93,5,13,30,0,0,4,3,7,0,0,25,28,26,21,0,0,1,99,95,100,0,0,59,58,60,0,0,9,17,8,0,0,90,82,83,0,0,80,73,70,79,0,0,97,92,94,98,0,0,69,65,49,39,38,0,0,86,84,55,54,0,0,41,45,42,48,0,0,72,78,85,0,0,20,24,27,0,0,96,71,76,81,43,10,11,0,0,51,50,31,37,0,0,75,2,0,0,87,77,74,0,0,89,88,91,0,0,46,40,57,44,0,0,22,47,52,29,6,0,0,15,19,18,0,0,33,35,32,0
0;pliki//100 lokacji//C201.txt;100;30;swap;3;4044;22718.714430035507;2898.0937847829045;7540.865038658179;12279.755606594425;20437.615597271604;2283.3956422113515;6418.339476252757;11735.880478807496;28;300068.669;0,78,76,71,87,0,0,21,36,38,34,0,0,86,69,65,49,0,0,8,9,11,10,0,0,41,45,42,43,48,47,0,0,5,75,2,0,0,74,72,61,0,0,56,55,91,88,0,0,15,26,28,0,0,30,29,33,6,0,0,60,58,54,0,0,67,62,53,59,64,66,0,0,22,24,27,0,0,32,35,31,0,0,100,92,94,95,98,0,0,25,17,23,0,0,51,57,40,44,50,52,0,0,16,12,0,0,90,83,97,1,99,0,0,4,3,7,0,0,96,19,18,14,0,0,13,37,39,0,0,46,68,0,0,81,70,73,79,80,0,0,77,85,82,89,84,0,0,63,0,0,93,0,0,20,0
0;pliki//100 lokacji//C201.txt;100;30;invert;3;4042;22718.714430035507;2898.0937847829045;7540.865038658179;12279.755606594425;22718.714430035507;2898.0937847829045;7540.865038658179;12279.755606594425;22;300144.1417;0,93,5,75,27,29,43,0,0,20,24,2,1,99,64,0,0,67,63,62,72,61,0,0,22,21,30,6,36,68,0,0,48,42,51,47,10,11,8,0,0,69,65,31,55,53,59,0,0,66,32,37,98,95,83,0,0,41,96,90,9,0,0,74,87,77,0,0,52,81,79,17,78,0,0,89,84,86,40,57,0,0,45,46,76,70,73,0,0,91,88,34,60,0,0,50,44,13,71,80,0,0,25,15,0,0,4,28,26,23,12,14,19,0,0,7,3,82,85,49,0,0,33,35,38,0,0,18,16,0,0,100,97,94,39,0,0,54,58,56,0,0,92,0
0;pliki//100 lokacji//C201.txt;100;30;invert;3;4043;22718.714430035507;2898.0937847829045;7540.865038658179;12279.755606594425;22718.714430035507;2898.0937847829045;7540.865038658179;12279.755606594425;22;300003.6476;0,93,5,75,27,29,43,0,0,20,24,2,1,99,64,0,0,67,63,62,72,61,0,0,22,21,30,6,36,68,0,0,48,42,51,47,10,11,8,0,0,69,65,31,55,53,59,0,0,66,32,37,98,95,83,0,0,41,96,90,9,0,0,74,87,77,0,0,52,81,79,17,78,0,0,89,84,86,40,57,0,0,45,46,76,70,73,0,0,91,88,34,60,0,0,50,44,13,71,80,0,0,25,15,0,0,4,28,26,23,12,14,19,0,0,7,3,82,85,49,0,0,33,35,38,0,0,18,16,0,0,100,97,94,39,0,0,54,58,56,0,0,92,0
0;pliki//100 lokacji//C201.txt;100;30;invert;3;4044;22718.714430035507;2898.0937847829045;7540.865038658179;12279.755606594425;22718.714430035507;2898.0937847829045;7540.865038658179;12279.755606594425;22;300112.4682;0,93,5,75,27,29,43,0,0,20,24,2,1,99,64,0,0,67,63,62,72,61,0,0,22,21,30,6,36,68,0,0,48,42,51,47,10,11,8,0,0,69,65,31,55,53,59,0,0,66,32,37,98,95,83,0,0,41,96,90,9,0,0,74,87,77,0,0,52,81,79,17,78,0,0,89,84,86,40,57,0,0,45,46,76,70,73,0,0,91,88,34,60,0,0,50,44,13,71,80,0,0,25,15,0,0,4,28,26,23,12,14,19,0,0,7,3,82,85,49,0,0,33,35,38,0,0,18,16,0,0,100,97,94,39,0,0,54,58,56,0,0,92,0
0;pliki//100 lokacji//C201.txt;100;30;insert;3;4042;22718.714430035507;2898.0937847829045;7540.865038658179;12279.755606594425;22240.82595143097;2513.7407873555703;7620.935251046523;12106.149913028878;22;300067.479;0,93,5,75,0,0,20,24,2,1,99,0,0,67,63,62,72,61,0,0,22,21,27,0,0,43,48,42,51,47,10,11,8,0,0,69,65,31,55,53,59,0,0,66,6,32,36,37,0,0,41,64,68,96,90,98,0,0,87,77,74,0,0,81,79,78,9,17,0,0,89,84,86,40,57,0,0,45,46,76,70,73,0,0,88,91,34,60,0,0,50,44,13,83,71,80,0,0,25,15,0,0,30,29,28,26,23,14,12,0,0,82,85,49,0,0,33,38,35,0,0,18,19,16,0,0,100,97,94,52,39,0,0,58,56,54,0,0,4,92,95,3,7,0
0;pliki//100 lokacji//C201.txt;100;30;insert;3;4043;22718.714430035507;2898.0937847829045;7540.865038658179;12279.755606594425;22240.82595143097;2513.7407873555703;7620.935251046523;12106.149913028878;22;300349.2789;0,93,5,75,0,0,20,24,2,1,99,0,0,67,63,62,72,61,0,0,22,21,27,0,0,43,48,42,51,47,10,11,8,0,0,69,65,31,55,53,59,0,0,66,6,32,36,37,0,0,41,64,68,96,90,98,0,0,87,77,74,0,0,81,79,78,9,17,0,0,89,84,86,40,57,0,0,45,46,76,70,73,0,0,88,91,34,60,0,0,50,44,13,83,71,80,0,0,25,15,0,0,30,29,28,26,23,14,12,0,0,82,85,49,0,0,33,38,35,0,0,18,19,16,0,0,100,97,94,52,39,0,0,58,56,54,0,0,4,92,95,3,7,0
0;pliki//100 lokacji//C201.txt;100;30;insert;3;4044;22718.714430035507;2898.0937847829045;7540.865038658179;12279.755606594425;22240.82595143097;2513.7407873555703;7620.935251046523;12106.149913028878;22;300100.8072;0,93,5,75,0,0,20,24,2,1,99,0,0,67,63,62,72,61,0,0,22,21,27,0,0,43,48,42,51,47,10,11,8,0,0,69,65,31,55,53,59,0,0,66,6,32,36,37,0,0,41,64,68,96,90,98,0,0,87,77,74,0,0,81,79,78,9,17,0,0,89,84,86,40,57,0,0,45,46,76,70,73,0,0,88,91,34,60,0,0,50,44,13,83,71,80,0,0,25,15,0,0,30,29,28,26,23,14,12,0,0,82,85,49,0,0,33,38,35,0,0,18,19,16,0,0,100,97,94,52,39,0,0,58,56,54,0,0,4,92,95,3,7,0
0;pliki//100 lokacji//C201.txt;100;40;swap;3;5042;22718.714430035507;2898.0937847829045;7540.865038658179;12279.755606594425;19652.972695368095;2135.7307832664733;5485.735924528226;12031.505987573395;26;300508.7999;0,57,44,39,19,28,0,0,96,77,85,3,7,89,0,0,5,75,2,1,99,0,0,41,50,0,0,27,30,29,6,35,66,69,0,0,90,88,86,84,83,0,0,93,0,0,78,70,73,81,0,0,25,18,0,0,20,0,0,67,63,62,0,0,33,32,0,0,59,54,53,0,0,22,24,0,0,100,97,92,4,0,0,74,72,61,64,0,0,94,95,98,82,91,0,0,87,76,71,79,80,48,0,0,51,55,56,58,60,0,0,26,34,36,0,0,16,12,14,0,0,13,15,23,0,0,68,40,65,49,0,0,21,9,17,11,10,8,0,0,42,46,45,52,43,47,0,0,38,37,31,0
0;pliki//100 lokacji//C201.txt;100;40;swap;3;5043;22718.714430035507;2898.0937847829045;7540.865038658179;12279.755606594425;20537.89744294666;2196.739795569193;6552.496661249006;11788.660986128465;27;300154.2138;0,59,60,44,0,0,1,99,100,97,0,0,43,45,48,0,0,51,34,36,25,0,0,4,7,89,11,10,0,0,77,83,70,79,80,96,0,0,19,16,12,14,0,0,46,57,40,0,0,58,56,68,69,0,0,67,63,62,0,0,74,72,61,64,0,0,20,0,0,21,26,28,29,6,0,0,33,38,30,0,0,22,24,27,13,9,0,0,73,82,85,71,76,0,0,92,94,95,98,3,0,0,8,17,42,41,0,0,35,32,39,37,31,0,0,84,91,88,0,0,52,50,47,0,0,87,90,0,0,5,75,2,0,0,55,54,53,0,0,86,78,81,66,65,49,0,0,15,23,18,0,0,93,0
0;pliki//100 lokacji//C201.txt;100;40;swap;3;5044;22718.714430035507;2898.0937847829045;7540.865038658179;12279.755606594425;20541.290863505987;2039.7509878934757;7007.491497903784;11494.048377708725;25;300018.4527;0,43,48,0,0,33,35,32,0,0,41,65,49,55,54,0,0,51,50,46,45,42,0,0,80,70,76,83,90,0,0,16,19,12,14,0,0,77,78,71,73,81,0,0,9,28,34,36,0,0,52,47,69,91,3,7,0,0,13,15,23,0,0,21,25,17,11,0,0,93,5,75,0,0,59,60,44,0,0,86,84,82,87,0,0,18,26,40,57,0,0,67,63,62,0,0,31,37,38,39,0,0,20,0,0,74,72,61,64,66,0,0,88,85,79,96,0,0,58,56,53,68,0,0,4,92,95,98,89,0,0,22,24,27,30,29,6,0,0,8,10,2,0,0,1,99,100,94,97,0
0;pliki//100 lokacji//C201.txt;100;40;invert;3;5042;22718.714430035507;2898.0937847829045;7540.865038658179;12279.755606594425;22718.714430035507;2898.0937847829045;7540.865038658179;12279.755606594425;22;300139.5064;0,93,5,75,27,29,43,0,0,20,24,2,1,99,64,0,0,67,63,62,72,61,0,0,22,21,30,6,36,68,0,0,48,42,51,47,10,11,8,0,0,69,65,31,55,53,59,0,0,66,32,37,98,95,83,0,0,41,96,90,9,0,0,74,87,77,0,0,52,81,79,17,78,0,0,89,84,86,40,57,0,0,45,46,76,70,73,0,0,91,88,34,60,0,0,50,44,13,71,80,0,0,25,15,0,0,4,28,26,23,12,14,19,0,0,7,3,82,85,49,0,0,33,35,38,0,0,18,16,0,0,100,97,94,39,0,0,54,58,56,0,0,92,0
0;pliki//100 lokacji//C201.txt;100;40;invert;3;5043;22718.714430035507;2898.0937847829045;7540.865038658179;12279.755606594425;22718.714430035507;2898.0937847829045;7540.865038658179;12279.755606594425;22;300225.4399;0,93,5,75,27,29,43,0,0,20,24,2,1,99,64,0,0,67,63,62,72,61,0,0,22,21,30,6,36,68,0,0,48,42,51,47,10,11,8,0,0,69,65,31,55,53,59,0,0,66,32,37,98,95,83,0,0,41,96,90,9,0,0,74,87,77,0,0,52,81,79,17,78,0,0,89,84,86,40,57,0,0,45,46,76,70,73,0,0,91,88,34,60,0,0,50,44,13,71,80,0,0,25,15,0,0,4,28,26,23,12,14,19,0,0,7,3,82,85,49,0,0,33,35,38,0,0,18,16,0,0,100,97,94,39,0,0,54,58,56,0,0,92,0
0;pliki//100 lokacji//C201.txt;100;40;invert;3;5044;22718.714430035507;2898.0937847829045;7540.865038658179;12279.755606594425;22718.714430035507;2898.0937847829045;7540.865038658179;12279.755606594425;22;300100.3636;0,93,5,75,27,29,43,0,0,20,24,2,1,99,64,0,0,67,63,62,72,61,0,0,22,21,30,6,36,68,0,0,48,42,51,47,10,11,8,0,0,69,65,31,55,53,59,0,0,66,32,37,98,95,83,0,0,41,96,90,9,0,0,74,87,77,0,0,52,81,79,17,78,0,0,89,84,86,40,57,0,0,45,46,76,70,73,0,0,91,88,34,60,0,0,50,44,13,71,80,0,0,25,15,0,0,4,28,26,23,12,14,19,0,0,7,3,82,85,49,0,0,33,35,38,0,0,18,16,0,0,100,97,94,39,0,0,54,58,56,0,0,92,0
0;pliki//100 lokacji//C201.txt;100;40;insert;3;5042;22718.714430035507;2898.0937847829045;7540.865038658179;12279.755606594425;22240.82595143097;2513.7407873555703;7620.935251046523;12106.149913028878;22;300028.5892;0,93,5,75,0,0,20,24,2,1,99,0,0,67,63,62,72,61,0,0,22,21,27,0,0,43,48,42,51,47,10,11,8,0,0,69,65,31,55,53,59,0,0,66,6,32,36,37,0,0,41,64,68,96,90,98,0,0,87,77,74,0,0,81,79,78,9,17,0,0,89,84,86,40,57,0,0,45,46,76,70,73,0,0,88,91,34,60,0,0,50,44,13,83,71,80,0,0,25,15,0,0,30,29,28,26,23,14,12,0,0,82,85,49,0,0,33,38,35,0,0,18,19,16,0,0,100,97,94,52,39,0,0,58,56,54,0,0,4,92,95,3,7,0
0;pliki//100 lokacji//C201.txt;100;40;insert;3;5043;22718.714430035507;2898.0937847829045;7540.865038658179;12279.755606594425;22240.82595143097;2513.7407873555703;7620.935251046523;12106.149913028878;22;300145.8691;0,93,5,75,0,0,20,24,2,1,99,0,0,67,63,62,72,61,0,0,22,21,27,0,0,43,48,42,51,47,10,11,8,0,0,69,65,31,55,53,59,0,0,66,6,32,36,37,0,0,41,64,68,96,90,98,0,0,87,77,74,0,0,81,79,78,9,17,0,0,89,84,86,40,57,0,0,45,46,76,70,73,0,0,88,91,34,60,0,0,50,44,13,83,71,80,0,0,25,15,0,0,30,29,28,26,23,14,12,0,0,82,85,49,0,0,33,38,35,0,0,18,19,16,0,0,100,97,94,52,39,0,0,58,56,54,0,0,4,92,95,3,7,0
0;pliki//100 lokacji//C201.txt;100;40;insert;3;5044;22718.714430035507;2898.0937847829045;7540.865038658179;12279.755606594425;22240.82595143097;2513.7407873555703;7620.935251046523;12106.149913028878;22;300345.3275;0,93,5,75,0,0,20,24,2,1,99,0,0,67,63,62,72,61,0,0,22,21,27,0,0,43,48,42,51,47,10,11,8,0,0,69,65,31,55,53,59,0,0,66,6,32,36,37,0,0,41,64,68,96,90,98,0,0,87,77,74,0,0,81,79,78,9,17,0,0,89,84,86,40,57,0,0,45,46,76,70,73,0,0,88,91,34,60,0,0,50,44,13,83,71,80,0,0,25,15,0,0,30,29,28,26,23,14,12,0,0,82,85,49,0,0,33,38,35,0,0,18,19,16,0,0,100,97,94,52,39,0,0,58,56,54,0,0,4,92,95,3,7,0
0;pliki//100 lokacji//C201.txt;100;50;swap;3;6042;22718.714430035507;2898.0937847829045;7540.865038658179;12279.755606594425;19672.937120693285;2245.593738689394;5584.244530520403;11843.098851483488;26;300025.4563;0,16,19,12,14,0,0,67,62,74,0,0,13,17,18,23,0,0,47,55,54,53,0,0,63,0,0,27,100,99,0,0,5,75,2,1,0,0,4,91,88,84,86,0,0,56,58,34,0,0,29,6,97,0,0,72,61,64,68,66,0,0,77,80,79,96,0,0,33,32,0,0,87,90,0,0,78,85,82,83,0,0,93,0,0,69,65,49,89,7,0,0,21,25,10,11,8,0,0,73,60,44,50,46,45,0,0,20,24,30,39,38,35,0,0,22,15,9,0,0,52,51,57,59,40,0,0,28,26,36,31,37,0,0,41,42,43,48,0,0,81,76,71,70,0,0,92,94,95,98,3,0
0;pliki//100 lokacji//C201.txt;100;50;swap;3;6043;22718.714430035507;2898.0937847829045;7540.865038658179;12279.755606594425;20166.065659371714;2234.850501783633;6200.957067762977;11730.258089825104;27;300227.8897;0,88,83,4,94,95,0,0,78,71,73,79,80,77,0,0,20,0,0,93,0,0,1,99,33,6,0,0,74,72,0,0,9,18,13,0,0,57,60,40,0,0,26,39,38,34,0,0,90,76,70,81,96,0,0,49,56,58,65,68,69,0,0,66,61,64,0,0,100,97,92,3,0,0,41,43,47,0,0,59,55,54,53,0,0,42,46,45,48,0,0,35,32,36,37,0,0,25,84,86,0,0,31,21,98,91,89,0,0,67,63,62,0,0,10,7,8,28,0,0,52,50,51,44,0,0,11,15,17,23,0,0,16,19,12,14,0,0,87,85,82,0,0,5,75,2,0,0,22,24,27,30,29,0
0;pliki//100 lokacji//C201.txt;100;50;swap;3;6044;22718.714430035507;2898.0937847829045;7540.865038658179;12279.755606594425;19915.921586327077;2179.6583545547883;6031.357773238457;11704.90545853383;26;300078.8823;0,46,40,44,45,50,0,0,38,39,0,0,93,0,0,87,83,3,7,89,0,0,29,6,0,0,51,34,36,13,11,10,0,0,35,33,32,0,0,20,24,27,0,0,74,72,61,64,66,0,0,8,17,18,14,0,0,57,59,56,68,0,0,31,37,4,91,0,0,78,76,73,79,80,0,0,82,88,84,0,0,90,85,70,71,0,0,41,53,58,60,0,0,1,99,100,97,0,0,9,15,28,0,0,67,63,62,0,0,22,25,26,30,0,0,69,65,49,55,54,0,0,5,75,2,0,0,47,52,42,43,0,0,16,19,23,12,0,0,21,48,81,77,96,0,0,86,92,94,95,98,0
0;pliki//100 lokacji//C201.txt;100;50;invert;3;6042;22718.714430035507;2898.0937847829045;7540.865038658179;12279.755606594425;22505.75793845958;2545.6980607744445;8026.60183139145;11933.458046293686;22;300082.1319;0,93,5,75,27,29,43,0,0,20,24,2,1,99,64,0,0,67,63,62,72,61,0,0,22,21,30,36,6,68,0,0,11,10,8,47,51,42,48,0,0,69,65,31,55,53,59,0,0,37,32,66,83,95,98,0,0,96,79,81,78,90,0,0,9,17,41,0,0,87,77,74,0,0,52,34,60,40,57,0,0,73,70,76,46,45,0,0,89,88,91,86,84,0,0,49,85,82,3,7,0,0,19,15,12,14,0,0,4,71,80,28,26,23,0,0,13,25,44,50,0,0,16,18,0,0,35,38,33,0,0,100,97,94,0,0,58,56,54,0,0,39,92,0
0;pliki//100 lokacji//C201.txt;100;50;invert;3;6043;22718.714430035507;2898.0937847829045;7540.865038658179;12279.755606594425;22357.931692829832;2431.721168793043;8118.255768278489;11807.9547557583;22;300009.9594;0,93,5,75,27,29,43,0,0,20,24,2,1,99,64,0,0,67,63,62,72,61,0,0,21,22,30,36,6,68,0,0,11,10,8,47,51,42,48,0,0,69,65,31,55,53,59,0,0,37,32,66,83,95,98,0,0,9,17,41,0,0,78,81,79,96,90,0,0,73,70,76,46,45,0,0,87,77,74,0,0,52,34,60,40,57,0,0,89,88,91,86,84,0,0,49,85,82,3,7,0,0,19,15,14,12,0,0,4,94,71,80,0,0,13,25,44,50,0,0,33,38,35,0,0,18,16,0,0,23,26,28,39,0,0,58,56,54,0,0,100,97,92,0
0;pliki//100 lokacji//C201.txt;100;50;invert;3;6044;22718.714430035507;2898.0937847829045;7540.865038658179;12279.755606594425;22598.333333097733;2529.1028639563788;8179.148241119529;11890.082228021827;22;300155.7924;0,93,5,75,27,29,43,0,0,20,24,2,1,99,64,0,0,67,63,62,72,61,0,0,22,21,30,36,6,68,0,0,11,10,8,47,51,42,48,0,0,69,65,31,55,53,59,0,0,37,32,66,83,95,98,0,0,90,78,81,79,96,0,0,87,77,74,0,0,9,17,41,0,0,89,91,88,84,86,0,0,52,34,60,57,40,0,0,73,70,76,46,45,0,0,49,85,82,3,7,0,0,19,15,12,14,0,0,4,71,80,28,26,23,0,0,13,25,44,50,0,0,16,18,0,0,33,38,35,0,0,100,97,94,0,0,58,56,54,0,0,39,92,0
0;pliki//100 lokacji//C201.txt;100;50;insert;3;6042;22718.714430035507;2898.0937847829045;7540.865038658179;12279.755606594425;22240.82595143097;2513.7407873555703;7620.935251046523;12106.149913028878;22;300061.2365;0,93,5,75,0,0,20,24,2,1,99,0,0,67,63,62,72,61,0,0,22,21,27,0,0,43,48,42,51,47,10,11,8,0,0,69,65,31,55,53,59,0,0,66,6,32,36,37,0,0,41,64,68,96,90,98,0,0,87,77,74,0,0,81,79,78,9,17,0,0,89,84,86,40,57,0,0,45,46,76,70,73,0,0,88,91,34,60,0,0,50,44,13,83,71,80,0,0,25,15,0,0,30,29,28,26,23,14,12,0,0,82,85,49,0,0,33,38,35,0,0,18,19,16,0,0,100,97,94,52,39,0,0,58,56,54,0,0,4,92,95,3,7,0
0;pliki//100 lokacji//C201.txt;100;50;insert;3;6043;22718.714430035507;2898.0937847829045;7540.865038658179;12279.755606594425;22240.82595143097;2513.7407873555703;7620.935251046523;12106.149913028878;22;300016.3394;0,93,5,75,0,0,20,24,2,1,99,0,0,67,63,62,72,61,0,0,22,21,27,0,0,43,48,42,51,47,10,11,8,0,0,69,65,31,55,53,59,0,0,66,6,32,36,37,0,0,41,64,68,96,90,98,0,0,87,77,74,0,0,81,79,78,9,17,0,0,89,84,86,40,57,0,0,45,46,76,70,73,0,0,88,91,34,60,0,0,50,44,13,83,71,80,0,0,25,15,0,0,30,29,28,26,23,14,12,0,0,82,85,49,0,0,33,38,35,0,0,18,19,16,0,0,100,97,94,52,39,0,0,58,56,54,0,0,4,92,95,3,7,0
0;pliki//100 lokacji//C201.txt;100;50;insert;3;6044;22718.714430035507;2898.0937847829045;7540.865038658179;12279.755606594425;22240.82595143097;2513.7407873555703;7620.935251046523;12106.149913028878;22;300116.6789;0,93,5,75,0,0,20,24,2,1,99,0,0,67,63,62,72,61,0,0,22,21,27,0,0,43,48,42,51,47,10,11,8,0,0,69,65,31,55,53,59,0,0,66,6,32,36,37,0,0,41,64,68,96,90,98,0,0,87,77,74,0,0,81,79,78,9,17,0,0,89,84,86,40,57,0,0,45,46,76,70,73,0,0,88,91,34,60,0,0,50,44,13,83,71,80,0,0,25,15,0,0,30,29,28,26,23,14,12,0,0,82,85,49,0,0,33,38,35,0,0,18,19,16,0,0,100,97,94,52,39,0,0,58,56,54,0,0,4,92,95,3,7,0
0;pliki//100 lokacji//C201.txt;150;10;swap;3;2542;22718.714430035507;2898.0937847829045;7540.865038658179;12279.755606594425;21218.12494315848;2080.382554281553;7556.158129630082;11581.584259246847;23;300039.4751;0,38,39,28,26,0,0,45,54,57,0,0,100,97,92,94,0,0,36,37,31,55,41,0,0,83,82,87,0,0,67,62,72,61,64,65,68,66,0,0,20,24,27,23,25,9,0,0,16,12,14,0,0,30,29,34,6,0,0,22,4,88,90,0,0,86,84,85,77,40,50,0,0,47,42,51,21,10,11,8,0,0,81,78,76,80,60,44,0,0,17,13,46,52,0,0,74,49,43,48,0,0,59,56,53,58,0,0,91,3,95,98,7,89,0,0,73,70,71,79,96,0,0,15,19,18,0,0,63,0,0,5,75,2,1,99,0,0,35,33,32,69,0,0,93,0
0;pliki//100 lokacji//C201.txt;150;10;swap;3;2543;22718.714430035507;2898.0937847829045;7540.865038658179;12279.755606594425;20488.683266693486;2003.8583130516986;6775.313708498985;11709.511245142805;25;300172.9666;0,66,69,41,49,0,0,96,80,79,81,0,0,77,85,82,0,0,33,32,35,31,0,0,91,86,88,3,7,0,0,93,0,0,5,75,2,1,99,0,0,83,84,87,40,44,51,52,0,0,74,72,61,64,68,0,0,38,37,34,39,0,0,23,19,26,28,36,0,0,89,94,95,98,0,0,60,53,58,0,0,29,6,0,0,100,97,92,4,0,0,90,10,8,0,0,43,45,42,48,0,0,46,57,59,50,0,0,20,22,24,27,30,21,0,0,67,63,62,0,0,47,65,55,54,56,0,0,9,15,13,0,0,73,70,71,76,78,0,0,16,14,12,11,0,0,25,18,17,0
0;pliki//100 lokacji//C201.txt;150;10;swap;3;2544;22718.714430035507;2898.0937847829045;7540.865038658179;12279.755606594425;21055.52742533462;2027.2046100720725;7317.290509863884;11711.032305398665;24;300064.7558;0,96,71,70,73,0,0,100,97,92,94,0,0,41,65,49,81,78,0,0,67,63,62,0,0,10,13,9,8,0,0,43,50,51,45,42,48,0,0,61,47,6,32,34,0,0,20,24,33,39,29,0,0,76,85,82,83,87,0,0,77,79,80,55,53,56,0,0,4,3,95,98,0,0,35,38,37,31,0,0,74,72,64,66,0,0,93,0,0,46,68,69,0,0,11,15,23,26,0,0,52,40,57,59,44,0,0,60,58,54,0,0,91,7,28,36,0,0,5,75,2,1,99,0,0,16,19,12,14,0,0,22,27,30,21,0,0,89,88,84,86,90,0,0,25,18,17,0
0;pliki//100 lokacji//C201.txt;150;10;invert;3;2542;22718.714430035507;2898.0937847829045;7540.865038658179;12279.755606594425;22509.629287785065;2348.762848678743;8230.028973841858;11930.837465264463;22;300053.0379;0,93,5,75,27,29,43,0,0,20,24,2,1,99,64,0,0,67,63,62,72,61,0,0,22,6,36,30,21,0,0,48,68,42,51,47,10,11,8,0,0,69,65,31,55,53,59,0,0,66,41,52,32,37,0,0,87,77,74,0,0,9,17,95,98,89,0,0,90,78,81,79,96,0,0,83,84,86,57,40,0,0,45,46,44,50,13,0,0,34,60,91,88,0,0,73,70,71,76,80,0,0,25,15,0,0,4,18,23,26,28,0,0,35,38,33,0,0,49,85,82,3,7,0,0,19,16,14,12,0,0,100,97,92,94,0,0,58,56,54,0,0,39,0
0;pliki//100 lokacji//C201.txt;150;10;invert;3;2543;22718.714430035507;2898.0937847829045;7540.865038658179;12279.755606594425;22509.629287785065;2348.762848678743;8230.028973841858;11930.837465264463;22;300075.3184;0,93,5,75,27,29,43,0,0,20,24,2,1,99,64,0,0,67,63,62,72,61,0,0,22,6,36,30,21,0,0,48,68,42,51,47,10,11,8,0,0,69,65,31,55,53,59,0,0,66,41,52,32,37,0,0,87,77,74,0,0,9,17,95,98,89,0,0,90,78,81,79,96,0,0,83,84,86,57,40,0,0,45,46,44,50,13,0,0,34,60,91,88,0,0,73,70,71,76,80,0,0,25,15,0,0,4,18,23,26,28,0,0,35,38,33,0,0,49,85,82,3,7,0,0,19,16,14,12,0,0,100,97,92,94,0,0,58,56,54,0,0,39,0
0;pliki//100 lokacji//C201.txt;150;10;invert;3;2544;22718.714430035507;2898.0937847829045;7540.865038658179;12279.755606594425;22509.629287785065;2348.762848678743;8230.028973841858;11930.837465264463;22;300085.4682;0,93,5,75,27,29,43,0,0,20,24,2,1,99,64,0,0,67,63,62,72,61,0,0,22,6,36,30,21,0,0,48,68,42,51,47,10,11,8,0,0,69,65,31,55,53,59,0,0,66,41,52,32,37,0,0,87,77,74,0,0,9,17,95,98,89,0,0,90,78,81,79,96,0,0,83,84,86,57,40,0,0,45,46,44,50,13,0,0,34,60,91,88,0,0,73,70,71,76,80,0,0,25,15,0,0,4,18,23,26,28,0,0,35,38,33,0,0,49,85,82,3,7,0,0,19,16,14,12,0,0,100,97,92,94,0,0,58,56,54,0,0,39,0
0;pliki//100 lokacji//C201.txt;150;10;insert;3;2542;22718.714430035507;2898.0937847829045;7540.865038658179;12279.755606594425;22517.499331942676;2502.414167867275;7800.935251046523;12214.149913028878;22;300066.3835;0,93,5,75,0,0,20,24,2,1,99,0,0,67,63,62,72,61,0,0,22,21,27,0,0,48,43,42,51,47,10,11,8,0,0,69,65,31,55,53,59,0,0,66,6,32,36,37,0,0,41,64,68,96,90,98,0,0,87,77,74,0,0,81,79,78,9,17,0,0,89,84,86,40,57,0,0,45,46,76,70,73,0,0,88,91,34,60,0,0,50,44,13,83,71,80,0,0,25,15,0,0,30,29,28,26,23,14,12,0,0,82,85,49,0,0,33,38,35,0,0,18,19,16,0,0,100,97,94,52,39,0,0,58,56,54,0,0,4,92,95,3,7,0
0;pliki//100 lokacji//C201.txt;150;10;insert;3;2543;22718.714430035507;2898.0937847829045;7540.865038658179;12279.755606594425;22517.499331942676;2502.414167867275;7800.935251046523;12214.149913028878;22;300005.4158;0,93,5,75,0,0,20,24,2,1,99,0,0,67,63,62,72,61,0,0,22,21,27,0,0,48,43,42,51,47,10,11,8,0,0,69,65,31,55,53,59,0,0,66,6,32,36,37,0,0,41,64,68,96,90,98,0,0,87,77,74,0,0,81,79,78,9,17,0,0,89,84,86,40,57,0,0,45,46,76,70,73,0,0,88,91,34,60,0,0,50,44,13,83,71,80,0,0,25,15,0,0,30,29,28,26,23,14,12,0,0,82,85,49,0,0,33,38,35,0,0,18,19,16,0,0,100,97,94,52,39,0,0,58,56,54,0,0,4,92,95,3,7,0
0;pliki//100 lokacji//C201.txt;150;10;insert;3;2544;22718.714430035507;2898.0937847829045;7540.865038658179;12279.755606594425;22517.499331942676;2502.414167867275;7800.935251046523;12214.149913028878;22;300127.5269;0,93,5,75,0,0,20,24,2,1,99,0,0,67,63,62,72,61,0,0,22,21,27,0,0,48,43,42,51,47,10,11,8,0,0,69,65,31,55,53,59,0,0,66,6,32,36,37,0,0,41,64,68,96,90,98,0,0,87,77,74,0,0,81,79,78,9,17,0,0,89,84,86,40,57,0,0,45,46,76,70,73,0,0,88,91,34,60,0,0,50,44,13,83,71,80,0,0,25,15,0,0,30,29,28,26,23,14,12,0,0,82,85,49,0,0,33,38,35,0,0,18,19,16,0,0,100,97,94,52,39,0,0,58,56,54,0,0,4,92,95,3,7,0
0;pliki//100 lokacji//C201.txt;150;20;swap;3;3542;22718.714430035507;2898.0937847829045;7540.865038658179;12279.755606594425;20681.358231401762;2376.458011791984;6211.26667992104;12093.633539688735;25;300140.1009;0,58,56,53,0,0,93,5,2,0,0,14,19,18,17,0,0,36,39,38,34,0,0,67,63,62,0,0,1,99,16,0,0,75,74,72,61,0,0,51,46,65,49,96,0,0,81,70,73,87,0,0,9,11,10,0,0,4,78,85,84,86,0,0,23,28,26,0,0,50,54,64,68,66,69,0,0,76,57,40,82,83,0,0,88,3,7,0,0,20,13,15,0,0,22,24,27,0,0,52,45,42,48,0,0,92,94,95,98,0,0,21,25,0,0,100,97,0,0,12,91,89,90,80,60,59,0,0,77,71,79,47,43,41,8,0,0,32,35,37,31,44,55,0,0,30,29,33,6,0
0;pliki//100 lokacji//C201.txt;150;20;swap;3;3543;22718.714430035507;2898.0937847829045;7540.865038658179;12279.755606594425;20142.5425455619;2261.982384552921;6066.694521814035;11813.865639194944;25;300096.6052;0,20,33,31,0,0,17,36,60,59,40,50,0,0,90,82,46,45,0,0,11,25,0,0,41,47,42,48,0,0,67,63,62,0,0,18,23,12,14,9,0,0,86,84,0,0,51,56,53,58,0,0,16,19,13,0,0,15,26,21,0,0,29,6,32,35,37,0,0,8,98,95,3,7,0,0,10,44,96,70,76,83,52,43,0,0,4,91,88,89,0,0,34,39,38,28,0,0,5,75,2,1,99,0,0,100,97,92,94,0,0,22,24,27,30,0,0,80,73,71,79,81,0,0,85,68,65,57,55,0,0,74,72,61,0,0,69,54,49,64,66,0,0,93,0,0,87,78,77,0
0;pliki//100 lokacji//C201.txt;150;20;swap;3;3544;22718.714430035507;2898.0937847829045;7540.865038658179;12279.755606594425;20528.27104043894;2178.582570138419;6754.281613189223;11595.406857111298;23;300117.2054;0,25,18,45,48,0,0,5,75,100,1,99,11,10,0,0,15,19,12,14,0,0,47,55,54,53,0,0,42,58,65,49,41,0,0,97,92,26,28,0,0,94,95,98,3,7,0,0,93,0,0,51,34,17,13,9,0,0,56,72,61,64,68,66,69,0,0,46,40,57,44,0,0,77,78,71,73,81,0,0,8,31,37,39,36,23,0,0,20,24,35,33,29,0,0,2,16,0,0,90,88,59,60,0,0,52,6,38,32,0,0,4,91,89,84,86,87,0,0,67,63,62,0,0,74,0,0,96,85,82,83,0,0,43,50,80,70,76,79,0,0,22,21,27,30,0
0;pliki//100 lokacji//C201.txt;150;20;invert;3;3542;22718.714430035507;2898.0937847829045;7540.865038658179;12279.755606594425;22718.714430035507;2898.0937847829045;7540.865038658179;12279.755606594425;22;300005.8915;0,93,5,75,27,29,43,0,0,20,24,2,1,99,64,0,0,67,63,62,72,61,0,0,22,21,30,6,36,68,0,0,48,42,51,47,10,11,8,0,0,69,65,31,55,53,59,0,0,66,32,37,98,95,83,0,0,41,96,90,9,0,0,74,87,77,0,0,52,81,79,17,78,0,0,89,84,86,40,57,0,0,45,46,76,70,73,0,0,91,88,34,60,0,0,50,44,13,71,80,0,0,25,15,0,0,4,28,26,23,12,14,19,0,0,7,3,82,85,49,0,0,33,35,38,0,0,18,16,0,0,100,97,94,39,0,0,54,58,56,0,0,92,0
0;pliki//100 lokacji//C201.txt;150;20;invert;3;3543;22718.714430035507;2898.0937847829045;7540.865038658179;12279.755606594425;22718.714430035507;2898.0937847829045;7540.865038658179;12279.755606594425;22;300134.0116;0,93,5,75,27,29,43,0,0,20,24,2,1,99,64,0,0,67,63,62,72,61,0,0,22,21,30,6,36,68,0,0,48,42,51,47,10,11,8,0,0,69,65,31,55,53,59,0,0,66,32,37,98,95,83,0,0,41,96,90,9,0,0,74,87,77,0,0,52,81,79,17,78,0,0,89,84,86,40,57,0,0,45,46,76,70,73,0,0,91,88,34,60,0,0,50,44,13,71,80,0,0,25,15,0,0,4,28,26,23,12,14,19,0,0,7,3,82,85,49,0,0,33,35,38,0,0,18,16,0,0,100,97,94,39,0,0,54,58,56,0,0,92,0
0;pliki//100 lokacji//C201.txt;150;20;invert;3;3544;22718.714430035507;2898.0937847829045;7540.865038658179;12279.755606594425;22718.714430035507;2898.0937847829045;7540.865038658179;12279.755606594425;22;300927.3321;0,93,5,75,27,29,43,0,0,20,24,2,1,99,64,0,0,67,63,62,72,61,0,0,22,21,30,6,36,68,0,0,48,42,51,47,10,11,8,0,0,69,65,31,55,53,59,0,0,66,32,37,98,95,83,0,0,41,96,90,9,0,0,74,87,77,0,0,52,81,79,17,78,0,0,89,84,86,40,57,0,0,45,46,76,70,73,0,0,91,88,34,60,0,0,50,44,13,71,80,0,0,25,15,0,0,4,28,26,23,12,14,19,0,0,7,3,82,85,49,0,0,33,35,38,0,0,18,16,0,0,100,97,94,39,0,0,54,58,56,0,0,92,0
0;pliki//100 lokacji//C201.txt;150;20;insert;3;3542;22718.714430035507;2898.0937847829045;7540.865038658179;12279.755606594425;22240.82595143097;2513.7407873555703;7620.935251046523;12106.149913028878;22;300071.4651;0,93,5,75,0,0,20,24,2,1,99,0,0,67,63,62,72,61,0,0,22,21,27,0,0,43,48,42,51,47,10,11,8,0,0,69,65,31,55,53,59,0,0,66,6,32,36,37,0,0,41,64,68,96,90,98,0,0,87,77,74,0,0,81,79,78,9,17,0,0,89,84,86,40,57,0,0,45,46,76,70,73,0,0,88,91,34,60,0,0,50,44,13,83,71,80,0,0,25,15,0,0,30,29,28,26,23,14,12,0,0,82,85,49,0,0,33,38,35,0,0,18,19,16,0,0,100,97,94,52,39,0,0,58,56,54,0,0,4,92,95,3,7,0
0;pliki//100 lokacji//C201.txt;150;20;insert;3;3543;22718.714430035507;2898.0937847829045;7540.865038658179;12279.755606594425;22240.82595143097;2513.7407873555703;7620.935251046523;12106.149913028878;22;300106.159;0,93,5,75,0,0,20,24,2,1,99,0,0,67,63,62,72,61,0,0,22,21,27,0,0,43,48,42,51,47,10,11,8,0,0,69,65,31,55,53,59,0,0,66,6,32,36,37,0,0,41,64,68,96,90,98,0,0,87,77,74,0,0,81,79,78,9,17,0,0,89,84,86,40,57,0,0,45,46,76,70,73,0,0,88,91,34,60,0,0,50,44,13,83,71,80,0,0,25,15,0,0,30,29,28,26,23,14,12,0,0,82,85,49,0,0,33,38,35,0,0,18,19,16,0,0,100,97,94,52,39,0,0,58,56,54,0,0,4,92,95,3,7,0
0;pliki//100 lokacji//C201.txt;150;20;insert;3;3544;22718.714430035507;2898.0937847829045;7540.865038658179;12279.755606594425;22240.82595143097;2513.7407873555703;7620.935251046523;12106.149913028878;22;300038.0485;0,93,5,75,0,0,20,24,2,1,99,0,0,67,63,62,72,61,0,0,22,21,27,0,0,43,48,42,51,47,10,11,8,0,0,69,65,31,55,53,59,0,0,66,6,32,36,37,0,0,41,64,68,96,90,98,0,0,87,77,74,0,0,81,79,78,9,17,0,0,89,84,86,40,57,0,0,45,46,76,70,73,0,0,88,91,34,60,0,0,50,44,13,83,71,80,0,0,25,15,0,0,30,29,28,26,23,14,12,0,0,82,85,49,0,0,33,38,35,0,0,18,19,16,0,0,100,97,94,52,39,0,0,58,56,54,0,0,4,92,95,3,7,0
0;pliki//100 lokacji//C201.txt;150;30;swap;3;4542;22718.714430035507;2898.0937847829045;7540.865038658179;12279.755606594425;20530.330465928502;2076.97784966068;6744;11709.352616267823;25;300249.6357;0,29,25,17,8,0,0,55,59,53,54,0,0,42,57,0,0,21,43,48,0,0,82,85,80,66,68,69,0,0,73,70,71,76,79,0,0,10,9,23,18,13,0,0,83,7,89,90,0,0,75,100,1,99,0,0,93,5,2,0,0,15,19,26,30,0,0,50,52,35,33,32,0,0,31,37,38,39,0,0,51,47,45,40,44,46,0,0,22,24,27,0,0,11,16,12,14,0,0,20,28,36,34,6,0,0,41,65,49,0,0,67,63,0,0,62,74,72,61,0,0,56,58,60,0,0,97,92,98,0,0,64,78,77,94,95,3,0,0,87,81,96,0,0,4,91,88,84,86,0
0;pliki//100 lokacji//C201.txt;150;30;swap;3;4543;22718.714430035507;2898.0937847829045;7540.865038658179;12279.755606594425;20097.273034207585;2123.9783203673896;5993.044626867974;11980.25008697222;24;300126.9919;0,74,61,64,66,0,0,56,54,59,34,0,0,90,82,83,0,0,33,35,32,69,0,0,78,81,79,0,0,48,41,45,42,43,47,0,0,50,51,40,44,46,0,0,16,14,12,11,0,0,73,80,53,77,84,86,0,0,22,24,52,29,6,0,0,87,96,62,72,0,0,100,97,92,94,0,0,55,57,60,58,0,0,85,76,70,71,0,0,20,75,2,1,99,0,0,67,63,0,0,4,88,68,65,49,0,0,91,3,95,98,7,89,0,0,26,28,36,0,0,9,15,19,23,0,0,31,37,38,39,0,0,8,18,13,0,0,93,5,27,30,0,0,21,25,17,10,0
0;pliki//100 lokacji//C201.txt;150;30;swap;3;4544;22718.714430035507;2898.0937847829045;7540.865038658179;12279.755606594425;20713.112760854863;2180.8729516800618;6791.863144648604;11740.376664526195;25;300052.3059;0,51,57,40,44,45,47,0,0,96,80,70,73,79,0,0,50,52,31,3,7,89,0,0,43,42,56,53,60,0,0,93,5,0,0,90,82,83,0,0,9,15,13,0,0,20,24,0,0,1,11,25,48,68,69,0,0,87,77,85,0,0,75,2,30,35,6,0,0,59,58,46,0,0,38,37,39,21,0,0,67,63,62,0,0,74,72,61,64,66,0,0,26,34,36,0,0,86,84,0,0,8,23,18,17,10,0,0,88,4,91,0,0,28,32,94,95,98,0,0,16,19,12,14,0,0,22,27,29,33,0,0,41,65,49,55,54,0,0,99,100,97,92,0,0,78,71,76,81,0
0;pliki//100 lokacji//C201.txt;150;30;invert;3;4542;22718.714430035507;2898.0937847829045;7540.865038658179;12279.755606594425;22537.8483619767;2533.3886634656105;8026.60183139145;11977.857867119641;22;300019.2435;0,93,5,75,27,29,43,0,0,20,24,2,1,99,64,0,0,67,63,62,72,61,0,0,22,21,30,36,6,68,0,0,11,10,8,47,51,42,48,0,0,69,65,31,55,53,59,0,0,37,32,66,83,95,98,0,0,90,78,81,79,96,0,0,9,17,41,0,0,45,46,76,70,73,0,0,84,86,88,91,89,0,0,74,77,87,0,0,52,34,60,57,40,0,0,49,85,82,3,7,0,0,19,15,12,14,0,0,4,71,80,28,26,23,0,0,13,25,44,50,0,0,33,38,35,0,0,18,16,0,0,100,97,94,0,0,58,56,54,0,0,39,92,0
0;pliki//100 lokacji//C201.txt;150;30;invert;3;4543;22718.714430035507;2898.0937847829045;7540.865038658179;12279.755606594425;22718.714430035507;2898.0937847829045;7540.865038658179;12279.755606594425;22;300023.9629;0,93,5,75,27,29,43,0,0,20,24,2,1,99,64,0,0,67,63,62,72,61,0,0,22,21,30,6,36,68,0,0,48,42,51,47,10,11,8,0,0,69,65,31,55,53,59,0,0,66,32,37,98,95,83,0,0,41,96,90,9,0,0,74,87,77,0,0,52,81,79,17,78,0,0,89,84,86,40,57,0,0,45,46,76,70,73,0,0,91,88,34,60,0,0,50,44,13,71,80,0,0,25,15,0,0,4,28,26,23,12,14,19,0,0,7,3,82,85,49,0,0,33,35,38,0,0,18,16,0,0,100,97,94,39,0,0,54,58,56,0,0,92,0
0;pliki//100 lokacji//C201.txt;150;30;invert;3;4544;22718.714430035507;2898.0937847829045;7540.865038658179;12279.755606594425;22718.714430035507;2898.0937847829045;7540.865038658179;12279.755606594425;22;300139.8661;0,93,5,75,27,29,43,0,0,20,24,2,1,99,64,0,0,67,63,62,72,61,0,0,22,21,30,6,36,68,0,0,48,42,51,47,10,11,8,0,0,69,65,31,55,53,59,0,0,66,32,37,98,95,83,0,0,41,96,90,9,0,0,74,87,77,0,0,52,81,79,17,78,0,0,89,84,86,40,57,0,0,45,46,76,70,73,0,0,91,88,34,60,0,0,50,44,13,71,80,0,0,25,15,0,0,4,28,26,23,12,14,19,0,0,7,3,82,85,49,0,0,33,35,38,0,0,18,16,0,0,100,97,94,39,0,0,54,58,56,0,0,92,0
0;pliki//100 lokacji//C201.txt;150;30;insert;3;4542;22718.714430035507;2898.0937847829045;7540.865038658179;12279.755606594425;22240.82595143097;2513.7407873555703;7620.935251046523;12106.149913028878;22;300083.5826;0,93,5,75,0,0,20,24,2,1,99,0,0,67,63,62,72,61,0,0,22,21,27,0,0,43,48,42,51,47,10,11,8,0,0,69,65,31,55,53,59,0,0,66,6,32,36,37,0,0,41,64,68,96,90,98,0,0,87,77,74,0,0,81,79,78,9,17,0,0,89,84,86,40,57,0,0,45,46,76,70,73,0,0,88,91,34,60,0,0,50,44,13,83,71,80,0,0,25,15,0,0,30,29,28,26,23,14,12,0,0,82,85,49,0,0,33,38,35,0,0,18,19,16,0,0,100,97,94,52,39,0,0,58,56,54,0,0,4,92,95,3,7,0
0;pliki//100 lokacji//C201.txt;150;30;insert;3;4543;22718.714430035507;2898.0937847829045;7540.865038658179;12279.755606594425;22240.82595143097;2513.7407873555703;7620.935251046523;12106.149913028878;22;300096.4222;0,93,5,75,0,0,20,24,2,1,99,0,0,67,63,62,72,61,0,0,22,21,27,0,0,43,48,42,51,47,10,11,8,0,0,69,65,31,55,53,59,0,0,66,6,32,36,37,0,0,41,64,68,96,90,98,0,0,87,77,74,0,0,81,79,78,9,17,0,0,89,84,86,40,57,0,0,45,46,76,70,73,0,0,88,91,34,60,0,0,50,44,13,83,71,80,0,0,25,15,0,0,30,29,28,26,23,14,12,0,0,82,85,49,0,0,33,38,35,0,0,18,19,16,0,0,100,97,94,52,39,0,0,58,56,54,0,0,4,92,95,3,7,0
0;pliki//100 lokacji//C201.txt;150;30;insert;3;4544;22718.714430035507;2898.0937847829045;7540.865038658179;12279.755606594425;22240.82595143097;2513.7407873555703;7620.935251046523;12106.149913028878;22;300079.3766;0,93,5,75,0,0,20,24,2,1,99,0,0,67,63,62,72,61,0,0,22,21,27,0,0,43,48,42,51,47,10,11,8,0,0,69,65,31,55,53,59,0,0,66,6,32,36,37,0,0,41,64,68,96,90,98,0,0,87,77,74,0,0,81,79,78,9,17,0,0,89,84,86,40,57,0,0,45,46,76,70,73,0,0,88,91,34,60,0,0,50,44,13,83,71,80,0,0,25,15,0,0,30,29,28,26,23,14,12,0,0,82,85,49,0,0,33,38,35,0,0,18,19,16,0,0,100,97,94,52,39,0,0,58,56,54,0,0,4,92,95,3,7,0
0;pliki//100 lokacji//C201.txt;150;40;swap;3;5542;22718.714430035507;2898.0937847829045;7540.865038658179;12279.755606594425;20376.53965962401;2361.4530435609613;6126.093717021992;11888.992899041054;27;300143.768;0,9,18,13,21,0,0,29,6,0,0,5,75,2,0,0,16,14,12,0,0,100,97,94,7,0,0,67,63,62,0,0,33,35,69,0,0,96,53,58,0,0,88,3,91,89,0,0,8,10,11,0,0,66,68,65,31,0,0,80,71,81,87,0,0,1,99,15,0,0,52,34,76,57,59,50,0,0,56,49,55,54,0,0,4,92,95,98,0,0,93,0,0,23,28,36,25,0,0,74,72,61,64,0,0,20,24,27,30,17,19,32,0,0,45,51,60,44,40,85,83,0,0,77,78,70,73,79,0,0,26,37,38,39,0,0,86,82,84,90,0,0,47,46,0,0,41,42,43,48,0,0,22,0
0;pliki//100 lokacji//C201.txt;150;40;swap;3;5543;22718.714430035507;2898.0937847829045;7540.865038658179;12279.755606594425;19757.68119484849;2173.624710136635;5848.031710724304;11736.024773987554;27;300094.7141;0,8,18,13,0,0,5,75,2,1,99,0,0,41,40,57,0,0,74,72,61,64,68,0,0,9,15,23,0,0,100,97,0,0,69,65,49,55,54,0,0,46,44,0,0,21,25,17,0,0,22,24,27,30,29,6,0,0,31,37,38,39,0,0,10,11,98,3,89,84,86,0,0,93,0,0,20,0,0,7,92,94,95,4,0,0,45,58,34,36,0,0,19,16,12,14,0,0,80,70,71,0,0,87,78,79,96,90,0,0,26,28,0,0,81,76,73,51,42,43,0,0,67,63,62,0,0,47,48,0,0,91,88,66,0,0,59,60,56,53,0,0,33,35,32,52,50,0,0,77,85,82,83,0
0;pliki//100 lokacji//C201.txt;150;40;swap;3;5544;22718.714430035507;2898.0937847829045;7540.865038658179;12279.755606594425;20046.630974951306;2285.76731388208;5903.224800243876;11857.63886082535;25;300011.9966;0,57,40,0,0,69,65,49,55,80,81,77,0,0,15,17,23,0,0,78,85,82,83,0,0,41,47,43,42,48,0,0,38,39,51,52,34,0,0,59,56,54,0,0,35,33,32,0,0,74,30,6,0,0,73,70,71,76,79,0,0,26,36,45,60,44,50,12,0,0,94,95,0,0,25,18,13,0,0,67,63,0,0,75,2,0,0,88,3,98,7,0,0,22,24,27,0,0,90,11,10,8,0,0,28,37,31,0,0,29,9,97,92,0,0,16,19,14,21,0,0,4,91,89,84,86,87,0,0,93,5,1,99,100,0,0,20,62,96,72,61,64,68,66,0,0,46,53,58,0
0;pliki//100 lokacji//C201.txt;150;40;invert;3;5542;22718.714430035507;2898.0937847829045;7540.865038658179;12279.755606594425;22718.714430035507;2898.0937847829045;7540.865038658179;12279.755606594425;22;300004.7817;0,93,5,75,27,29,43,0,0,20,24,2,1,99,64,0,0,67,63,62,72,61,0,0,22,21,30,6,36,68,0,0,48,42,51,47,10,11,8,0,0,69,65,31,55,53,59,0,0,66,32,37,98,95,83,0,0,41,96,90,9,0,0,74,87,77,0,0,52,81,79,17,78,0,0,89,84,86,40,57,0,0,45,46,76,70,73,0,0,91,88,34,60,0,0,50,44,13,71,80,0,0,25,15,0,0,4,28,26,23,12,14,19,0,0,7,3,82,85,49,0,0,33,35,38,0,0,18,16,0,0,100,97,94,39,0,0,54,58,56,0,0,92,0
0;pliki//100 lokacji//C201.txt;150;40;invert;3;5543;22718.714430035507;2898.0937847829045;7540.865038658179;12279.755606594425;22131.99465749612;2463.0681050618127;7821.852354567812;11847.0741978665;22;300083.9654;0,93,5,75,27,29,43,0,0,20,24,2,1,99,64,0,0,67,63,62,72,61,0,0,22,21,30,36,6,68,0,0,11,10,8,47,51,42,48,0,0,69,65,31,55,53,59,0,0,37,32,66,83,95,98,0,0,9,17,41,0,0,78,81,79,96,90,0,0,49,85,82,3,7,0,0,84,86,88,91,89,0,0,87,77,74,0,0,52,34,60,57,40,0,0,73,70,76,46,45,0,0,19,15,12,14,0,0,4,71,80,28,26,23,0,0,16,18,0,0,13,25,44,50,0,0,33,38,35,0,0,100,97,92,94,0,0,39,0,0,58,56,54,0
0;pliki//100 lokacji//C201.txt;150;40;invert;3;5544;22718.714430035507;2898.0937847829045;7540.865038658179;12279.755606594425;22718.714430035507;2898.0937847829045;7540.865038658179;12279.755606594425;22;300127.3425;0,93,5,75,27,29,43,0,0,20,24,2,1,99,64,0,0,67,63,62,72,61,0,0,22,21,30,6,36,68,0,0,48,42,51,47,10,11,8,0,0,69,65,31,55,53,59,0,0,66,32,37,98,95,83,0,0,41,96,90,9,0,0,74,87,77,0,0,52,81,79,17,78,0,0,89,84,86,40,57,0,0,45,46,76,70,73,0,0,91,88,34,60,0,0,50,44,13,71,80,0,0,25,15,0,0,4,28,26,23,12,14,19,0,0,7,3,82,85,49,0,0,33,35,38,0,0,18,16,0,0,100,97,94,39,0,0,54,58,56,0,0,92,0
0;pliki//100 lokacji//C201.txt;150;40;insert;3;5542;22718.714430035507;2898.0937847829045;7540.865038658179;12279.755606594425;22240.82595143097;2513.7407873555703;7620.935251046523;12106.149913028878;22;300017.0954;0,93,5,75,0,0,20,24,2,1,99,0,0,67,63,62,72,61,0,0,22,21,27,0,0,43,48,42,51,47,10,11,8,0,0,69,65,31,55,53,59,0,0,66,6,32,36,37,0,0,41,64,68,96,90,98,0,0,87,77,74,0,0,81,79,78,9,17,0,0,89,84,86,40,57,0,0,45,46,76,70,73,0,0,88,91,34,60,0,0,50,44,13,83,71,80,0,0,25,15,0,0,30,29,28,26,23,14,12,0,0,82,85,49,0,0,33,38,35,0,0,18,19,16,0,0,100,97,94,52,39,0,0,58,56,54,0,0,4,92,95,3,7,0
0;pliki//100 lokacji//C201.txt;150;40;insert;3;5543;22718.714430035507;2898.0937847829045;7540.865038658179;12279.755606594425;22240.82595143097;2513.7407873555703;7620.935251046523;12106.149913028878;22;300036.8361;0,93,5,75,0,0,20,24,2,1,99,0,0,67,63,62,72,61,0,0,22,21,27,0,0,43,48,42,51,47,10,11,8,0,0,69,65,31,55,53,59,0,0,66,6,32,36,37,0,0,41,64,68,96,90,98,0,0,87,77,74,0,0,81,79,78,9,17,0,0,89,84,86,40,57,0,0,45,46,76,70,73,0,0,88,91,34,60,0,0,50,44,13,83,71,80,0,0,25,15,0,0,30,29,28,26,23,14,12,0,0,82,85,49,0,0,33,38,35,0,0,18,19,16,0,0,100,97,94,52,39,0,0,58,56,54,0,0,4,92,95,3,7,0
0;pliki//100 lokacji//C201.txt;150;40;insert;3;5544;22718.714430035507;2898.0937847829045;7540.865038658179;12279.755606594425;22240.82595143097;2513.7407873555703;7620.935251046523;12106.149913028878;22;300128.4845;0,93,5,75,0,0,20,24,2,1,99,0,0,67,63,62,72,61,0,0,22,21,27,0,0,43,48,42,51,47,10,11,8,0,0,69,65,31,55,53,59,0,0,66,6,32,36,37,0,0,41,64,68,96,90,98,0,0,87,77,74,0,0,81,79,78,9,17,0,0,89,84,86,40,57,0,0,45,46,76,70,73,0,0,88,91,34,60,0,0,50,44,13,83,71,80,0,0,25,15,0,0,30,29,28,26,23,14,12,0,0,82,85,49,0,0,33,38,35,0,0,18,19,16,0,0,100,97,94,52,39,0,0,58,56,54,0,0,4,92,95,3,7,0
0;pliki//100 lokacji//C201.txt;150;50;swap;3;6542;22718.714430035507;2898.0937847829045;7540.865038658179;12279.755606594425;19943.79829195875;2191.1654254180257;6056.923178640256;11695.709687900468;23;300079.5899;0,74,72,61,64,0,0,41,54,53,0,0,96,71,70,73,80,0,0,56,58,60,59,0,0,21,43,42,48,0,0,31,35,36,37,28,26,0,0,97,92,94,98,0,0,87,79,81,77,90,0,0,13,12,46,45,0,0,20,100,95,1,99,0,0,47,78,85,89,84,86,0,0,75,7,88,0,0,11,8,57,40,44,50,0,0,16,19,23,0,0,65,49,55,0,0,52,51,39,38,34,0,0,68,66,69,82,3,4,91,0,0,33,32,0,0,67,63,62,0,0,9,18,14,25,0,0,93,5,2,10,0,0,22,24,27,30,29,6,0,0,17,15,83,76,0
0;pliki//100 lokacji//C201.txt;150;50;swap;3;6543;22718.714430035507;2898.0937847829045;7540.865038658179;12279.755606594425;20095.239781630917;2246.1973766622614;6126.3318474992975;11722.71055746936;25;300111.7406;0,87,83,77,81,80,43,0,0,51,50,46,45,48,0,0,88,66,92,98,3,0,0,85,70,73,82,0,0,38,37,39,0,0,90,78,96,0,0,31,35,32,69,0,0,15,19,18,0,0,42,55,53,58,0,0,57,59,60,40,44,0,0,41,65,49,4,7,89,0,0,22,24,27,30,25,0,0,47,52,34,36,26,23,21,0,0,16,14,12,0,0,91,100,97,95,0,0,17,13,76,71,79,0,0,93,0,0,33,29,6,0,0,86,84,0,0,5,75,2,1,99,94,0,0,67,63,62,0,0,56,54,28,0,0,74,72,61,64,68,0,0,9,11,10,8,0,0,20,0
0;pliki//100 lokacji//C201.txt;150;50;swap;3;6544;22718.714430035507;2898.0937847829045;7540.865038658179;12279.755606594425;20026.293644676003;2097.7899778050732;6400.27598235235;11528.22768451858;24;300108.4686;0,56,53,54,0,0,22,0,0,21,25,10,0,0,67,63,62,0,0,13,15,14,0,0,93,5,75,0,0,16,99,95,0,0,77,85,82,83,0,0,20,24,27,30,29,50,51,69,0,0,23,26,38,34,0,0,90,87,96,8,0,0,89,4,3,28,39,36,0,0,33,6,0,0,41,45,42,43,47,48,0,0,78,71,73,80,81,0,0,97,92,94,98,0,0,57,68,65,49,55,0,0,44,58,59,60,40,0,0,84,91,88,86,0,0,74,72,61,64,66,0,0,52,46,79,76,70,0,0,2,100,1,7,0,0,11,9,32,35,37,31,0,0,19,17,12,18,0
0;pliki//100 lokacji//C201.txt;150;50;invert;3;6542;22718.714430035507;2898.0937847829045;7540.865038658179;12279.755606594425;22718.714430035507;2898.0937847829045;7540.865038658179;12279.755606594425;22;300082.1337;0,93,5,75,27,29,43,0,0,20,24,2,1,99,64,0,0,67,63,62,72,61,0,0,22,21,30,6,36,68,0,0,48,42,51,47,10,11,8,0,0,69,65,31,55,53,59,0,0,66,32,37,98,95,83,0,0,41,96,90,9,0,0,74,87,77,0,0,52,81,79,17,78,0,0,89,84,86,40,57,0,0,45,46,76,70,73,0,0,91,88,34,60,0,0,50,44,13,71,80,0,0,25,15,0,0,4,28,26,23,12,14,19,0,0,7,3,82,85,49,0,0,33,35,38,0,0,18,16,0,0,100,97,94,39,0,0,54,58,56,0,0,92,0
0;pliki//100 lokacji//C201.txt;150;50;invert;3;6543;22718.714430035507;2898.0937847829045;7540.865038658179;12279.755606594425;22718.714430035507;2898.0937847829045;7540.865038658179;12279.755606594425;22;300132.2875;0,93,5,75,27,29,43,0,0,20,24,2,1,99,64,0,0,67,63,62,72,61,0,0,22,21,30,6,36,68,0,0,48,42,51,47,10,11,8,0,0,69,65,31,55,53,59,0,0,66,32,37,98,95,83,0,0,41,96,90,9,0,0,74,87,77,0,0,52,81,79,17,78,0,0,89,84,86,40,57,0,0,45,46,76,70,73,0,0,91,88,34,60,0,0,50,44,13,71,80,0,0,25,15,0,0,4,28,26,23,12,14,19,0,0,7,3,82,85,49,0,0,33,35,38,0,0,18,16,0,0,100,97,94,39,0,0,54,58,56,0,0,92,0
0;pliki//100 lokacji//C201.txt;150;50;invert;3;6544;22718.714430035507;2898.0937847829045;7540.865038658179;12279.755606594425;22718.714430035507;2898.0937847829045;7540.865038658179;12279.755606594425;22;300102.207;0,93,5,75,27,29,43,0,0,20,24,2,1,99,64,0,0,67,63,62,72,61,0,0,22,21,30,6,36,68,0,0,48,42,51,47,10,11,8,0,0,69,65,31,55,53,59,0,0,66,32,37,98,95,83,0,0,41,96,90,9,0,0,74,87,77,0,0,52,81,79,17,78,0,0,89,84,86,40,57,0,0,45,46,76,70,73,0,0,91,88,34,60,0,0,50,44,13,71,80,0,0,25,15,0,0,4,28,26,23,12,14,19,0,0,7,3,82,85,49,0,0,33,35,38,0,0,18,16,0,0,100,97,94,39,0,0,54,58,56,0,0,92,0
0;pliki//100 lokacji//C201.txt;150;50;insert;3;6542;22718.714430035507;2898.0937847829045;7540.865038658179;12279.755606594425;22240.82595143097;2513.7407873555703;7620.935251046523;12106.149913028878;22;300095.3961;0,93,5,75,0,0,20,24,2,1,99,0,0,67,63,62,72,61,0,0,22,21,27,0,0,43,48,42,51,47,10,11,8,0,0,69,65,31,55,53,59,0,0,66,6,32,36,37,0,0,41,64,68,96,90,98,0,0,87,77,74,0,0,81,79,78,9,17,0,0,89,84,86,40,57,0,0,45,46,76,70,73,0,0,88,91,34,60,0,0,50,44,13,83,71,80,0,0,25,15,0,0,30,29,28,26,23,14,12,0,0,82,85,49,0,0,33,38,35,0,0,18,19,16,0,0,100,97,94,52,39,0,0,58,56,54,0,0,4,92,95,3,7,0
0;pliki//100 lokacji//C201.txt;150;50;insert;3;6543;22718.714430035507;2898.0937847829045;7540.865038658179;12279.755606594425;22240.82595143097;2513.7407873555703;7620.935251046523;12106.149913028878;22;300191.017;0,93,5,75,0,0,20,24,2,1,99,0,0,67,63,62,72,61,0,0,22,21,27,0,0,43,48,42,51,47,10,11,8,0,0,69,65,31,55,53,59,0,0,66,6,32,36,37,0,0,41,64,68,96,90,98,0,0,87,77,74,0,0,81,79,78,9,17,0,0,89,84,86,40,57,0,0,45,46,76,70,73,0,0,88,91,34,60,0,0,50,44,13,83,71,80,0,0,25,15,0,0,30,29,28,26,23,14,12,0,0,82,85,49,0,0,33,38,35,0,0,18,19,16,0,0,100,97,94,52,39,0,0,58,56,54,0,0,4,92,95,3,7,0
0;pliki//100 lokacji//C201.txt;150;50;insert;3;6544;22718.714430035507;2898.0937847829045;7540.865038658179;12279.755606594425;22240.82595143097;2513.7407873555703;7620.935251046523;12106.149913028878;22;300015.4617;0,93,5,75,0,0,20,24,2,1,99,0,0,67,63,62,72,61,0,0,22,21,27,0,0,43,48,42,51,47,10,11,8,0,0,69,65,31,55,53,59,0,0,66,6,32,36,37,0,0,41,64,68,96,90,98,0,0,87,77,74,0,0,81,79,78,9,17,0,0,89,84,86,40,57,0,0,45,46,76,70,73,0,0,88,91,34,60,0,0,50,44,13,83,71,80,0,0,25,15,0,0,30,29,28,26,23,14,12,0,0,82,85,49,0,0,33,38,35,0,0,18,19,16,0,0,100,97,94,52,39,0,0,58,56,54,0,0,4,92,95,3,7,0
0;pliki//100 lokacji//C201.txt;200;10;swap;3;3042;22718.714430035507;2898.0937847829045;7540.865038658179;12279.755606594425;20123.070657797718;2009.3331588904834;6299.1368499101;11814.600648997133;25;300041.0366;0,41,42,47,48,0,0,90,82,85,71,0,0,2,1,99,0,0,26,28,16,11,0,0,96,79,81,78,77,0,0,86,88,84,83,0,0,31,35,37,21,91,89,0,0,93,0,0,15,23,18,0,0,97,92,94,0,0,20,24,25,13,0,0,22,27,30,29,0,0,43,40,57,44,45,0,0,8,17,9,10,0,0,65,49,56,60,58,0,0,5,75,100,12,14,19,0,0,87,76,70,73,80,0,0,52,50,51,46,0,0,4,3,95,98,7,0,0,36,39,38,34,0,0,67,63,62,0,0,59,55,54,53,0,0,68,66,69,0,0,6,33,32,0,0,74,72,61,64,0
0;pliki//100 lokacji//C201.txt;200;10;swap;3;3043;22718.714430035507;2898.0937847829045;7540.865038658179;12279.755606594425;21370.44076263684;2083.6448500578595;7575.010438016539;11711.78547456244;24;300042.016;0,20,13,15,0,0,22,17,19,26,28,0,0,87,77,70,79,0,0,100,97,92,3,0,0,35,33,32,0,0,5,75,2,1,99,94,0,0,74,66,45,51,50,0,0,82,84,90,0,0,68,52,31,37,38,0,0,9,12,14,25,0,0,16,23,18,0,0,88,4,91,0,0,93,0,0,64,72,61,78,85,83,86,0,0,96,76,71,73,80,81,0,0,24,27,30,29,6,47,69,0,0,41,46,42,48,0,0,8,10,11,0,0,44,59,56,58,60,0,0,40,57,65,49,39,0,0,89,7,21,34,36,0,0,43,55,54,53,0,0,67,63,62,0,0,98,95,0
0;pliki//100 lokacji//C201.txt;200;10;swap;3;3044;22718.714430035507;2898.0937847829045;7540.865038658179;12279.755606594425;20605.335846094844;2047.1872659076728;6749.444245113861;11808.704335073307;25;300050.053;0,93,0,0,35,31,39,28,26,0,0,32,38,37,0,0,97,92,94,3,0,0,5,75,2,1,99,0,0,20,24,34,36,33,0,0,90,82,85,78,0,0,74,72,61,64,68,0,0,42,44,57,40,0,0,8,9,15,23,0,0,27,30,29,6,0,0,73,70,71,76,80,0,0,60,54,58,0,0,22,0,0,17,18,0,0,100,13,41,49,55,0,0,67,63,62,0,0,87,77,96,0,0,48,46,45,79,81,0,0,66,69,65,59,56,53,0,0,4,95,98,7,89,0,0,91,88,86,83,84,0,0,21,25,10,11,0,0,16,19,12,14,0,0,47,52,50,51,43,0
0;pliki//100 lokacji//C201.txt;200;10;invert;3;3042;22718.714430035507;2898.0937847829045;7540.865038658179;12279.755606594425;22509.629287785065;2348.762848678743;8230.028973841858;11930.837465264463;22;300032.7332;0,93,5,75,27,29,43,0,0,20,24,2,1,99,64,0,0,67,63,62,72,61,0,0,22,6,36,30,21,0,0,48,68,42,51,47,10,11,8,0,0,69,65,31,55,53,59,0,0,66,41,52,32,37,0,0,87,77,74,0,0,9,17,95,98,89,0,0,90,78,81,79,96,0,0,83,84,86,57,40,0,0,45,46,44,50,13,0,0,34,60,91,88,0,0,73,70,71,76,80,0,0,25,15,0,0,4,18,23,26,28,0,0,35,38,33,0,0,49,85,82,3,7,0,0,19,16,14,12,0,0,100,97,92,94,0,0,58,56,54,0,0,39,0
0;pliki//100 lokacji//C201.txt;200;10;invert;3;3043;22718.714430035507;2898.0937847829045;7540.865038658179;12279.755606594425;22509.629287785065;2348.762848678743;8230.028973841858;11930.837465264463;22;300166.8417;0,93,5,75,27,29,43,0,0,20,24,2,1,99,64,0,0,67,63,62,72,61,0,0,22,6,36,30,21,0,0,48,68,42,51,47,10,11,8,0,0,69,65,31,55,53,59,0,0,66,41,52,32,37,0,0,87,77,74,0,0,9,17,95,98,89,0,0,90,78,81,79,96,0,0,83,84,86,57,40,0,0,45,46,44,50,13,0,0,34,60,91,88,0,0,73,70,71,76,80,0,0,25,15,0,0,4,18,23,26,28,0,0,35,38,33,0,0,49,85,82,3,7,0,0,19,16,14,12,0,0,100,97,92,94,0,0,58,56,54,0,0,39,0
0;pliki//100 lokacji//C201.txt;200;10;invert;3;3044;22718.714430035507;2898.0937847829045;7540.865038658179;12279.755606594425;22449.094649344;1987.8387308682254;8844.06911018402;11617.186808291754;22;300101.8762;0,93,5,75,27,29,43,0,0,20,24,2,1,99,64,0,0,67,63,62,72,61,0,0,22,6,36,30,21,0,0,48,68,42,51,47,11,10,8,0,0,69,65,55,57,41,0,0,31,33,32,0,0,73,70,71,76,80,0,0,35,38,37,34,0,0,85,82,3,7,89,0,0,17,18,23,26,28,0,0,46,40,44,45,50,52,0,0,9,15,13,0,0,4,95,98,25,0,0,96,79,81,78,90,0,0,87,77,74,0,0,59,60,53,49,66,0,0,86,83,84,88,91,0,0,19,16,14,12,0,0,100,97,92,94,0,0,58,56,54,0,0,39,0
0;pliki//100 lokacji//C201.txt;200;10;insert;3;3042;22718.714430035507;2898.0937847829045;7540.865038658179;12279.755606594425;22517.499331942676;2502.414167867275;7800.935251046523;12214.149913028878;22;300204.6729;0,93,5,75,0,0,20,24,2,1,99,0,0,67,63,62,72,61,0,0,22,21,27,0,0,48,43,42,51,47,10,11,8,0,0,69,65,31,55,53,59,0,0,66,6,32,36,37,0,0,41,64,68,96,90,98,0,0,87,77,74,0,0,81,79,78,9,17,0,0,89,84,86,40,57,0,0,45,46,76,70,73,0,0,88,91,34,60,0,0,50,44,13,83,71,80,0,0,25,15,0,0,30,29,28,26,23,14,12,0,0,82,85,49,0,0,33,38,35,0,0,18,19,16,0,0,100,97,94,52,39,0,0,58,56,54,0,0,4,92,95,3,7,0
0;pliki//100 lokacji//C201.txt;200;10;insert;3;3043;22718.714430035507;2898.0937847829045;7540.865038658179;12279.755606594425;22517.499331942676;2502.414167867275;7800.935251046523;12214.149913028878;22;300046.4462;0,93,5,75,0,0,20,24,2,1,99,0,0,67,63,62,72,61,0,0,22,21,27,0,0,48,43,42,51,47,10,11,8,0,0,69,65,31,55,53,59,0,0,66,6,32,36,37,0,0,41,64,68,96,90,98,0,0,87,77,74,0,0,81,79,78,9,17,0,0,89,84,86,40,57,0,0,45,46,76,70,73,0,0,88,91,34,60,0,0,50,44,13,83,71,80,0,0,25,15,0,0,30,29,28,26,23,14,12,0,0,82,85,49,0,0,33,38,35,0,0,18,19,16,0,0,100,97,94,52,39,0,0,58,56,54,0,0,4,92,95,3,7,0
0;pliki//100 lokacji//C201.txt;200;10;insert;3;3044;22718.714430035507;2898.0937847829045;7540.865038658179;12279.755606594425;22517.499331942676;2502.414167867275;7800.935251046523;12214.149913028878;22;300045.1056;0,93,5,75,0,0,20,24,2,1,99,0,0,67,63,62,72,61,0,0,22,21,27,0,0,48,43,42,51,47,10,11,8,0,0,69,65,31,55,53,59,0,0,66,6,32,36,37,0,0,41,64,68,96,90,98,0,0,87,77,74,0,0,81,79,78,9,17,0,0,89,84,86,40,57,0,0,45,46,76,70,73,0,0,88,91,34,60,0,0,50,44,13,83,71,80,0,0,25,15,0,0,30,29,28,26,23,14,12,0,0,82,85,49,0,0,33,38,35,0,0,18,19,16,0,0,100,97,94,52,39,0,0,58,56,54,0,0,4,92,95,3,7,0
0;pliki//100 lokacji//C201.txt;200;20;swap;3;4042;22718.714430035507;2898.0937847829045;7540.865038658179;12279.755606594425;20736.960228136755;2131.7095090575367;6862.910033427497;11742.340685651723;24;300009.5045;0,31,35,32,0,0,90,81,70,79,96,0,0,46,45,50,0,0,44,60,40,57,0,0,93,0,0,22,27,38,37,0,0,13,17,26,28,36,0,0,4,7,89,84,86,0,0,59,58,56,53,0,0,19,15,100,99,0,0,97,92,94,98,0,0,74,72,61,0,0,49,64,66,78,82,0,0,77,76,71,73,80,48,0,0,5,75,2,1,0,0,21,25,10,11,8,0,0,41,65,55,54,0,0,20,24,33,34,29,0,0,16,14,12,0,0,9,52,51,47,43,42,0,0,67,63,62,0,0,88,3,91,87,0,0,30,39,6,68,69,0,0,23,18,95,83,85,0
0;pliki//100 lokacji//C201.txt;200;20;swap;3;4043;22718.714430035507;2898.0937847829045;7540.865038658179;12279.755606594425;20037.225758806537;2064.0533617343062;6575.801868761621;11397.37052831061;25;300028.3286;0,63,0,0,57,56,53,0,0,22,24,0,0,93,75,2,0,0,21,37,31,28,26,0,0,30,29,6,25,0,0,41,45,42,43,48,47,0,0,13,17,18,0,0,74,72,61,64,0,0,9,11,10,8,0,0,59,58,60,40,0,0,85,80,70,76,83,0,0,52,50,44,0,0,33,32,0,0,1,99,100,4,92,94,3,0,0,27,35,51,46,68,66,69,0,0,36,39,38,34,0,0,20,5,15,19,0,0,67,62,87,0,0,90,77,82,84,86,0,0,96,65,49,55,54,0,0,89,98,95,7,0,0,73,71,79,81,78,0,0,91,88,97,0,0,12,14,16,23,0
0;pliki//100 lokacji//C201.txt;200;20;swap;3;4044;22718.714430035507;2898.0937847829045;7540.865038658179;12279.755606594425;20389.752107830725;2209.910829824909;6475.56646751749;11704.274810488329;25;300073.5835;0,41,40,57,60,44,0,0,77,54,34,0,0,35,32,43,31,37,39,0,0,100,97,92,94,0,0,93,5,75,0,0,27,30,19,16,0,0,80,81,2,0,0,20,24,26,28,29,6,0,0,73,70,71,76,79,0,0,74,72,61,64,0,0,63,0,0,3,95,98,7,89,0,0,21,9,17,11,10,8,0,0,42,46,45,48,0,0,15,18,23,0,0,52,50,12,14,0,0,4,91,88,0,0,51,47,65,49,55,0,0,59,56,53,58,0,0,78,84,86,90,0,0,36,38,33,0,0,1,99,82,85,83,0,0,67,62,96,87,0,0,68,66,69,0,0,22,25,13,0
0;pliki//100 lokacji//C201.txt;200;20;invert;3;4042;22718.714430035507;2898.0937847829045;7540.865038658179;12279.755606594425;22718.714430035507;2898.0937847829045;7540.865038658179;12279.755606594425;22;300075.2246;0,93,5,75,27,29,43,0,0,20,24,2,1,99,64,0,0,67,63,62,72,61,0,0,22,21,30,6,36,68,0,0,48,42,51,47,10,11,8,0,0,69,65,31,55,53,59,0,0,66,32,37,98,95,83,0,0,41,96,90,9,0,0,74,87,77,0,0,52,81,79,17,78,0,0,89,84,86,40,57,0,0,45,46,76,70,73,0,0,91,88,34,60,0,0,50,44,13,71,80,0,0,25,15,0,0,4,28,26,23,12,14,19,0,0,7,3,82,85,49,0,0,33,35,38,0,0,18,16,0,0,100,97,94,39,0,0,54,58,56,0,0,92,0
0;pliki//100 lokacji//C201.txt;200;20;invert;3;4043;22718.714430035507;2898.0937847829045;7540.865038658179;12279.755606594425;22718.714430035507;2898.0937847829045;7540.865038658179;12279.755606594425;22;300125.8947;0,93,5,75,27,29,43,0,0,20,24,2,1,99,64,0,0,67,63,62,72,61,0,0,22,21,30,6,36,68,0,0,48,42,51,47,10,11,8,0,0,69,65,31,55,53,59,0,0,66,32,37,98,95,83,0,0,41,96,90,9,0,0,74,87,77,0,0,52,81,79,17,78,0,0,89,84,86,40,57,0,0,45,46,76,70,73,0,0,91,88,34,60,0,0,50,44,13,71,80,0,0,25,15,0,0,4,28,26,23,12,14,19,0,0,7,3,82,85,49,0,0,33,35,38,0,0,18,16,0,0,100,97,94,39,0,0,54,58,56,0,0,92,0
0;pliki//100 lokacji//C201.txt;200;20;invert;3;4044;22718.714430035507;2898.0937847829045;7540.865038658179;12279.755606594425;22718.714430035507;2898.0937847829045;7540.865038658179;12279.755606594425;22;300106.5208;0,93,5,75,27,29,43,0,0,20,24,2,1,99,64,0,0,67,63,62,72,61,0,0,22,21,30,6,36,68,0,0,48,42,51,47,10,11,8,0,0,69,65,31,55,53,59,0,0,66,32,37,98,95,83,0,0,41,96,90,9,0,0,74,87,77,0,0,52,81,79,17,78,0,0,89,84,86,40,57,0,0,45,46,76,70,73,0,0,91,88,34,60,0,0,50,44,13,71,80,0,0,25,15,0,0,4,28,26,23,12,14,19,0,0,7,3,82,85,49,0,0,33,35,38,0,0,18,16,0,0,100,97,94,39,0,0,54,58,56,0,0,92,0
0;pliki//100 lokacji//C201.txt;200;20;insert;3;4042;22718.714430035507;2898.0937847829045;7540.865038658179;12279.755606594425;22240.82595143097;2513.7407873555703;7620.935251046523;12106.149913028878;22;300056.1775;0,93,5,75,0,0,20,24,2,1,99,0,0,67,63,62,72,61,0,0,22,21,27,0,0,43,48,42,51,47,10,11,8,0,0,69,65,31,55,53,59,0,0,66,6,32,36,37,0,0,41,64,68,96,90,98,0,0,87,77,74,0,0,81,79,78,9,17,0,0,89,84,86,40,57,0,0,45,46,76,70,73,0,0,88,91,34,60,0,0,50,44,13,83,71,80,0,0,25,15,0,0,30,29,28,26,23,14,12,0,0,82,85,49,0,0,33,38,35,0,0,18,19,16,0,0,100,97,94,52,39,0,0,58,56,54,0,0,4,92,95,3,7,0
0;pliki//100 lokacji//C201.txt;200;20;insert;3;4043;22718.714430035507;2898.0937847829045;7540.865038658179;12279.755606594425;22240.82595143097;2513.7407873555703;7620.935251046523;12106.149913028878;22;300039.6212;0,93,5,75,0,0,20,24,2,1,99,0,0,67,63,62,72,61,0,0,22,21,27,0,0,43,48,42,51,47,10,11,8,0,0,69,65,31,55,53,59,0,0,66,6,32,36,37,0,0,41,64,68,96,90,98,0,0,87,77,74,0,0,81,79,78,9,17,0,0,89,84,86,40,57,0,0,45,46,76,70,73,0,0,88,91,34,60,0,0,50,44,13,83,71,80,0,0,25,15,0,0,30,29,28,26,23,14,12,0,0,82,85,49,0,0,33,38,35,0,0,18,19,16,0,0,100,97,94,52,39,0,0,58,56,54,0,0,4,92,95,3,7,0
0;pliki//100 lokacji//C201.txt;200;20;insert;3;4044;22718.714430035507;2898.0937847829045;7540.865038658179;12279.755606594425;22240.82595143097;2513.7407873555703;7620.935251046523;12106.149913028878;22;300013.3945;0,93,5,75,0,0,20,24,2,1,99,0,0,67,63,62,72,61,0,0,22,21,27,0,0,43,48,42,51,47,10,11,8,0,0,69,65,31,55,53,59,0,0,66,6,32,36,37,0,0,41,64,68,96,90,98,0,0,87,77,74,0,0,81,79,78,9,17,0,0,89,84,86,40,57,0,0,45,46,76,70,73,0,0,88,91,34,60,0,0,50,44,13,83,71,80,0,0,25,15,0,0,30,29,28,26,23,14,12,0,0,82,85,49,0,0,33,38,35,0,0,18,19,16,0,0,100,97,94,52,39,0,0,58,56,54,0,0,4,92,95,3,7,0
0;pliki//100 lokacji//C201.txt;200;30;swap;3;5042;22718.714430035507;2898.0937847829045;7540.865038658179;12279.755606594425;20576.145497925725;2262.679203550048;6569.991537429604;11743.47475694607;26;300051.9233;0,21,25,9,11,10,0,0,1,99,100,97,0,0,4,91,88,0,0,56,53,54,0,0,67,63,62,0,0,41,48,0,0,22,24,27,30,29,0,0,13,17,18,45,0,0,36,39,58,46,0,0,64,49,68,0,0,8,15,12,0,0,43,47,52,23,19,14,0,0,50,60,57,40,44,0,0,37,31,51,7,89,0,0,35,38,32,0,0,93,5,90,72,61,66,0,0,20,75,2,0,0,77,85,82,83,0,0,80,76,79,81,78,96,0,0,34,33,6,0,0,94,92,98,95,3,0,0,16,28,26,0,0,42,69,65,0,0,59,55,74,0,0,86,84,0,0,87,71,70,73,0
0;pliki//100 lokacji//C201.txt;200;30;swap;3;5043;22718.714430035507;2898.0937847829045;7540.865038658179;12279.755606594425;20641.335941217185;2157.4167266157806;6898.051048974312;11585.868165627093;25;300137.2438;0,85,73,70,71,0,0,60,53,58,0,0,14,16,23,50,0,0,35,38,37,28,0,0,83,82,84,98,91,0,0,1,99,15,0,0,96,87,10,11,8,0,0,88,49,55,59,44,51,0,0,5,75,2,0,0,4,100,97,0,0,46,31,36,39,0,0,67,0,0,33,32,34,0,0,56,54,0,0,78,76,79,80,81,77,0,0,9,12,13,21,0,0,20,25,26,30,6,0,0,18,19,17,89,90,86,0,0,93,0,0,57,40,68,69,65,0,0,92,94,95,3,7,0,0,22,24,0,0,63,62,27,29,0,0,74,72,61,64,66,0,0,52,45,41,42,43,47,48,0
0;pliki//100 lokacji//C201.txt;200;30;swap;3;5044;22718.714430035507;2898.0937847829045;7540.865038658179;12279.755606594425;19713.934285119845;2190.1202541657285;5867.153064059548;11656.660966894568;25;300237.2231;0,60,58,56,68,69,0,0,13,12,14,0,0,42,40,44,46,0,0,5,75,2,1,99,0,0,21,17,10,11,8,0,0,22,24,27,30,0,0,54,65,49,0,0,41,45,52,51,47,0,0,59,55,53,90,84,86,0,0,67,63,62,0,0,93,0,0,74,61,64,66,0,0,100,97,92,94,0,0,16,19,35,29,0,0,15,23,18,0,0,96,71,70,73,43,48,0,0,25,9,91,89,0,0,36,39,38,34,0,0,85,78,77,82,83,0,0,80,76,79,81,87,0,0,20,33,28,26,0,0,50,31,37,0,0,72,57,0,0,88,3,95,98,0,0,4,7,6,32,0
0;pliki//100 lokacji//C201.txt;200;30;invert;3;5042;22718.714430035507;2898.0937847829045;7540.865038658179;12279.755606594425;22718.714430035507;2898.0937847829045;7540.865038658179;12279.755606594425;22;300066.1434;0,93,5,75,27,29,43,0,0,20,24,2,1,99,64,0,0,67,63,62,72,61,0,0,22,21,30,6,36,68,0,0,48,42,51,47,10,11,8,0,0,69,65,31,55,53,59,0,0,66,32,37,98,95,83,0,0,41,96,90,9,0,0,74,87,77,0,0,52,81,79,17,78,0,0,89,84,86,40,57,0,0,45,46,76,70,73,0,0,91,88,34,60,0,0,50,44,13,71,80,0,0,25,15,0,0,4,28,26,23,12,14,19,0,0,7,3,82,85,49,0,0,33,35,38,0,0,18,16,0,0,100,97,94,39,0,0,54,58,56,0,0,92,0
0;pliki//100 lokacji//C201.txt;200;30;invert;3;5043;22718.714430035507;2898.0937847829045;7540.865038658179;12279.755606594425;22718.714430035507;2898.0937847829045;7540.865038658179;12279.755606594425;22;300157.448;0,93,5,75,27,29,43,0,0,20,24,2,1,99,64,0,0,67,63,62,72,61,0,0,22,21,30,6,36,68,0,0,48,42,51,47,10,11,8,0,0,69,65,31,55,53,59,0,0,66,32,37,98,95,83,0,0,41,96,90,9,0,0,74,87,77,0,0,52,81,79,17,78,0,0,89,84,86,40,57,0,0,45,46,76,70,73,0,0,91,88,34,60,0,0,50,44,13,71,80,0,0,25,15,0,0,4,28,26,23,12,14,19,0,0,7,3,82,85,49,0,0,33,35,38,0,0,18,16,0,0,100,97,94,39,0,0,54,58,56,0,0,92,0
0;pliki//100 lokacji//C201.txt;200;30;invert;3;5044;22718.714430035507;2898.0937847829045;7540.865038658179;12279.755606594425;22718.714430035507;2898.0937847829045;7540.865038658179;12279.755606594425;22;300176.9674;0,93,5,75,27,29,43,0,0,20,24,2,1,99,64,0,0,67,63,62,72,61,0,0,22,21,30,6,36,68,0,0,48,42,51,47,10,11,8,0,0,69,65,31,55,53,59,0,0,66,32,37,98,95,83,0,0,41,96,90,9,0,0,74,87,77,0,0,52,81,79,17,78,0,0,89,84,86,40,57,0,0,45,46,76,70,73,0,0,91,88,34,60,0,0,50,44,13,71,80,0,0,25,15,0,0,4,28,26,23,12,14,19,0,0,7,3,82,85,49,0,0,33,35,38,0,0,18,16,0,0,100,97,94,39,0,0,54,58,56,0,0,92,0
0;pliki//100 lokacji//C201.txt;200;30;insert;3;5042;22718.714430035507;2898.0937847829045;7540.865038658179;12279.755606594425;22240.82595143097;2513.7407873555703;7620.935251046523;12106.149913028878;22;300063.9299;0,93,5,75,0,0,20,24,2,1,99,0,0,67,63,62,72,61,0,0,22,21,27,0,0,43,48,42,51,47,10,11,8,0,0,69,65,31,55,53,59,0,0,66,6,32,36,37,0,0,41,64,68,96,90,98,0,0,87,77,74,0,0,81,79,78,9,17,0,0,89,84,86,40,57,0,0,45,46,76,70,73,0,0,88,91,34,60,0,0,50,44,13,83,71,80,0,0,25,15,0,0,30,29,28,26,23,14,12,0,0,82,85,49,0,0,33,38,35,0,0,18,19,16,0,0,100,97,94,52,39,0,0,58,56,54,0,0,4,92,95,3,7,0
0;pliki//100 lokacji//C201.txt;200;30;insert;3;5043;22718.714430035507;2898.0937847829045;7540.865038658179;12279.755606594425;22240.82595143097;2513.7407873555703;7620.935251046523;12106.149913028878;22;300092.7906;0,93,5,75,0,0,20,24,2,1,99,0,0,67,63,62,72,61,0,0,22,21,27,0,0,43,48,42,51,47,10,11,8,0,0,69,65,31,55,53,59,0,0,66,6,32,36,37,0,0,41,64,68,96,90,98,0,0,87,77,74,0,0,81,79,78,9,17,0,0,89,84,86,40,57,0,0,45,46,76,70,73,0,0,88,91,34,60,0,0,50,44,13,83,71,80,0,0,25,15,0,0,30,29,28,26,23,14,12,0,0,82,85,49,0,0,33,38,35,0,0,18,19,16,0,0,100,97,94,52,39,0,0,58,56,54,0,0,4,92,95,3,7,0
0;pliki//100 lokacji//C201.txt;200;30;insert;3;5044;22718.714430035507;2898.0937847829045;7540.865038658179;12279.755606594425;22240.82595143097;2513.7407873555703;7620.935251046523;12106.149913028878;22;300149.9647;0,93,5,75,0,0,20,24,2,1,99,0,0,67,63,62,72,61,0,0,22,21,27,0,0,43,48,42,51,47,10,11,8,0,0,69,65,31,55,53,59,0,0,66,6,32,36,37,0,0,41,64,68,96,90,98,0,0,87,77,74,0,0,81,79,78,9,17,0,0,89,84,86,40,57,0,0,45,46,76,70,73,0,0,88,91,34,60,0,0,50,44,13,83,71,80,0,0,25,15,0,0,30,29,28,26,23,14,12,0,0,82,85,49,0,0,33,38,35,0,0,18,19,16,0,0,100,97,94,52,39,0,0,58,56,54,0,0,4,92,95,3,7,0
0;pliki//100 lokacji//C201.txt;200;40;swap;3;6042;22718.714430035507;2898.0937847829045;7540.865038658179;12279.755606594425;20292.33060022384;2328.3726936601383;6075.746622368976;11888.211284194724;26;300002.331;0,80,70,79,81,0,0,22,24,27,30,29,6,0,0,52,50,0,0,46,40,57,0,0,32,45,65,49,87,0,0,26,28,25,0,0,42,44,18,13,0,0,54,68,69,10,3,91,0,0,93,0,0,86,84,83,85,78,0,0,48,38,34,0,0,5,75,2,1,99,0,0,73,71,76,43,47,96,77,90,0,0,67,63,62,0,0,100,97,94,98,0,0,4,92,88,0,0,19,16,12,14,0,0,51,55,53,56,0,0,33,35,64,66,0,0,15,17,23,0,0,74,72,61,0,0,9,11,8,0,0,21,37,31,36,39,0,0,20,0,0,82,95,7,89,0,0,59,58,60,41,0
0;pliki//100 lokacji//C201.txt;200;40;swap;3;6043;22718.714430035507;2898.0937847829045;7540.865038658179;12279.755606594425;20312.53600109553;2063.5692765901495;6764.158129630082;11484.8085948753;25;300163.2769;0,23,95,3,91,77,78,0,0,93,0,0,90,87,86,4,7,0,0,83,82,70,81,0,0,57,55,54,0,0,96,65,49,53,0,0,17,19,18,30,29,0,0,16,14,12,11,0,0,72,61,64,68,66,69,0,0,97,92,94,98,0,0,20,24,27,26,28,6,0,0,85,76,71,73,79,80,0,0,100,10,37,31,52,0,0,21,25,0,0,9,15,13,0,0,36,39,38,34,0,0,45,40,44,50,51,46,0,0,22,0,0,8,89,88,84,0,0,33,35,32,0,0,63,0,0,5,75,2,1,99,0,0,67,62,74,0,0,56,58,59,60,0,0,41,47,43,42,48,0
0;pliki//100 lokacji//C201.txt;200;40;swap;3;6044;22718.714430035507;2898.0937847829045;7540.865038658179;12279.755606594425;19513.726857548972;2212.1766555498357;5364.364664233566;11937.185537765572;25;300170.3825;0,17,13,25,0,0,56,58,28,26,0,0,5,75,2,1,99,0,0,22,0,0,74,72,61,64,66,0,0,67,63,62,0,0,32,35,31,37,39,0,0,43,45,71,70,80,0,0,46,57,40,0,0,78,77,96,90,0,0,93,0,0,92,94,95,98,3,0,0,82,88,0,0,59,60,44,42,41,0,0,4,100,97,0,0,81,76,85,83,52,48,0,0,33,38,29,0,0,87,79,73,91,34,36,0,0,15,23,18,0,0,9,11,10,8,0,0,69,65,49,0,0,20,24,27,30,6,51,50,68,0,0,47,55,54,53,0,0,21,7,89,84,86,0,0,19,16,12,14,0
0;pliki//100 lokacji//C201.txt;200;40;invert;3;6042;22718.714430035507;2898.0937847829045;7540.865038658179;12279.755606594425;22398.01934639844;2461.6445982717396;8109.024036493306;11827.350711633393;22;300125.0125;0,93,5,75,27,29,43,0,0,20,24,2,1,99,64,0,0,67,63,62,72,61,0,0,22,21,30,36,6,68,0,0,11,10,8,47,51,42,48,0,0,69,65,31,55,53,59,0,0,37,32,66,83,95,98,0,0,9,17,41,0,0,52,34,60,40,57,0,0,73,70,76,46,45,0,0,84,86,88,91,89,0,0,87,77,74,0,0,96,79,81,78,90,0,0,49,85,82,3,7,0,0,19,15,12,14,0,0,4,71,80,28,26,23,0,0,13,25,44,50,0,0,16,18,0,0,35,38,33,0,0,100,97,92,94,0,0,39,0,0,58,56,54,0
0;pliki//100 lokacji//C201.txt;200;40;invert;3;6043;22718.714430035507;2898.0937847829045;7540.865038658179;12279.755606594425;22718.714430035507;2898.0937847829045;7540.865038658179;12279.755606594425;22;300037.5131;0,93,5,75,27,29,43,0,0,20,24,2,1,99,64,0,0,67,63,62,72,61,0,0,22,21,30,6,36,68,0,0,48,42,51,47,10,11,8,0,0,69,65,31,55,53,59,0,0,66,32,37,98,95,83,0,0,41,96,90,9,0,0,74,87,77,0,0,52,81,79,17,78,0,0,89,84,86,40,57,0,0,45,46,76,70,73,0,0,91,88,34,60,0,0,50,44,13,71,80,0,0,25,15,0,0,4,28,26,23,12,14,19,0,0,7,3,82,85,49,0,0,33,35,38,0,0,18,16,0,0,100,97,94,39,0,0,54,58,56,0,0,92,0
0;pliki//100 lokacji//C201.txt;200;40;invert;3;6044;22718.714430035507;2898.0937847829045;7540.865038658179;12279.755606594425;22718.714430035507;2898.0937847829045;7540.865038658179;12279.755606594425;22;300061.7942;0,93,5,75,27,29,43,0,0,20,24,2,1,99,64,0,0,67,63,62,72,61,0,0,22,21,30,6,36,68,0,0,48,42,51,47,10,11,8,0,0,69,65,31,55,53,59,0,0,66,32,37,98,95,83,0,0,41,96,90,9,0,0,74,87,77,0,0,52,81,79,17,78,0,0,89,84,86,40,57,0,0,45,46,76,70,73,0,0,91,88,34,60,0,0,50,44,13,71,80,0,0,25,15,0,0,4,28,26,23,12,14,19,0,0,7,3,82,85,49,0,0,33,35,38,0,0,18,16,0,0,100,97,94,39,0,0,54,58,56,0,0,92,0
0;pliki//100 lokacji//C201.txt;200;40;insert;3;6042;22718.714430035507;2898.0937847829045;7540.865038658179;12279.755606594425;22240.82595143097;2513.7407873555703;7620.935251046523;12106.149913028878;22;300134.2021;0,93,5,75,0,0,20,24,2,1,99,0,0,67,63,62,72,61,0,0,22,21,27,0,0,43,48,42,51,47,10,11,8,0,0,69,65,31,55,53,59,0,0,66,6,32,36,37,0,0,41,64,68,96,90,98,0,0,87,77,74,0,0,81,79,78,9,17,0,0,89,84,86,40,57,0,0,45,46,76,70,73,0,0,88,91,34,60,0,0,50,44,13,83,71,80,0,0,25,15,0,0,30,29,28,26,23,14,12,0,0,82,85,49,0,0,33,38,35,0,0,18,19,16,0,0,100,97,94,52,39,0,0,58,56,54,0,0,4,92,95,3,7,0
0;pliki//100 lokacji//C201.txt;200;40;insert;3;6043;22718.714430035507;2898.0937847829045;7540.865038658179;12279.755606594425;22240.82595143097;2513.7407873555703;7620.935251046523;12106.149913028878;22;300046.6558;0,93,5,75,0,0,20,24,2,1,99,0,0,67,63,62,72,61,0,0,22,21,27,0,0,43,48,42,51,47,10,11,8,0,0,69,65,31,55,53,59,0,0,66,6,32,36,37,0,0,41,64,68,96,90,98,0,0,87,77,74,0,0,81,79,78,9,17,0,0,89,84,86,40,57,0,0,45,46,76,70,73,0,0,88,91,34,60,0,0,50,44,13,83,71,80,0,0,25,15,0,0,30,29,28,26,23,14,12,0,0,82,85,49,0,0,33,38,35,0,0,18,19,16,0,0,100,97,94,52,39,0,0,58,56,54,0,0,4,92,95,3,7,0
0;pliki//100 lokacji//C201.txt;200;40;insert;3;6044;22718.714430035507;2898.0937847829045;7540.865038658179;12279.755606594425;22240.82595143097;2513.7407873555703;7620.935251046523;12106.149913028878;22;300019.508;0,93,5,75,0,0,20,24,2,1,99,0,0,67,63,62,72,61,0,0,22,21,27,0,0,43,48,42,51,47,10,11,8,0,0,69,65,31,55,53,59,0,0,66,6,32,36,37,0,0,41,64,68,96,90,98,0,0,87,77,74,0,0,81,79,78,9,17,0,0,89,84,86,40,57,0,0,45,46,76,70,73,0,0,88,91,34,60,0,0,50,44,13,83,71,80,0,0,25,15,0,0,30,29,28,26,23,14,12,0,0,82,85,49,0,0,33,38,35,0,0,18,19,16,0,0,100,97,94,52,39,0,0,58,56,54,0,0,4,92,95,3,7,0
0;pliki//100 lokacji//C201.txt;200;50;swap;3;7042;22718.714430035507;2898.0937847829045;7540.865038658179;12279.755606594425;19937.28853704218;2251.82004334304;5932;11753.46849369914;25;300156.7067;0,57,59,60,0,0,73,70,71,76,78,0,0,20,24,27,13,0,0,67,63,62,30,0,0,96,80,79,81,77,0,0,93,0,0,74,72,61,64,66,0,0,52,50,51,0,0,21,25,0,0,65,58,56,53,0,0,10,19,12,18,14,11,0,0,100,97,92,0,0,33,32,34,0,0,90,82,83,0,0,9,48,41,0,0,16,17,23,0,0,8,98,91,89,84,86,40,0,0,5,75,2,1,99,0,0,26,28,55,54,0,0,31,37,38,39,0,0,15,94,95,0,0,85,87,69,49,0,0,47,44,46,45,42,43,0,0,22,35,36,29,6,68,0,0,88,4,3,7,0
0;pliki//100 lokacji//C201.txt;200;50;swap;3;7043;22718.714430035507;2898.0937847829045;7540.865038658179;12279.755606594425;20025.759507610746;2306.726387274713;5664;12055.033120336033;27;302872.9568;0,52,40,57,44,0,0,17,18,23,0,0,2,1,0,0,15,50,51,45,0,0,81,80,74,0,0,59,58,60,0,0,33,32,35,31,0,0,4,91,88,0,0,94,95,98,7,0,0,56,53,54,0,0,22,24,27,26,6,0,0,72,61,64,68,66,0,0,37,38,39,0,0,30,29,19,16,0,0,69,65,49,55,3,89,84,86,0,0,93,5,75,100,99,0,0,67,63,62,0,0,87,96,77,82,83,0,0,47,46,0,0,85,78,34,36,0,0,73,70,71,76,79,0,0,28,90,97,92,0,0,41,42,43,48,0,0,13,12,14,0,0,20,0,0,8,9,11,10,0,0,21,25,0
0;pliki//100 lokacji//C201.txt;200;50;swap;3;7044;22718.714430035507;2898.0937847829045;7540.865038658179;12279.755606594425;19957.08286961471;2439.3522410188157;5455.053244534471;12062.677384061424;28;300007.2084;0,4,86,88,84,0,0,85,70,71,0,0,15,19,28,36,0,0,74,72,61,0,0,96,64,66,69,65,49,0,0,1,99,68,56,37,31,0,0,26,16,39,0,0,100,97,92,94,0,0,83,82,0,0,10,13,45,42,43,51,0,0,25,3,91,0,0,93,0,0,27,33,35,6,0,0,78,76,73,79,80,81,0,0,5,75,2,0,0,41,48,0,0,47,23,52,50,46,0,0,9,12,14,11,0,0,20,0,0,55,53,58,34,0,0,89,98,95,7,0,0,59,57,44,0,0,22,24,0,0,67,63,62,0,0,90,87,77,8,0,0,17,18,21,0,0,40,54,60,0,0,30,29,38,32,0
0;pliki//100 lokacji//C201.txt;200;50;invert;3;7042;22718.714430035507;2898.0937847829045;7540.865038658179;12279.755606594425;22131.99465749612;2463.0681050618127;7821.852354567812;11847.0741978665;22;300093.835;0,93,5,75,27,29,43,0,0,20,24,2,1,99,64,0,0,67,63,62,72,61,0,0,22,21,30,36,6,68,0,0,11,10,8,47,51,42,48,0,0,69,65,31,55,53,59,0,0,37,32,66,83,95,98,0,0,78,81,79,96,90,0,0,73,70,76,46,45,0,0,84,86,88,91,89,0,0,9,17,41,0,0,87,77,74,0,0,52,34,60,57,40,0,0,49,85,82,3,7,0,0,19,15,12,14,0,0,4,71,80,28,26,23,0,0,13,25,44,50,0,0,16,18,0,0,35,38,33,0,0,100,97,92,94,0,0,39,0,0,58,56,54,0
0;pliki//100 lokacji//C201.txt;200;50;invert;3;7043;22718.714430035507;2898.0937847829045;7540.865038658179;12279.755606594425;22718.714430035507;2898.0937847829045;7540.865038658179;12279.755606594425;22;300043.7918;0,93,5,75,27,29,43,0,0,20,24,2,1,99,64,0,0,67,63,62,72,61,0,0,22,21,30,6,36,68,0,0,48,42,51,47,10,11,8,0,0,69,65,31,55,53,59,0,0,66,32,37,98,95,83,0,0,41,96,90,9,0,0,74,87,77,0,0,52,81,79,17,78,0,0,89,84,86,40,57,0,0,45,46,76,70,73,0,0,91,88,34,60,0,0,50,44,13,71,80,0,0,25,15,0,0,4,28,26,23,12,14,19,0,0,7,3,82,85,49,0,0,33,35,38,0,0,18,16,0,0,100,97,94,39,0,0,54,58,56,0,0,92,0
0;pliki//100 lokacji//C201.txt;200;50;invert;3;7044;22718.714430035507;2898.0937847829045;7540.865038658179;12279.755606594425;22515.286032518263;2451.9526351682925;8261.570446221385;11801.762951128585;22;300032.168;0,93,5,75,27,29,43,0,0,20,24,2,1,99,64,0,0,67,63,62,72,61,0,0,22,21,30,36,6,68,0,0,11,10,8,47,51,42,48,0,0,69,65,31,55,53,59,0,0,37,32,66,83,95,98,0,0,96,79,81,78,90,0,0,87,77,74,0,0,9,17,41,0,0,89,91,88,84,86,0,0,52,34,60,57,40,0,0,73,70,76,46,45,0,0,49,85,82,3,7,0,0,19,15,12,14,0,0,4,71,80,28,26,23,0,0,16,18,0,0,35,38,33,0,0,13,25,44,50,0,0,100,97,92,94,0,0,39,0,0,58,56,54,0
0;pliki//100 lokacji//C201.txt;200;50;insert;3;7042;22718.714430035507;2898.0937847829045;7540.865038658179;12279.755606594425;22240.82595143097;2513.7407873555703;7620.935251046523;12106.149913028878;22;300101.5106;0,93,5,75,0,0,20,24,2,1,99,0,0,67,63,62,72,61,0,0,22,21,27,0,0,43,48,42,51,47,10,11,8,0,0,69,65,31,55,53,59,0,0,66,6,32,36,37,0,0,41,64,68,96,90,98,0,0,87,77,74,0,0,81,79,78,9,17,0,0,89,84,86,40,57,0,0,45,46,76,70,73,0,0,88,91,34,60,0,0,50,44,13,83,71,80,0,0,25,15,0,0,30,29,28,26,23,14,12,0,0,82,85,49,0,0,33,38,35,0,0,18,19,16,0,0,100,97,94,52,39,0,0,58,56,54,0,0,4,92,95,3,7,0
0;pliki//100 lokacji//C201.txt;200;50;insert;3;7043;22718.714430035507;2898.0937847829045;7540.865038658179;12279.755606594425;22240.82595143097;2513.7407873555703;7620.935251046523;12106.149913028878;22;300082.7087;0,93,5,75,0,0,20,24,2,1,99,0,0,67,63,62,72,61,0,0,22,21,27,0,0,43,48,42,51,47,10,11,8,0,0,69,65,31,55,53,59,0,0,66,6,32,36,37,0,0,41,64,68,96,90,98,0,0,87,77,74,0,0,81,79,78,9,17,0,0,89,84,86,40,57,0,0,45,46,76,70,73,0,0,88,91,34,60,0,0,50,44,13,83,71,80,0,0,25,15,0,0,30,29,28,26,23,14,12,0,0,82,85,49,0,0,33,38,35,0,0,18,19,16,0,0,100,97,94,52,39,0,0,58,56,54,0,0,4,92,95,3,7,0
0;pliki//100 lokacji//C201.txt;200;50;insert;3;7044;22718.714430035507;2898.0937847829045;7540.865038658179;12279.755606594425;22240.82595143097;2513.7407873555703;7620.935251046523;12106.149913028878;22;300054.877;0,93,5,75,0,0,20,24,2,1,99,0,0,67,63,62,72,61,0,0,22,21,27,0,0,43,48,42,51,47,10,11,8,0,0,69,65,31,55,53,59,0,0,66,6,32,36,37,0,0,41,64,68,96,90,98,0,0,87,77,74,0,0,81,79,78,9,17,0,0,89,84,86,40,57,0,0,45,46,76,70,73,0,0,88,91,34,60,0,0,50,44,13,83,71,80,0,0,25,15,0,0,30,29,28,26,23,14,12,0,0,82,85,49,0,0,33,38,35,0,0,18,19,16,0,0,100,97,94,52,39,0,0,58,56,54,0,0,4,92,95,3,7,0
0;pliki//100 lokacji//C201.txt;250;10;swap;3;3542;22718.714430035507;2898.0937847829045;7540.865038658179;12279.755606594425;20979.97011763147;2047.5950197986851;7182.59404061197;11749.781057220816;24;300107.6144;0,32,35,31,37,39,0,0,97,99,0,0,90,81,77,87,0,0,5,75,2,1,0,0,11,16,12,14,0,0,23,26,38,36,34,0,0,59,60,40,80,76,71,0,0,20,24,27,30,33,52,0,0,29,6,25,8,0,0,86,83,82,84,0,0,88,4,91,0,0,10,17,19,18,21,0,0,93,0,0,56,54,49,64,66,0,0,69,96,85,3,7,89,0,0,43,55,53,58,28,0,0,100,92,94,95,98,0,0,74,72,61,0,0,42,68,65,57,47,0,0,41,50,51,44,46,45,0,0,9,15,13,0,0,78,70,73,79,48,0,0,22,0,0,67,63,62,0
0;pliki//100 lokacji//C201.txt;250;10;swap;3;3543;22718.714430035507;2898.0937847829045;7540.865038658179;12279.755606594425;20722.20197031166;1995.7852703186804;7131.689794328371;11594.726905664607;24;300107.9986;0,4,3,95,98,0,0,77,83,71,73,79,81,0,0,1,99,97,100,0,0,91,88,7,89,0,0,41,42,43,48,0,0,87,84,86,0,0,28,39,38,37,0,0,78,85,82,0,0,90,76,70,80,96,0,0,22,17,13,9,11,0,0,12,14,16,23,0,0,47,60,59,57,0,0,67,63,62,0,0,20,24,27,30,29,10,8,0,0,25,26,21,66,69,0,0,56,58,34,36,0,0,5,75,2,92,94,0,0,49,55,54,53,0,0,32,35,31,0,0,15,19,18,0,0,46,40,44,45,50,52,0,0,74,72,61,64,0,0,6,33,51,68,65,0,0,93,0
0;pliki//100 lokacji//C201.txt;250;10;swap;3;3544;22718.714430035507;2898.0937847829045;7540.865038658179;12279.755606594425;21262.253066155936;2160.610407198823;7356.158129630082;11745.48452932703;25;300088.6118;0,25,81,80,0,0,77,82,10,11,9,8,0,0,69,65,49,55,54,0,0,41,57,40,44,50,0,0,7,100,2,1,0,0,39,38,37,31,0,0,63,68,46,0,0,73,70,71,76,79,0,0,29,33,35,32,0,0,4,91,89,0,0,26,28,36,21,0,0,86,84,0,0,67,62,45,52,6,0,0,59,58,56,53,0,0,47,42,43,48,0,0,22,27,30,17,13,0,0,88,83,92,94,3,0,0,20,24,0,0,90,87,96,0,0,12,14,16,23,0,0,93,5,75,0,0,15,19,18,0,0,51,34,60,78,85,0,0,74,72,61,64,66,0,0,99,95,97,98,0
0;pliki//100 lokacji//C201.txt;250;10;invert;3;3542;22718.714430035507;2898.0937847829045;7540.865038658179;12279.755606594425;22393.715921570234;2095.7822467141295;8464.191683479628;11833.741991376475;22;300041.0509;0,93,5,75,27,29,43,0,0,20,24,2,1,99,64,0,0,67,63,62,72,61,0,0,22,30,36,6,0,0,80,73,70,71,76,0,0,32,34,37,31,52,0,0,48,68,42,51,47,8,10,11,0,0,21,25,17,0,0,87,77,74,0,0,18,50,44,46,45,0,0,69,66,65,55,53,59,0,0,9,15,13,0,0,41,40,60,57,0,0,86,83,84,88,91,89,0,0,90,78,81,79,96,0,0,4,95,98,23,26,28,0,0,35,38,33,0,0,49,85,82,3,7,0,0,19,16,14,12,0,0,100,97,92,94,0,0,39,0,0,54,56,58,0
0;pliki//100 lokacji//C201.txt;250;10;invert;3;3543;22718.714430035507;2898.0937847829045;7540.865038658179;12279.755606594425;22509.629287785065;2348.762848678743;8230.028973841858;11930.837465264463;22;300028.1318;0,93,5,75,27,29,43,0,0,20,24,2,1,99,64,0,0,67,63,62,72,61,0,0,22,6,36,30,21,0,0,48,68,42,51,47,10,11,8,0,0,69,65,31,55,53,59,0,0,66,41,52,32,37,0,0,87,77,74,0,0,9,17,95,98,89,0,0,90,78,81,79,96,0,0,83,84,86,57,40,0,0,45,46,44,50,13,0,0,34,60,91,88,0,0,73,70,71,76,80,0,0,25,15,0,0,4,18,23,26,28,0,0,35,38,33,0,0,49,85,82,3,7,0,0,19,16,14,12,0,0,100,97,92,94,0,0,58,56,54,0,0,39,0
0;pliki//100 lokacji//C201.txt;250;10;invert;3;3544;22718.714430035507;2898.0937847829045;7540.865038658179;12279.755606594425;22509.629287785065;2348.762848678743;8230.028973841858;11930.837465264463;22;300019.0889;0,93,5,75,27,29,43,0,0,20,24,2,1,99,64,0,0,67,63,62,72,61,0,0,22,6,36,30,21,0,0,48,68,42,51,47,10,11,8,0,0,69,65,31,55,53,59,0,0,66,41,52,32,37,0,0,87,77,74,0,0,9,17,95,98,89,0,0,90,78,81,79,96,0,0,83,84,86,57,40,0,0,45,46,44,50,13,0,0,34,60,91,88,0,0,73,70,71,76,80,0,0,25,15,0,0,4,18,23,26,28,0,0,35,38,33,0,0,49,85,82,3,7,0,0,19,16,14,12,0,0,100,97,92,94,0,0,58,56,54,0,0,39,0
0;pliki//100 lokacji//C201.txt;250;10;insert;3;3542;22718.714430035507;2898.0937847829045;7540.865038658179;12279.755606594425;22517.499331942676;2502.414167867275;7800.935251046523;12214.149913028878;22;300069.9273;0,93,5,75,0,0,20,24,2,1,99,0,0,67,63,62,72,61,0,0,22,21,27,0,0,48,43,42,51,47,10,11,8,0,0,69,65,31,55,53,59,0,0,66,6,32,36,37,0,0,41,64,68,96,90,98,0,0,87,77,74,0,0,81,79,78,9,17,0,0,89,84,86,40,57,0,0,45,46,76,70,73,0,0,88,91,34,60,0,0,50,44,13,83,71,80,0,0,25,15,0,0,30,29,28,26,23,14,12,0,0,82,85,49,0,0,33,38,35,0,0,18,19,16,0,0,100,97,94,52,39,0,0,58,56,54,0,0,4,92,95,3,7,0
0;pliki//100 lokacji//C201.txt;250;10;insert;3;3543;22718.714430035507;2898.0937847829045;7540.865038658179;12279.755606594425;22517.499331942676;2502.414167867275;7800.935251046523;12214.149913028878;22;300021.8111;0,93,5,75,0,0,20,24,2,1,99,0,0,67,63,62,72,61,0,0,22,21,27,0,0,48,43,42,51,47,10,11,8,0,0,69,65,31,55,53,59,0,0,66,6,32,36,37,0,0,41,64,68,96,90,98,0,0,87,77,74,0,0,81,79,78,9,17,0,0,89,84,86,40,57,0,0,45,46,76,70,73,0,0,88,91,34,60,0,0,50,44,13,83,71,80,0,0,25,15,0,0,30,29,28,26,23,14,12,0,0,82,85,49,0,0,33,38,35,0,0,18,19,16,0,0,100,97,94,52,39,0,0,58,56,54,0,0,4,92,95,3,7,0
0;pliki//100 lokacji//C201.txt;250;10;insert;3;3544;22718.714430035507;2898.0937847829045;7540.865038658179;12279.755606594425;22517.499331942676;2502.414167867275;7800.935251046523;12214.149913028878;22;300001.8945;0,93,5,75,0,0,20,24,2,1,99,0,0,67,63,62,72,61,0,0,22,21,27,0,0,48,43,42,51,47,10,11,8,0,0,69,65,31,55,53,59,0,0,66,6,32,36,37,0,0,41,64,68,96,90,98,0,0,87,77,74,0,0,81,79,78,9,17,0,0,89,84,86,40,57,0,0,45,46,76,70,73,0,0,88,91,34,60,0,0,50,44,13,83,71,80,0,0,25,15,0,0,30,29,28,26,23,14,12,0,0,82,85,49,0,0,33,38,35,0,0,18,19,16,0,0,100,97,94,52,39,0,0,58,56,54,0,0,4,92,95,3,7,0
0;pliki//100 lokacji//C201.txt;250;20;swap;3;4542;22718.714430035507;2898.0937847829045;7540.865038658179;12279.755606594425;20866.692090585748;2213.9587062893347;6990.6362234940125;11662.097160802401;22;300097.6254;0,78,80,60,40,45,0,0,9,13,18,17,0,0,62,74,72,61,0,0,35,38,37,31,0,0,8,11,100,92,95,0,0,28,34,36,51,57,0,0,96,76,71,73,70,0,0,22,24,27,30,29,0,0,67,63,87,0,0,93,5,2,0,0,41,46,42,48,0,0,69,64,54,59,65,0,0,85,83,77,81,79,43,47,0,0,12,14,16,23,0,0,20,75,7,1,99,0,0,66,97,94,98,3,4,0,0,6,33,32,68,0,0,90,88,26,39,0,0,15,19,52,44,50,0,0,56,55,53,58,0,0,86,49,82,91,89,84,0,0,21,25,10,0
0;pliki//100 lokacji//C201.txt;250;20;swap;3;4543;22718.714430035507;2898.0937847829045;7540.865038658179;12279.755606594425;20406.72743214328;2084.167648064041;6601.0115165195375;11721.548267559703;26;300099.8012;0,4,91,89,0,0,1,99,100,97,0,0,15,19,18,0,0,21,25,10,0,0,85,76,81,78,0,0,26,17,13,23,0,0,20,0,0,93,75,0,0,16,14,12,11,0,0,50,52,31,0,0,5,7,2,0,0,94,92,3,88,0,0,66,69,65,45,95,98,0,0,73,70,71,79,80,0,0,67,62,49,56,58,0,0,6,33,32,0,0,87,77,96,8,9,0,0,28,34,36,60,40,0,0,74,72,61,64,68,0,0,90,83,82,84,86,0,0,63,0,0,22,24,27,30,29,0,0,51,55,54,53,0,0,41,43,47,42,48,0,0,46,57,59,44,0,0,35,37,38,39,0
0;pliki//100 lokacji//C201.txt;250;20;swap;3;4544;22718.714430035507;2898.0937847829045;7540.865038658179;12279.755606594425;20541.322815806852;2226.816470192609;6244.944271909999;12069.562073704245;25;300117.9062;0,94,97,28,37,0,0,9,10,0,0,96,86,0,0,93,5,1,99,0,0,32,46,65,49,0,0,63,0,0,4,3,95,7,0,0,59,56,53,58,0,0,52,60,57,40,44,0,0,15,23,18,0,0,87,79,81,77,90,0,0,68,55,54,72,61,64,0,0,36,39,38,34,0,0,25,17,12,14,0,0,8,11,100,92,98,0,0,21,26,6,66,69,0,0,51,50,83,71,70,73,0,0,88,76,80,91,89,0,0,82,85,78,84,0,0,67,62,74,0,0,22,27,30,29,0,0,16,19,13,0,0,41,45,42,43,48,47,0,0,20,24,33,35,31,0,0,75,2,0
0;pliki//100 lokacji//C201.txt;250;20;invert;3;4542;22718.714430035507;2898.0937847829045;7540.865038658179;12279.755606594425;22718.714430035507;2898.0937847829045;7540.865038658179;12279.755606594425;22;300086.7241;0,93,5,75,27,29,43,0,0,20,24,2,1,99,64,0,0,67,63,62,72,61,0,0,22,21,30,6,36,68,0,0,48,42,51,47,10,11,8,0,0,69,65,31,55,53,59,0,0,66,32,37,98,95,83,0,0,41,96,90,9,0,0,74,87,77,0,0,52,81,79,17,78,0,0,89,84,86,40,57,0,0,45,46,76,70,73,0,0,91,88,34,60,0,0,50,44,13,71,80,0,0,25,15,0,0,4,28,26,23,12,14,19,0,0,7,3,82,85,49,0,0,33,35,38,0,0,18,16,0,0,100,97,94,39,0,0,54,58,56,0,0,92,0
0;pliki//100 lokacji//C201.txt;250;20;invert;3;4543;22718.714430035507;2898.0937847829045;7540.865038658179;12279.755606594425;22501.94659882853;2184.2934370585367;8814.102351023335;11503.55081074666;22;300079.2974;0,93,5,75,27,29,43,0,0,20,24,2,1,99,64,0,0,67,63,62,72,61,0,0,21,22,47,51,42,48,0,0,8,10,11,30,36,6,68,0,0,69,65,31,55,53,59,0,0,37,32,66,95,98,0,0,85,82,3,7,0,0,41,60,57,40,0,0,89,84,76,70,73,86,0,0,78,81,77,87,0,0,19,16,14,12,0,0,52,50,44,46,45,0,0,25,23,13,9,0,0,34,39,28,26,17,0,0,90,96,71,79,80,49,0,0,74,0,0,33,38,35,0,0,15,18,0,0,4,91,88,83,0,0,100,97,92,94,0,0,58,56,54,0
0;pliki//100 lokacji//C201.txt;250;20;invert;3;4544;22718.714430035507;2898.0937847829045;7540.865038658179;12279.755606594425;22718.714430035507;2898.0937847829045;7540.865038658179;12279.755606594425;22;300114.8946;0,93,5,75,27,29,43,0,0,20,24,2,1,99,64,0,0,67,63,62,72,61,0,0,22,21,30,6,36,68,0,0,48,42,51,47,10,11,8,0,0,69,65,31,55,53,59,0,0,66,32,37,98,95,83,0,0,41,96,90,9,0,0,74,87,77,0,0,52,81,79,17,78,0,0,89,84,86,40,57,0,0,45,46,76,70,73,0,0,91,88,34,60,0,0,50,44,13,71,80,0,0,25,15,0,0,4,28,26,23,12,14,19,0,0,7,3,82,85,49,0,0,33,35,38,0,0,18,16,0,0,100,97,94,39,0,0,54,58,56,0,0,92,0
0;pliki//100 lokacji//C201.txt;250;20;insert;3;4542;22718.714430035507;2898.0937847829045;7540.865038658179;12279.755606594425;22240.82595143097;2513.7407873555703;7620.935251046523;12106.149913028878;22;300157.0794;0,93,5,75,0,0,20,24,2,1,99,0,0,67,63,62,72,61,0,0,22,21,27,0,0,43,48,42,51,47,10,11,8,0,0,69,65,31,55,53,59,0,0,66,6,32,36,37,0,0,41,64,68,96,90,98,0,0,87,77,74,0,0,81,79,78,9,17,0,0,89,84,86,40,57,0,0,45,46,76,70,73,0,0,88,91,34,60,0,0,50,44,13,83,71,80,0,0,25,15,0,0,30,29,28,26,23,14,12,0,0,82,85,49,0,0,33,38,35,0,0,18,19,16,0,0,100,97,94,52,39,0,0,58,56,54,0,0,4,92,95,3,7,0
0;pliki//100 lokacji//C201.txt;250;20;insert;3;4543;22718.714430035507;2898.0937847829045;7540.865038658179;12279.755606594425;22240.82595143097;2513.7407873555703;7620.935251046523;12106.149913028878;22;300031.4573;0,93,5,75,0,0,20,24,2,1,99,0,0,67,63,62,72,61,0,0,22,21,27,0,0,43,48,42,51,47,10,11,8,0,0,69,65,31,55,53,59,0,0,66,6,32,36,37,0,0,41,64,68,96,90,98,0,0,87,77,74,0,0,81,79,78,9,17,0,0,89,84,86,40,57,0,0,45,46,76,70,73,0,0,88,91,34,60,0,0,50,44,13,83,71,80,0,0,25,15,0,0,30,29,28,26,23,14,12,0,0,82,85,49,0,0,33,38,35,0,0,18,19,16,0,0,100,97,94,52,39,0,0,58,56,54,0,0,4,92,95,3,7,0
0;pliki//100 lokacji//C201.txt;250;20;insert;3;4544;22718.714430035507;2898.0937847829045;7540.865038658179;12279.755606594425;22240.82595143097;2513.7407873555703;7620.935251046523;12106.149913028878;22;300108.3532;0,93,5,75,0,0,20,24,2,1,99,0,0,67,63,62,72,61,0,0,22,21,27,0,0,43,48,42,51,47,10,11,8,0,0,69,65,31,55,53,59,0,0,66,6,32,36,37,0,0,41,64,68,96,90,98,0,0,87,77,74,0,0,81,79,78,9,17,0,0,89,84,86,40,57,0,0,45,46,76,70,73,0,0,88,91,34,60,0,0,50,44,13,83,71,80,0,0,25,15,0,0,30,29,28,26,23,14,12,0,0,82,85,49,0,0,33,38,35,0,0,18,19,16,0,0,100,97,94,52,39,0,0,58,56,54,0,0,4,92,95,3,7,0
0;pliki//100 lokacji//C201.txt;250;30;swap;3;5542;22718.714430035507;2898.0937847829045;7540.865038658179;12279.755606594425;20393.102454091786;2285.2989490529785;6225.691902930583;11882.111602108223;28;300020.2773;0,5,75,0,0,59,56,53,0,0,50,31,37,28,21,0,0,32,35,65,49,55,7,0,0,67,63,0,0,10,51,42,43,48,0,0,41,64,68,66,69,0,0,60,58,54,0,0,11,16,2,0,0,22,24,27,0,0,96,70,73,80,0,0,62,74,72,61,0,0,86,84,0,0,93,0,0,20,0,0,15,17,23,0,0,87,81,78,77,0,0,26,34,36,18,19,14,0,0,25,39,38,0,0,1,99,100,97,0,0,30,29,33,6,0,0,94,92,88,0,0,4,98,95,3,91,89,0,0,85,83,0,0,47,44,46,45,0,0,90,82,76,71,79,0,0,52,40,57,0,0,9,12,13,8,0
0;pliki//100 lokacji//C201.txt;250;30;swap;3;5543;22718.714430035507;2898.0937847829045;7540.865038658179;12279.755606594425;19822.65983366161;2230.829642850038;5690.612089657964;11901.21810115361;27;300008.7861;0,36,39,38,34,0,0,20,0,0,85,81,82,0,0,59,58,60,0,0,1,99,11,9,69,65,49,55,0,0,22,24,27,47,61,64,0,0,89,88,84,86,0,0,74,72,0,0,13,12,14,83,76,43,48,0,0,56,53,54,0,0,8,5,2,0,0,30,29,6,0,0,73,70,71,79,80,0,0,41,40,57,44,51,50,0,0,35,33,32,0,0,4,92,95,98,0,0,66,68,52,31,0,0,67,63,62,0,0,93,0,0,87,78,77,96,90,0,0,23,26,28,37,0,0,42,45,46,0,0,7,3,91,0,0,16,19,18,0,0,21,25,10,0,0,75,15,17,0,0,100,97,94,0
0;pliki//100 lokacji//C201.txt;250;30;swap;3;5544;22718.714430035507;2898.0937847829045;7540.865038658179;12279.755606594425;19844.428689739052;2120.273895762566;5940.483773731946;11783.67102024454;24;300098.4198;0,4,91,88,87,0,0,83,84,86,57,40,44,0,0,17,14,70,73,78,0,0,56,54,58,0,0,1,99,26,6,0,0,100,97,92,0,0,68,66,69,65,49,55,53,0,0,74,72,61,64,0,0,5,75,2,11,10,8,0,0,81,76,71,79,80,0,0,94,95,98,7,0,0,90,82,85,77,96,0,0,31,37,15,0,0,9,16,3,89,0,0,34,33,35,32,0,0,36,39,38,28,0,0,20,0,0,13,23,19,12,18,0,0,52,51,60,59,50,41,0,0,22,24,27,30,29,0,0,67,63,62,0,0,93,0,0,47,42,46,45,43,48,0,0,21,25,0
0;pliki//100 lokacji//C201.txt;250;30;invert;3;5542;22718.714430035507;2898.0937847829045;7540.865038658179;12279.755606594425;22207.554305820995;2545.624497444116;7739.430149465956;11922.499658910923;22;300108.6828;0,93,5,75,27,29,43,0,0,20,24,2,1,99,64,0,0,67,63,62,72,61,0,0,22,21,30,36,6,68,0,0,11,10,8,47,51,42,48,0,0,69,65,31,55,53,59,0,0,37,32,66,83,95,98,0,0,87,77,74,0,0,9,17,41,0,0,78,81,79,96,90,0,0,73,70,76,46,45,0,0,84,86,88,91,89,0,0,52,34,60,40,57,0,0,49,85,82,3,7,0,0,19,15,12,14,0,0,4,71,80,28,26,23,0,0,13,25,44,50,0,0,16,18,0,0,35,38,33,0,0,100,97,94,0,0,58,56,54,0,0,39,92,0
0;pliki//100 lokacji//C201.txt;250;30;invert;3;5543;22718.714430035507;2898.0937847829045;7540.865038658179;12279.755606594425;22718.714430035507;2898.0937847829045;7540.865038658179;12279.755606594425;22;300008.4557;0,93,5,75,27,29,43,0,0,20,24,2,1,99,64,0,0,67,63,62,72,61,0,0,22,21,30,6,36,68,0,0,48,42,51,47,10,11,8,0,0,69,65,31,55,53,59,0,0,66,32,37,98,95,83,0,0,41,96,90,9,0,0,74,87,77,0,0,52,81,79,17,78,0,0,89,84,86,40,57,0,0,45,46,76,70,73,0,0,91,88,34,60,0,0,50,44,13,71,80,0,0,25,15,0,0,4,28,26,23,12,14,19,0,0,7,3,82,85,49,0,0,33,35,38,0,0,18,16,0,0,100,97,94,39,0,0,54,58,56,0,0,92,0
0;pliki//100 lokacji//C201.txt;250;30;invert;3;5544;22718.714430035507;2898.0937847829045;7540.865038658179;12279.755606594425;22505.75793845958;2545.698060774445;8026.60183139145;11933.458046293686;22;300151.7652;0,93,5,75,27,29,43,0,0,20,24,2,1,99,64,0,0,67,63,62,72,61,0,0,22,21,30,36,6,68,0,0,11,10,8,47,51,42,48,0,0,69,65,31,55,53,59,0,0,37,32,66,83,95,98,0,0,90,78,81,79,96,0,0,87,77,74,0,0,9,17,41,0,0,89,88,91,86,84,0,0,52,34,60,40,57,0,0,73,70,76,46,45,0,0,49,85,82,3,7,0,0,19,15,12,14,0,0,4,71,80,28,26,23,0,0,13,25,44,50,0,0,33,38,35,0,0,16,18,0,0,100,97,94,0,0,58,56,54,0,0,39,92,0
0;pliki//100 lokacji//C201.txt;250;30;insert;3;5542;22718.714430035507;2898.0937847829045;7540.865038658179;12279.755606594425;22240.82595143097;2513.7407873555703;7620.935251046523;12106.149913028878;22;300028.8787;0,93,5,75,0,0,20,24,2,1,99,0,0,67,63,62,72,61,0,0,22,21,27,0,0,43,48,42,51,47,10,11,8,0,0,69,65,31,55,53,59,0,0,66,6,32,36,37,0,0,41,64,68,96,90,98,0,0,87,77,74,0,0,81,79,78,9,17,0,0,89,84,86,40,57,0,0,45,46,76,70,73,0,0,88,91,34,60,0,0,50,44,13,83,71,80,0,0,25,15,0,0,30,29,28,26,23,14,12,0,0,82,85,49,0,0,33,38,35,0,0,18,19,16,0,0,100,97,94,52,39,0,0,58,56,54,0,0,4,92,95,3,7,0
0;pliki//100 lokacji//C201.txt;250;30;insert;3;5543;22718.714430035507;2898.0937847829045;7540.865038658179;12279.755606594425;22240.82595143097;2513.7407873555703;7620.935251046523;12106.149913028878;22;300069.3892;0,93,5,75,0,0,20,24,2,1,99,0,0,67,63,62,72,61,0,0,22,21,27,0,0,43,48,42,51,47,10,11,8,0,0,69,65,31,55,53,59,0,0,66,6,32,36,37,0,0,41,64,68,96,90,98,0,0,87,77,74,0,0,81,79,78,9,17,0,0,89,84,86,40,57,0,0,45,46,76,70,73,0,0,88,91,34,60,0,0,50,44,13,83,71,80,0,0,25,15,0,0,30,29,28,26,23,14,12,0,0,82,85,49,0,0,33,38,35,0,0,18,19,16,0,0,100,97,94,52,39,0,0,58,56,54,0,0,4,92,95,3,7,0
0;pliki//100 lokacji//C201.txt;250;30;insert;3;5544;22718.714430035507;2898.0937847829045;7540.865038658179;12279.755606594425;22240.82595143097;2513.7407873555703;7620.935251046523;12106.149913028878;22;300109.0911;0,93,5,75,0,0,20,24,2,1,99,0,0,67,63,62,72,61,0,0,22,21,27,0,0,43,48,42,51,47,10,11,8,0,0,69,65,31,55,53,59,0,0,66,6,32,36,37,0,0,41,64,68,96,90,98,0,0,87,77,74,0,0,81,79,78,9,17,0,0,89,84,86,40,57,0,0,45,46,76,70,73,0,0,88,91,34,60,0,0,50,44,13,83,71,80,0,0,25,15,0,0,30,29,28,26,23,14,12,0,0,82,85,49,0,0,33,38,35,0,0,18,19,16,0,0,100,97,94,52,39,0,0,58,56,54,0,0,4,92,95,3,7,0
0;pliki//100 lokacji//C201.txt;250;40;swap;3;6542;22718.714430035507;2898.0937847829045;7540.865038658179;12279.755606594425;20264.88347518847;2165.013935325227;6310.609604127605;11789.259935735641;26;300143.6585;0,25,18,17,0,0,41,44,85,76,71,0,0,1,99,0,0,22,24,23,13,0,0,5,75,2,0,0,21,8,50,46,45,0,0,83,82,87,0,0,27,34,33,6,0,0,4,91,89,0,0,100,97,92,3,0,0,20,69,62,72,61,64,68,66,0,0,78,70,73,43,48,0,0,96,80,79,81,77,90,0,0,93,0,0,26,28,36,0,0,94,95,98,7,0,0,30,29,52,32,35,37,0,0,16,19,12,14,0,0,42,40,55,54,0,0,65,31,38,39,0,0,86,88,84,0,0,59,58,60,51,47,0,0,74,0,0,67,63,0,0,9,15,11,10,0,0,57,49,56,53,0
0;pliki//100 lokacji//C201.txt;250;40;swap;3;6543;22718.714430035507;2898.0937847829045;7540.865038658179;12279.755606594425;20466.396001122615;2345.7393702105733;6141.83579082838;11978.820840083663;25;300070.5284;0,9,18,23,90,82,0,0,1,99,0,0,56,53,59,60,40,0,0,11,25,81,77,0,0,30,29,36,28,26,17,0,0,31,49,55,54,0,0,78,70,73,80,79,0,0,10,39,38,34,0,0,67,63,0,0,22,24,27,0,0,21,6,0,0,47,41,46,45,42,0,0,93,75,2,0,0,35,33,32,0,0,69,65,98,95,7,0,0,5,15,13,0,0,74,0,0,100,97,92,94,0,0,85,83,76,71,87,0,0,20,48,62,72,61,64,68,66,0,0,51,57,44,50,0,0,86,88,0,0,16,19,12,14,0,0,4,3,84,96,58,0,0,8,37,52,43,91,89,0
0;pliki//100 lokacji//C201.txt;250;40;swap;3;6544;22718.714430035507;2898.0937847829045;7540.865038658179;12279.755606594425;20537.633432498988;2424.095036659753;6207.286698545501;11906.251697293736;27;300179.6834;0,93,0,0,52,89,86,84,82,83,0,0,5,75,2,0,0,29,6,96,78,65,49,0,0,35,37,33,32,0,0,26,28,0,0,77,76,70,73,81,0,0,74,87,0,0,47,51,60,57,40,44,0,0,100,7,61,64,66,0,0,36,39,38,34,0,0,72,45,8,97,0,0,67,63,62,0,0,21,23,18,13,0,0,46,68,69,0,0,85,80,56,53,0,0,16,19,12,14,0,0,59,58,54,0,0,92,94,95,98,0,0,1,99,0,0,50,31,55,0,0,11,25,17,9,10,0,0,15,71,79,0,0,90,43,41,42,48,0,0,20,0,0,22,24,27,30,0,0,4,3,91,88,0
0;pliki//100 lokacji//C201.txt;250;40;invert;3;6542;22718.714430035507;2898.0937847829045;7540.865038658179;12279.755606594425;22718.714430035507;2898.0937847829045;7540.865038658179;12279.755606594425;22;300078.2227;0,93,5,75,27,29,43,0,0,20,24,2,1,99,64,0,0,67,63,62,72,61,0,0,22,21,30,6,36,68,0,0,48,42,51,47,10,11,8,0,0,69,65,31,55,53,59,0,0,66,32,37,98,95,83,0,0,41,96,90,9,0,0,74,87,77,0,0,52,81,79,17,78,0,0,89,84,86,40,57,0,0,45,46,76,70,73,0,0,91,88,34,60,0,0,50,44,13,71,80,0,0,25,15,0,0,4,28,26,23,12,14,19,0,0,7,3,82,85,49,0,0,33,35,38,0,0,18,16,0,0,100,97,94,39,0,0,54,58,56,0,0,92,0
0;pliki//100 lokacji//C201.txt;250;40;invert;3;6543;22718.714430035507;2898.0937847829045;7540.865038658179;12279.755606594425;22533.833576794903;2533.3886634656105;8026.60183139145;11973.843081937845;22;300135.0407;0,93,5,75,27,29,43,0,0,20,24,2,1,99,64,0,0,67,63,62,72,61,0,0,22,21,30,36,6,68,0,0,11,10,8,47,51,42,48,0,0,69,65,31,55,53,59,0,0,37,32,66,83,95,98,0,0,90,78,81,79,96,0,0,87,77,74,0,0,9,17,41,0,0,45,46,76,70,73,0,0,84,86,88,91,89,0,0,52,34,60,57,40,0,0,49,85,82,3,7,0,0,19,15,12,14,0,0,4,71,80,28,26,23,0,0,13,25,44,50,0,0,33,38,35,0,0,18,16,0,0,100,97,94,0,0,58,56,54,0,0,39,92,0
0;pliki//100 lokacji//C201.txt;250;40;invert;3;6544;22718.714430035507;2898.0937847829045;7540.865038658179;12279.755606594425;22430.066729446775;2459.116940134685;8109.024036493306;11861.925752818785;22;300036.4703;0,93,5,75,27,29,43,0,0,20,24,2,1,99,64,0,0,67,63,62,72,61,0,0,22,21,30,36,6,68,0,0,11,10,8,47,51,42,48,0,0,69,65,31,55,53,59,0,0,37,32,66,83,95,98,0,0,90,78,81,79,96,0,0,9,17,41,0,0,84,86,88,91,89,0,0,87,77,74,0,0,52,34,40,60,57,0,0,73,70,76,46,45,0,0,49,85,82,3,7,0,0,19,15,12,14,0,0,4,71,80,28,26,23,0,0,13,25,44,50,0,0,16,18,0,0,35,38,33,0,0,100,97,92,94,0,0,39,0,0,58,56,54,0
0;pliki//100 lokacji//C201.txt;250;40;insert;3;6542;22718.714430035507;2898.0937847829045;7540.865038658179;12279.755606594425;22240.82595143097;2513.7407873555703;7620.935251046523;12106.149913028878;22;300519.6846;0,93,5,75,0,0,20,24,2,1,99,0,0,67,63,62,72,61,0,0,22,21,27,0,0,43,48,42,51,47,10,11,8,0,0,69,65,31,55,53,59,0,0,66,6,32,36,37,0,0,41,64,68,96,90,98,0,0,87,77,74,0,0,81,79,78,9,17,0,0,89,84,86,40,57,0,0,45,46,76,70,73,0,0,88,91,34,60,0,0,50,44,13,83,71,80,0,0,25,15,0,0,30,29,28,26,23,14,12,0,0,82,85,49,0,0,33,38,35,0,0,18,19,16,0,0,100,97,94,52,39,0,0,58,56,54,0,0,4,92,95,3,7,0
0;pliki//100 lokacji//C201.txt;250;40;insert;3;6543;22718.714430035507;2898.0937847829045;7540.865038658179;12279.755606594425;22240.82595143097;2513.7407873555703;7620.935251046523;12106.149913028878;22;300018.1289;0,93,5,75,0,0,20,24,2,1,99,0,0,67,63,62,72,61,0,0,22,21,27,0,0,43,48,42,51,47,10,11,8,0,0,69,65,31,55,53,59,0,0,66,6,32,36,37,0,0,41,64,68,96,90,98,0,0,87,77,74,0,0,81,79,78,9,17,0,0,89,84,86,40,57,0,0,45,46,76,70,73,0,0,88,91,34,60,0,0,50,44,13,83,71,80,0,0,25,15,0,0,30,29,28,26,23,14,12,0,0,82,85,49,0,0,33,38,35,0,0,18,19,16,0,0,100,97,94,52,39,0,0,58,56,54,0,0,4,92,95,3,7,0
0;pliki//100 lokacji//C201.txt;250;40;insert;3;6544;22718.714430035507;2898.0937847829045;7540.865038658179;12279.755606594425;22240.82595143097;2513.7407873555703;7620.935251046523;12106.149913028878;22;300044.8235;0,93,5,75,0,0,20,24,2,1,99,0,0,67,63,62,72,61,0,0,22,21,27,0,0,43,48,42,51,47,10,11,8,0,0,69,65,31,55,53,59,0,0,66,6,32,36,37,0,0,41,64,68,96,90,98,0,0,87,77,74,0,0,81,79,78,9,17,0,0,89,84,86,40,57,0,0,45,46,76,70,73,0,0,88,91,34,60,0,0,50,44,13,83,71,80,0,0,25,15,0,0,30,29,28,26,23,14,12,0,0,82,85,49,0,0,33,38,35,0,0,18,19,16,0,0,100,97,94,52,39,0,0,58,56,54,0,0,4,92,95,3,7,0
0;pliki//100 lokacji//C201.txt;250;50;swap;3;7542;22718.714430035507;2898.0937847829045;7540.865038658179;12279.755606594425;20578.64391022636;2111.7324646471693;6524.467087043706;11942.444358535484;25;300020.732;0,59,58,60,45,0,0,8,73,80,79,96,87,0,0,69,65,49,82,84,86,0,0,16,0,0,26,28,36,0,0,89,4,91,88,0,0,20,34,38,35,0,0,10,9,25,0,0,41,57,40,44,50,0,0,5,75,2,0,0,78,81,77,90,0,0,15,95,98,0,0,99,94,97,92,3,0,0,67,63,62,0,0,46,68,0,0,11,12,14,13,0,0,85,71,70,76,83,0,0,56,53,54,0,0,33,32,0,0,39,37,31,52,55,0,0,17,19,18,23,21,0,0,47,42,51,43,48,0,0,93,7,100,1,0,0,22,24,27,30,29,6,0,0,74,72,61,64,66,0
0;pliki//100 lokacji//C201.txt;250;50;swap;3;7543;22718.714430035507;2898.0937847829045;7540.865038658179;12279.755606594425;20250.674877447273;2140.9490672381185;6191.16690258854;11918.558907620614;25;300159.4748;0,13,17,14,12,0,0,75,2,1,99,0,0,90,82,85,87,0,0,7,4,91,88,0,0,67,63,62,0,0,45,50,33,30,29,0,0,16,19,18,0,0,65,49,59,56,53,0,0,46,68,69,0,0,26,28,36,57,44,0,0,47,42,51,43,48,0,0,83,84,86,0,0,15,23,21,0,0,41,54,0,0,74,0,0,52,6,34,32,0,0,93,5,8,27,0,0,9,11,10,0,0,20,22,24,25,0,0,100,97,94,98,89,0,0,35,38,37,31,0,0,96,80,81,78,77,0,0,55,39,58,60,40,0,0,72,61,64,66,92,95,3,0,0,73,70,71,76,79,0
0;pliki//100 lokacji//C201.txt;250;50;swap;3;7544;22718.714430035507;2898.0937847829045;7540.865038658179;12279.755606594425;20156.519158493837;2333.4095411111207;5701.735924528226;12121.373692854488;26;300044.9924;0,16,7,89,0,0,35,33,6,69,0,0,62,81,73,79,65,68,0,0,51,60,59,50,0,0,5,75,2,1,99,0,0,90,11,10,8,9,0,0,74,72,61,64,66,0,0,52,23,13,45,42,43,0,0,67,63,0,0,86,87,91,82,84,0,0,85,76,70,71,0,0,22,25,30,29,0,0,46,57,40,44,0,0,26,28,0,0,47,48,0,0,100,97,4,49,0,0,55,56,53,58,0,0,94,92,83,80,54,0,0,41,38,34,36,0,0,21,17,12,14,0,0,15,19,18,0,0,78,77,96,0,0,93,0,0,32,39,37,31,0,0,88,95,98,3,0,0,20,24,27,0
0;pliki//100 lokacji//C201.txt;250;50;invert;3;7542;22718.714430035507;2898.0937847829045;7540.865038658179;12279.755606594425;22718.714430035507;2898.0937847829045;7540.865038658179;12279.755606594425;22;300057.5147;0,93,5,75,27,29,43,0,0,20,24,2,1,99,64,0,0,67,63,62,72,61,0,0,22,21,30,6,36,68,0,0,48,42,51,47,10,11,8,0,0,69,65,31,55,53,59,0,0,66,32,37,98,95,83,0,0,41,96,90,9,0,0,74,87,77,0,0,52,81,79,17,78,0,0,89,84,86,40,57,0,0,45,46,76,70,73,0,0,91,88,34,60,0,0,50,44,13,71,80,0,0,25,15,0,0,4,28,26,23,12,14,19,0,0,7,3,82,85,49,0,0,33,35,38,0,0,18,16,0,0,100,97,94,39,0,0,54,58,56,0,0,92,0
0;pliki//100 lokacji//C201.txt;250;50;invert;3;7543;22718.714430035507;2898.0937847829045;7540.865038658179;12279.755606594425;22136.740937575873;2552.616525676425;7626.955386070371;11957.169025829078;22;300025.0298;0,93,5,75,27,29,43,0,0,20,24,2,1,99,64,0,0,67,63,62,72,61,0,0,22,21,30,36,6,68,0,0,10,11,8,47,51,42,48,0,0,69,65,31,55,53,59,0,0,37,32,66,83,95,98,0,0,9,17,41,0,0,87,77,74,0,0,78,81,79,96,90,0,0,89,88,91,86,84,0,0,52,34,60,40,57,0,0,73,70,76,46,45,0,0,49,85,82,3,7,0,0,19,15,12,14,0,0,4,71,80,28,26,23,0,0,13,25,44,50,0,0,35,38,33,0,0,18,16,0,0,100,97,94,0,0,58,56,54,0,0,39,92,0
0;pliki//100 lokacji//C201.txt;250;50;invert;3;7544;22718.714430035507;2898.0937847829045;7540.865038658179;12279.755606594425;22140.75572275767;2552.6165256764248;7626.955386070371;11961.183811010875;22;300094.8008;0,93,5,75,27,29,43,0,0,20,24,2,1,99,64,0,0,67,63,62,72,61,0,0,22,21,30,36,6,68,0,0,10,11,8,47,51,42,48,0,0,69,65,31,55,53,59,0,0,37,32,66,83,95,98,0,0,74,77,87,0,0,9,17,41,0,0,78,81,79,96,90,0,0,89,88,91,86,84,0,0,52,34,60,40,57,0,0,73,70,76,46,45,0,0,49,85,82,3,7,0,0,19,15,12,14,0,0,4,71,80,28,26,23,0,0,13,25,44,50,0,0,16,18,0,0,35,38,33,0,0,100,97,94,0,0,58,56,54,0,0,39,92,0
0;pliki//100 lokacji//C201.txt;250;50;insert;3;7542;22718.714430035507;2898.0937847829045;7540.865038658179;12279.755606594425;22240.82595143097;2513.7407873555703;7620.935251046523;12106.149913028878;22;301225.2027;0,93,5,75,0,0,20,24,2,1,99,0,0,67,63,62,72,61,0,0,22,21,27,0,0,43,48,42,51,47,10,11,8,0,0,69,65,31,55,53,59,0,0,66,6,32,36,37,0,0,41,64,68,96,90,98,0,0,87,77,74,0,0,81,79,78,9,17,0,0,89,84,86,40,57,0,0,45,46,76,70,73,0,0,88,91,34,60,0,0,50,44,13,83,71,80,0,0,25,15,0,0,30,29,28,26,23,14,12,0,0,82,85,49,0,0,33,38,35,0,0,18,19,16,0,0,100,97,94,52,39,0,0,58,56,54,0,0,4,92,95,3,7,0
0;pliki//100 lokacji//C201.txt;250;50;insert;3;7543;22718.714430035507;2898.0937847829045;7540.865038658179;12279.755606594425;22240.82595143097;2513.7407873555703;7620.935251046523;12106.149913028878;22;300692.2337;0,93,5,75,0,0,20,24,2,1,99,0,0,67,63,62,72,61,0,0,22,21,27,0,0,43,48,42,51,47,10,11,8,0,0,69,65,31,55,53,59,0,0,66,6,32,36,37,0,0,41,64,68,96,90,98,0,0,87,77,74,0,0,81,79,78,9,17,0,0,89,84,86,40,57,0,0,45,46,76,70,73,0,0,88,91,34,60,0,0,50,44,13,83,71,80,0,0,25,15,0,0,30,29,28,26,23,14,12,0,0,82,85,49,0,0,33,38,35,0,0,18,19,16,0,0,100,97,94,52,39,0,0,58,56,54,0,0,4,92,95,3,7,0
0;pliki//100 lokacji//C201.txt;250;50;insert;3;7544;22718.714430035507;2898.0937847829045;7540.865038658179;12279.755606594425;22240.82595143097;2513.7407873555703;7620.935251046523;12106.149913028878;22;300072.8682;0,93,5,75,0,0,20,24,2,1,99,0,0,67,63,62,72,61,0,0,22,21,27,0,0,43,48,42,51,47,10,11,8,0,0,69,65,31,55,53,59,0,0,66,6,32,36,37,0,0,41,64,68,96,90,98,0,0,87,77,74,0,0,81,79,78,9,17,0,0,89,84,86,40,57,0,0,45,46,76,70,73,0,0,88,91,34,60,0,0,50,44,13,83,71,80,0,0,25,15,0,0,30,29,28,26,23,14,12,0,0,82,85,49,0,0,33,38,35,0,0,18,19,16,0,0,100,97,94,52,39,0,0,58,56,54,0,0,4,92,95,3,7,0
0;pliki//100 lokacji//C201.txt;300;10;swap;3;4042;22718.714430035507;2898.0937847829045;7540.865038658179;12279.755606594425;21570.645791479496;2049.6181133862215;7773.735913600841;11747.291764492433;24;300051.3661;0,33,32,35,31,0,0,86,83,82,84,0,0,68,66,69,0,0,4,3,98,7,0,0,61,64,80,73,71,76,79,0,0,47,44,46,0,0,16,14,12,0,0,93,11,25,30,0,0,8,37,38,39,0,0,89,90,87,72,49,56,0,0,20,22,24,27,29,6,0,0,91,88,97,0,0,9,15,13,0,0,26,28,0,0,63,78,85,0,0,96,70,81,77,0,0,60,53,58,59,0,0,100,92,94,95,0,0,65,55,40,51,50,34,36,0,0,5,75,2,1,99,0,0,10,23,19,18,17,0,0,21,45,52,42,43,48,0,0,41,54,57,0,0,67,62,74,0
0;pliki//100 lokacji//C201.txt;300;10;swap;3;4043;22718.714430035507;2898.0937847829045;7540.865038658179;12279.755606594425;20976.855441192554;2081.453308002132;7275.9576491104835;11619.444484079939;23;300045.6861;0,30,29,46,68,69,0,0,21,25,9,10,0,0,4,97,92,94,0,0,13,15,23,0,0,74,72,61,64,66,0,0,22,75,0,0,39,38,37,31,0,0,47,45,54,53,0,0,33,35,32,0,0,20,24,27,26,28,6,0,0,65,55,49,98,3,91,89,0,0,7,99,95,100,0,0,56,58,60,0,0,41,42,43,48,8,0,0,51,57,73,70,76,0,0,16,14,12,0,0,87,77,71,85,83,0,0,34,36,40,59,44,52,50,0,0,18,19,17,11,82,0,0,90,88,84,86,0,0,96,80,79,81,78,0,0,93,5,2,1,0,0,67,63,62,0
0;pliki//100 lokacji//C201.txt;300;10;swap;3;4044;22718.714430035507;2898.0937847829045;7540.865038658179;12279.755606594425;21167.302314314016;2125.9288201976874;7361.735913600841;11679.637580515488;25;300147.5121;0,88,84,86,66,69,0,0,41,65,49,96,91,89,0,0,99,100,97,98,0,0,85,76,70,0,0,8,9,13,17,0,0,63,0,0,21,25,10,0,0,20,22,24,27,0,0,68,45,51,31,38,0,0,81,71,73,79,80,0,0,67,62,74,0,0,11,15,18,0,0,52,50,44,46,0,0,47,42,48,0,0,57,55,34,28,36,0,0,33,32,0,0,30,29,6,35,37,39,0,0,43,40,60,59,78,83,0,0,58,56,53,0,0,7,92,94,95,3,0,0,19,16,12,14,0,0,93,26,23,1,4,0,0,54,72,61,64,0,0,5,75,2,0,0,87,77,82,90,0
0;pliki//100 lokacji//C201.txt;300;10;invert;3;4042;22718.714430035507;2898.0937847829045;7540.865038658179;12279.755606594425;22509.629287785065;2348.762848678743;8230.028973841858;11930.837465264463;22;300052.3312;0,93,5,75,27,29,43,0,0,20,24,2,1,99,64,0,0,67,63,62,72,61,0,0,22,6,36,30,21,0,0,48,68,42,51,47,10,11,8,0,0,69,65,31,55,53,59,0,0,66,41,52,32,37,0,0,87,77,74,0,0,9,17,95,98,89,0,0,90,78,81,79,96,0,0,83,84,86,57,40,0,0,45,46,44,50,13,0,0,34,60,91,88,0,0,73,70,71,76,80,0,0,25,15,0,0,4,18,23,26,28,0,0,35,38,33,0,0,49,85,82,3,7,0,0,19,16,14,12,0,0,100,97,92,94,0,0,58,56,54,0,0,39,0
0;pliki//100 lokacji//C201.txt;300;10;invert;3;4043;22718.714430035507;2898.0937847829045;7540.865038658179;12279.755606594425;22294.99549086635;2178.471374826662;8162.028973841858;11954.495142197831;22;300008.2847;0,93,5,75,27,29,43,0,0,20,24,2,1,99,64,0,0,67,63,62,72,61,0,0,22,6,36,30,21,0,0,48,68,42,51,47,11,10,8,0,0,69,65,31,55,53,59,0,0,66,41,52,32,37,34,0,0,86,83,84,88,91,89,0,0,96,79,81,78,90,0,0,15,17,0,0,25,13,9,0,0,87,77,74,0,0,18,50,44,46,45,0,0,40,60,57,0,0,80,76,71,70,73,0,0,4,95,98,23,26,28,0,0,35,38,33,0,0,49,85,82,3,7,0,0,19,16,14,12,0,0,100,97,92,94,0,0,58,56,54,0,0,39,0
0;pliki//100 lokacji//C201.txt;300;10;invert;3;4044;22718.714430035507;2898.0937847829045;7540.865038658179;12279.755606594425;22171.102802906877;2014.364944707626;8615.951583708502;11540.786274490749;22;300135.3433;0,93,5,75,27,29,43,0,0,20,24,2,1,99,64,0,0,67,63,62,72,61,0,0,22,6,36,30,21,0,0,48,68,42,51,47,11,10,8,0,0,69,65,49,55,53,44,45,0,0,9,15,13,0,0,50,46,41,66,0,0,74,77,87,0,0,33,32,52,31,0,0,25,18,17,0,0,80,73,70,71,76,0,0,40,60,59,57,0,0,35,38,37,34,0,0,91,88,3,7,89,0,0,28,26,23,98,95,4,0,0,85,82,83,84,86,0,0,90,78,81,79,96,0,0,19,16,14,12,0,0,100,97,92,94,0,0,58,56,54,0,0,39,0
0;pliki//100 lokacji//C201.txt;300;10;insert;3;4042;22718.714430035507;2898.0937847829045;7540.865038658179;12279.755606594425;22517.499331942676;2502.414167867275;7800.935251046523;12214.149913028878;22;300015.9904;0,93,5,75,0,0,20,24,2,1,99,0,0,67,63,62,72,61,0,0,22,21,27,0,0,48,43,42,51,47,10,11,8,0,0,69,65,31,55,53,59,0,0,66,6,32,36,37,0,0,41,64,68,96,90,98,0,0,87,77,74,0,0,81,79,78,9,17,0,0,89,84,86,40,57,0,0,45,46,76,70,73,0,0,88,91,34,60,0,0,50,44,13,83,71,80,0,0,25,15,0,0,30,29,28,26,23,14,12,0,0,82,85,49,0,0,33,38,35,0,0,18,19,16,0,0,100,97,94,52,39,0,0,58,56,54,0,0,4,92,95,3,7,0
0;pliki//100 lokacji//C201.txt;300;10;insert;3;4043;22718.714430035507;2898.0937847829045;7540.865038658179;12279.755606594425;22517.499331942676;2502.414167867275;7800.935251046523;12214.149913028878;22;300032.3453;0,93,5,75,0,0,20,24,2,1,99,0,0,67,63,62,72,61,0,0,22,21,27,0,0,48,43,42,51,47,10,11,8,0,0,69,65,31,55,53,59,0,0,66,6,32,36,37,0,0,41,64,68,96,90,98,0,0,87,77,74,0,0,81,79,78,9,17,0,0,89,84,86,40,57,0,0,45,46,76,70,73,0,0,88,91,34,60,0,0,50,44,13,83,71,80,0,0,25,15,0,0,30,29,28,26,23,14,12,0,0,82,85,49,0,0,33,38,35,0,0,18,19,16,0,0,100,97,94,52,39,0,0,58,56,54,0,0,4,92,95,3,7,0
0;pliki//100 lokacji//C201.txt;300;10;insert;3;4044;22718.714430035507;2898.0937847829045;7540.865038658179;12279.755606594425;22517.499331942676;2502.414167867275;7800.935251046523;12214.149913028878;22;300082.9552;0,93,5,75,0,0,20,24,2,1,99,0,0,67,63,62,72,61,0,0,22,21,27,0,0,48,43,42,51,47,10,11,8,0,0,69,65,31,55,53,59,0,0,66,6,32,36,37,0,0,41,64,68,96,90,98,0,0,87,77,74,0,0,81,79,78,9,17,0,0,89,84,86,40,57,0,0,45,46,76,70,73,0,0,88,91,34,60,0,0,50,44,13,83,71,80,0,0,25,15,0,0,30,29,28,26,23,14,12,0,0,82,85,49,0,0,33,38,35,0,0,18,19,16,0,0,100,97,94,52,39,0,0,58,56,54,0,0,4,92,95,3,7,0
0;pliki//100 lokacji//C201.txt;300;20;swap;3;5042;22718.714430035507;2898.0937847829045;7540.865038658179;12279.755606594425;20671.106708156018;1974.4757083079044;6994.602648268455;11702.02835157966;24;300009.9851;0,100,97,92,94,0,0,21,47,43,10,8,0,0,22,34,38,35,0,0,20,24,27,26,23,25,0,0,30,29,33,32,0,0,16,19,12,14,0,0,5,75,2,1,99,0,0,77,85,81,79,80,0,0,57,59,54,0,0,72,61,41,6,0,0,88,86,91,89,0,0,67,63,62,0,0,74,0,0,73,70,71,76,78,0,0,64,68,66,83,82,84,90,0,0,9,18,13,0,0,52,69,65,49,55,53,0,0,31,37,39,28,36,0,0,42,46,45,48,0,0,87,96,50,51,0,0,4,3,95,98,7,0,0,17,15,11,0,0,56,58,60,40,44,0,0,93,0
0;pliki//100 lokacji//C201.txt;300;20;swap;3;5043;22718.714430035507;2898.0937847829045;7540.865038658179;12279.755606594425;20718.58459182549;2324.4354907881125;6394.471346631304;11999.677754406071;27;300095.2964;0,46,59,58,45,0,0,34,27,30,6,92,3,0,0,8,10,11,0,0,67,62,74,0,0,63,51,50,29,0,0,93,0,0,87,90,0,0,15,23,18,0,0,78,82,76,83,0,0,19,16,12,14,0,0,35,33,32,52,47,0,0,7,98,95,91,89,0,0,56,53,68,0,0,81,85,84,0,0,73,70,71,79,80,0,0,96,65,49,55,54,0,0,9,25,43,42,48,0,0,77,86,0,0,99,13,97,94,0,0,22,24,26,17,21,0,0,5,75,2,0,0,41,40,57,60,44,0,0,88,4,100,1,0,0,37,31,0,0,20,0,0,72,61,64,66,69,0,0,36,39,38,28,0
0;pliki//100 lokacji//C201.txt;300;20;swap;3;5044;22718.714430035507;2898.0937847829045;7540.865038658179;12279.755606594425;20482.62095180055;2280.446427053217;6038.801892636156;12163.372632111174;26;300047.7303;0,9,12,14,76,70,0,0,78,81,96,0,0,33,37,31,0,0,67,62,74,0,0,87,83,90,51,42,43,0,0,60,58,56,72,61,66,0,0,8,25,23,21,0,0,47,55,54,53,0,0,93,0,0,4,3,95,7,0,0,1,99,100,0,0,52,50,65,49,39,0,0,5,75,2,0,0,59,57,40,44,41,0,0,45,38,34,36,0,0,77,71,85,84,86,0,0,82,88,91,89,0,0,15,26,28,0,0,30,6,35,32,0,0,64,68,69,0,0,48,46,80,73,79,10,11,0,0,22,24,0,0,16,19,18,0,0,63,0,0,20,13,17,27,29,0,0,97,92,94,98,0
0;pliki//100 lokacji//C201.txt;300;20;invert;3;5042;22718.714430035507;2898.0937847829045;7540.865038658179;12279.755606594425;22718.714430035507;2898.0937847829045;7540.865038658179;12279.755606594425;22;300029.1189;0,93,5,75,27,29,43,0,0,20,24,2,1,99,64,0,0,67,63,62,72,61,0,0,22,21,30,6,36,68,0,0,48,42,51,47,10,11,8,0,0,69,65,31,55,53,59,0,0,66,32,37,98,95,83,0,0,41,96,90,9,0,0,74,87,77,0,0,52,81,79,17,78,0,0,89,84,86,40,57,0,0,45,46,76,70,73,0,0,91,88,34,60,0,0,50,44,13,71,80,0,0,25,15,0,0,4,28,26,23,12,14,19,0,0,7,3,82,85,49,0,0,33,35,38,0,0,18,16,0,0,100,97,94,39,0,0,54,58,56,0,0,92,0
0;pliki//100 lokacji//C201.txt;300;20;invert;3;5043;22718.714430035507;2898.0937847829045;7540.865038658179;12279.755606594425;22718.714430035507;2898.0937847829045;7540.865038658179;12279.755606594425;22;300028.3409;0,93,5,75,27,29,43,0,0,20,24,2,1,99,64,0,0,67,63,62,72,61,0,0,22,21,30,6,36,68,0,0,48,42,51,47,10,11,8,0,0,69,65,31,55,53,59,0,0,66,32,37,98,95,83,0,0,41,96,90,9,0,0,74,87,77,0,0,52,81,79,17,78,0,0,89,84,86,40,57,0,0,45,46,76,70,73,0,0,91,88,34,60,0,0,50,44,13,71,80,0,0,25,15,0,0,4,28,26,23,12,14,19,0,0,7,3,82,85,49,0,0,33,35,38,0,0,18,16,0,0,100,97,94,39,0,0,54,58,56,0,0,92,0
0;pliki//100 lokacji//C201.txt;300;20;invert;3;5044;22718.714430035507;2898.0937847829045;7540.865038658179;12279.755606594425;22718.714430035507;2898.0937847829045;7540.865038658179;12279.755606594425;22;300122.5273;0,93,5,75,27,29,43,0,0,20,24,2,1,99,64,0,0,67,63,62,72,61,0,0,22,21,30,6,36,68,0,0,48,42,51,47,10,11,8,0,0,69,65,31,55,53,59,0,0,66,32,37,98,95,83,0,0,41,96,90,9,0,0,74,87,77,0,0,52,81,79,17,78,0,0,89,84,86,40,57,0,0,45,46,76,70,73,0,0,91,88,34,60,0,0,50,44,13,71,80,0,0,25,15,0,0,4,28,26,23,12,14,19,0,0,7,3,82,85,49,0,0,33,35,38,0,0,18,16,0,0,100,97,94,39,0,0,54,58,56,0,0,92,0
0;pliki//100 lokacji//C201.txt;300;20;insert;3;5042;22718.714430035507;2898.0937847829045;7540.865038658179;12279.755606594425;22240.82595143097;2513.7407873555703;7620.935251046523;12106.149913028878;22;300142.7197;0,93,5,75,0,0,20,24,2,1,99,0,0,67,63,62,72,61,0,0,22,21,27,0,0,43,48,42,51,47,10,11,8,0,0,69,65,31,55,53,59,0,0,66,6,32,36,37,0,0,41,64,68,96,90,98,0,0,87,77,74,0,0,81,79,78,9,17,0,0,89,84,86,40,57,0,0,45,46,76,70,73,0,0,88,91,34,60,0,0,50,44,13,83,71,80,0,0,25,15,0,0,30,29,28,26,23,14,12,0,0,82,85,49,0,0,33,38,35,0,0,18,19,16,0,0,100,97,94,52,39,0,0,58,56,54,0,0,4,92,95,3,7,0
0;pliki//100 lokacji//C201.txt;300;20;insert;3;5043;22718.714430035507;2898.0937847829045;7540.865038658179;12279.755606594425;22240.82595143097;2513.7407873555703;7620.935251046523;12106.149913028878;22;300023.5794;0,93,5,75,0,0,20,24,2,1,99,0,0,67,63,62,72,61,0,0,22,21,27,0,0,43,48,42,51,47,10,11,8,0,0,69,65,31,55,53,59,0,0,66,6,32,36,37,0,0,41,64,68,96,90,98,0,0,87,77,74,0,0,81,79,78,9,17,0,0,89,84,86,40,57,0,0,45,46,76,70,73,0,0,88,91,34,60,0,0,50,44,13,83,71,80,0,0,25,15,0,0,30,29,28,26,23,14,12,0,0,82,85,49,0,0,33,38,35,0,0,18,19,16,0,0,100,97,94,52,39,0,0,58,56,54,0,0,4,92,95,3,7,0
0;pliki//100 lokacji//C201.txt;300;20;insert;3;5044;22718.714430035507;2898.0937847829045;7540.865038658179;12279.755606594425;22240.82595143097;2513.7407873555703;7620.935251046523;12106.149913028878;22;300107.1548;0,93,5,75,0,0,20,24,2,1,99,0,0,67,63,62,72,61,0,0,22,21,27,0,0,43,48,42,51,47,10,11,8,0,0,69,65,31,55,53,59,0,0,66,6,32,36,37,0,0,41,64,68,96,90,98,0,0,87,77,74,0,0,81,79,78,9,17,0,0,89,84,86,40,57,0,0,45,46,76,70,73,0,0,88,91,34,60,0,0,50,44,13,83,71,80,0,0,25,15,0,0,30,29,28,26,23,14,12,0,0,82,85,49,0,0,33,38,35,0,0,18,19,16,0,0,100,97,94,52,39,0,0,58,56,54,0,0,4,92,95,3,7,0
0;pliki//100 lokacji//C201.txt;300;30;swap;3;6042;22718.714430035507;2898.0937847829045;7540.865038658179;12279.755606594425;19727.986627296603;2129.933771678014;5912.120662648881;11685.932192969705;26;300064.0348;0,56,53,54,0,0,74,72,61,64,68,0,0,7,95,98,0,0,65,49,55,59,58,60,0,0,21,25,10,0,0,11,19,18,34,36,0,0,17,13,9,8,0,0,78,76,79,81,0,0,20,35,33,30,0,0,38,37,39,0,0,22,24,27,0,0,52,50,51,44,46,45,0,0,86,84,0,0,15,26,28,0,0,96,71,70,73,80,0,0,16,14,12,0,0,67,62,2,1,0,0,63,0,0,41,47,42,48,0,0,97,92,94,3,0,0,93,5,75,100,99,0,0,88,4,91,89,0,0,90,82,83,0,0,87,77,85,66,0,0,43,57,40,23,0,0,29,6,31,32,69,0
0;pliki//100 lokacji//C201.txt;300;30;swap;3;6043;22718.714430035507;2898.0937847829045;7540.865038658179;12279.755606594425;20410.028004378524;2235.0066248676594;6352.759178006863;11822.262201504003;27;300127.6215;0,64,41,68,69,0,0,67,63,0,0,21,65,49,55,53,0,0,17,18,9,11,8,0,0,25,44,46,0,0,96,70,71,73,80,0,0,20,62,84,88,0,0,22,24,27,0,0,82,86,0,0,77,78,81,79,0,0,74,72,61,0,0,30,29,6,35,31,0,0,45,40,57,60,59,0,0,33,32,66,0,0,10,13,15,0,0,4,92,85,76,7,0,0,19,16,12,14,0,0,100,97,0,0,87,90,0,0,94,3,95,98,91,89,0,0,93,0,0,56,58,54,0,0,5,75,2,1,99,83,0,0,47,52,42,43,48,0,0,34,36,28,26,23,0,0,51,50,0,0,38,37,39,0
0;pliki//100 lokacji//C201.txt;300;30;swap;3;6044;22718.714430035507;2898.0937847829045;7540.865038658179;12279.755606594425;21235.014973628822;2345.127960397147;7062.593542709977;11827.2934705217;26;300211.783;0,6,33,37,35,0,0,22,24,27,0,0,88,89,84,85,0,0,100,7,1,99,0,0,63,0,0,96,87,82,83,0,0,47,52,43,48,0,0,21,25,17,10,0,0,59,58,53,72,0,0,23,18,19,13,86,0,0,62,74,0,0,90,8,68,69,98,95,0,0,20,75,2,0,0,78,81,60,40,44,0,0,26,28,32,0,0,15,50,51,45,0,0,56,54,34,36,0,0,93,5,9,30,29,0,0,42,46,0,0,11,16,12,14,0,0,4,91,0,0,94,97,92,3,0,0,41,65,49,55,57,0,0,31,38,39,0,0,67,73,80,61,64,66,0,0,77,76,71,70,79,0
0;pliki//100 lokacji//C201.txt;300;30;invert;3;6042;22718.714430035507;2898.0937847829045;7540.865038658179;12279.755606594425;22154.365739314897;2432.2463359455955;7817.377591172227;11904.741812197073;22;300102.5995;0,93,5,75,27,29,43,0,0,20,24,2,1,99,64,0,0,67,63,62,72,61,0,0,21,22,47,51,42,48,0,0,8,10,11,30,36,6,68,0,0,69,65,31,55,53,59,0,0,37,32,66,95,98,0,0,89,88,91,83,84,86,0,0,87,77,74,0,0,9,17,41,0,0,52,34,60,57,40,0,0,45,46,76,70,73,0,0,78,81,79,96,90,0,0,49,85,82,3,7,0,0,13,25,44,50,0,0,15,19,18,0,0,16,14,12,0,0,80,71,4,23,26,28,0,0,35,38,33,0,0,100,97,92,94,0,0,58,56,54,0,0,39,0
0;pliki//100 lokacji//C201.txt;300;30;invert;3;6043;22718.714430035507;2898.0937847829045;7540.865038658179;12279.755606594425;22505.75793845958;2545.698060774445;8026.60183139145;11933.458046293686;22;300106.0893;0,93,5,75,27,29,43,0,0,20,24,2,1,99,64,0,0,67,63,62,72,61,0,0,22,21,30,36,6,68,0,0,11,10,8,47,51,42,48,0,0,69,65,31,55,53,59,0,0,37,32,66,83,95,98,0,0,90,78,81,79,96,0,0,87,77,74,0,0,9,17,41,0,0,89,88,91,86,84,0,0,52,34,60,40,57,0,0,73,70,76,46,45,0,0,49,85,82,3,7,0,0,19,15,12,14,0,0,4,71,80,28,26,23,0,0,13,25,44,50,0,0,33,38,35,0,0,18,16,0,0,100,97,94,0,0,58,56,54,0,0,39,92,0
0;pliki//100 lokacji//C201.txt;300;30;invert;3;6044;22718.714430035507;2898.0937847829045;7540.865038658179;12279.755606594425;22718.714430035507;2898.0937847829045;7540.865038658179;12279.755606594425;22;300132.522;0,93,5,75,27,29,43,0,0,20,24,2,1,99,64,0,0,67,63,62,72,61,0,0,22,21,30,6,36,68,0,0,48,42,51,47,10,11,8,0,0,69,65,31,55,53,59,0,0,66,32,37,98,95,83,0,0,41,96,90,9,0,0,74,87,77,0,0,52,81,79,17,78,0,0,89,84,86,40,57,0,0,45,46,76,70,73,0,0,91,88,34,60,0,0,50,44,13,71,80,0,0,25,15,0,0,4,28,26,23,12,14,19,0,0,7,3,82,85,49,0,0,33,35,38,0,0,18,16,0,0,100,97,94,39,0,0,54,58,56,0,0,92,0
0;pliki//100 lokacji//C201.txt;300;30;insert;3;6042;22718.714430035507;2898.0937847829045;7540.865038658179;12279.755606594425;22240.82595143097;2513.7407873555703;7620.935251046523;12106.149913028878;22;300117.7282;0,93,5,75,0,0,20,24,2,1,99,0,0,67,63,62,72,61,0,0,22,21,27,0,0,43,48,42,51,47,10,11,8,0,0,69,65,31,55,53,59,0,0,66,6,32,36,37,0,0,41,64,68,96,90,98,0,0,87,77,74,0,0,81,79,78,9,17,0,0,89,84,86,40,57,0,0,45,46,76,70,73,0,0,88,91,34,60,0,0,50,44,13,83,71,80,0,0,25,15,0,0,30,29,28,26,23,14,12,0,0,82,85,49,0,0,33,38,35,0,0,18,19,16,0,0,100,97,94,52,39,0,0,58,56,54,0,0,4,92,95,3,7,0
0;pliki//100 lokacji//C201.txt;300;30;insert;3;6043;22718.714430035507;2898.0937847829045;7540.865038658179;12279.755606594425;22240.82595143097;2513.7407873555703;7620.935251046523;12106.149913028878;22;300100.2444;0,93,5,75,0,0,20,24,2,1,99,0,0,67,63,62,72,61,0,0,22,21,27,0,0,43,48,42,51,47,10,11,8,0,0,69,65,31,55,53,59,0,0,66,6,32,36,37,0,0,41,64,68,96,90,98,0,0,87,77,74,0,0,81,79,78,9,17,0,0,89,84,86,40,57,0,0,45,46,76,70,73,0,0,88,91,34,60,0,0,50,44,13,83,71,80,0,0,25,15,0,0,30,29,28,26,23,14,12,0,0,82,85,49,0,0,33,38,35,0,0,18,19,16,0,0,100,97,94,52,39,0,0,58,56,54,0,0,4,92,95,3,7,0
0;pliki//100 lokacji//C201.txt;300;30;insert;3;6044;22718.714430035507;2898.0937847829045;7540.865038658179;12279.755606594425;22240.82595143097;2513.7407873555703;7620.935251046523;12106.149913028878;22;300044.8744;0,93,5,75,0,0,20,24,2,1,99,0,0,67,63,62,72,61,0,0,22,21,27,0,0,43,48,42,51,47,10,11,8,0,0,69,65,31,55,53,59,0,0,66,6,32,36,37,0,0,41,64,68,96,90,98,0,0,87,77,74,0,0,81,79,78,9,17,0,0,89,84,86,40,57,0,0,45,46,76,70,73,0,0,88,91,34,60,0,0,50,44,13,83,71,80,0,0,25,15,0,0,30,29,28,26,23,14,12,0,0,82,85,49,0,0,33,38,35,0,0,18,19,16,0,0,100,97,94,52,39,0,0,58,56,54,0,0,4,92,95,3,7,0
0;pliki//100 lokacji//C201.txt;300;40;swap;3;7042;22718.714430035507;2898.0937847829045;7540.865038658179;12279.755606594425;19942.102610635062;2192.582850700543;5997.711207555695;11751.808552378821;26;300017.7945;0,72,61,64,68,66,69,0,0,9,18,13,10,0,0,93,5,8,0,0,1,99,15,19,0,0,34,39,38,0,0,75,2,88,0,0,59,58,0,0,77,71,70,73,80,0,0,92,94,95,98,3,0,0,20,0,0,78,85,82,83,0,0,49,51,32,65,56,55,43,0,0,25,17,23,50,52,0,0,100,97,7,0,0,4,91,89,84,86,0,0,67,62,74,0,0,21,54,53,0,0,22,24,27,30,29,6,0,0,81,76,79,96,0,0,63,0,0,42,46,45,48,0,0,35,33,37,31,0,0,26,28,36,57,0,0,16,12,14,11,0,0,41,40,60,44,47,0,0,87,90,0
0;pliki//100 lokacji//C201.txt;300;40;swap;3;7043;22718.714430035507;2898.0937847829045;7540.865038658179;12279.755606594425;20715.027260965428;2258.5134466179497;6423.152785628515;12033.36102871896;26;300079.0543;0,30,29,6,68,69,0,0,26,28,86,90,0,0,74,72,61,64,0,0,52,45,42,43,48,0,0,15,71,76,0,0,21,85,82,83,0,0,41,70,73,79,80,96,0,0,10,11,17,18,13,0,0,88,84,66,65,49,0,0,5,75,2,0,0,1,99,100,97,3,0,0,91,92,94,36,39,34,0,0,8,40,57,0,0,19,16,14,12,0,0,67,62,46,51,47,0,0,87,81,78,77,0,0,9,25,23,44,50,0,0,55,54,53,0,0,59,58,56,60,0,0,63,0,0,4,95,98,7,89,0,0,93,0,0,22,24,27,0,0,20,0,0,33,32,35,31,0,0,38,37,0
0;pliki//100 lokacji//C201.txt;300;40;swap;3;7044;22718.714430035507;2898.0937847829045;7540.865038658179;12279.755606594425;20238.976977954706;2349.970672824665;6039.7778724007185;11849.228432729322;26;300025.6351;0,75,2,0,0,1,99,4,0,0,33,32,0,0,85,78,76,71,79,0,0,88,97,0,0,15,23,0,0,74,72,61,0,0,20,47,50,35,6,0,0,10,9,17,18,14,0,0,19,16,12,11,0,0,43,51,44,46,45,52,0,0,87,90,42,41,48,0,0,22,24,27,30,29,0,0,93,5,0,0,96,64,68,66,69,0,0,21,65,49,55,54,0,0,56,53,0,0,77,60,57,40,0,0,80,73,70,82,83,0,0,91,7,89,84,86,0,0,67,63,62,0,0,100,92,94,95,98,0,0,25,13,8,0,0,59,58,34,0,0,81,3,38,36,0,0,28,37,31,26,39,0
0;pliki//100 lokacji//C201.txt;300;40;invert;3;7042;22718.714430035507;2898.0937847829045;7540.865038658179;12279.755606594425;22239.601688869334;2543.096839307061;7739.430149465956;11957.074700096317;22;300031.513;0,93,5,75,27,29,43,0,0,20,24,2,1,99,64,0,0,67,63,62,72,61,0,0,22,21,30,36,6,68,0,0,11,10,8,47,51,42,48,0,0,69,65,31,55,53,59,0,0,37,32,66,83,95,98,0,0,9,17,41,0,0,78,81,79,96,90,0,0,84,86,88,91,89,0,0,87,77,74,0,0,52,34,40,60,57,0,0,73,70,76,46,45,0,0,49,85,82,3,7,0,0,19,15,12,14,0,0,4,71,80,28,26,23,0,0,13,25,44,50,0,0,16,18,0,0,35,38,33,0,0,100,97,94,0,0,58,56,54,0,0,39,92,0
0;pliki//100 lokacji//C201.txt;300;40;invert;3;7043;22718.714430035507;2898.0937847829045;7540.865038658179;12279.755606594425;22666.713590344873;2428.3271705765183;8377.95777957924;11860.428640189115;22;300108.1109;0,93,5,75,27,29,43,0,0,20,24,2,1,99,64,0,0,67,63,62,72,61,0,0,21,22,30,36,6,68,0,0,11,10,8,47,51,42,48,0,0,69,65,31,55,53,59,0,0,37,32,66,83,95,98,0,0,90,78,81,79,96,0,0,9,17,41,0,0,87,77,74,0,0,52,34,60,57,40,0,0,73,70,76,46,45,0,0,91,86,84,4,23,26,28,0,0,13,25,44,50,0,0,49,85,82,3,7,0,0,80,71,88,89,0,0,16,14,12,0,0,15,19,18,0,0,35,38,33,0,0,100,97,92,94,0,0,39,0,0,58,56,54,0
0;pliki//100 lokacji//C201.txt;300;40;invert;3;7044;22718.714430035507;2898.0937847829045;7540.865038658179;12279.755606594425;22644.784867236274;2611.0097537803185;8075.828147872436;11957.946965583522;22;300041.8025;0,93,5,75,27,29,43,0,0,20,24,2,1,99,64,0,0,67,63,62,72,61,0,0,22,21,30,36,6,68,0,0,10,11,8,47,51,42,48,0,0,69,65,31,55,53,59,0,0,37,32,66,83,95,98,0,0,78,81,79,96,90,0,0,89,84,86,40,57,0,0,73,70,76,46,45,0,0,87,77,74,0,0,9,17,34,52,60,0,0,41,91,88,0,0,49,85,82,3,7,0,0,19,15,12,14,0,0,4,71,80,28,26,23,0,0,13,25,44,50,0,0,35,38,33,0,0,18,16,0,0,100,97,94,0,0,58,56,54,0,0,39,92,0
0;pliki//100 lokacji//C201.txt;300;40;insert;3;7042;22718.714430035507;2898.0937847829045;7540.865038658179;12279.755606594425;22240.82595143097;2513.7407873555703;7620.935251046523;12106.149913028878;22;300032.3688;0,93,5,75,0,0,20,24,2,1,99,0,0,67,63,62,72,61,0,0,22,21,27,0,0,43,48,42,51,47,10,11,8,0,0,69,65,31,55,53,59,0,0,66,6,32,36,37,0,0,41,64,68,96,90,98,0,0,87,77,74,0,0,81,79,78,9,17,0,0,89,84,86,40,57,0,0,45,46,76,70,73,0,0,88,91,34,60,0,0,50,44,13,83,71,80,0,0,25,15,0,0,30,29,28,26,23,14,12,0,0,82,85,49,0,0,33,38,35,0,0,18,19,16,0,0,100,97,94,52,39,0,0,58,56,54,0,0,4,92,95,3,7,0
0;pliki//100 lokacji//C201.txt;300;40;insert;3;7043;22718.714430035507;2898.0937847829045;7540.865038658179;12279.755606594425;22240.82595143097;2513.7407873555703;7620.935251046523;12106.149913028878;22;300053.8963;0,93,5,75,0,0,20,24,2,1,99,0,0,67,63,62,72,61,0,0,22,21,27,0,0,43,48,42,51,47,10,11,8,0,0,69,65,31,55,53,59,0,0,66,6,32,36,37,0,0,41,64,68,96,90,98,0,0,87,77,74,0,0,81,79,78,9,17,0,0,89,84,86,40,57,0,0,45,46,76,70,73,0,0,88,91,34,60,0,0,50,44,13,83,71,80,0,0,25,15,0,0,30,29,28,26,23,14,12,0,0,82,85,49,0,0,33,38,35,0,0,18,19,16,0,0,100,97,94,52,39,0,0,58,56,54,0,0,4,92,95,3,7,0
0;pliki//100 lokacji//C201.txt;300;40;insert;3;7044;22718.714430035507;2898.0937847829045;7540.865038658179;12279.755606594425;22240.82595143097;2513.7407873555703;7620.935251046523;12106.149913028878;22;300135.7413;0,93,5,75,0,0,20,24,2,1,99,0,0,67,63,62,72,61,0,0,22,21,27,0,0,43,48,42,51,47,10,11,8,0,0,69,65,31,55,53,59,0,0,66,6,32,36,37,0,0,41,64,68,96,90,98,0,0,87,77,74,0,0,81,79,78,9,17,0,0,89,84,86,40,57,0,0,45,46,76,70,73,0,0,88,91,34,60,0,0,50,44,13,83,71,80,0,0,25,15,0,0,30,29,28,26,23,14,12,0,0,82,85,49,0,0,33,38,35,0,0,18,19,16,0,0,100,97,94,52,39,0,0,58,56,54,0,0,4,92,95,3,7,0
0;pliki//100 lokacji//C201.txt;300;50;swap;3;8042;22718.714430035507;2898.0937847829045;7540.865038658179;12279.755606594425;19683.68028664046;2282.7477671102283;5657.664565047639;11743.267954482595;26;300143.6504;0,15,17,23,0,0,78,70,73,0,0,51,46,45,76,71,0,0,40,55,54,53,0,0,8,10,0,0,26,28,36,0,0,67,63,62,0,0,30,33,35,32,0,0,20,22,24,27,29,6,0,0,87,43,42,41,48,0,0,14,19,18,25,0,0,4,91,89,0,0,90,77,81,80,79,96,0,0,100,97,0,0,52,50,0,0,74,72,61,64,0,0,88,66,68,65,49,0,0,83,82,85,0,0,59,58,56,69,0,0,93,11,13,9,0,0,92,94,95,98,0,0,16,12,0,0,47,39,38,34,0,0,86,84,60,57,44,0,0,21,37,31,3,7,0,0,5,75,2,1,99,0
0;pliki//100 lokacji//C201.txt;300;50;swap;3;8043;22718.714430035507;2898.0937847829045;7540.865038658179;12279.755606594425;20352.220478148505;2290.101110071174;6286.116058951432;11776.003309125901;27;300100.0781;0,25,18,0,0,7,92,94,95,0,0,99,6,32,35,31,0,0,22,0,0,20,24,33,28,26,0,0,96,43,47,0,0,51,50,44,0,0,87,4,3,98,0,0,77,81,76,73,79,0,0,59,54,60,40,0,0,41,57,68,66,69,37,0,0,16,12,11,0,0,8,71,70,80,0,0,74,72,61,64,0,0,93,0,0,27,30,29,0,0,83,84,86,13,23,21,0,0,67,63,62,0,0,9,17,10,0,0,100,97,65,49,0,0,78,85,82,0,0,52,45,46,42,48,0,0,5,75,2,1,0,0,91,88,90,89,0,0,15,19,14,0,0,36,39,38,34,0,0,55,58,56,53,0
0;pliki//100 lokacji//C201.txt;300;50;swap;3;8044;22718.714430035507;2898.0937847829045;7540.865038658179;12279.755606594425;20597.2308331762;2251.7156319620008;6373.605739725259;11971.90946148894;25;300011.5152;0,56,58,60,41,0,0,22,15,27,0,0,74,72,61,64,66,0,0,20,24,33,30,29,0,0,87,90,9,0,0,4,91,88,84,0,0,45,37,39,0,0,52,40,57,44,80,73,0,0,2,1,99,95,0,0,21,25,10,0,0,42,47,50,51,46,0,0,85,76,71,78,0,0,6,38,32,0,0,34,35,31,59,53,0,0,68,69,65,49,55,54,0,0,96,79,70,81,0,0,16,17,23,0,0,100,97,94,98,0,0,7,92,3,83,77,86,89,0,0,18,19,14,13,0,0,93,5,75,0,0,8,43,48,0,0,67,63,62,0,0,11,12,82,0,0,26,28,36,0
0;pliki//100 lokacji//C201.txt;300;50;invert;3;8042;22718.714430035507;2898.0937847829045;7540.865038658179;12279.755606594425;22718.714430035507;2898.0937847829045;7540.865038658179;12279.755606594425;22;300023.231;0,93,5,75,27,29,43,0,0,20,24,2,1,99,64,0,0,67,63,62,72,61,0,0,22,21,30,6,36,68,0,0,48,42,51,47,10,11,8,0,0,69,65,31,55,53,59,0,0,66,32,37,98,95,83,0,0,41,96,90,9,0,0,74,87,77,0,0,52,81,79,17,78,0,0,89,84,86,40,57,0,0,45,46,76,70,73,0,0,91,88,34,60,0,0,50,44,13,71,80,0,0,25,15,0,0,4,28,26,23,12,14,19,0,0,7,3,82,85,49,0,0,33,35,38,0,0,18,16,0,0,100,97,94,39,0,0,54,58,56,0,0,92,0
0;pliki//100 lokacji//C201.txt;300;50;invert;3;8043;22718.714430035507;2898.0937847829045;7540.865038658179;12279.755606594425;22718.714430035507;2898.0937847829045;7540.865038658179;12279.755606594425;22;300011.8891;0,93,5,75,27,29,43,0,0,20,24,2,1,99,64,0,0,67,63,62,72,61,0,0,22,21,30,6,36,68,0,0,48,42,51,47,10,11,8,0,0,69,65,31,55,53,59,0,0,66,32,37,98,95,83,0,0,41,96,90,9,0,0,74,87,77,0,0,52,81,79,17,78,0,0,89,84,86,40,57,0,0,45,46,76,70,73,0,0,91,88,34,60,0,0,50,44,13,71,80,0,0,25,15,0,0,4,28,26,23,12,14,19,0,0,7,3,82,85,49,0,0,33,35,38,0,0,18,16,0,0,100,97,94,39,0,0,54,58,56,0,0,92,0
0;pliki//100 lokacji//C201.txt;300;50;invert;3;8044;22718.714430035507;2898.0937847829045;7540.865038658179;12279.755606594425;22232.245597302666;2552.5277311587342;7739.430149465956;11940.287716677974;22;300018.2424;0,93,5,75,27,29,43,0,0,20,24,2,1,99,64,0,0,67,63,62,72,61,0,0,22,21,30,36,6,68,0,0,11,10,8,47,51,42,48,0,0,69,65,31,55,53,59,0,0,37,32,66,83,95,98,0,0,78,81,79,96,90,0,0,9,17,41,0,0,89,88,91,86,84,0,0,73,70,76,46,45,0,0,87,77,74,0,0,52,34,60,40,57,0,0,49,85,82,3,7,0,0,19,15,12,14,0,0,4,71,80,28,26,23,0,0,13,25,44,50,0,0,33,38,35,0,0,16,18,0,0,100,97,94,0,0,58,56,54,0,0,39,92,0
0;pliki//100 lokacji//C201.txt;300;50;insert;3;8042;22718.714430035507;2898.0937847829045;7540.865038658179;12279.755606594425;22240.82595143097;2513.7407873555703;7620.935251046523;12106.149913028878;22;300112.8223;0,93,5,75,0,0,20,24,2,1,99,0,0,67,63,62,72,61,0,0,22,21,27,0,0,43,48,42,51,47,10,11,8,0,0,69,65,31,55,53,59,0,0,66,6,32,36,37,0,0,41,64,68,96,90,98,0,0,87,77,74,0,0,81,79,78,9,17,0,0,89,84,86,40,57,0,0,45,46,76,70,73,0,0,88,91,34,60,0,0,50,44,13,83,71,80,0,0,25,15,0,0,30,29,28,26,23,14,12,0,0,82,85,49,0,0,33,38,35,0,0,18,19,16,0,0,100,97,94,52,39,0,0,58,56,54,0,0,4,92,95,3,7,0
0;pliki//100 lokacji//C201.txt;300;50;insert;3;8043;22718.714430035507;2898.0937847829045;7540.865038658179;12279.755606594425;22240.82595143097;2513.7407873555703;7620.935251046523;12106.149913028878;22;300062.8391;0,93,5,75,0,0,20,24,2,1,99,0,0,67,63,62,72,61,0,0,22,21,27,0,0,43,48,42,51,47,10,11,8,0,0,69,65,31,55,53,59,0,0,66,6,32,36,37,0,0,41,64,68,96,90,98,0,0,87,77,74,0,0,81,79,78,9,17,0,0,89,84,86,40,57,0,0,45,46,76,70,73,0,0,88,91,34,60,0,0,50,44,13,83,71,80,0,0,25,15,0,0,30,29,28,26,23,14,12,0,0,82,85,49,0,0,33,38,35,0,0,18,19,16,0,0,100,97,94,52,39,0,0,58,56,54,0,0,4,92,95,3,7,0
0;pliki//100 lokacji//C201.txt;300;50;insert;3;8044;22718.714430035507;2898.0937847829045;7540.865038658179;12279.755606594425;22240.82595143097;2513.7407873555703;7620.935251046523;12106.149913028878;22;300061.8699;0,93,5,75,0,0,20,24,2,1,99,0,0,67,63,62,72,61,0,0,22,21,27,0,0,43,48,42,51,47,10,11,8,0,0,69,65,31,55,53,59,0,0,66,6,32,36,37,0,0,41,64,68,96,90,98,0,0,87,77,74,0,0,81,79,78,9,17,0,0,89,84,86,40,57,0,0,45,46,76,70,73,0,0,88,91,34,60,0,0,50,44,13,83,71,80,0,0,25,15,0,0,30,29,28,26,23,14,12,0,0,82,85,49,0,0,33,38,35,0,0,18,19,16,0,0,100,97,94,52,39,0,0,58,56,54,0,0,4,92,95,3,7,0
