Iteration,Timestamp,State,Action,Operator,Reward,QValueBefore,QValueAfter,Epsilon,BestObjective,CurrentObjective,QTableSize,AvgQValue,MaxQValue,MinQValue
1,2025-12-07 22:09:27.885,12,3,2opt,3.408506,0.000000,0.340851,1.000000,29953.40,29953.40,7,0.048693,0.340851,0.000000
2,2025-12-07 22:09:28.269,12,1,insert,1.146187,0.000000,0.114619,0.999500,29610.08,29610.08,8,0.056934,0.340851,0.000000
3,2025-12-07 22:09:28.431,9,3,2opt,0.703072,0.000000,0.070307,0.999000,29401.90,29401.90,8,0.065722,0.340851,0.000000
4,2025-12-07 22:09:28.598,9,4,oropt,0.691292,0.000000,0.075457,0.998501,29198.65,29198.65,8,0.075154,0.340851,0.000000
5,2025-12-07 22:09:28.784,9,1,insert,0.645780,0.000000,0.071369,0.998001,29010.09,29010.09,8,0.084075,0.340851,0.000000
6,2025-12-07 22:09:28.949,9,1,insert,0.649157,0.071369,0.135939,0.997502,28821.77,28821.77,8,0.092147,0.340851,0.000000
7,2025-12-07 22:09:29.099,9,1,insert,0.537884,0.135939,0.188368,0.997004,28666.74,28666.74,8,0.098700,0.340851,0.000000
8,2025-12-07 22:09:29.241,9,0,swap,0.534170,0.000000,0.070370,0.996505,28513.61,28513.61,8,0.107496,0.340851,0.000000
9,2025-12-07 22:09:29.364,9,3,2opt,0.897214,0.070307,0.169951,0.996007,28257.78,28257.78,8,0.119952,0.340851,0.000000
10,2025-12-07 22:09:29.450,9,0,swap,0.242912,0.070370,0.104577,0.995509,28189.14,28189.14,8,0.124228,0.340851,0.000000
11,2025-12-07 22:09:29.576,9,4,oropt,0.622706,0.075457,0.147135,0.995011,28013.60,28013.60,8,0.133188,0.340851,0.000000
12,2025-12-07 22:09:29.711,9,3,2opt,0.484898,0.169951,0.218399,0.994514,27877.77,27877.77,8,0.139244,0.340851,0.000000
13,2025-12-07 22:09:29.843,9,4,oropt,0.637903,0.147135,0.215868,0.994016,27699.93,27699.93,8,0.147835,0.340851,0.000000
14,2025-12-07 22:09:29.985,9,5,cross,0.394865,0.000000,0.059142,0.993519,27590.56,27590.56,8,0.155228,0.340851,0.000000
15,2025-12-07 22:09:30.153,9,3,2opt,0.399423,0.218399,0.256157,0.993023,27480.35,27480.35,8,0.159948,0.340851,0.000000
16,2025-12-07 22:09:30.252,9,0,swap,0.008191,0.104577,0.117993,0.992526,27478.10,27478.10,8,0.161625,0.340851,0.000000
17,2025-12-07 22:09:30.385,9,3,2opt,0.370285,0.256157,0.290624,0.992030,27376.35,27376.35,8,0.165933,0.340851,0.000000
18,2025-12-07 22:09:30.503,9,0,swap,-0.038542,0.117993,0.128496,0.991534,27376.35,27386.91,8,0.167246,0.340851,0.000000
19,2025-12-07 22:09:30.687,9,4,oropt,0.242959,0.215868,0.244733,0.991038,27320.37,27320.37,8,0.170854,0.340851,0.000000
20,2025-12-07 22:09:30.822,9,2,invert,0.301407,0.000000,0.056297,0.990543,27238.02,27238.02,8,0.177891,0.340851,0.056297
21,2025-12-07 22:09:30.991,9,0,swap,0.000000,0.128496,0.141802,0.990047,27238.02,27238.02,8,0.179554,0.340851,0.056297
22,2025-12-07 22:09:31.072,9,4,oropt,0.196428,0.244733,0.266059,0.989552,27184.52,27184.52,8,0.182220,0.340851,0.056297
23,2025-12-07 22:09:31.235,9,0,swap,0.301574,0.141802,0.183936,0.989058,27102.54,27102.54,8,0.187487,0.340851,0.056297
24,2025-12-07 22:09:31.398,9,4,oropt,0.369844,0.266059,0.302593,0.988563,27002.30,27002.30,8,0.192054,0.340851,0.056297
25,2025-12-07 22:09:31.551,9,3,2opt,0.292802,0.290624,0.318075,0.988069,26923.24,26923.24,8,0.195485,0.340851,0.056297
26,2025-12-07 22:09:31.676,9,0,swap,-0.210178,0.183936,0.173151,0.987575,26923.24,26979.82,8,0.194137,0.340851,0.056297
27,2025-12-07 22:09:31.798,9,3,2opt,0.336553,0.318075,0.348550,0.987081,26889.02,26889.02,8,0.197946,0.348550,0.056297
28,2025-12-07 22:09:31.970,9,2,invert,0.000000,0.056297,0.082037,0.986587,26889.02,26889.02,8,0.201164,0.348550,0.059142
29,2025-12-07 22:09:32.130,9,3,2opt,0.000000,0.348550,0.345064,0.986094,26889.02,26889.02,8,0.200728,0.345064,0.059142
30,2025-12-07 22:09:32.329,9,0,swap,0.000000,0.173151,0.186892,0.985601,26889.02,26889.02,8,0.202446,0.345064,0.059142
31,2025-12-07 22:09:32.519,9,1,insert,0.681655,0.188368,0.268752,0.985108,26705.73,26705.73,8,0.212494,0.345064,0.059142
32,2025-12-07 22:09:32.655,9,4,oropt,0.366458,0.302593,0.340036,0.984616,26607.87,26607.87,8,0.217174,0.345064,0.059142
33,2025-12-07 22:09:32.802,9,2,invert,0.259918,0.082037,0.130881,0.984123,26538.71,26538.71,8,0.223280,0.345064,0.059142
34,2025-12-07 22:09:32.951,9,4,oropt,0.000000,0.340036,0.337088,0.983631,26538.71,26538.71,8,0.222911,0.345064,0.059142
35,2025-12-07 22:09:33.103,9,3,2opt,0.244054,0.345064,0.366019,0.983140,26473.94,26473.94,8,0.225530,0.366019,0.059142
36,2025-12-07 22:09:33.218,9,0,swap,0.000000,0.186892,0.201144,0.982648,26473.94,26473.94,8,0.227312,0.366019,0.059142
37,2025-12-07 22:09:33.375,9,0,swap,0.322909,0.201144,0.246262,0.982157,26388.45,26388.45,8,0.232952,0.366019,0.059142
38,2025-12-07 22:09:33.521,9,0,swap,0.108085,0.246262,0.265386,0.981666,26359.93,26359.93,8,0.235342,0.366019,0.059142
39,2025-12-07 22:09:33.692,9,0,swap,0.227081,0.265386,0.294498,0.981175,26300.07,26300.07,8,0.238981,0.366019,0.059142
40,2025-12-07 22:09:33.822,9,5,cross,0.076649,0.059142,0.093835,0.980684,26279.91,26279.91,8,0.243318,0.366019,0.093835
41,2025-12-07 22:09:33.921,9,2,invert,0.210490,0.130881,0.171783,0.980194,26224.60,26224.60,8,0.248431,0.366019,0.093835
42,2025-12-07 22:09:34.019,9,0,swap,0.019220,0.294498,0.299911,0.979704,26219.56,26219.56,8,0.249107,0.366019,0.093835
43,2025-12-07 22:09:34.162,9,0,swap,0.149630,0.299911,0.317825,0.979214,26180.32,26180.32,8,0.251346,0.366019,0.093835
44,2025-12-07 22:09:34.287,9,4,oropt,0.070072,0.337088,0.343328,0.978724,26161.98,26161.98,8,0.252126,0.366019,0.093835
45,2025-12-07 22:09:34.409,9,2,invert,0.084820,0.171783,0.196029,0.978235,26139.79,26139.79,8,0.255157,0.366019,0.093835
46,2025-12-07 22:09:34.578,9,5,cross,0.009111,0.093835,0.118304,0.977746,26137.41,26137.41,8,0.258216,0.366019,0.114619
47,2025-12-07 22:09:34.684,9,4,oropt,0.358781,0.343328,0.377815,0.977257,26043.63,26043.63,8,0.262527,0.377815,0.114619
48,2025-12-07 22:09:34.837,9,5,cross,0.244642,0.118304,0.164941,0.976768,25979.92,25979.92,8,0.268356,0.377815,0.114619
49,2025-12-07 22:09:35.029,9,1,insert,0.039374,0.268752,0.279818,0.976280,25969.69,25969.69,8,0.269740,0.377815,0.114619
50,2025-12-07 22:09:35.239,9,0,swap,0.279867,0.317825,0.348033,0.975792,25897.01,25897.01,8,0.273515,0.377815,0.114619
51,2025-12-07 22:09:35.448,9,2,invert,0.082089,0.196029,0.218638,0.975304,25875.75,25875.75,8,0.276342,0.377815,0.114619
52,2025-12-07 22:09:35.610,9,4,oropt,-0.032651,0.377815,0.370772,0.974816,25875.75,25884.20,8,0.275461,0.370772,0.114619
53,2025-12-07 22:09:35.765,9,0,swap,0.000000,0.348033,0.346599,0.974329,25875.75,25884.20,8,0.275282,0.370772,0.114619
54,2025-12-07 22:09:35.923,9,3,2opt,0.039778,0.366019,0.366764,0.973842,25873.90,25873.90,8,0.275375,0.370772,0.114619
55,2025-12-07 22:09:36.074,9,5,cross,0.040865,0.164941,0.185903,0.973355,25863.33,25863.33,8,0.277995,0.370772,0.114619
56,2025-12-07 22:09:36.178,9,4,oropt,0.224950,0.370772,0.389559,0.972868,25805.15,25805.15,8,0.280344,0.389559,0.114619
57,2025-12-07 22:09:36.321,9,1,insert,0.000000,0.279818,0.286897,0.972382,25805.15,25805.15,8,0.281229,0.389559,0.114619
58,2025-12-07 22:09:36.460,9,5,cross,0.033637,0.185903,0.205737,0.971895,25796.47,25796.47,8,0.283708,0.389559,0.114619
59,2025-12-07 22:09:36.622,9,0,swap,0.073749,0.346599,0.354374,0.971409,25777.44,25777.44,8,0.284680,0.389559,0.114619
60,2025-12-07 22:09:36.761,9,5,cross,0.100123,0.205737,0.230236,0.970924,25751.64,25751.64,8,0.287742,0.389559,0.114619
61,2025-12-07 22:09:36.930,9,1,insert,0.158501,0.286897,0.309117,0.970438,25710.82,25710.82,8,0.290520,0.389559,0.114619
62,2025-12-07 22:09:37.079,9,0,swap,0.020354,0.354374,0.356032,0.969953,25705.59,25705.59,8,0.290727,0.389559,0.114619
63,2025-12-07 22:09:37.226,9,3,2opt,0.004149,0.366764,0.365563,0.969468,25704.52,25704.52,8,0.290577,0.389559,0.114619
64,2025-12-07 22:09:37.412,9,0,swap,0.000000,0.356032,0.355489,0.968983,25704.52,25704.52,8,0.290509,0.389559,0.114619
65,2025-12-07 22:09:37.552,9,4,oropt,0.000599,0.389559,0.385723,0.968499,25704.36,25704.36,8,0.290030,0.385723,0.114619
66,2025-12-07 22:09:37.736,9,0,swap,0.000000,0.355489,0.319941,0.968015,25704.36,25704.36,14,0.163192,0.385723,0.000000
67,2025-12-07 22:09:37.863,10,1,insert,0.064919,0.000000,0.006492,0.967531,25687.68,25687.68,14,0.163656,0.385723,0.000000
68,2025-12-07 22:09:38.005,10,4,oropt,0.000000,0.000000,0.000584,0.967047,25687.68,25687.68,14,0.163697,0.385723,0.000000
69,2025-12-07 22:09:38.126,10,0,swap,0.000000,0.000000,0.000584,0.966563,25687.68,25687.68,14,0.163739,0.385723,0.000000
70,2025-12-07 22:09:38.252,10,5,cross,0.000000,0.000000,0.000584,0.966080,25687.68,25687.68,14,0.163781,0.385723,0.000000
71,2025-12-07 22:09:38.377,10,5,cross,0.036352,0.000584,0.004745,0.965597,25678.34,25678.34,14,0.164078,0.385723,0.000000
72,2025-12-07 22:09:38.551,10,1,insert,0.000000,0.006492,0.006427,0.965114,25678.34,25678.34,14,0.164073,0.385723,0.000000
73,2025-12-07 22:09:38.715,10,3,2opt,0.000000,0.000000,0.000578,0.964632,25678.34,25678.34,14,0.164115,0.385723,0.000000
74,2025-12-07 22:09:38.913,10,1,insert,0.000000,0.006427,0.006363,0.964149,25678.34,25678.34,14,0.164110,0.385723,0.000000
75,2025-12-07 22:09:39.097,10,1,insert,0.000000,0.006363,0.006299,0.963667,25678.34,25678.34,14,0.164106,0.385723,0.000000
76,2025-12-07 22:09:39.326,10,1,insert,0.000000,0.006299,0.006236,0.963185,25678.34,25678.34,14,0.164101,0.385723,0.000000
77,2025-12-07 22:09:39.503,10,5,cross,0.000000,0.004745,0.004832,0.962704,25678.34,25678.34,14,0.164107,0.385723,0.000000
78,2025-12-07 22:09:39.684,10,0,swap,0.000000,0.000584,0.001087,0.962222,25678.34,25678.34,14,0.164143,0.385723,0.000000
79,2025-12-07 22:09:39.868,10,1,insert,0.000000,0.006236,0.006174,0.961741,25678.34,25678.34,14,0.164139,0.385723,0.000000
80,2025-12-07 22:09:40.052,10,3,2opt,0.000000,0.000578,0.001076,0.961260,25678.34,25678.34,14,0.164174,0.385723,0.000000
81,2025-12-07 22:09:40.220,10,4,oropt,0.000000,0.000584,0.001081,0.960780,25678.34,25678.34,14,0.164210,0.385723,0.000000
82,2025-12-07 22:09:40.366,10,3,2opt,0.000000,0.001076,0.001524,0.960299,25678.34,25678.34,14,0.164242,0.385723,0.000000
83,2025-12-07 22:09:40.509,10,5,cross,0.000000,0.004832,0.004904,0.959819,25678.34,25678.34,14,0.164247,0.385723,0.000000
84,2025-12-07 22:09:40.607,10,2,invert,0.000000,0.000000,0.000556,0.959339,25678.34,25678.34,14,0.164287,0.385723,0.000556
85,2025-12-07 22:09:40.775,10,1,insert,0.000000,0.006174,0.006112,0.958860,25678.34,25678.34,14,0.164282,0.385723,0.000556
86,2025-12-07 22:09:40.937,10,3,2opt,0.000000,0.001524,0.001922,0.958380,25678.34,25678.34,14,0.164311,0.385723,0.000556
87,2025-12-07 22:09:41.113,10,4,oropt,0.000000,0.001081,0.001523,0.957901,25678.34,25678.34,14,0.164342,0.385723,0.000556
88,2025-12-07 22:09:41.278,10,0,swap,0.000000,0.001087,0.001528,0.957422,25678.34,25678.34,14,0.164374,0.385723,0.000556
89,2025-12-07 22:09:41.393,10,1,insert,0.000000,0.006112,0.006051,0.956943,25678.34,25678.34,14,0.164369,0.385723,0.000556
90,2025-12-07 22:09:41.545,10,4,oropt,0.000000,0.001523,0.001916,0.956465,25678.34,25678.34,14,0.164397,0.385723,0.000556
91,2025-12-07 22:09:41.714,10,3,2opt,0.000000,0.001922,0.002274,0.955987,25678.34,25678.34,14,0.164423,0.385723,0.000556
92,2025-12-07 22:09:41.856,10,0,swap,0.000000,0.001528,0.001920,0.955509,25678.34,25678.34,14,0.164451,0.385723,0.000556
93,2025-12-07 22:09:41.979,10,5,cross,0.000000,0.004904,0.004959,0.955031,25678.34,25678.34,14,0.164454,0.385723,0.000556
94,2025-12-07 22:09:42.086,10,1,insert,0.000000,0.006051,0.005990,0.954553,25678.34,25678.34,14,0.164450,0.385723,0.000556
95,2025-12-07 22:09:42.181,10,3,2opt,0.000000,0.002274,0.002586,0.954076,25678.34,25678.34,14,0.164472,0.385723,0.000556
96,2025-12-07 22:09:42.329,10,5,cross,0.000000,0.004959,0.005002,0.953599,25678.34,25678.34,14,0.164475,0.385723,0.000556
97,2025-12-07 22:09:42.479,10,4,oropt,0.000000,0.001916,0.002263,0.953122,25678.34,25678.34,14,0.164500,0.385723,0.000556
98,2025-12-07 22:09:42.595,10,2,invert,0.000000,0.000556,0.001039,0.952646,25678.34,25678.34,14,0.164535,0.385723,0.001039
99,2025-12-07 22:09:42.728,10,4,oropt,0.000000,0.002263,0.002576,0.952169,25678.34,25678.34,14,0.164557,0.385723,0.001039
100,2025-12-07 22:09:42.855,10,5,cross,0.000000,0.005002,0.005041,0.951693,25678.34,25678.34,14,0.164560,0.385723,0.001039
101,2025-12-07 22:09:43.007,10,1,insert,0.000000,0.005990,0.005930,0.951218,25678.34,25678.34,14,0.164556,0.385723,0.001039
102,2025-12-07 22:09:43.185,10,1,insert,0.000000,0.005930,0.005871,0.950742,25678.34,25678.34,14,0.164551,0.385723,0.001039
103,2025-12-07 22:09:43.331,10,3,2opt,0.000000,0.002586,0.002856,0.950267,25678.34,25678.34,14,0.164571,0.385723,0.001039
104,2025-12-07 22:09:43.482,10,2,invert,0.000000,0.001039,0.001464,0.949791,25678.34,25678.34,14,0.164601,0.385723,0.001464
105,2025-12-07 22:09:43.654,10,5,cross,0.000000,0.005041,0.005065,0.949317,25678.34,25678.34,14,0.164603,0.385723,0.001464
106,2025-12-07 22:09:43.817,10,5,cross,0.000000,0.005065,0.005087,0.948842,25678.34,25678.34,14,0.164604,0.385723,0.001464
107,2025-12-07 22:09:44.007,10,2,invert,0.000000,0.001464,0.001846,0.948367,25678.34,25678.34,14,0.164632,0.385723,0.001846
108,2025-12-07 22:09:44.137,10,5,cross,0.000000,0.005087,0.005107,0.947893,25678.34,25678.34,14,0.164633,0.385723,0.001846
109,2025-12-07 22:09:44.283,10,3,2opt,0.000000,0.002856,0.003099,0.947419,25678.34,25678.34,14,0.164650,0.385723,0.001846
110,2025-12-07 22:09:44.475,10,3,2opt,0.000000,0.003099,0.003317,0.946946,25678.34,25678.34,14,0.164666,0.385723,0.001846
111,2025-12-07 22:09:44.618,10,4,oropt,0.000000,0.002576,0.002847,0.946472,25678.34,25678.34,14,0.164685,0.385723,0.001846
112,2025-12-07 22:09:44.779,10,4,oropt,0.000000,0.002847,0.003091,0.945999,25678.34,25678.34,14,0.164703,0.385723,0.001846
113,2025-12-07 22:09:44.966,10,3,2opt,0.000000,0.003317,0.003514,0.945526,25678.34,25678.34,14,0.164717,0.385723,0.001846
114,2025-12-07 22:09:45.109,10,1,insert,-0.037047,0.005871,0.002108,0.945053,25678.34,25687.85,14,0.164448,0.385723,0.001846
115,2025-12-07 22:09:45.211,10,4,oropt,0.000000,0.003091,0.003241,0.944581,25678.34,25687.85,14,0.164459,0.385723,0.001846
116,2025-12-07 22:09:45.424,10,1,insert,0.000000,0.002108,0.002357,0.944108,25678.34,25687.85,14,0.164477,0.385723,0.001846
117,2025-12-07 22:09:45.574,10,0,swap,0.000000,0.001920,0.002188,0.943636,25678.34,25687.85,14,0.164496,0.385723,0.001846
118,2025-12-07 22:09:45.703,10,1,insert,0.000000,0.002357,0.002581,0.943164,25678.34,25687.85,14,0.164512,0.385723,0.001846
119,2025-12-07 22:09:45.839,10,1,insert,0.000000,0.002581,0.002782,0.942693,25678.34,25687.85,14,0.164526,0.385723,0.001846
120,2025-12-07 22:09:45.949,10,1,insert,0.000000,0.002782,0.002963,0.942222,25678.34,25687.85,14,0.164539,0.385723,0.001846
121,2025-12-07 22:09:46.118,10,2,invert,0.000000,0.001846,0.002121,0.941750,25678.34,25687.85,14,0.164559,0.385723,0.002121
122,2025-12-07 22:09:46.302,10,2,invert,0.000000,0.002121,0.002368,0.941280,25678.34,25687.85,14,0.164576,0.385723,0.002188
123,2025-12-07 22:09:46.463,10,3,2opt,0.000000,0.003514,0.003622,0.940809,25678.34,25687.85,14,0.164584,0.385723,0.002188
124,2025-12-07 22:09:46.614,10,5,cross,0.000000,0.005107,0.005056,0.940338,25678.34,25687.85,14,0.164580,0.385723,0.002188
125,2025-12-07 22:09:46.775,10,5,cross,0.000000,0.005056,0.005005,0.939868,25678.34,25687.85,14,0.164577,0.385723,0.002188
126,2025-12-07 22:09:46.908,10,1,insert,0.000000,0.002963,0.003118,0.939398,25678.34,25687.85,14,0.164588,0.385723,0.002188
127,2025-12-07 22:09:47.074,10,3,2opt,0.000000,0.003622,0.003710,0.938929,25678.34,25687.85,14,0.164594,0.385723,0.002188
128,2025-12-07 22:09:47.239,10,2,invert,0.000000,0.002368,0.002582,0.938459,25678.34,25687.85,14,0.164609,0.385723,0.002188
129,2025-12-07 22:09:47.376,10,5,cross,0.000000,0.005005,0.004955,0.937990,25678.34,25687.85,14,0.164606,0.385723,0.002188
130,2025-12-07 22:09:47.546,10,2,invert,0.000000,0.002582,0.002770,0.937521,25678.34,25687.85,14,0.164619,0.385723,0.002188
131,2025-12-07 22:09:47.767,10,1,insert,0.000000,0.003118,0.003252,0.937052,25678.34,25687.85,14,0.164629,0.385723,0.002188
132,2025-12-07 22:09:47.913,10,5,cross,0.000000,0.004955,0.004460,0.936584,25678.34,25687.85,20,0.115215,0.385723,0.000000
133,2025-12-07 22:09:48.057,11,0,swap,0.000000,0.000000,0.000000,0.936115,25678.34,25687.85,20,0.115215,0.385723,0.000000
134,2025-12-07 22:09:48.188,11,3,2opt,0.000000,0.000000,0.000000,0.935647,25678.34,25687.85,20,0.115215,0.385723,0.000000
135,2025-12-07 22:09:48.321,11,5,cross,0.000000,0.000000,0.000000,0.935180,25678.34,25687.85,20,0.115215,0.385723,0.000000
136,2025-12-07 22:09:48.549,11,4,oropt,0.000000,0.000000,0.000000,0.934712,25678.34,25687.85,20,0.115215,0.385723,0.000000
137,2025-12-07 22:09:48.671,11,5,cross,0.000000,0.000000,0.000000,0.934245,25678.34,25687.85,20,0.115215,0.385723,0.000000
138,2025-12-07 22:09:48.804,11,5,cross,0.000000,0.000000,0.000000,0.933777,25678.34,25687.85,20,0.115215,0.385723,0.000000
139,2025-12-07 22:09:48.914,11,0,swap,0.000000,0.000000,0.000000,0.933311,25678.34,25687.85,20,0.115215,0.385723,0.000000
140,2025-12-07 22:09:49.084,11,3,2opt,0.000000,0.000000,0.000000,0.932844,25678.34,25687.85,20,0.115215,0.385723,0.000000
141,2025-12-07 22:09:49.269,11,4,oropt,0.000000,0.000000,0.000000,0.932377,25678.34,25687.85,20,0.115215,0.385723,0.000000
142,2025-12-07 22:09:49.425,11,2,invert,0.000000,0.000000,0.000000,0.931911,25678.34,25687.85,20,0.115215,0.385723,0.000000
143,2025-12-07 22:09:49.553,11,1,insert,0.000000,0.000000,0.000000,0.931445,25678.34,25687.85,20,0.115215,0.385723,0.000000
144,2025-12-07 22:09:49.687,11,3,2opt,0.000000,0.000000,0.000000,0.930980,25678.34,25687.85,20,0.115215,0.385723,0.000000
145,2025-12-07 22:09:49.900,11,1,insert,0.000000,0.000000,0.000000,0.930514,25678.34,25687.85,20,0.115215,0.385723,0.000000
146,2025-12-07 22:09:50.116,11,0,swap,0.000000,0.000000,0.000000,0.930049,25678.34,25687.85,20,0.115215,0.385723,0.000000
147,2025-12-07 22:09:50.314,11,5,cross,0.000000,0.000000,0.000000,0.929584,25678.34,25687.85,20,0.115215,0.385723,0.000000
148,2025-12-07 22:09:50.514,11,5,cross,0.000000,0.000000,0.000000,0.929119,25678.34,25687.85,20,0.115215,0.385723,0.000000
149,2025-12-07 22:09:50.675,11,0,swap,0.000000,0.000000,0.000000,0.928655,25678.34,25687.85,20,0.115215,0.385723,0.000000
150,2025-12-07 22:09:50.817,11,2,invert,0.000000,0.000000,0.000000,0.928190,25678.34,25687.85,20,0.115215,0.385723,0.000000
151,2025-12-07 22:09:51.011,11,1,insert,0.000000,0.000000,0.000000,0.927726,25678.34,25687.85,20,0.115215,0.385723,0.000000
152,2025-12-07 22:09:51.165,11,0,swap,0.000000,0.000000,0.000000,0.927262,25678.34,25687.85,20,0.115215,0.385723,0.000000
153,2025-12-07 22:09:51.273,11,0,swap,0.000000,0.000000,0.000000,0.926799,25678.34,25687.85,20,0.115215,0.385723,0.000000
154,2025-12-07 22:09:51.460,11,3,2opt,0.000000,0.000000,0.000000,0.926335,25678.34,25687.85,20,0.115215,0.385723,0.000000
155,2025-12-07 22:09:51.656,11,3,2opt,0.000000,0.000000,0.000000,0.925872,25678.34,25687.85,20,0.115215,0.385723,0.000000
156,2025-12-07 22:09:51.773,11,5,cross,0.000000,0.000000,0.000000,0.925409,25678.34,25687.85,20,0.115215,0.385723,0.000000
157,2025-12-07 22:09:51.884,11,3,2opt,0.000000,0.000000,0.000000,0.924946,25678.34,25687.85,20,0.115215,0.385723,0.000000
158,2025-12-07 22:09:52.020,11,2,invert,-0.281634,0.000000,-0.028163,0.924484,25678.34,25760.20,20,0.113807,0.385723,-0.028163
159,2025-12-07 22:09:52.145,11,4,oropt,0.000000,0.000000,0.000000,0.924022,25678.34,25760.20,20,0.113807,0.385723,-0.028163
160,2025-12-07 22:09:52.308,11,3,2opt,0.000000,0.000000,0.000000,0.923560,25678.34,25760.20,20,0.113807,0.385723,-0.028163
161,2025-12-07 22:09:52.493,11,2,invert,0.000000,-0.028163,-0.025347,0.923098,25678.34,25760.20,20,0.113948,0.385723,-0.025347
162,2025-12-07 22:09:52.619,11,5,cross,0.000000,0.000000,0.000000,0.922636,25678.34,25760.20,20,0.113948,0.385723,-0.025347
163,2025-12-07 22:09:52.786,11,1,insert,0.000000,0.000000,0.000000,0.922175,25678.34,25760.20,20,0.113948,0.385723,-0.025347
164,2025-12-07 22:09:52.934,11,3,2opt,0.000000,0.000000,0.000000,0.921714,25678.34,25760.20,20,0.113948,0.385723,-0.025347
165,2025-12-07 22:09:53.074,11,4,oropt,0.000000,0.000000,0.000000,0.921253,25678.34,25760.20,20,0.113948,0.385723,-0.025347
166,2025-12-07 22:09:53.230,11,3,2opt,0.000000,0.000000,0.000000,0.920792,25678.34,25760.20,20,0.113948,0.385723,-0.025347
167,2025-12-07 22:09:53.410,11,2,invert,0.000000,-0.025347,-0.022812,0.920332,25678.34,25760.20,20,0.114075,0.385723,-0.022812
168,2025-12-07 22:09:53.585,11,3,2opt,0.000000,0.000000,0.000000,0.919872,25678.34,25760.20,20,0.114075,0.385723,-0.022812
169,2025-12-07 22:09:53.730,11,5,cross,-0.285067,0.000000,-0.028507,0.919412,25678.34,25833.63,20,0.112649,0.385723,-0.028507
170,2025-12-07 22:09:53.858,11,2,invert,0.000000,-0.022812,-0.020531,0.918952,25678.34,25833.63,20,0.112763,0.385723,-0.028507
171,2025-12-07 22:09:54.018,11,0,swap,-0.342257,0.000000,-0.034226,0.918493,25678.34,25922.05,20,0.111052,0.385723,-0.034226
172,2025-12-07 22:09:54.105,11,2,invert,0.000000,-0.020531,-0.018478,0.918034,25678.34,25922.05,20,0.111155,0.385723,-0.034226
173,2025-12-07 22:09:54.199,11,5,cross,0.000000,-0.028507,-0.025656,0.917574,25678.34,25922.05,20,0.111297,0.385723,-0.034226
174,2025-12-07 22:09:54.325,11,1,insert,0.000000,0.000000,0.000000,0.917116,25678.34,25922.05,20,0.111297,0.385723,-0.034226
175,2025-12-07 22:09:54.466,11,4,oropt,0.378816,0.000000,0.037882,0.916657,25678.34,25823.85,20,0.113191,0.385723,-0.034226
176,2025-12-07 22:09:54.622,11,0,swap,0.027825,-0.034226,-0.024611,0.916199,25678.34,25816.67,20,0.113672,0.385723,-0.025656
177,2025-12-07 22:09:54.750,11,4,oropt,0.849119,0.037882,0.122415,0.915741,25597.45,25597.45,20,0.117899,0.385723,-0.025656
178,2025-12-07 22:09:54.851,11,5,cross,0.000000,-0.025656,-0.012073,0.915283,25597.45,25597.45,20,0.118578,0.385723,-0.024611
179,2025-12-07 22:09:54.990,11,4,oropt,0.000000,0.122415,0.121191,0.914825,25597.45,25597.45,20,0.118517,0.385723,-0.024611
180,2025-12-07 22:09:55.147,11,1,insert,0.000000,0.000000,0.010907,0.914368,25597.45,25597.45,20,0.119062,0.385723,-0.024611
181,2025-12-07 22:09:55.287,11,4,oropt,0.000000,0.121191,0.119979,0.913911,25597.45,25597.45,20,0.119002,0.385723,-0.024611
182,2025-12-07 22:09:55.483,11,3,2opt,0.000000,0.000000,0.010798,0.913454,25597.45,25597.45,20,0.119541,0.385723,-0.024611
183,2025-12-07 22:09:55.653,11,5,cross,0.000000,-0.012073,-0.000068,0.912997,25597.45,25597.45,20,0.120142,0.385723,-0.024611
184,2025-12-07 22:09:55.831,11,1,insert,0.000000,0.010907,0.020615,0.912540,25597.45,25597.45,20,0.120627,0.385723,-0.024611
185,2025-12-07 22:09:56.016,11,0,swap,0.000000,-0.024611,-0.011352,0.912084,25597.45,25597.45,20,0.121290,0.385723,-0.018478
186,2025-12-07 22:09:56.199,11,3,2opt,0.000000,0.010798,0.020516,0.911628,25597.45,25597.45,20,0.121776,0.385723,-0.018478
187,2025-12-07 22:09:56.326,11,4,oropt,0.000000,0.119979,0.118779,0.911172,25597.45,25597.45,20,0.121716,0.385723,-0.018478
188,2025-12-07 22:09:56.448,11,0,swap,0.000000,-0.011352,0.000473,0.910717,25597.45,25597.45,20,0.122307,0.385723,-0.018478
189,2025-12-07 22:09:56.579,11,0,swap,0.000000,0.000473,0.011116,0.910261,25597.45,25597.45,20,0.122839,0.385723,-0.018478
190,2025-12-07 22:09:56.774,11,0,swap,0.000000,0.011116,0.020694,0.909806,25597.45,25597.45,20,0.123318,0.385723,-0.018478
191,2025-12-07 22:09:56.933,11,3,2opt,0.000000,0.020516,0.029155,0.909351,25597.45,25597.45,20,0.123750,0.385723,-0.018478
192,2025-12-07 22:09:57.128,11,1,insert,0.000000,0.020615,0.029243,0.908897,25597.45,25597.45,20,0.124182,0.385723,-0.018478
193,2025-12-07 22:09:57.293,11,4,oropt,0.000000,0.118779,0.117591,0.908442,25597.45,25597.45,20,0.124122,0.385723,-0.018478
194,2025-12-07 22:09:57.437,11,4,oropt,0.000000,0.117591,0.116415,0.907988,25597.45,25597.45,20,0.124063,0.385723,-0.018478
195,2025-12-07 22:09:57.568,11,3,2opt,0.000000,0.029155,0.036717,0.907534,25597.45,25597.45,20,0.124442,0.385723,-0.018478
196,2025-12-07 22:09:57.701,11,4,oropt,0.000000,0.116415,0.115251,0.907080,25597.45,25597.45,20,0.124383,0.385723,-0.018478
197,2025-12-07 22:09:57.838,11,3,2opt,0.000000,0.036717,0.043418,0.906627,25597.45,25597.45,20,0.124718,0.385723,-0.018478
198,2025-12-07 22:09:58.019,11,0,swap,0.000000,0.020694,0.028998,0.906173,25597.45,25597.45,20,0.125134,0.385723,-0.018478
199,2025-12-07 22:09:58.215,11,0,swap,0.000000,0.028998,0.036470,0.905720,25597.45,25597.45,20,0.125507,0.385723,-0.018478
200,2025-12-07 22:09:58.346,11,4,oropt,0.000000,0.115251,0.114098,0.905267,25597.45,25597.45,20,0.125450,0.385723,-0.018478
201,2025-12-07 22:09:58.472,11,4,oropt,0.000000,0.114098,0.112957,0.904815,25597.45,25597.45,20,0.125393,0.385723,-0.018478
202,2025-12-07 22:09:58.579,11,4,oropt,0.000000,0.112957,0.111828,0.904362,25597.45,25597.45,20,0.125336,0.385723,-0.018478
203,2025-12-07 22:09:58.689,11,2,invert,0.000000,-0.018478,-0.006566,0.903910,25597.45,25597.45,20,0.125932,0.385723,-0.006566
204,2025-12-07 22:09:58.794,11,5,cross,0.000000,-0.000068,0.010004,0.903458,25597.45,25597.45,20,0.126435,0.385723,-0.006566
205,2025-12-07 22:09:58.922,11,5,cross,0.000000,0.010004,0.019068,0.903007,25597.45,25597.45,20,0.126888,0.385723,-0.006566
206,2025-12-07 22:09:59.039,11,4,oropt,0.000000,0.111828,0.110710,0.902555,25597.45,25597.45,20,0.126833,0.385723,-0.006566
207,2025-12-07 22:09:59.170,11,3,2opt,0.000000,0.043418,0.049040,0.902104,25597.45,25597.45,20,0.127114,0.385723,-0.006566
208,2025-12-07 22:09:59.276,11,4,oropt,0.000000,0.110710,0.109603,0.901653,25597.45,25597.45,20,0.127058,0.385723,-0.006566
209,2025-12-07 22:09:59.431,11,4,oropt,0.000000,0.109603,0.108507,0.901202,25597.45,25597.45,20,0.127003,0.385723,-0.006566
210,2025-12-07 22:09:59.636,11,1,insert,0.000000,0.029243,0.036084,0.900751,25597.45,25597.45,20,0.127346,0.385723,-0.006566
211,2025-12-07 22:09:59.796,11,5,cross,0.000000,0.019068,0.026927,0.900301,25597.45,25597.45,20,0.127738,0.385723,-0.006566
212,2025-12-07 22:09:59.943,11,4,oropt,0.000000,0.108507,0.107421,0.899851,25597.45,25597.45,20,0.127684,0.385723,-0.006566
213,2025-12-07 22:10:00.056,11,5,cross,0.000000,0.026927,0.033902,0.899401,25597.45,25597.45,20,0.128033,0.385723,-0.006566
214,2025-12-07 22:10:00.202,11,1,insert,0.000000,0.036084,0.042144,0.898951,25597.45,25597.45,20,0.128336,0.385723,-0.006566
215,2025-12-07 22:10:00.353,11,2,invert,0.000000,-0.006566,0.003759,0.898502,25597.45,25597.45,20,0.128852,0.385723,0.002188
216,2025-12-07 22:10:00.564,11,5,cross,0.000000,0.033902,0.040180,0.898052,25597.45,25597.45,20,0.129166,0.385723,0.002188
217,2025-12-07 22:10:00.768,11,4,oropt,0.000000,0.107421,0.106347,0.897603,25597.45,25597.45,20,0.129112,0.385723,0.002188
218,2025-12-07 22:10:00.914,11,5,cross,0.000000,0.040180,0.045733,0.897155,25597.45,25597.45,20,0.129390,0.385723,0.002188
219,2025-12-07 22:10:01.079,11,5,cross,0.000000,0.045733,0.050731,0.896706,25597.45,25597.45,20,0.129640,0.385723,0.002188
220,2025-12-07 22:10:01.247,11,0,swap,0.000000,0.036470,0.042395,0.896258,25597.45,25597.45,20,0.129936,0.385723,0.002188
221,2025-12-07 22:10:01.410,11,4,oropt,0.000000,0.106347,0.105284,0.895809,25597.45,25597.45,20,0.129883,0.385723,0.002188
222,2025-12-07 22:10:01.576,11,5,cross,0.000000,0.050731,0.055133,0.895362,25597.45,25597.45,20,0.130103,0.385723,0.002188
223,2025-12-07 22:10:01.749,11,5,cross,0.000000,0.055133,0.059095,0.894914,25597.45,25597.45,20,0.130301,0.385723,0.002188
224,2025-12-07 22:10:01.951,11,3,2opt,0.000000,0.049040,0.053611,0.894466,25597.45,25597.45,20,0.130530,0.385723,0.002188
225,2025-12-07 22:10:02.145,11,1,insert,0.000000,0.042144,0.047405,0.894019,25597.45,25597.45,20,0.130793,0.385723,0.002188
226,2025-12-07 22:10:02.328,11,1,insert,0.000000,0.047405,0.052140,0.893572,25597.45,25597.45,20,0.131030,0.385723,0.002188
227,2025-12-07 22:10:02.519,11,0,swap,0.000000,0.042395,0.047631,0.893125,25597.45,25597.45,20,0.131291,0.385723,0.002188
228,2025-12-07 22:10:02.672,11,2,invert,0.000000,0.003759,0.012858,0.892679,25597.45,25597.45,20,0.131746,0.385723,0.002188
229,2025-12-07 22:10:02.847,11,3,2opt,0.000000,0.053611,0.057726,0.892233,25597.45,25597.45,20,0.131952,0.385723,0.002188
230,2025-12-07 22:10:02.979,11,4,oropt,0.000000,0.105284,0.104231,0.891786,25597.45,25597.45,20,0.131899,0.385723,0.002188
231,2025-12-07 22:10:03.140,11,1,insert,0.000000,0.052140,0.056307,0.891341,25597.45,25597.45,20,0.132108,0.385723,0.002188
232,2025-12-07 22:10:03.251,11,4,oropt,0.000000,0.104231,0.103189,0.890895,25597.45,25597.45,20,0.132056,0.385723,0.002188
233,2025-12-07 22:10:03.409,11,3,2opt,0.000000,0.057726,0.061240,0.890449,25597.45,25597.45,20,0.132231,0.385723,0.002188
234,2025-12-07 22:10:03.598,11,0,swap,0.000000,0.047631,0.052155,0.890004,25597.45,25597.45,20,0.132458,0.385723,0.002188
235,2025-12-07 22:10:03.779,11,5,cross,0.000000,0.059095,0.062473,0.889559,25597.45,25597.45,20,0.132626,0.385723,0.002188
236,2025-12-07 22:10:03.869,11,4,oropt,0.000000,0.103189,0.102157,0.889114,25597.45,25597.45,20,0.132575,0.385723,0.002188
237,2025-12-07 22:10:04.058,11,5,cross,0.000000,0.062473,0.065420,0.888670,25597.45,25597.45,20,0.132722,0.385723,0.002188
238,2025-12-07 22:10:04.203,11,1,insert,0.000000,0.056307,0.059870,0.888225,25597.45,25597.45,20,0.132900,0.385723,0.002188
239,2025-12-07 22:10:04.412,11,4,oropt,0.000000,0.102157,0.101135,0.887781,25597.45,25597.45,20,0.132849,0.385723,0.002188
240,2025-12-07 22:10:04.595,11,0,swap,0.000000,0.052155,0.056041,0.887337,25597.45,25597.45,20,0.133044,0.385723,0.002188
241,2025-12-07 22:10:04.767,11,2,invert,0.000000,0.012858,0.020675,0.886894,25597.45,25597.45,20,0.133434,0.385723,0.002188
242,2025-12-07 22:10:04.895,11,4,oropt,0.000000,0.101135,0.100124,0.886450,25597.45,25597.45,20,0.133384,0.385723,0.002188
243,2025-12-07 22:10:05.039,11,4,oropt,0.000000,0.100124,0.099123,0.886007,25597.45,25597.45,20,0.133334,0.385723,0.002188
244,2025-12-07 22:10:05.194,11,5,cross,0.000000,0.065420,0.067799,0.885564,25597.45,25597.45,20,0.133453,0.385723,0.002188
245,2025-12-07 22:10:05.353,11,3,2opt,0.000000,0.061240,0.064037,0.885121,25597.45,25597.45,20,0.133593,0.385723,0.002188
246,2025-12-07 22:10:05.516,11,2,invert,0.000000,0.020675,0.027528,0.884679,25597.45,25597.45,20,0.133935,0.385723,0.002188
247,2025-12-07 22:10:05.642,11,2,invert,0.000000,0.027528,0.033697,0.884236,25597.45,25597.45,20,0.134244,0.385723,0.002188
248,2025-12-07 22:10:05.807,11,1,insert,0.000000,0.059870,0.062804,0.883794,25597.45,25597.45,20,0.134390,0.385723,0.002188
249,2025-12-07 22:10:05.979,11,0,swap,0.000000,0.056041,0.059358,0.883352,25597.45,25597.45,20,0.134556,0.385723,0.002188
250,2025-12-07 22:10:06.133,11,0,swap,0.000000,0.059358,0.062343,0.882911,25597.45,25597.45,20,0.134705,0.385723,0.002188
251,2025-12-07 22:10:06.294,11,3,2opt,0.000000,0.064037,0.066554,0.882469,25597.45,25597.45,20,0.134831,0.385723,0.002188
252,2025-12-07 22:10:06.447,11,2,invert,0.000000,0.033697,0.039248,0.882028,25597.45,25597.45,20,0.135109,0.385723,0.002188
253,2025-12-07 22:10:06.628,11,0,swap,0.000000,0.062343,0.065030,0.881587,25597.45,25597.45,20,0.135243,0.385723,0.002188
254,2025-12-07 22:10:06.763,11,4,oropt,0.000000,0.099123,0.098131,0.881146,25597.45,25597.45,20,0.135194,0.385723,0.002188
255,2025-12-07 22:10:06.887,11,4,oropt,0.000000,0.098131,0.097150,0.880706,25597.45,25597.45,20,0.135145,0.385723,0.002188
256,2025-12-07 22:10:07.042,11,4,oropt,0.000000,0.097150,0.096179,0.880265,25597.45,25597.45,20,0.135096,0.385723,0.002188
257,2025-12-07 22:10:07.202,11,1,insert,0.000000,0.062804,0.065180,0.879825,25597.45,25597.45,20,0.135215,0.385723,0.002188
258,2025-12-07 22:10:07.371,11,2,invert,0.000000,0.039248,0.043979,0.879385,25597.45,25597.45,20,0.135451,0.385723,0.002188
259,2025-12-07 22:10:07.555,11,0,swap,0.000000,0.065030,0.067183,0.878946,25597.45,25597.45,20,0.135559,0.385723,0.002188
260,2025-12-07 22:10:07.650,11,5,cross,0.000000,0.067799,0.069675,0.878506,25597.45,25597.45,20,0.135653,0.385723,0.002188
261,2025-12-07 22:10:07.782,11,4,oropt,0.000000,0.096179,0.095217,0.878067,25597.45,25597.45,20,0.135605,0.385723,0.002188
262,2025-12-07 22:10:07.939,11,2,invert,0.000000,0.043979,0.048151,0.877628,25597.45,25597.45,20,0.135813,0.385723,0.002188
263,2025-12-07 22:10:08.091,11,4,oropt,0.000000,0.095217,0.094265,0.877189,25597.45,25597.45,20,0.135766,0.385723,0.002188
264,2025-12-07 22:10:08.228,11,4,oropt,0.000000,0.094265,0.093322,0.876750,25597.45,25597.45,20,0.135719,0.385723,0.002188
265,2025-12-07 22:10:08.401,11,2,invert,0.000000,0.048151,0.051735,0.876312,25597.45,25597.45,20,0.135898,0.385723,0.002188
266,2025-12-07 22:10:08.523,11,4,oropt,0.000000,0.093322,0.092389,0.875874,25597.45,25597.45,20,0.135851,0.385723,0.002188
267,2025-12-07 22:10:08.669,11,4,oropt,0.000000,0.092389,0.091465,0.875436,25597.45,25597.45,20,0.135805,0.385723,0.002188
268,2025-12-07 22:10:08.865,11,1,insert,0.000000,0.065180,0.066894,0.874998,25597.45,25597.45,20,0.135891,0.385723,0.002188
269,2025-12-07 22:10:09.029,11,2,invert,0.000000,0.051735,0.054793,0.874561,25597.45,25597.45,20,0.136044,0.385723,0.002188
270,2025-12-07 22:10:09.161,11,2,invert,0.000000,0.054793,0.057546,0.874123,25597.45,25597.45,20,0.136181,0.385723,0.002188
271,2025-12-07 22:10:09.318,11,4,oropt,0.000000,0.091465,0.090550,0.873686,25597.45,25597.45,20,0.136135,0.385723,0.002188
272,2025-12-07 22:10:09.460,11,3,2opt,0.000000,0.066554,0.068049,0.873250,25597.45,25597.45,20,0.136210,0.385723,0.002188
273,2025-12-07 22:10:09.637,11,2,invert,0.000000,0.057546,0.059941,0.872813,25597.45,25597.45,20,0.136330,0.385723,0.002188
274,2025-12-07 22:10:09.799,11,1,insert,0.000000,0.066894,0.068354,0.872377,25597.45,25597.45,20,0.136403,0.385723,0.002188
275,2025-12-07 22:10:09.943,11,1,insert,0.000000,0.068354,0.069668,0.871940,25597.45,25597.45,20,0.136469,0.385723,0.002188
276,2025-12-07 22:10:10.051,11,2,invert,0.000000,0.059941,0.062096,0.871504,25597.45,25597.45,20,0.136576,0.385723,0.002188
277,2025-12-07 22:10:10.240,11,0,swap,0.000000,0.067183,0.068614,0.871069,25597.45,25597.45,20,0.136648,0.385723,0.002188
278,2025-12-07 22:10:10.453,11,1,insert,0.000000,0.069668,0.070851,0.870633,25597.45,25597.45,20,0.136707,0.385723,0.002188
279,2025-12-07 22:10:10.576,11,4,oropt,0.000000,0.090550,0.089645,0.870198,25597.45,25597.45,20,0.136662,0.385723,0.002188
280,2025-12-07 22:10:10.734,11,5,cross,0.000000,0.069675,0.070776,0.869763,25597.45,25597.45,20,0.136717,0.385723,0.002188
281,2025-12-07 22:10:10.913,11,2,invert,0.000000,0.062096,0.063954,0.869328,25597.45,25597.45,20,0.136810,0.385723,0.002188
282,2025-12-07 22:10:11.096,11,5,cross,0.000000,0.070776,0.071766,0.868893,25597.45,25597.45,20,0.136859,0.385723,0.002188
283,2025-12-07 22:10:11.308,11,0,swap,0.000000,0.068614,0.069821,0.868459,25597.45,25597.45,20,0.136920,0.385723,0.002188
284,2025-12-07 22:10:11.456,11,4,oropt,0.000000,0.089645,0.088748,0.868024,25597.45,25597.45,20,0.136875,0.385723,0.002188
285,2025-12-07 22:10:11.590,11,5,cross,0.000000,0.071766,0.072577,0.867590,25597.45,25597.45,20,0.136915,0.385723,0.002188
286,2025-12-07 22:10:11.788,11,3,2opt,0.000000,0.068049,0.069231,0.867157,25597.45,25597.45,20,0.136974,0.385723,0.002188
287,2025-12-07 22:10:11.972,11,4,oropt,0.000000,0.088748,0.087861,0.866723,25597.45,25597.45,20,0.136930,0.385723,0.002188
288,2025-12-07 22:10:12.087,11,4,oropt,0.000000,0.087861,0.086982,0.866290,25597.45,25597.45,20,0.136886,0.385723,0.002188
289,2025-12-07 22:10:12.207,11,0,swap,0.000000,0.069821,0.070667,0.865857,25597.45,25597.45,20,0.136928,0.385723,0.002188
290,2025-12-07 22:10:12.338,11,4,oropt,0.000000,0.086982,0.086112,0.865424,25597.45,25597.45,20,0.136885,0.385723,0.002188
291,2025-12-07 22:10:12.513,11,0,swap,0.000000,0.070667,0.071351,0.864991,25597.45,25597.45,20,0.136919,0.385723,0.002188
292,2025-12-07 22:10:12.687,11,0,swap,0.000000,0.071351,0.071966,0.864558,25597.45,25597.45,20,0.136950,0.385723,0.002188
293,2025-12-07 22:10:12.902,11,1,insert,0.000000,0.070851,0.071516,0.864126,25597.45,25597.45,20,0.136983,0.385723,0.002188
294,2025-12-07 22:10:13.108,11,3,2opt,0.000000,0.069231,0.070058,0.863694,25597.45,25597.45,20,0.137025,0.385723,0.002188
295,2025-12-07 22:10:13.240,11,2,invert,0.000000,0.063954,0.065309,0.863262,25597.45,25597.45,20,0.137092,0.385723,0.002188
296,2025-12-07 22:10:13.381,11,3,2opt,0.000000,0.070058,0.070802,0.862831,25597.45,25597.45,20,0.137129,0.385723,0.002188
297,2025-12-07 22:10:13.566,11,5,cross,0.000000,0.072577,0.073069,0.862399,25597.45,25597.45,20,0.137154,0.385723,0.002188
298,2025-12-07 22:10:13.714,11,2,invert,0.000000,0.065309,0.066528,0.861968,25597.45,25597.45,20,0.137215,0.385723,0.002188
299,2025-12-07 22:10:13.887,11,3,2opt,0.000000,0.070802,0.071472,0.861537,25597.45,25597.45,20,0.137249,0.385723,0.002188
300,2025-12-07 22:10:14.044,11,5,cross,-0.458247,0.073069,0.027688,0.861106,25597.45,25714.75,20,0.134979,0.385723,0.002188
301,2025-12-07 22:10:14.199,11,3,2opt,0.000000,0.071472,0.072075,0.860676,25597.45,25714.75,20,0.135010,0.385723,0.002188
302,2025-12-07 22:10:14.320,11,5,cross,-0.672976,0.027688,-0.042379,0.860245,25597.45,25887.81,26,0.101159,0.385723,-0.042379
303,2025-12-07 22:10:14.453,14,2,invert,0.000000,0.000000,0.000000,0.859815,25597.45,25887.81,26,0.101159,0.385723,-0.042379
304,2025-12-07 22:10:14.621,14,1,insert,0.000000,0.000000,0.000000,0.859385,25597.45,25887.81,26,0.101159,0.385723,-0.042379
305,2025-12-07 22:10:14.839,14,3,2opt,0.226819,0.000000,0.030432,0.858956,25597.45,25829.09,26,0.102329,0.385723,-0.042379
306,2025-12-07 22:10:15.034,11,0,swap,-0.379750,0.071966,0.029533,0.858526,25597.45,25927.17,26,0.100697,0.385723,-0.042379
307,2025-12-07 22:10:15.184,14,1,insert,0.284009,0.000000,0.031140,0.858097,25597.45,25853.54,26,0.101895,0.385723,-0.042379
308,2025-12-07 22:10:15.326,14,4,oropt,0.016526,0.000000,0.009403,0.857668,25597.45,25849.27,26,0.102256,0.385723,-0.042379
309,2025-12-07 22:10:15.492,11,0,swap,0.130972,0.029533,0.047427,0.857239,25597.45,25815.41,26,0.102945,0.385723,-0.042379
310,2025-12-07 22:10:15.692,11,5,cross,0.232655,-0.042379,-0.007125,0.856810,25597.45,25755.35,26,0.104301,0.385723,-0.007125
311,2025-12-07 22:10:15.836,11,5,cross,0.149878,-0.007125,0.016325,0.856382,25597.45,25716.75,26,0.105203,0.385723,0.000000
312,2025-12-07 22:10:15.988,11,2,invert,0.090000,0.066528,0.076626,0.855954,25597.45,25693.60,26,0.105591,0.385723,0.000000
313,2025-12-07 22:10:16.117,11,2,invert,-0.698020,0.076626,0.001964,0.855526,25597.45,25872.95,26,0.102719,0.385723,0.000000
314,2025-12-07 22:10:16.273,14,0,swap,0.001816,0.000000,0.002984,0.855098,25597.45,25872.48,26,0.102834,0.385723,0.000000
315,2025-12-07 22:10:16.420,14,4,oropt,0.162896,0.009403,0.032502,0.854671,25597.45,25830.34,26,0.103722,0.385723,0.000000
316,2025-12-07 22:10:16.552,11,1,insert,0.000000,0.071516,0.072114,0.854243,25597.45,25830.34,26,0.103745,0.385723,0.000000
317,2025-12-07 22:10:16.639,11,2,invert,0.000000,0.001964,0.009517,0.853816,25597.45,25830.34,26,0.104036,0.385723,0.000000
318,2025-12-07 22:10:16.770,11,1,insert,0.000000,0.072114,0.072653,0.853389,25597.45,25830.34,26,0.104057,0.385723,0.000000
319,2025-12-07 22:10:16.950,11,4,oropt,0.000000,0.086112,0.085251,0.852962,25597.45,25830.34,26,0.104024,0.385723,0.000000
320,2025-12-07 22:10:17.115,11,2,invert,0.000000,0.009517,0.016238,0.852536,25597.45,25830.34,26,0.104282,0.385723,0.000000
321,2025-12-07 22:10:17.262,11,4,oropt,0.000000,0.085251,0.084399,0.852110,25597.45,25830.34,26,0.104249,0.385723,0.000000
322,2025-12-07 22:10:17.387,11,5,cross,0.000000,0.016325,0.022289,0.851684,25597.45,25830.34,26,0.104479,0.385723,0.000000
323,2025-12-07 22:10:17.577,11,0,swap,0.000000,0.047427,0.050280,0.851258,25597.45,25830.34,26,0.104588,0.385723,0.000000
324,2025-12-07 22:10:17.707,11,0,swap,0.134995,0.050280,0.066348,0.850832,25597.45,25795.47,26,0.105206,0.385723,0.000000
325,2025-12-07 22:10:17.884,11,2,invert,0.040989,0.016238,0.026309,0.850407,25597.45,25784.89,26,0.105594,0.385723,0.000000
326,2025-12-07 22:10:18.039,11,4,oropt,-0.620776,0.084399,0.016806,0.849982,25597.45,25944.96,26,0.102994,0.385723,0.000000
327,2025-12-07 22:10:18.198,14,4,oropt,0.000000,0.032502,0.032177,0.849557,25597.45,25944.96,26,0.102982,0.385723,0.000000
328,2025-12-07 22:10:18.339,14,4,oropt,0.000000,0.032177,0.031855,0.849132,25597.45,25944.96,26,0.102969,0.385723,0.000000
329,2025-12-07 22:10:18.503,14,5,cross,0.000000,0.000000,0.002867,0.848707,25597.45,25944.96,26,0.103079,0.385723,0.000000
330,2025-12-07 22:10:18.673,14,0,swap,0.028701,0.002984,0.008423,0.848283,25597.45,25937.51,26,0.103289,0.385723,0.000000
331,2025-12-07 22:10:18.784,14,2,invert,0.000378,0.000000,0.002905,0.847859,25597.45,25937.41,26,0.103400,0.385723,0.002188
332,2025-12-07 22:10:18.904,14,4,oropt,-0.448831,0.031855,-0.013346,0.847435,25597.45,26053.83,26,0.101662,0.385723,-0.013346
333,2025-12-07 22:10:19.063,14,4,oropt,0.000000,-0.013346,-0.009209,0.847011,25597.45,26053.83,26,0.101821,0.385723,-0.009209
334,2025-12-07 22:10:19.248,14,2,invert,0.000000,0.002905,0.005417,0.846588,25597.45,26053.83,26,0.101918,0.385723,-0.009209
335,2025-12-07 22:10:19.427,14,4,oropt,-0.517587,-0.009209,-0.057244,0.846164,25597.45,26188.68,26,0.100070,0.385723,-0.057244
336,2025-12-07 22:10:19.586,14,5,cross,0.005581,0.002867,0.005941,0.845741,25597.45,26187.22,26,0.100188,0.385723,-0.057244
337,2025-12-07 22:10:19.768,14,1,insert,0.370218,0.031140,0.067850,0.845318,25597.45,26090.27,26,0.101600,0.385723,-0.057244
338,2025-12-07 22:10:19.952,14,4,oropt,0.007913,-0.057244,-0.044622,0.844896,25597.45,26088.20,26,0.102086,0.385723,-0.044622
339,2025-12-07 22:10:20.158,14,1,insert,0.246827,0.067850,0.091854,0.844473,25597.45,26023.81,26,0.103009,0.385723,-0.044622
340,2025-12-07 22:10:20.356,14,5,cross,0.000000,0.005941,0.013614,0.844051,25597.45,26023.81,26,0.103304,0.385723,-0.044622
341,2025-12-07 22:10:20.532,14,2,invert,0.159703,0.005417,0.029112,0.843629,25597.45,25982.25,26,0.104215,0.385723,-0.044622
342,2025-12-07 22:10:20.700,14,2,invert,0.000000,0.029112,0.034468,0.843207,25597.45,25982.25,26,0.104421,0.385723,-0.044622
343,2025-12-07 22:10:20.867,14,3,2opt,-0.147780,0.030432,0.020878,0.842786,25597.45,26020.65,26,0.104054,0.385723,-0.044622
344,2025-12-07 22:10:20.998,14,3,2opt,-0.247468,0.020878,0.002310,0.842364,25597.45,26085.04,26,0.103340,0.385723,-0.044622
345,2025-12-07 22:10:21.129,14,1,insert,-0.416233,0.091854,0.049313,0.841943,25597.45,26193.61,26,0.101704,0.385723,-0.044622
346,2025-12-07 22:10:21.293,14,4,oropt,0.186047,-0.044622,-0.017117,0.841522,25597.45,26144.88,26,0.102761,0.385723,-0.017117
347,2025-12-07 22:10:21.478,14,0,swap,0.208998,0.008423,0.032919,0.841101,25597.45,26090.24,26,0.103704,0.385723,-0.017117
348,2025-12-07 22:10:21.623,14,3,2opt,0.017629,0.002310,0.008280,0.840681,25597.45,26085.64,26,0.103933,0.385723,-0.017117
349,2025-12-07 22:10:21.792,14,5,cross,0.002635,0.013614,0.016954,0.840260,25597.45,26084.95,26,0.104062,0.385723,-0.017117
350,2025-12-07 22:10:21.897,14,2,invert,0.000000,0.034468,0.035459,0.839840,25597.45,26084.95,26,0.104100,0.385723,-0.017117
351,2025-12-07 22:10:22.002,14,1,insert,0.000000,0.049313,0.048819,0.839420,25597.45,26084.95,26,0.104081,0.385723,-0.017117
352,2025-12-07 22:10:22.139,14,5,cross,0.000000,0.016954,0.019652,0.839001,25597.45,26084.95,26,0.104185,0.385723,-0.017117
353,2025-12-07 22:10:22.297,14,0,swap,0.000000,0.032919,0.034020,0.838581,25597.45,26084.95,26,0.104227,0.385723,-0.017117
354,2025-12-07 22:10:22.472,14,5,cross,0.000000,0.019652,0.022081,0.838162,25597.45,26084.95,26,0.104320,0.385723,-0.017117
355,2025-12-07 22:10:22.614,14,2,invert,0.000000,0.035459,0.036307,0.837743,25597.45,26084.95,26,0.104353,0.385723,-0.017117
356,2025-12-07 22:10:22.806,14,0,swap,0.000000,0.034020,0.035012,0.837324,25597.45,26084.95,26,0.104391,0.385723,-0.017117
357,2025-12-07 22:10:22.980,14,0,swap,0.000000,0.035012,0.035905,0.836905,25597.45,26084.95,26,0.104425,0.385723,-0.017117
358,2025-12-07 22:10:23.155,14,5,cross,0.000000,0.022081,0.024267,0.836487,25597.45,26084.95,26,0.104510,0.385723,-0.017117
359,2025-12-07 22:10:23.285,14,5,cross,0.000000,0.024267,0.026234,0.836068,25597.45,26084.95,26,0.104585,0.385723,-0.017117
360,2025-12-07 22:10:23.425,14,1,insert,0.000000,0.048819,0.048331,0.835650,25597.45,26084.95,26,0.104566,0.385723,-0.017117
361,2025-12-07 22:10:23.570,14,1,insert,0.000000,0.048331,0.047848,0.835233,25597.45,26084.95,26,0.104548,0.385723,-0.017117
362,2025-12-07 22:10:23.688,14,4,oropt,0.000000,-0.017117,-0.011099,0.834815,25597.45,26084.95,26,0.104779,0.385723,-0.011099
363,2025-12-07 22:10:23.861,14,2,invert,0.393714,0.036307,0.076354,0.834398,25597.45,25982.25,26,0.106320,0.385723,-0.011099
364,2025-12-07 22:10:24.017,14,0,swap,-0.330896,0.035905,0.006096,0.833980,25597.45,26068.23,26,0.105173,0.385723,-0.011099
365,2025-12-07 22:10:24.138,14,4,oropt,0.009150,-0.011099,-0.002202,0.833563,25597.45,26065.84,26,0.105515,0.385723,-0.002202
366,2025-12-07 22:10:24.297,14,2,invert,0.155331,0.076354,0.091124,0.833147,25597.45,26025.35,26,0.106083,0.385723,-0.002202
367,2025-12-07 22:10:24.479,14,5,cross,0.000847,0.026234,0.031896,0.832730,25597.45,26025.13,26,0.106301,0.385723,-0.002202
368,2025-12-07 22:10:24.654,14,0,swap,0.009433,0.006096,0.014631,0.832314,25597.45,26022.68,26,0.106629,0.385723,-0.002202
369,2025-12-07 22:10:24.871,14,0,swap,0.000000,0.014631,0.021369,0.831898,25597.45,26022.68,26,0.106889,0.385723,-0.002202
370,2025-12-07 22:10:25.046,14,3,2opt,0.000000,0.008280,0.015653,0.831482,25597.45,26022.68,26,0.107172,0.385723,-0.002202
371,2025-12-07 22:10:25.232,14,0,swap,-0.156436,0.021369,0.011790,0.831066,25597.45,26063.39,26,0.106804,0.385723,-0.002202
372,2025-12-07 22:10:25.398,14,0,swap,0.004253,0.011790,0.019237,0.830650,25597.45,26062.28,26,0.107090,0.385723,-0.002202
373,2025-12-07 22:10:25.546,14,1,insert,0.000000,0.047848,0.051264,0.830235,25597.45,26062.28,26,0.107222,0.385723,-0.002202
374,2025-12-07 22:10:25.708,14,2,invert,0.000000,0.091124,0.090212,0.829820,25597.45,26062.28,26,0.107186,0.385723,-0.002202
375,2025-12-07 22:10:25.860,14,1,insert,-0.934509,0.051264,-0.039194,0.829405,25597.45,26305.83,26,0.103707,0.385723,-0.039194
376,2025-12-07 22:10:26.084,14,0,swap,0.678853,0.019237,0.093318,0.828990,25597.45,26127.25,26,0.106557,0.385723,-0.039194
377,2025-12-07 22:10:26.238,14,4,oropt,-54.705579,-0.002202,-5.464141,0.828576,25597.45,40420.32,26,-0.103518,0.385723,-5.464141
378,2025-12-07 22:10:26.401,14,5,cross,2.787182,0.031896,0.315823,0.828161,25597.45,39293.73,26,-0.092598,0.385723,-5.464141
379,2025-12-07 22:10:26.567,14,4,oropt,2.303797,-5.464141,-4.658923,0.827747,25597.45,38388.49,26,-0.061628,0.385723,-4.658923
380,2025-12-07 22:10:26.804,14,5,cross,1.782885,0.315823,0.490954,0.827334,25597.45,37704.06,26,-0.054892,0.490954,-4.658923
381,2025-12-07 22:10:27.017,14,2,invert,2.317177,0.090212,0.357095,0.826920,25597.45,36830.39,26,-0.044627,0.490954,-4.658923
382,2025-12-07 22:10:27.260,14,1,insert,1.299655,-0.039194,0.138877,0.826506,25597.45,36351.72,26,-0.037778,0.490954,-4.658923
383,2025-12-07 22:10:27.474,14,5,cross,1.102767,0.490954,0.596321,0.826093,25597.45,35950.85,26,-0.033726,0.596321,-4.658923
384,2025-12-07 22:10:27.719,14,0,swap,1.771470,0.093318,0.314802,0.825680,25597.45,35313.99,26,-0.025207,0.596321,-4.658923
385,2025-12-07 22:10:27.874,14,4,oropt,1.239412,-4.658923,-4.015421,0.825267,25597.45,34876.31,26,-0.000457,0.596321,-4.015421
386,2025-12-07 22:10:28.099,14,3,2opt,1.408038,0.015653,0.208561,0.824855,25597.45,34385.23,26,0.006962,0.596321,-4.015421
387,2025-12-07 22:10:28.322,14,5,cross,0.716757,0.596321,0.662033,0.824442,25597.45,34138.77,26,0.009490,0.662033,-4.015421
388,2025-12-07 22:10:28.601,14,2,invert,1.812387,0.357095,0.562207,0.824030,25597.45,33520.05,26,0.017379,0.662033,-4.015421
389,2025-12-07 22:10:28.895,14,5,cross,0.711036,0.662033,0.726517,0.823618,25597.45,33281.71,26,0.019859,0.726517,-4.015421
390,2025-12-07 22:10:29.187,14,5,cross,1.227226,0.726517,0.841974,0.823206,25597.45,32873.27,26,0.024299,0.841974,-4.015421
391,2025-12-07 22:10:29.422,14,5,cross,1.169985,0.841974,0.950553,0.822795,25597.45,32488.65,26,0.028476,0.950553,-4.015421
392,2025-12-07 22:10:29.710,14,0,swap,1.239190,0.314802,0.492791,0.822383,25597.45,32086.06,26,0.035321,0.950553,-4.015421
393,2025-12-07 22:10:30.005,14,4,oropt,1.311895,-4.015421,-3.397140,0.821972,25597.45,31665.12,26,0.059101,0.950553,-3.397140
394,2025-12-07 22:10:30.246,14,4,oropt,1.424368,-3.397140,-2.829439,0.821561,25597.45,31214.09,26,0.080936,0.950553,-2.829439
395,2025-12-07 22:10:30.507,14,1,insert,0.840041,0.138877,0.294543,0.821150,25597.45,30951.88,26,0.086923,0.950553,-2.829439
396,2025-12-07 22:10:30.717,14,5,cross,0.859544,0.950553,1.027002,0.820740,25597.45,30685.84,26,0.089863,1.027002,-2.829439
397,2025-12-07 22:10:30.922,14,4,oropt,0.774426,-2.829439,-2.376623,0.820329,25597.45,30448.20,26,0.107280,1.027002,-2.376623
398,2025-12-07 22:10:31.184,14,0,swap,0.723216,0.492791,0.608263,0.819919,25597.45,30227.99,26,0.111721,1.027002,-2.376623
399,2025-12-07 22:10:31.500,14,5,cross,0.844342,1.027002,1.101166,0.819509,25597.45,29972.77,26,0.114573,1.101166,-2.376623
400,2025-12-07 22:10:31.826,14,0,swap,0.708733,0.608263,0.717415,0.819099,25597.45,29760.34,26,0.118771,1.101166,-2.376623
401,2025-12-07 22:10:32.201,14,1,insert,0.821009,0.294543,0.446294,0.818690,25597.45,29516.00,26,0.124608,1.101166,-2.376623
402,2025-12-07 22:10:32.437,14,4,oropt,0.753874,-2.376623,-1.964468,0.818280,25597.45,29293.49,26,0.140460,1.101166,-1.964468
403,2025-12-07 22:10:32.711,14,4,oropt,0.562879,-1.964468,-1.612628,0.817871,25597.45,29128.60,26,0.153992,1.101166,-1.612628
404,2025-12-07 22:10:33.064,14,3,2opt,0.462607,0.208561,0.333070,0.817462,25597.45,28993.85,26,0.158781,1.101166,-1.612628
405,2025-12-07 22:10:33.390,14,0,swap,0.383910,0.717415,0.783170,0.817054,25597.45,28882.54,26,0.161310,1.101166,-1.612628
406,2025-12-07 22:10:33.627,14,2,invert,0.501789,0.562207,0.655270,0.816645,25597.45,28737.61,26,0.164890,1.101166,-1.612628
407,2025-12-07 22:10:33.892,14,5,cross,0.193319,1.101166,1.109486,0.816237,25597.45,28682.06,26,0.165210,1.109486,-1.612628
408,2025-12-07 22:10:34.212,14,3,2opt,0.549038,0.333070,0.454521,0.815829,25597.45,28524.58,26,0.169881,1.109486,-1.612628
409,2025-12-07 22:10:34.510,14,1,insert,0.182846,0.446294,0.519803,0.815421,25597.45,28472.43,26,0.172708,1.109486,-1.612628
410,2025-12-07 22:10:34.811,14,5,cross,0.377387,1.109486,1.136130,0.815013,25597.45,28364.97,26,0.173733,1.136130,-1.612628
411,2025-12-07 22:10:35.025,14,4,oropt,0.473882,-1.612628,-1.301726,0.814606,25597.45,28230.56,26,0.185691,1.136130,-1.301726
412,2025-12-07 22:10:35.308,14,3,2opt,0.362782,0.454521,0.547598,0.814198,25597.45,28128.14,26,0.189271,1.136130,-1.301726
413,2025-12-07 22:10:35.620,14,4,oropt,0.199861,-1.301726,-1.049315,0.813791,25597.45,28071.93,26,0.198979,1.136130,-1.049315
414,2025-12-07 22:10:35.924,14,1,insert,0.265839,0.519803,0.596659,0.813384,25597.45,27997.30,26,0.201935,1.136130,-1.049315
415,2025-12-07 22:10:36.178,14,5,cross,0.425094,1.136130,1.167278,0.812978,25597.45,27878.28,26,0.203133,1.167278,-1.049315
416,2025-12-07 22:10:36.412,14,2,invert,0.354968,0.655270,0.730295,0.812571,25597.45,27779.33,26,0.206018,1.167278,-1.049315
417,2025-12-07 22:10:36.710,14,2,invert,-0.091675,0.730295,0.753153,0.812165,25597.45,27804.79,26,0.206897,1.167278,-1.049315
418,2025-12-07 22:10:36.932,14,5,cross,0.016551,1.167278,1.157260,0.811759,25597.45,27800.19,26,0.206512,1.157260,-1.049315
419,2025-12-07 22:10:37.184,14,1,insert,0.304414,0.596659,0.671588,0.811353,25597.45,27715.56,26,0.209394,1.157260,-1.049315
420,2025-12-07 22:10:37.426,14,3,2opt,0.298524,0.547598,0.626844,0.810947,25597.45,27632.83,26,0.212442,1.157260,-1.049315
421,2025-12-07 22:10:37.633,14,2,invert,-0.203431,0.753153,0.761648,0.810542,25597.45,27689.04,26,0.212769,1.157260,-1.049315
422,2025-12-07 22:10:37.878,14,2,invert,-0.233187,0.761648,0.766318,0.810136,25597.45,27753.61,26,0.212948,1.157260,-1.049315
423,2025-12-07 22:10:38.154,14,0,swap,-0.232912,0.783170,0.785715,0.809731,25597.45,27818.25,26,0.213046,1.157260,-1.049315
424,2025-12-07 22:10:38.382,14,0,swap,0.325598,0.785715,0.843857,0.809326,25597.45,27727.67,26,0.215282,1.157260,-1.049315
425,2025-12-07 22:10:38.566,14,5,cross,0.313689,1.157260,1.177057,0.808922,25597.45,27640.69,26,0.216044,1.177057,-1.049315
426,2025-12-07 22:10:38.829,14,2,invert,0.324659,0.766318,0.828087,0.808517,25597.45,27550.96,26,0.218419,1.177057,-1.049315
427,2025-12-07 22:10:39.012,14,5,cross,0.011828,1.177057,1.166469,0.808113,25597.45,27547.70,26,0.218012,1.166469,-1.049315
428,2025-12-07 22:10:39.189,14,0,swap,0.397119,0.843857,0.904165,0.807709,25597.45,27438.30,26,0.220332,1.166469,-1.049315
429,2025-12-07 22:10:39.397,14,1,insert,0.233642,0.671588,0.732775,0.807305,25597.45,27374.19,26,0.222685,1.166469,-1.049315
430,2025-12-07 22:10:39.620,14,0,swap,0.155514,0.904165,0.934282,0.806902,25597.45,27331.62,26,0.223843,1.166469,-1.049315
431,2025-12-07 22:10:39.844,14,1,insert,0.554652,0.732775,0.819945,0.806498,25597.45,27180.03,26,0.227196,1.166469,-1.049315
432,2025-12-07 22:10:40.116,14,5,cross,0.234694,1.166469,1.178274,0.806095,25597.45,27116.24,26,0.227650,1.178274,-1.049315
433,2025-12-07 22:10:40.379,14,5,cross,0.298908,1.178274,1.196382,0.805692,25597.45,27035.18,26,0.228347,1.196382,-1.049315
434,2025-12-07 22:10:40.587,14,4,oropt,0.684671,-1.049315,-0.768242,0.805289,25597.45,26850.08,26,0.239157,1.196382,-0.768242
435,2025-12-07 22:10:40.794,14,1,insert,0.224854,0.819945,0.868110,0.804886,25597.45,26789.71,26,0.241010,1.196382,-0.768242
436,2025-12-07 22:10:41.033,14,1,insert,0.091140,0.868110,0.898088,0.804484,25597.45,26765.29,26,0.242163,1.196382,-0.768242
437,2025-12-07 22:10:41.244,14,0,swap,0.254432,0.934282,0.973971,0.804082,25597.45,26697.19,26,0.243689,1.196382,-0.768242
438,2025-12-07 22:10:41.429,14,0,swap,0.273150,0.973971,1.011564,0.803680,25597.45,26624.27,26,0.245135,1.196382,-0.768242
439,2025-12-07 22:10:41.642,14,2,invert,0.329395,0.828087,0.885892,0.803278,25597.45,26536.57,26,0.247358,1.196382,-0.768242
440,2025-12-07 22:10:41.819,14,5,cross,0.032417,1.196382,1.187660,0.802876,25597.45,26527.97,26,0.247023,1.187660,-0.768242
441,2025-12-07 22:10:42.028,14,4,oropt,0.226460,-0.768242,-0.561883,0.802475,25597.45,26467.89,26,0.254960,1.187660,-0.561883
442,2025-12-07 22:10:42.164,14,3,2opt,0.162771,0.626844,0.687326,0.802073,25597.45,26424.81,26,0.257286,1.187660,-0.561883
443,2025-12-07 22:10:42.310,14,5,cross,0.017099,1.187660,1.177493,0.801672,25597.45,26420.29,26,0.256895,1.177493,-0.561883
444,2025-12-07 22:10:42.464,14,5,cross,0.242499,1.177493,1.189968,0.801272,25597.45,26356.22,26,0.257375,1.189968,-0.561883
445,2025-12-07 22:10:42.706,14,4,oropt,0.099756,-0.561883,-0.388622,0.800871,25597.45,26329.93,26,0.264039,1.189968,-0.388622
446,2025-12-07 22:10:42.926,14,4,oropt,0.026675,-0.388622,-0.239995,0.800470,25597.45,26322.91,26,0.269755,1.189968,-0.239995
447,2025-12-07 22:10:43.100,14,3,2opt,0.186654,0.687326,0.744356,0.800070,25597.45,26273.77,26,0.271948,1.189968,-0.239995
448,2025-12-07 22:10:43.269,14,4,oropt,0.092120,-0.239995,-0.099686,0.799670,25597.45,26249.57,26,0.277345,1.189968,-0.099686
449,2025-12-07 22:10:43.481,14,5,cross,0.003643,1.189968,1.178432,0.799270,25597.45,26248.62,26,0.276901,1.178432,-0.099686
450,2025-12-07 22:10:43.657,14,3,2opt,0.075496,0.744356,0.783529,0.798871,25597.45,26228.80,26,0.278408,1.178432,-0.099686
451,2025-12-07 22:10:43.894,14,2,invert,0.000000,0.885892,0.903362,0.798471,25597.45,26228.80,26,0.279080,1.178432,-0.099686
452,2025-12-07 22:10:44.107,14,5,cross,-0.184701,1.178432,1.148178,0.798072,25597.45,26277.24,26,0.277916,1.148178,-0.099686
453,2025-12-07 22:10:44.300,14,0,swap,0.126267,1.011564,1.026370,0.797673,25597.45,26244.06,26,0.278486,1.148178,-0.099686
454,2025-12-07 22:10:44.537,14,5,cross,0.354056,1.148178,1.172102,0.797274,25597.45,26151.14,26,0.279406,1.172102,-0.099686
455,2025-12-07 22:10:44.726,14,4,oropt,0.028136,-0.099686,0.018585,0.796876,25597.45,26143.79,26,0.283955,1.172102,0.002188
456,2025-12-07 22:10:44.948,14,2,invert,0.180042,0.903362,0.936519,0.796477,25597.45,26096.72,26,0.285230,1.172102,0.002188
457,2025-12-07 22:10:45.136,14,0,swap,0.018521,1.026370,1.031074,0.796079,25597.45,26091.88,26,0.285411,1.172102,0.002188
458,2025-12-07 22:10:45.341,14,5,cross,0.295948,1.172102,1.189976,0.795681,25597.45,26014.67,26,0.286098,1.189976,0.002188
459,2025-12-07 22:10:45.525,14,3,2opt,0.028659,0.783529,0.815140,0.795283,25597.45,26007.21,26,0.287314,1.189976,0.002188
460,2025-12-07 22:10:45.689,14,4,oropt,-0.252877,0.018585,0.098537,0.794885,25597.45,26072.98,26,0.290389,1.189976,0.002188
461,2025-12-07 22:10:45.817,14,4,oropt,0.121461,0.098537,0.207927,0.794488,25597.45,26041.31,26,0.294597,1.189976,0.002188
462,2025-12-07 22:10:45.990,14,5,cross,0.008332,1.189976,1.178909,0.794091,25597.45,26039.14,26,0.294171,1.178909,0.002188
463,2025-12-07 22:10:46.237,14,4,oropt,0.053348,0.207927,0.298571,0.793694,25597.45,26025.25,26,0.297657,1.178909,0.002188
464,2025-12-07 22:10:46.446,14,2,invert,0.052486,0.936519,0.954218,0.793297,25597.45,26011.59,26,0.298338,1.178909,0.002188
465,2025-12-07 22:10:46.640,14,5,cross,0.001258,1.178909,1.167246,0.792900,25597.45,26011.26,26,0.297889,1.167246,0.002188
466,2025-12-07 22:10:46.772,14,5,cross,0.207954,1.167246,1.176369,0.792504,25597.45,25957.17,26,0.298240,1.176369,0.002188
467,2025-12-07 22:10:46.936,14,1,insert,0.079284,0.898088,0.922081,0.792107,25597.45,25936.59,26,0.299163,1.176369,0.002188
468,2025-12-07 22:10:47.094,14,3,2opt,0.104041,0.815140,0.849903,0.791711,25597.45,25909.60,26,0.300500,1.176369,0.002188
469,2025-12-07 22:10:47.307,14,0,swap,-0.158884,1.031074,1.017952,0.791316,25597.45,25950.77,26,0.299995,1.176369,0.002188
470,2025-12-07 22:10:47.504,14,3,2opt,0.244647,0.849903,0.895251,0.790920,25597.45,25887.28,26,0.301740,1.176369,0.002188
471,2025-12-07 22:10:47.741,14,2,invert,-0.414713,0.954218,0.923198,0.790524,25597.45,25994.64,26,0.300546,1.176369,0.002188
472,2025-12-07 22:10:47.968,14,4,oropt,0.000000,0.298571,0.374587,0.790129,25597.45,25994.64,26,0.303470,1.176369,0.002188
473,2025-12-07 22:10:48.141,14,2,invert,0.283127,0.923198,0.965064,0.789734,25597.45,25921.04,26,0.305080,1.176369,0.002188
474,2025-12-07 22:10:48.285,14,0,swap,-0.605058,1.017952,0.961524,0.789339,25597.45,26077.88,26,0.302910,1.176369,0.002188
475,2025-12-07 22:10:48.478,14,5,cross,0.182759,1.176369,1.182881,0.788945,25597.45,26030.22,26,0.303161,1.182881,0.002188
476,2025-12-07 22:10:48.749,14,2,invert,0.240021,0.965064,0.999019,0.788550,25597.45,25967.74,26,0.304467,1.182881,0.002188
477,2025-12-07 22:10:48.927,14,5,cross,-0.659873,1.182881,1.105065,0.788156,25597.45,26139.10,26,0.301474,1.105065,0.002188
478,2025-12-07 22:10:49.070,14,0,swap,0.050255,0.961524,0.969853,0.787762,25597.45,26125.96,26,0.301794,1.105065,0.002188
479,2025-12-07 22:10:49.244,14,4,oropt,0.201864,0.374587,0.456770,0.787368,25597.45,26073.22,26,0.304955,1.105065,0.002188
480,2025-12-07 22:10:49.389,14,3,2opt,0.002291,0.895251,0.905411,0.786974,25597.45,26072.62,26,0.305346,1.105065,0.002188
481,2025-12-07 22:10:49.629,14,0,swap,0.175501,0.969853,0.989873,0.786581,25597.45,26026.87,26,0.306116,1.105065,0.002188
482,2025-12-07 22:10:49.832,14,3,2opt,0.159388,0.905411,0.930264,0.786187,25597.45,25985.38,26,0.307072,1.105065,0.002188
483,2025-12-07 22:10:50.028,14,5,cross,-0.572873,1.105065,1.036727,0.785794,25597.45,26134.24,26,0.304443,1.036727,0.002188
484,2025-12-07 22:10:50.209,14,5,cross,0.188785,1.036727,1.045238,0.785401,25597.45,26084.91,26,0.304771,1.045238,0.002188
485,2025-12-07 22:10:50.341,14,5,cross,0.086523,1.045238,1.043438,0.785009,25597.45,26062.34,26,0.304701,1.043438,0.002188
486,2025-12-07 22:10:50.512,14,1,insert,0.057960,0.922081,0.929578,0.784616,25597.45,26047.23,26,0.304990,1.043438,0.002188
487,2025-12-07 22:10:50.699,14,0,swap,0.183466,0.989873,1.003142,0.784224,25597.45,25999.44,26,0.305500,1.043438,0.002188
488,2025-12-07 22:10:50.933,14,5,cross,0.214379,1.043438,1.054442,0.783832,25597.45,25943.71,26,0.305923,1.054442,0.002188
489,2025-12-07 22:10:51.116,14,5,cross,0.033130,1.054442,1.047210,0.783440,25597.45,25935.11,26,0.305645,1.047210,0.002188
490,2025-12-07 22:10:51.329,14,2,invert,0.010976,0.999019,0.994464,0.783048,25597.45,25932.27,26,0.305470,1.047210,0.002188
491,2025-12-07 22:10:51.514,14,5,cross,-0.245462,1.047210,1.012192,0.782657,25597.45,25995.92,26,0.304123,1.012192,0.002188
492,2025-12-07 22:10:51.667,14,5,cross,0.010728,1.012192,1.003143,0.782265,25597.45,25993.13,26,0.303775,1.003143,0.002188
493,2025-12-07 22:10:51.856,14,0,swap,0.000000,1.003142,0.993111,0.781874,25597.45,25993.13,26,0.303389,1.003143,0.002188
494,2025-12-07 22:10:52.002,14,3,2opt,0.052960,0.930264,0.932817,0.781483,25597.45,25979.36,26,0.303487,1.003143,0.002188
495,2025-12-07 22:10:52.143,14,5,cross,0.000000,1.003143,0.993111,0.781092,25597.45,25979.36,26,0.303101,0.994464,0.002188
496,2025-12-07 22:10:52.306,14,0,swap,0.000000,0.993111,0.983301,0.780702,25597.45,25979.36,26,0.302724,0.994464,0.002188
497,2025-12-07 22:10:52.505,14,0,swap,0.031054,0.983301,0.977578,0.780312,25597.45,25971.30,26,0.302504,0.994464,0.002188
498,2025-12-07 22:10:52.638,14,2,invert,0.000000,0.994464,0.984519,0.779921,25597.45,25971.30,26,0.302122,0.993111,0.002188
499,2025-12-07 22:10:52.844,14,2,invert,0.000000,0.984519,0.975447,0.779531,25597.45,25971.30,26,0.301773,0.993111,0.002188
500,2025-12-07 22:10:53.080,14,2,invert,0.000000,0.975447,0.967282,0.779142,25597.45,25971.30,26,0.301459,0.993111,0.002188
501,2025-12-07 22:10:53.310,14,2,invert,0.000000,0.967282,0.959934,0.778752,25597.45,25971.30,26,0.301176,0.993111,0.002188
502,2025-12-07 22:10:53.438,14,5,cross,0.000000,0.993111,0.983180,0.778363,25597.45,25971.30,26,0.300794,0.983180,0.002188
503,2025-12-07 22:10:53.623,14,5,cross,0.000000,0.983180,0.973349,0.777974,25597.45,25971.30,26,0.300416,0.977578,0.002188
504,2025-12-07 22:10:53.824,14,1,insert,0.000000,0.929578,0.924602,0.777585,25597.45,25971.30,26,0.300225,0.977578,0.002188
505,2025-12-07 22:10:54.009,14,0,swap,0.004764,0.977578,0.968279,0.777196,25597.45,25970.06,26,0.299867,0.973349,0.002188
506,2025-12-07 22:10:54.207,14,5,cross,0.000000,0.973349,0.963615,0.776807,25597.45,25970.06,26,0.299492,0.968279,0.002188
507,2025-12-07 22:10:54.386,14,0,swap,0.000000,0.968279,0.958596,0.776419,25597.45,25970.06,26,0.299120,0.963615,0.002188
508,2025-12-07 22:10:54.574,14,2,invert,0.000000,0.959934,0.950666,0.776031,25597.45,25970.06,26,0.298764,0.963615,0.002188
509,2025-12-07 22:10:54.732,14,4,oropt,0.000000,0.456770,0.497819,0.775643,25597.45,25970.06,26,0.300342,0.963615,0.002188
510,2025-12-07 22:10:54.871,14,1,insert,0.483620,0.924602,0.887043,0.775255,25597.45,25844.46,26,0.298898,0.963615,0.002188
511,2025-12-07 22:10:55.032,11,4,oropt,0.000000,0.016806,0.021665,0.774867,25597.45,25844.46,26,0.299085,0.963615,0.002188
512,2025-12-07 22:10:55.183,11,1,insert,0.000000,0.072653,0.071926,0.774480,25597.45,25844.46,26,0.299057,0.963615,0.002188
513,2025-12-07 22:10:55.328,11,1,insert,0.000000,0.071926,0.071221,0.774092,25597.45,25844.46,26,0.299030,0.963615,0.002188
514,2025-12-07 22:10:55.505,11,2,invert,0.000000,0.026309,0.030165,0.773705,25597.45,25844.46,26,0.299178,0.963615,0.002188
515,2025-12-07 22:10:55.739,11,0,swap,0.000000,0.066348,0.066200,0.773319,25597.45,25844.46,26,0.299172,0.963615,0.002188
516,2025-12-07 22:10:55.978,11,3,2opt,0.030020,0.072075,0.074356,0.772932,25597.45,25836.70,26,0.299260,0.963615,0.002188
517,2025-12-07 22:10:56.167,11,5,cross,-0.636511,0.022289,0.043134,0.772545,25597.45,26001.16,26,0.300062,0.963615,0.002188
518,2025-12-07 22:10:56.326,14,5,cross,0.000000,0.963615,0.953979,0.772159,25597.45,26001.16,26,0.299691,0.958596,0.002188
519,2025-12-07 22:10:56.515,14,0,swap,0.000000,0.958596,0.949010,0.771773,25597.45,26001.16,26,0.299322,0.953979,0.002188
520,2025-12-07 22:10:56.762,14,5,cross,0.000000,0.953979,0.944439,0.771387,25597.45,26001.16,26,0.298955,0.950666,0.002188
521,2025-12-07 22:10:56.977,14,2,invert,0.000000,0.950666,0.941159,0.771001,25597.45,26001.16,26,0.298590,0.949010,0.002188
522,2025-12-07 22:10:57.099,14,3,2opt,0.000000,0.932817,0.924946,0.770616,25597.45,26001.16,26,0.298287,0.949010,0.002188
523,2025-12-07 22:10:57.315,14,0,swap,0.000000,0.949010,0.939520,0.770231,25597.45,26001.16,26,0.297922,0.944439,0.002188
524,2025-12-07 22:10:57.542,14,0,swap,0.000000,0.939520,0.930568,0.769846,25597.45,26001.16,26,0.297578,0.944439,0.002188
525,2025-12-07 22:10:57.723,14,3,2opt,0.000000,0.924946,0.917451,0.769461,25597.45,26001.16,26,0.297289,0.944439,0.002188
526,2025-12-07 22:10:57.936,14,5,cross,0.000000,0.944439,0.934995,0.769076,25597.45,26001.16,26,0.296926,0.941159,0.002188
527,2025-12-07 22:10:58.101,14,2,invert,0.000000,0.941159,0.931748,0.768691,25597.45,26001.16,26,0.296564,0.934995,0.002188
528,2025-12-07 22:10:58.270,14,5,cross,0.000000,0.934995,0.925645,0.768307,25597.45,26001.16,26,0.296205,0.931748,0.002188
529,2025-12-07 22:10:58.480,14,4,oropt,0.000000,0.497819,0.531894,0.767923,25597.45,26001.16,26,0.297515,0.931748,0.002188
530,2025-12-07 22:10:58.666,14,5,cross,0.000000,0.925645,0.916938,0.767539,25597.45,26001.16,26,0.297180,0.931748,0.002188
531,2025-12-07 22:10:58.855,14,2,invert,0.000000,0.931748,0.922430,0.767155,25597.45,26001.16,26,0.296822,0.930568,0.002188
532,2025-12-07 22:10:59.013,14,1,insert,0.000000,0.887043,0.882090,0.766772,25597.45,26001.16,26,0.296631,0.930568,0.002188
533,2025-12-07 22:10:59.222,14,0,swap,0.009564,0.930568,0.922218,0.766388,25597.45,25998.67,26,0.296310,0.922430,0.002188
534,2025-12-07 22:10:59.359,14,2,invert,0.017691,0.922430,0.914975,0.766005,25597.45,25994.07,26,0.296024,0.922218,0.002188
535,2025-12-07 22:10:59.587,14,1,insert,0.002607,0.882090,0.877141,0.765622,25597.45,25993.39,26,0.295833,0.922218,0.002188
536,2025-12-07 22:10:59.777,14,1,insert,0.126270,0.877141,0.885053,0.765239,25597.45,25960.57,26,0.296138,0.922218,0.002188
537,2025-12-07 22:10:59.975,14,5,cross,0.000000,0.916938,0.908244,0.764857,25597.45,25960.57,26,0.295803,0.922218,0.002188
538,2025-12-07 22:11:00.174,14,2,invert,0.000000,0.914975,0.906477,0.764474,25597.45,25960.57,26,0.295476,0.922218,0.002188
539,2025-12-07 22:11:00.351,14,0,swap,0.000000,0.922218,0.912996,0.764092,25597.45,25960.57,26,0.295122,0.917451,0.002188
540,2025-12-07 22:11:00.513,14,4,oropt,0.000000,0.531894,0.561275,0.763710,25597.45,25960.57,26,0.296252,0.917451,0.002188
541,2025-12-07 22:11:00.660,14,0,swap,0.109008,0.912996,0.915168,0.763328,25597.45,25932.27,26,0.296335,0.917451,0.002188
542,2025-12-07 22:11:00.814,14,3,2opt,0.000000,0.917451,0.908276,0.762946,25597.45,25932.27,26,0.295982,0.915168,0.002188
543,2025-12-07 22:11:00.948,14,1,insert,-0.640093,0.885053,0.814904,0.762565,25597.45,26098.26,26,0.293284,0.915168,0.002188
544,2025-12-07 22:11:01.113,14,0,swap,0.064472,0.915168,0.912464,0.762184,25597.45,26081.44,26,0.293180,0.912464,0.002188
545,2025-12-07 22:11:01.272,14,4,oropt,0.003537,0.561275,0.587623,0.761802,25597.45,26080.52,26,0.294194,0.912464,0.002188
546,2025-12-07 22:11:01.467,14,4,oropt,0.522054,0.587623,0.663188,0.761422,25597.45,25944.36,26,0.297100,0.912464,0.002188
547,2025-12-07 22:11:01.619,14,0,swap,0.258710,0.912464,0.929210,0.761041,25597.45,25877.24,26,0.297744,0.929210,0.002188
548,2025-12-07 22:11:01.766,14,3,2opt,0.007886,0.908276,0.901866,0.760660,25597.45,25875.20,26,0.297498,0.929210,0.002188
549,2025-12-07 22:11:01.902,14,2,invert,-0.089705,0.906477,0.890488,0.760280,25597.45,25898.41,26,0.296883,0.929210,0.002188
550,2025-12-07 22:11:02.058,14,0,swap,-0.689480,0.929210,0.850970,0.759900,25597.45,26076.98,26,0.293873,0.908244,0.002188
551,2025-12-07 22:11:02.258,14,1,insert,0.000000,0.814904,0.815156,0.759520,25597.45,26076.98,26,0.293883,0.908244,0.002188
552,2025-12-07 22:11:02.505,14,5,cross,0.000000,0.908244,0.899161,0.759140,25597.45,26076.98,26,0.293534,0.901866,0.002188
553,2025-12-07 22:11:02.680,14,3,2opt,0.000000,0.901866,0.892848,0.758761,25597.45,26076.98,26,0.293187,0.899161,0.002188
554,2025-12-07 22:11:02.904,14,5,cross,0.000000,0.899161,0.890169,0.758381,25597.45,26076.98,26,0.292841,0.892848,0.002188
555,2025-12-07 22:11:03.141,14,1,insert,0.000000,0.815156,0.813996,0.758002,25597.45,26076.98,26,0.292796,0.892848,0.002188
556,2025-12-07 22:11:03.341,14,3,2opt,0.000000,0.892848,0.883919,0.757623,25597.45,26076.98,26,0.292453,0.890488,0.002188
557,2025-12-07 22:11:03.561,14,2,invert,0.000000,0.890488,0.881583,0.757244,25597.45,26076.98,26,0.292111,0.890169,0.002188
558,2025-12-07 22:11:03.743,14,5,cross,0.000000,0.890169,0.881268,0.756866,25597.45,26076.98,26,0.291768,0.883919,0.002188
559,2025-12-07 22:11:03.918,14,5,cross,0.000000,0.881268,0.872694,0.756487,25597.45,26076.98,26,0.291438,0.883919,0.002188
560,2025-12-07 22:11:04.076,14,0,swap,0.000000,0.850970,0.845426,0.756109,25597.45,26076.98,26,0.291225,0.883919,0.002188
561,2025-12-07 22:11:04.265,14,4,oropt,0.000000,0.663188,0.676422,0.755731,25597.45,26076.98,26,0.291734,0.883919,0.002188
562,2025-12-07 22:11:04.463,14,5,cross,0.244100,0.872694,0.889387,0.755353,25597.45,26013.32,26,0.292376,0.889387,0.002188
563,2025-12-07 22:11:04.675,14,2,invert,0.000000,0.881583,0.873470,0.754975,25597.45,26013.32,26,0.292064,0.889387,0.002188
564,2025-12-07 22:11:04.836,14,3,2opt,-0.244697,0.883919,0.851102,0.754598,25597.45,26076.98,26,0.290802,0.889387,0.002188
565,2025-12-07 22:11:05.025,14,1,insert,0.000000,0.813996,0.812641,0.754220,25597.45,26076.98,26,0.290750,0.889387,0.002188
566,2025-12-07 22:11:05.169,14,5,cross,0.000000,0.889387,0.880493,0.753843,25597.45,26076.98,26,0.290408,0.880493,0.002188
567,2025-12-07 22:11:05.329,14,2,invert,0.000000,0.873470,0.865367,0.753466,25597.45,26076.98,26,0.290096,0.880493,0.002188
568,2025-12-07 22:11:05.511,14,5,cross,0.000000,0.880493,0.871688,0.753090,25597.45,26076.98,26,0.289757,0.871688,0.002188
569,2025-12-07 22:11:05.723,14,2,invert,0.000000,0.865367,0.857282,0.752713,25597.45,26076.98,26,0.289447,0.871688,0.002188
570,2025-12-07 22:11:05.904,14,5,cross,0.000000,0.871688,0.862971,0.752337,25597.45,26076.98,26,0.289111,0.862971,0.002188
571,2025-12-07 22:11:06.050,14,5,cross,0.000000,0.862971,0.854342,0.751961,25597.45,26076.98,26,0.288779,0.857282,0.002188
572,2025-12-07 22:11:06.203,14,3,2opt,0.000000,0.851102,0.843148,0.751585,25597.45,26076.98,26,0.288473,0.857282,0.002188
573,2025-12-07 22:11:06.392,14,2,invert,0.000000,0.857282,0.848709,0.751209,25597.45,26076.98,26,0.288144,0.854342,0.002188
574,2025-12-07 22:11:06.612,14,1,insert,0.000000,0.812641,0.808268,0.750833,25597.45,26076.98,26,0.287975,0.854342,0.002188
575,2025-12-07 22:11:06.780,14,5,cross,0.000000,0.854342,0.845798,0.750458,25597.45,26076.98,26,0.287647,0.848709,0.002188
576,2025-12-07 22:11:07.034,14,1,insert,0.000000,0.808268,0.803825,0.750083,25597.45,26076.98,26,0.287476,0.848709,0.002188
577,2025-12-07 22:11:07.197,14,3,2opt,-52.234785,0.843148,-4.388262,0.749708,25597.45,39698.23,26,0.086268,0.848709,-4.388262
578,2025-12-07 22:11:07.379,14,3,2opt,2.000452,-4.388262,-3.673007,0.749333,25597.45,38904.08,26,0.113778,0.848709,-3.673007
579,2025-12-07 22:11:07.538,14,2,invert,1.575727,0.848709,0.997795,0.748958,25597.45,38291.06,26,0.119512,0.997795,-3.673007
580,2025-12-07 22:11:07.703,14,5,cross,0.995229,0.845798,0.950543,0.748584,25597.45,37909.98,26,0.123540,0.997795,-3.673007
581,2025-12-07 22:11:07.903,14,5,cross,2.427373,0.950543,1.188027,0.748209,25597.45,36989.76,26,0.132674,1.188027,-3.673007
582,2025-12-07 22:11:08.132,14,5,cross,1.889971,1.188027,1.365144,0.747835,25597.45,36290.67,26,0.139487,1.365144,-3.673007
583,2025-12-07 22:11:08.312,14,4,oropt,1.914649,0.676422,0.923108,0.747461,25597.45,35595.83,26,0.148975,1.365144,-3.673007
584,2025-12-07 22:11:08.508,14,1,insert,1.826499,0.803825,1.028955,0.747088,25597.45,34945.67,26,0.157633,1.365144,-3.673007
585,2025-12-07 22:11:08.725,14,3,2opt,1.378408,-3.673007,-3.045002,0.746714,25597.45,34463.98,26,0.181787,1.365144,-3.045002
586,2025-12-07 22:11:08.966,14,5,cross,0.895602,1.365144,1.441053,0.746341,25597.45,34155.32,26,0.184707,1.441053,-3.045002
587,2025-12-07 22:11:09.204,14,5,cross,1.419087,1.441053,1.568551,0.745967,25597.45,33670.62,26,0.189611,1.568551,-3.045002
588,2025-12-07 22:11:09.426,14,3,2opt,0.983944,-3.045002,-2.500938,0.745594,25597.45,33339.32,26,0.210536,1.568551,-2.500938
589,2025-12-07 22:11:09.712,14,1,insert,0.749123,1.028955,1.142142,0.745222,25597.45,33089.57,26,0.214890,1.568551,-2.500938
590,2025-12-07 22:11:09.959,14,1,insert,0.973231,1.142142,1.266420,0.744849,25597.45,32767.53,26,0.219670,1.568551,-2.500938
591,2025-12-07 22:11:10.209,14,1,insert,1.044654,1.266420,1.385413,0.744477,25597.45,32425.22,26,0.224246,1.568551,-2.500938
592,2025-12-07 22:11:10.410,14,5,cross,0.772668,1.568551,1.630132,0.744104,25597.45,32174.68,26,0.226615,1.630132,-2.500938
593,2025-12-07 22:11:10.609,14,2,invert,0.942512,0.997795,1.138979,0.743732,25597.45,31871.43,26,0.232045,1.630132,-2.500938
594,2025-12-07 22:11:10.801,14,5,cross,0.467380,1.630132,1.660569,0.743361,25597.45,31722.47,26,0.233216,1.660569,-2.500938
595,2025-12-07 22:11:11.044,14,2,invert,0.869326,1.138979,1.261465,0.742989,25597.45,31446.70,26,0.237927,1.660569,-2.500938
596,2025-12-07 22:11:11.300,14,1,insert,0.380530,1.385413,1.434376,0.742617,25597.45,31327.04,26,0.239810,1.660569,-2.500938
597,2025-12-07 22:11:11.528,14,5,cross,0.644749,1.660569,1.708438,0.742246,25597.45,31125.06,26,0.241651,1.708438,-2.500938
598,2025-12-07 22:11:11.771,14,5,cross,0.785599,1.708438,1.769914,0.741875,25597.45,30880.54,26,0.244015,1.769914,-2.500938
599,2025-12-07 22:11:12.027,14,5,cross,0.718483,1.769914,1.824063,0.741504,25597.45,30658.67,26,0.246098,1.824063,-2.500938
600,2025-12-07 22:11:12.266,14,3,2opt,0.710658,-2.500938,-2.015613,0.741133,25597.45,30440.79,26,0.264764,1.824063,-2.015613
601,2025-12-07 22:11:12.511,14,5,cross,0.299209,1.824063,1.835743,0.740763,25597.45,30349.71,26,0.265214,1.835743,-2.015613
602,2025-12-07 22:11:12.768,14,5,cross,0.687796,1.835743,1.886165,0.740392,25597.45,30140.96,26,0.267153,1.886165,-2.015613
603,2025-12-07 22:11:12.975,14,3,2opt,0.685523,-2.015613,-1.575744,0.740022,25597.45,29934.34,26,0.284071,1.886165,-1.575744
604,2025-12-07 22:11:13.222,14,3,2opt,0.156830,-1.575744,-1.232732,0.739652,25597.45,29887.39,26,0.297264,1.886165,-1.232732
605,2025-12-07 22:11:13.413,14,5,cross,0.136785,1.886165,1.880982,0.739282,25597.45,29846.51,26,0.297064,1.880982,-1.232732
606,2025-12-07 22:11:13.697,14,2,invert,0.592451,1.261465,1.363852,0.738913,25597.45,29669.69,26,0.301002,1.880982,-1.232732
607,2025-12-07 22:11:13.932,14,5,cross,0.172739,1.880982,1.879446,0.738543,25597.45,29618.44,26,0.300943,1.879446,-1.232732
608,2025-12-07 22:11:14.167,14,2,invert,0.592598,1.363852,1.455876,0.738174,25597.45,29442.92,26,0.304483,1.879446,-1.232732
609,2025-12-07 22:11:14.412,14,0,swap,0.121140,0.845426,0.942147,0.737805,25597.45,29407.25,26,0.308203,1.879446,-1.232732
610,2025-12-07 22:11:14.639,14,4,oropt,0.569055,0.923108,1.056853,0.737436,25597.45,29239.91,26,0.313347,1.879446,-1.232732
611,2025-12-07 22:11:14.856,14,5,cross,0.442814,1.879446,1.904933,0.737067,25597.45,29110.43,26,0.314327,1.904933,-1.232732
612,2025-12-07 22:11:15.045,14,5,cross,0.505692,1.904933,1.936453,0.736699,25597.45,28963.22,26,0.315539,1.936453,-1.232732
613,2025-12-07 22:11:15.259,14,3,2opt,0.585454,-1.232732,-0.876633,0.736330,25597.45,28793.65,26,0.329235,1.936453,-0.876633
614,2025-12-07 22:11:15.445,14,1,insert,0.061817,1.434376,1.471401,0.735962,25597.45,28775.85,26,0.330659,1.936453,-0.876633
615,2025-12-07 22:11:15.735,14,0,swap,0.559219,0.942147,1.078135,0.735594,25597.45,28614.93,26,0.335890,1.936453,-0.876633
616,2025-12-07 22:11:16.016,14,0,swap,0.474370,1.078135,1.192039,0.735226,25597.45,28479.19,26,0.340271,1.936453,-0.876633
617,2025-12-07 22:11:16.255,14,0,swap,0.426844,1.192039,1.289801,0.734859,25597.45,28357.63,26,0.344031,1.936453,-0.876633
618,2025-12-07 22:11:16.489,14,5,cross,0.399307,1.936453,1.957019,0.734491,25597.45,28244.40,26,0.344822,1.957019,-0.876633
619,2025-12-07 22:11:16.670,14,5,cross,0.461170,1.957019,1.983566,0.734124,25597.45,28114.14,26,0.345843,1.983566,-0.876633
620,2025-12-07 22:11:16.915,14,0,swap,0.361494,1.289801,1.375491,0.733757,25597.45,28012.51,26,0.349139,1.983566,-0.876633
621,2025-12-07 22:11:17.151,14,5,cross,0.402608,1.983566,2.003991,0.733390,25597.45,27899.73,26,0.349924,2.003991,-0.876633
622,2025-12-07 22:11:17.343,14,5,cross,0.333448,2.003991,2.017296,0.733023,25597.45,27806.70,26,0.350436,2.017296,-0.876633
623,2025-12-07 22:11:17.518,14,5,cross,0.288898,2.017296,2.026013,0.732657,25597.45,27726.37,26,0.350771,2.026013,-0.876633
624,2025-12-07 22:11:17.723,14,5,cross,0.230147,2.026013,2.028768,0.732291,25597.45,27662.56,26,0.350877,2.028768,-0.876633
625,2025-12-07 22:11:17.866,14,5,cross,0.530462,2.028768,2.061526,0.731924,25597.45,27515.82,26,0.352137,2.061526,-0.876633
626,2025-12-07 22:11:18.097,14,0,swap,0.222686,1.375491,1.445748,0.731558,25597.45,27454.54,26,0.354839,2.061526,-0.876633
627,2025-12-07 22:11:18.336,14,1,insert,0.611182,1.471401,1.570916,0.731193,25597.45,27286.75,26,0.358667,2.061526,-0.876633
628,2025-12-07 22:11:18.513,14,5,cross,0.274824,2.061526,2.068393,0.730827,25597.45,27211.75,26,0.358931,2.068393,-0.876633
629,2025-12-07 22:11:18.716,14,2,invert,0.330192,1.455876,1.529463,0.730462,25597.45,27121.90,26,0.361761,2.068393,-0.876633
630,2025-12-07 22:11:18.964,14,2,invert,0.224058,1.529463,1.585078,0.730096,25597.45,27061.13,26,0.363900,2.068393,-0.876633
631,2025-12-07 22:11:19.195,14,5,cross,0.143522,2.068393,2.062062,0.729731,25597.45,27022.30,26,0.363657,2.062062,-0.876633
632,2025-12-07 22:11:19.419,14,1,insert,0.282674,1.570916,1.627678,0.729367,25597.45,26945.91,26,0.365840,2.062062,-0.876633
633,2025-12-07 22:11:19.573,14,3,2opt,0.210624,-0.876633,-0.582321,0.729002,25597.45,26889.16,26,0.377159,2.062062,-0.582321
634,2025-12-07 22:11:19.743,14,2,invert,0.135933,1.585078,1.625749,0.728637,25597.45,26852.61,26,0.378724,2.062062,-0.582321
635,2025-12-07 22:11:19.955,14,0,swap,0.044830,1.445748,1.491241,0.728273,25597.45,26840.57,26,0.380473,2.062062,-0.582321
636,2025-12-07 22:11:20.131,14,5,cross,0.207487,2.062062,2.062190,0.727909,25597.45,26784.88,26,0.380478,2.062190,-0.582321
637,2025-12-07 22:11:20.346,14,2,invert,0.159350,1.625749,1.664706,0.727545,25597.45,26742.19,26,0.381977,2.062190,-0.582321
638,2025-12-07 22:11:20.560,14,0,swap,0.027467,1.491241,1.530461,0.727181,25597.45,26734.85,26,0.383485,2.062190,-0.582321
639,2025-12-07 22:11:20.760,14,5,cross,0.306995,2.062190,2.072267,0.726818,25597.45,26652.77,26,0.383873,2.072267,-0.582321
640,2025-12-07 22:11:21.008,14,1,insert,0.197270,1.627678,1.671141,0.726454,25597.45,26600.20,26,0.385544,2.072267,-0.582321
641,2025-12-07 22:11:21.225,14,5,cross,0.042446,2.072267,2.055789,0.726091,25597.45,26588.91,26,0.384911,2.055789,-0.582321
642,2025-12-07 22:11:21.453,14,2,invert,0.157637,1.664706,1.699021,0.725728,25597.45,26546.99,26,0.386230,2.055789,-0.582321
643,2025-12-07 22:11:21.692,14,0,swap,0.044794,1.530461,1.566915,0.725365,25597.45,26535.10,26,0.387632,2.055789,-0.582321
644,2025-12-07 22:11:21.904,14,0,swap,0.173750,1.566915,1.612620,0.725002,25597.45,26489.00,26,0.389390,2.055789,-0.582321
645,2025-12-07 22:11:22.113,14,5,cross,0.135298,2.055789,2.048761,0.724640,25597.45,26453.16,26,0.389120,2.048761,-0.582321
646,2025-12-07 22:11:22.325,14,0,swap,0.087176,1.612620,1.644464,0.724278,25597.45,26430.10,26,0.390345,2.048761,-0.582321
647,2025-12-07 22:11:22.524,14,5,cross,0.484349,2.048761,2.076708,0.723915,25597.45,26302.08,26,0.391420,2.076708,-0.582321
648,2025-12-07 22:11:22.732,14,2,invert,0.080721,1.699021,1.724094,0.723553,25597.45,26280.85,26,0.392384,2.076708,-0.582321
649,2025-12-07 22:11:22.920,14,5,cross,0.067662,2.076708,2.062707,0.723192,25597.45,26263.07,26,0.391846,2.062707,-0.582321
650,2025-12-07 22:11:23.069,14,5,cross,0.057474,2.062707,2.047828,0.722830,25597.45,26247.97,26,0.391273,2.047828,-0.582321
651,2025-12-07 22:11:23.308,14,5,cross,0.069240,2.047828,2.034274,0.722469,25597.45,26229.80,26,0.390752,2.034274,-0.582321
652,2025-12-07 22:11:23.472,14,1,insert,0.340140,1.671141,1.721126,0.722107,25597.45,26140.58,26,0.392674,2.034274,-0.582321
653,2025-12-07 22:11:23.659,14,4,oropt,0.032475,1.056853,1.137499,0.721746,25597.45,26132.09,26,0.395776,2.034274,-0.582321
654,2025-12-07 22:11:23.905,14,2,invert,0.049012,1.724094,1.739671,0.721385,25597.45,26119.28,26,0.396375,2.034274,-0.582321
655,2025-12-07 22:11:24.061,14,5,cross,0.050362,2.034274,2.018967,0.721025,25597.45,26106.13,26,0.395787,2.018967,-0.582321
656,2025-12-07 22:11:24.215,14,4,oropt,0.173072,1.137499,1.222764,0.720664,25597.45,26060.95,26,0.399066,2.018967,-0.582321
657,2025-12-07 22:11:24.399,14,5,cross,0.032256,2.018967,2.002003,0.720304,25597.45,26052.54,26,0.398414,2.002003,-0.582321
658,2025-12-07 22:11:24.583,14,4,oropt,0.055204,1.222764,1.286188,0.719944,25597.45,26038.16,26,0.400853,2.002003,-0.582321
659,2025-12-07 22:11:24.776,14,1,insert,0.024887,1.721126,1.731682,0.719584,25597.45,26031.68,26,0.401259,2.002003,-0.582321
660,2025-12-07 22:11:25.031,14,5,cross,0.125507,2.002003,1.994534,0.719224,25597.45,25999.01,26,0.400972,1.994534,-0.582321
661,2025-12-07 22:11:25.266,14,5,cross,0.058996,1.994534,1.980488,0.718864,25597.45,25983.67,26,0.400431,1.980488,-0.582321
662,2025-12-07 22:11:25.454,14,5,cross,0.054057,1.980488,1.966089,0.718505,25597.45,25969.62,26,0.399878,1.966089,-0.582321
663,2025-12-07 22:11:25.743,14,0,swap,0.034133,1.644464,1.660379,0.718146,25597.45,25960.76,26,0.400490,1.966089,-0.582321
664,2025-12-07 22:11:25.982,14,1,insert,0.329083,1.731682,1.768370,0.717787,25597.45,25875.33,26,0.401901,1.966089,-0.582321
665,2025-12-07 22:11:26.183,14,3,2opt,0.023186,-0.582321,-0.344823,0.717428,25597.45,25869.33,26,0.411035,1.966089,-0.344823
666,2025-12-07 22:11:26.344,14,1,insert,0.060318,1.768370,1.774513,0.717069,25597.45,25853.72,26,0.411272,1.966089,-0.344823
667,2025-12-07 22:11:26.554,14,3,2opt,0.003290,-0.344823,-0.303319,0.716711,25597.45,25852.87,26,0.412868,1.966089,-0.303319
668,2025-12-07 22:11:26.816,11,3,2opt,0.017530,0.074356,0.075366,0.716352,25597.45,25848.34,26,0.412907,1.966089,-0.303319
669,2025-12-07 22:11:27.067,11,3,2opt,0.000000,0.075366,0.074612,0.715994,25597.45,25848.34,26,0.412878,1.966089,-0.303319
670,2025-12-07 22:11:27.278,11,0,swap,-0.057679,0.066200,0.230760,0.715636,25597.45,25863.25,26,0.419207,1.966089,-0.303319
671,2025-12-07 22:11:27.421,14,4,oropt,0.165837,1.286188,1.194921,0.715278,25597.45,25820.36,26,0.415697,1.966089,-0.303319
672,2025-12-07 22:11:27.625,11,0,swap,0.046381,0.230760,0.233090,0.714921,25597.45,25808.38,26,0.415786,1.966089,-0.303319
673,2025-12-07 22:11:27.831,11,0,swap,0.161740,0.233090,0.246933,0.714563,25597.45,25766.64,26,0.416319,1.966089,-0.303319
674,2025-12-07 22:11:28.004,11,2,invert,0.025744,0.030165,0.051947,0.714206,25597.45,25760.01,26,0.417157,1.966089,-0.303319
675,2025-12-07 22:11:28.175,11,0,swap,0.000000,0.246933,0.244464,0.713849,25597.45,25760.01,26,0.417062,1.966089,-0.303319
676,2025-12-07 22:11:28.396,11,0,swap,0.054727,0.244464,0.247492,0.713492,25597.45,25745.91,26,0.417178,1.966089,-0.303319
677,2025-12-07 22:11:28.593,11,1,insert,0.611881,0.071221,0.147561,0.713135,25588.38,25588.38,26,0.420114,1.966089,-0.303319
678,2025-12-07 22:11:28.732,11,2,invert,0.000000,0.051947,0.069027,0.712778,25588.38,25588.38,26,0.420771,1.966089,-0.303319
679,2025-12-07 22:11:28.896,11,0,swap,0.000000,0.247492,0.245017,0.712422,25588.38,25588.38,26,0.420676,1.966089,-0.303319
680,2025-12-07 22:11:29.025,11,5,cross,0.040747,0.043134,0.064947,0.712066,25577.95,25577.95,26,0.421515,1.966089,-0.303319
681,2025-12-07 22:11:29.213,11,4,oropt,0.078625,0.021665,0.049412,0.711710,25557.84,25557.84,26,0.422582,1.966089,-0.303319
682,2025-12-07 22:11:29.382,11,0,swap,0.001989,0.245017,0.242766,0.711354,25557.33,25557.33,26,0.422496,1.966089,-0.303319
683,2025-12-07 22:11:29.579,11,3,2opt,0.137182,0.074612,0.102718,0.710998,25522.27,25522.27,26,0.423577,1.966089,-0.303319
684,2025-12-07 22:11:29.765,11,5,cross,-0.058510,0.064947,0.074450,0.710643,25522.27,25537.20,26,0.423942,1.966089,-0.303319
685,2025-12-07 22:11:29.996,11,1,insert,0.020779,0.147561,0.156732,0.710287,25522.27,25531.90,26,0.424295,1.966089,-0.303319
686,2025-12-07 22:11:30.170,11,0,swap,0.008985,0.242766,0.241237,0.709932,25522.27,25529.60,26,0.424236,1.966089,-0.303319
687,2025-12-07 22:11:30.371,11,0,swap,0.028972,0.241237,0.241722,0.709577,25522.21,25522.21,26,0.424255,1.966089,-0.303319
688,2025-12-07 22:11:30.574,11,4,oropt,0.133970,0.049412,0.079623,0.709223,25488.01,25488.01,26,0.425417,1.966089,-0.303319
689,2025-12-07 22:11:30.767,11,5,cross,0.000000,0.074450,0.088760,0.708868,25488.01,25488.01,26,0.425967,1.966089,-0.303319
690,2025-12-07 22:11:30.909,11,0,swap,0.005920,0.241722,0.239896,0.708514,25486.50,25486.50,26,0.425897,1.966089,-0.303319
691,2025-12-07 22:11:31.137,11,1,insert,0.025223,0.156732,0.165171,0.708159,25480.08,25480.08,26,0.426221,1.966089,-0.303319
692,2025-12-07 22:11:31.348,11,1,insert,0.016945,0.165171,0.171939,0.707805,25475.76,25475.76,26,0.426482,1.966089,-0.303319
693,2025-12-07 22:11:31.536,11,1,insert,0.000000,0.171939,0.176336,0.707451,25475.76,25475.76,26,0.426651,1.966089,-0.303319
694,2025-12-07 22:11:31.755,11,0,swap,0.000000,0.239896,0.237497,0.707098,25475.76,25475.76,26,0.426559,1.966089,-0.303319
695,2025-12-07 22:11:31.950,11,0,swap,0.000000,0.237497,0.235122,0.706744,25475.76,25475.76,26,0.426467,1.966089,-0.303319
696,2025-12-07 22:11:32.124,11,0,swap,0.000000,0.235122,0.232771,0.706391,25475.76,25475.76,26,0.426377,1.966089,-0.303319
697,2025-12-07 22:11:32.365,11,0,swap,0.000000,0.232771,0.230444,0.706037,25475.76,25475.76,26,0.426287,1.966089,-0.303319
698,2025-12-07 22:11:32.624,11,0,swap,0.000000,0.230444,0.228139,0.705684,25475.76,25475.76,26,0.426199,1.966089,-0.303319
699,2025-12-07 22:11:32.758,11,4,oropt,0.000000,0.079623,0.092193,0.705332,25475.76,25475.76,26,0.426682,1.966089,-0.303319
700,2025-12-07 22:11:33.018,11,0,swap,0.000000,0.228139,0.225858,0.704979,25475.76,25475.76,26,0.426594,1.966089,-0.303319
701,2025-12-07 22:11:33.217,11,3,2opt,0.000000,0.102718,0.112773,0.704626,25475.76,25475.76,26,0.426981,1.966089,-0.303319
702,2025-12-07 22:11:33.406,11,1,insert,0.000000,0.176336,0.179030,0.704274,25475.76,25475.76,26,0.427085,1.966089,-0.303319
703,2025-12-07 22:11:33.635,11,1,insert,0.000000,0.179030,0.181454,0.703922,25475.76,25475.76,26,0.427178,1.966089,-0.303319
704,2025-12-07 22:11:33.829,11,0,swap,0.000000,0.225858,0.223599,0.703570,25475.76,25475.76,26,0.427091,1.966089,-0.303319
705,2025-12-07 22:11:33.993,11,0,swap,0.000000,0.223599,0.221363,0.703218,25475.76,25475.76,26,0.427005,1.966089,-0.303319
706,2025-12-07 22:11:34.193,11,5,cross,0.000000,0.088760,0.099807,0.702867,25475.76,25475.76,26,0.427430,1.966089,-0.303319
707,2025-12-07 22:11:34.359,11,2,invert,0.037318,0.069027,0.085778,0.702515,25466.25,25466.25,26,0.428074,1.966089,-0.303319
708,2025-12-07 22:11:34.632,11,0,swap,0.000000,0.221363,0.219149,0.702164,25466.25,25466.25,26,0.427989,1.966089,-0.303319
709,2025-12-07 22:11:34.849,11,2,invert,0.000000,0.085778,0.096924,0.701813,25466.25,25466.25,26,0.428418,1.966089,-0.303319
710,2025-12-07 22:11:35.080,11,4,oropt,0.000000,0.092193,0.102697,0.701462,25466.25,25466.25,26,0.428822,1.966089,-0.303319
711,2025-12-07 22:11:35.301,11,4,oropt,0.000000,0.102697,0.112151,0.701111,25466.25,25466.25,26,0.429185,1.966089,-0.303319
712,2025-12-07 22:11:35.474,11,0,swap,0.000000,0.219149,0.216958,0.700761,25466.25,25466.25,26,0.429101,1.966089,-0.303319
713,2025-12-07 22:11:35.662,11,0,swap,0.000000,0.216958,0.214788,0.700410,25466.25,25466.25,26,0.429018,1.966089,-0.303319
714,2025-12-07 22:11:35.880,11,3,2opt,0.000000,0.112773,0.120827,0.700060,25466.25,25466.25,26,0.429327,1.966089,-0.303319
715,2025-12-07 22:11:36.076,11,4,oropt,-0.205111,0.112151,0.099756,0.699710,25466.25,25518.49,26,0.428851,1.966089,-0.303319
716,2025-12-07 22:11:36.293,11,0,swap,0.000000,0.214788,0.212641,0.699360,25466.25,25518.49,26,0.428768,1.966089,-0.303319
717,2025-12-07 22:11:36.512,11,0,swap,0.174677,0.212641,0.227982,0.699010,25466.25,25473.91,26,0.429358,1.966089,-0.303319
718,2025-12-07 22:11:36.720,11,4,oropt,0.001238,0.099756,0.110422,0.698661,25466.25,25473.60,26,0.429768,1.966089,-0.303319
719,2025-12-07 22:11:36.953,11,3,2opt,0.000000,0.120827,0.129263,0.698312,25466.25,25473.60,26,0.430093,1.966089,-0.303319
720,2025-12-07 22:11:37.212,11,0,swap,0.000000,0.227982,0.225702,0.697962,25466.25,25473.60,26,0.430005,1.966089,-0.303319
721,2025-12-07 22:11:37.404,11,0,swap,0.000000,0.225702,0.223445,0.697614,25466.25,25473.60,26,0.429918,1.966089,-0.303319
722,2025-12-07 22:11:37.597,11,0,swap,0.000000,0.223445,0.221210,0.697265,25466.25,25473.60,26,0.429832,1.966089,-0.303319
723,2025-12-07 22:11:37.750,11,0,swap,0.000000,0.221210,0.218998,0.696916,25466.25,25473.60,26,0.429747,1.966089,-0.303319
724,2025-12-07 22:11:38.004,11,0,swap,0.000000,0.218998,0.216808,0.696568,25466.25,25473.60,26,0.429663,1.966089,-0.303319
725,2025-12-07 22:11:38.209,11,5,cross,0.000000,0.099807,0.109339,0.696219,25466.25,25473.60,26,0.430030,1.966089,-0.303319
726,2025-12-07 22:11:38.419,11,0,swap,0.000000,0.216808,0.214640,0.695871,25466.25,25473.60,26,0.429946,1.966089,-0.303319
727,2025-12-07 22:11:38.645,11,3,2opt,0.000000,0.129263,0.135654,0.695523,25466.25,25473.60,26,0.430192,1.966089,-0.303319
728,2025-12-07 22:11:38.850,11,0,swap,0.000000,0.214640,0.212494,0.695176,25466.25,25473.60,26,0.430110,1.966089,-0.303319
729,2025-12-07 22:11:39.069,11,0,swap,0.000000,0.212494,0.210369,0.694828,25466.25,25473.60,26,0.430028,1.966089,-0.303319
730,2025-12-07 22:11:39.344,11,0,swap,0.000000,0.210369,0.208265,0.694481,25466.25,25473.60,26,0.429947,1.966089,-0.303319
731,2025-12-07 22:11:39.514,11,0,swap,0.000000,0.208265,0.206183,0.694133,25466.25,25473.60,26,0.429867,1.966089,-0.303319
732,2025-12-07 22:11:39.715,11,5,cross,0.000000,0.109339,0.116961,0.693786,25466.25,25473.60,26,0.430160,1.966089,-0.303319
733,2025-12-07 22:11:39.882,11,0,swap,0.000000,0.206183,0.204121,0.693439,25466.25,25473.60,26,0.430081,1.966089,-0.303319
734,2025-12-07 22:11:40.077,11,0,swap,0.000000,0.204121,0.202080,0.693093,25466.25,25473.60,26,0.430002,1.966089,-0.303319
735,2025-12-07 22:11:40.254,11,0,swap,0.000000,0.202080,0.200059,0.692746,25466.25,25473.60,26,0.429924,1.966089,-0.303319
736,2025-12-07 22:11:40.452,11,3,2opt,0.000000,0.135654,0.140094,0.692400,25466.25,25473.60,26,0.430095,1.966089,-0.303319
737,2025-12-07 22:11:40.684,11,0,swap,-0.290472,0.200059,0.169011,0.692053,25466.25,25547.59,26,0.428901,1.966089,-0.303319
738,2025-12-07 22:11:40.894,11,0,swap,0.000000,0.169011,0.168441,0.691707,25466.25,25547.59,26,0.428879,1.966089,-0.303319
739,2025-12-07 22:11:41.038,11,5,cross,0.000000,0.116961,0.121596,0.691362,25466.25,25547.59,26,0.429057,1.966089,-0.303319
740,2025-12-07 22:11:41.235,11,4,oropt,0.000000,0.110422,0.115711,0.691016,25466.25,25547.59,26,0.429261,1.966089,-0.303319
741,2025-12-07 22:11:41.455,11,3,2opt,0.000000,0.140094,0.142415,0.690670,25466.25,25547.59,26,0.429350,1.966089,-0.303319
742,2025-12-07 22:11:41.644,11,3,2opt,-0.354181,0.142415,0.109087,0.690325,25466.25,25638.07,26,0.428068,1.966089,-0.303319
743,2025-12-07 22:11:41.810,11,5,cross,0.000000,0.121596,0.125767,0.689980,25466.25,25638.07,26,0.428229,1.966089,-0.303319
744,2025-12-07 22:11:42.029,11,4,oropt,0.000000,0.115711,0.120471,0.689635,25466.25,25638.07,26,0.428412,1.966089,-0.303319
745,2025-12-07 22:11:42.241,11,1,insert,0.000000,0.181454,0.179639,0.689290,25466.25,25638.07,26,0.428342,1.966089,-0.303319
746,2025-12-07 22:11:42.485,11,1,insert,0.000000,0.179639,0.177843,0.688945,25466.25,25638.07,26,0.428273,1.966089,-0.303319
747,2025-12-07 22:11:42.675,11,5,cross,0.000000,0.125767,0.129196,0.688601,25466.25,25638.07,26,0.428405,1.966089,-0.303319
748,2025-12-07 22:11:42.855,11,4,oropt,0.000000,0.120471,0.124429,0.688257,25466.25,25638.07,26,0.428557,1.966089,-0.303319
749,2025-12-07 22:11:43.071,11,1,insert,0.000000,0.177843,0.176065,0.687913,25466.25,25638.07,26,0.428489,1.966089,-0.303319
750,2025-12-07 22:11:43.309,11,1,insert,0.000000,0.176065,0.174304,0.687569,25466.25,25638.07,26,0.428421,1.966089,-0.303319
751,2025-12-07 22:11:43.543,11,1,insert,0.000000,0.174304,0.172561,0.687225,25466.25,25638.07,26,0.428354,1.966089,-0.303319
752,2025-12-07 22:11:43.783,11,1,insert,0.000000,0.172561,0.170835,0.686881,25466.25,25638.07,26,0.428287,1.966089,-0.303319
753,2025-12-07 22:11:43.990,11,2,invert,0.000000,0.096924,0.102607,0.686538,25466.25,25638.07,26,0.428506,1.966089,-0.303319
754,2025-12-07 22:11:44.179,11,1,insert,0.000000,0.170835,0.169127,0.686195,25466.25,25638.07,26,0.428440,1.966089,-0.303319
755,2025-12-07 22:11:44.369,11,2,invert,0.000000,0.102607,0.107568,0.685851,25466.25,25638.07,26,0.428631,1.966089,-0.303319
756,2025-12-07 22:11:44.615,11,1,insert,0.000000,0.169127,0.167436,0.685508,25466.25,25638.07,26,0.428566,1.966089,-0.303319
757,2025-12-07 22:11:44.792,11,3,2opt,0.000000,0.109087,0.113338,0.685166,25466.25,25638.07,26,0.428730,1.966089,-0.303319
758,2025-12-07 22:11:44.976,11,3,2opt,0.000000,0.113338,0.117164,0.684823,25466.25,25638.07,26,0.428877,1.966089,-0.303319
759,2025-12-07 22:11:45.254,11,0,swap,0.000000,0.168441,0.166756,0.684481,25466.25,25638.07,26,0.428812,1.966089,-0.303319
760,2025-12-07 22:11:45.485,11,5,cross,0.000000,0.129196,0.131346,0.684138,25466.25,25638.07,26,0.428895,1.966089,-0.303319
761,2025-12-07 22:11:45.688,11,2,invert,0.000000,0.107568,0.111880,0.683796,25466.25,25638.07,26,0.429060,1.966089,-0.303319
762,2025-12-07 22:11:45.849,11,1,insert,0.000000,0.167436,0.165761,0.683455,25466.25,25638.07,26,0.428996,1.966089,-0.303319
763,2025-12-07 22:11:46.063,11,2,invert,0.000000,0.111880,0.115700,0.683113,25466.25,25638.07,26,0.429143,1.966089,-0.303319
764,2025-12-07 22:11:46.232,11,5,cross,-0.394505,0.131346,0.255709,0.682771,25466.25,25739.22,26,0.433926,1.966089,-0.303319
765,2025-12-07 22:11:46.467,14,5,cross,0.000000,1.966089,1.946428,0.682430,25466.25,25739.22,26,0.433170,1.946428,-0.303319
766,2025-12-07 22:11:46.655,14,3,2opt,0.000000,-0.303319,-0.097809,0.682089,25466.25,25739.22,26,0.441074,1.946428,-0.097809
767,2025-12-07 22:11:46.896,14,3,2opt,-0.529289,-0.097809,0.034222,0.681748,25466.25,25875.45,26,0.446152,1.946428,0.002188
768,2025-12-07 22:11:47.081,14,5,cross,-0.633742,1.946428,1.863589,0.681407,25466.25,26039.44,26,0.442966,1.863589,0.002188
769,2025-12-07 22:11:47.309,14,4,oropt,0.000000,1.194921,1.243152,0.681066,25466.25,26039.44,26,0.444821,1.863589,0.002188
770,2025-12-07 22:11:47.590,14,5,cross,0.000000,1.863589,1.844953,0.680725,25466.25,26039.44,26,0.444104,1.844953,0.002188
771,2025-12-07 22:11:47.805,14,1,insert,0.000000,1.774513,1.763107,0.680385,25466.25,26039.44,26,0.443666,1.844953,0.002188
772,2025-12-07 22:11:48.027,14,5,cross,0.000000,1.844953,1.826504,0.680045,25466.25,26039.44,26,0.442956,1.826504,0.002188
773,2025-12-07 22:11:48.272,14,5,cross,0.000000,1.826504,1.808239,0.679705,25466.25,26039.44,26,0.442254,1.808239,0.002188
774,2025-12-07 22:11:48.549,14,2,invert,0.000000,1.739671,1.728445,0.679365,25466.25,26039.44,26,0.441822,1.808239,0.002188
775,2025-12-07 22:11:48.757,14,5,cross,0.000000,1.808239,1.790156,0.679025,25466.25,26039.44,26,0.441126,1.790156,0.002188
776,2025-12-07 22:11:48.876,14,5,cross,0.000000,1.790156,1.772255,0.678686,25466.25,26039.44,26,0.440438,1.772255,0.002188
777,2025-12-07 22:11:49.060,14,2,invert,0.000000,1.728445,1.715104,0.678347,25466.25,26039.44,26,0.439925,1.772255,0.002188
778,2025-12-07 22:11:49.272,14,3,2opt,0.061768,0.034222,0.196479,0.678007,25466.25,26023.35,26,0.446166,1.772255,0.002188
779,2025-12-07 22:11:49.571,14,2,invert,0.000000,1.715104,1.703096,0.677668,25466.25,26023.35,26,0.445704,1.772255,0.002188
780,2025-12-07 22:11:49.830,14,0,swap,0.000000,1.660379,1.653844,0.677330,25466.25,26023.35,26,0.445452,1.772255,0.002188
781,2025-12-07 22:11:50.029,14,1,insert,0.069589,1.763107,1.753259,0.676991,25466.25,26005.24,26,0.445074,1.772255,0.002188
782,2025-12-07 22:11:50.216,14,0,swap,0.000000,1.653844,1.647963,0.676652,25466.25,26005.24,26,0.444847,1.772255,0.002188
783,2025-12-07 22:11:50.405,14,5,cross,0.000000,1.772255,1.754532,0.676314,25466.25,26005.24,26,0.444166,1.754532,0.002188
784,2025-12-07 22:11:50.626,14,1,insert,0.000000,1.753259,1.735841,0.675976,25466.25,26005.24,26,0.443496,1.754532,0.002188
785,2025-12-07 22:11:50.813,14,4,oropt,0.000000,1.243152,1.276745,0.675638,25466.25,26005.24,26,0.444788,1.754532,0.002188
786,2025-12-07 22:11:51.005,14,5,cross,0.000000,1.754532,1.736987,0.675300,25466.25,26005.24,26,0.444113,1.736987,0.002188
787,2025-12-07 22:11:51.148,14,0,swap,0.000000,1.647963,1.639495,0.674962,25466.25,26005.24,26,0.443787,1.736987,0.002188
788,2025-12-07 22:11:51.397,14,5,cross,0.000000,1.736987,1.719617,0.674625,25466.25,26005.24,26,0.443119,1.735841,0.002188
789,2025-12-07 22:11:51.652,14,2,invert,0.000000,1.703096,1.689012,0.674288,25466.25,26005.24,26,0.442578,1.735841,0.002188
790,2025-12-07 22:11:51.921,14,1,insert,0.000000,1.735841,1.718482,0.673950,25466.25,26005.24,26,0.441910,1.719617,0.002188
791,2025-12-07 22:11:52.131,14,2,invert,0.000000,1.689012,1.674877,0.673613,25466.25,26005.24,26,0.441366,1.719617,0.002188
792,2025-12-07 22:11:52.312,14,0,swap,-0.609612,1.639495,1.569350,0.673277,25466.25,26163.77,26,0.438668,1.719617,0.002188
793,2025-12-07 22:11:52.547,14,5,cross,0.605918,1.719617,1.763013,0.672940,25466.25,26005.24,26,0.440337,1.763013,0.002188
794,2025-12-07 22:11:52.714,14,2,invert,0.000000,1.674877,1.666060,0.672604,25466.25,26005.24,26,0.439998,1.763013,0.002188
795,2025-12-07 22:11:52.967,14,1,insert,-0.145236,1.718482,1.690782,0.672267,25466.25,26043.01,26,0.438933,1.763013,0.002188
796,2025-12-07 22:11:53.180,14,2,invert,0.000000,1.666060,1.658125,0.671931,25466.25,26043.01,26,0.438628,1.763013,0.002188
797,2025-12-07 22:11:53.361,14,1,insert,-0.538522,1.690782,1.626522,0.671595,25466.25,26183.26,26,0.436156,1.763013,0.002188
798,2025-12-07 22:11:53.590,14,3,2opt,0.000000,0.196479,0.335502,0.671259,25466.25,26183.26,26,0.441503,1.763013,0.002188
799,2025-12-07 22:11:53.822,14,1,insert,0.144249,1.626522,1.636966,0.670924,25466.25,26145.49,26,0.441905,1.763013,0.002188
800,2025-12-07 22:11:54.038,14,2,invert,0.000000,1.658125,1.650984,0.670588,25466.25,26145.49,26,0.441630,1.763013,0.002188
801,2025-12-07 22:11:54.248,14,5,cross,0.536411,1.763013,1.799024,0.670253,25466.25,26005.24,26,0.443015,1.799024,0.002188
802,2025-12-07 22:11:54.479,14,4,oropt,0.000000,1.276745,1.310982,0.669918,25466.25,26005.24,26,0.444332,1.799024,0.002188
803,2025-12-07 22:11:54.682,14,0,swap,0.000000,1.569350,1.574327,0.669583,25466.25,26005.24,26,0.444524,1.799024,0.002188
804,2025-12-07 22:11:54.894,14,5,cross,0.000000,1.799024,1.781034,0.669248,25466.25,26005.24,26,0.443832,1.781034,0.002188
805,2025-12-07 22:11:55.149,14,1,insert,0.000000,1.636966,1.633563,0.668913,25466.25,26005.24,26,0.443701,1.781034,0.002188
806,2025-12-07 22:11:55.304,14,0,swap,0.000000,1.574327,1.577187,0.668579,25466.25,26005.24,26,0.443811,1.781034,0.002188
807,2025-12-07 22:11:55.489,14,5,cross,0.000000,1.781034,1.763223,0.668245,25466.25,26005.24,26,0.443126,1.763223,0.002188
808,2025-12-07 22:11:55.698,14,0,swap,0.000000,1.577187,1.578159,0.667911,25466.25,26005.24,26,0.443163,1.763223,0.002188
809,2025-12-07 22:11:55.838,14,5,cross,0.000000,1.763223,1.745591,0.667577,25466.25,26005.24,26,0.442485,1.745591,0.002188
810,2025-12-07 22:11:56.079,14,1,insert,0.000000,1.633563,1.627309,0.667243,25466.25,26005.24,26,0.442244,1.745591,0.002188
811,2025-12-07 22:11:56.303,14,4,oropt,0.000000,1.310982,1.336987,0.666909,25466.25,26005.24,26,0.443245,1.745591,0.002188
812,2025-12-07 22:11:56.535,14,0,swap,0.000000,1.578159,1.577446,0.666576,25466.25,26005.24,26,0.443217,1.745591,0.002188
813,2025-12-07 22:11:56.697,14,5,cross,0.000000,1.745591,1.728135,0.666243,25466.25,26005.24,26,0.442546,1.728135,0.002188
814,2025-12-07 22:11:56.916,14,5,cross,0.000000,1.728135,1.710854,0.665909,25466.25,26005.24,26,0.441881,1.710854,0.002188
815,2025-12-07 22:11:57.115,14,5,cross,0.000000,1.710854,1.693745,0.665576,25466.25,26005.24,26,0.441223,1.693745,0.002188
816,2025-12-07 22:11:57.313,14,5,cross,0.000000,1.693745,1.676808,0.665244,25466.25,26005.24,26,0.440572,1.676808,0.002188
817,2025-12-07 22:11:57.526,14,2,invert,0.000000,1.650984,1.636798,0.664911,25466.25,26005.24,26,0.440026,1.676808,0.002188
818,2025-12-07 22:11:57.729,14,0,swap,0.000000,1.577446,1.570614,0.664579,25466.25,26005.24,26,0.439763,1.676808,0.002188
819,2025-12-07 22:11:57.865,14,5,cross,0.000000,1.676808,1.660040,0.664246,25466.25,26005.24,26,0.439118,1.660040,0.002188
820,2025-12-07 22:11:58.062,14,4,oropt,0.000000,1.336987,1.352692,0.663914,25466.25,26005.24,26,0.439722,1.660040,0.002188
821,2025-12-07 22:11:58.342,14,3,2opt,0.000000,0.335502,0.451356,0.663582,25466.25,26005.24,26,0.444178,1.660040,0.002188
822,2025-12-07 22:11:58.500,14,5,cross,0.000000,1.660040,1.643439,0.663250,25466.25,26005.24,26,0.443540,1.643439,0.002188
823,2025-12-07 22:11:58.725,14,2,invert,0.000000,1.636798,1.621028,0.662919,25466.25,26005.24,26,0.442933,1.643439,0.002188
824,2025-12-07 22:11:58.917,14,0,swap,0.000000,1.570614,1.561462,0.662587,25466.25,26005.24,26,0.442581,1.643439,0.002188
825,2025-12-07 22:11:59.109,14,0,swap,0.000000,1.561462,1.553226,0.662256,25466.25,26005.24,26,0.442265,1.643439,0.002188
826,2025-12-07 22:11:59.319,14,1,insert,0.000000,1.627309,1.612488,0.661925,25466.25,26005.24,26,0.441694,1.643439,0.002188
827,2025-12-07 22:11:59.486,14,3,2opt,0.000000,0.451356,0.554130,0.661594,25466.25,26005.24,26,0.445647,1.643439,0.002188
828,2025-12-07 22:11:59.713,14,0,swap,0.000000,1.553226,1.545813,0.661263,25466.25,26005.24,26,0.445362,1.643439,0.002188
829,2025-12-07 22:11:59.865,14,5,cross,0.000000,1.643439,1.627005,0.660933,25466.25,26005.24,26,0.444730,1.627005,0.002188
830,2025-12-07 22:12:00.055,14,0,swap,0.000000,1.545813,1.537662,0.660602,25466.25,26005.24,26,0.444417,1.627005,0.002188
831,2025-12-07 22:12:00.248,14,2,invert,0.000000,1.621028,1.605355,0.660272,25466.25,26005.24,26,0.443814,1.627005,0.002188
832,2025-12-07 22:12:00.391,14,5,cross,0.000000,1.627005,1.610735,0.659942,25466.25,26005.24,26,0.443188,1.612488,0.002188
833,2025-12-07 22:12:00.565,14,5,cross,0.000000,1.610735,1.594785,0.659612,25466.25,26005.24,26,0.442575,1.612488,0.002188
834,2025-12-07 22:12:00.732,14,0,swap,0.000000,1.537662,1.529019,0.659282,25466.25,26005.24,26,0.442242,1.612488,0.002188
835,2025-12-07 22:12:00.959,14,0,swap,0.000000,1.529019,1.521241,0.658952,25466.25,26005.24,26,0.441943,1.612488,0.002188
836,2025-12-07 22:12:01.155,14,1,insert,0.000000,1.612488,1.596363,0.658623,25466.25,26005.24,26,0.441323,1.605355,0.002188
837,2025-12-07 22:12:01.361,14,2,invert,0.000000,1.605355,1.589302,0.658293,25466.25,26005.24,26,0.440705,1.596363,0.002188
838,2025-12-07 22:12:01.619,14,1,insert,0.000000,1.596363,1.580400,0.657964,25466.25,26005.24,26,0.440091,1.594785,0.002188
839,2025-12-07 22:12:01.877,14,0,swap,0.000000,1.521241,1.512648,0.657635,25466.25,26005.24,26,0.439761,1.594785,0.002188
840,2025-12-07 22:12:02.087,14,2,invert,0.000000,1.589302,1.573902,0.657306,25466.25,26005.24,26,0.439169,1.594785,0.002188
841,2025-12-07 22:12:02.336,14,4,oropt,0.000000,1.352692,1.360954,0.656978,25466.25,26005.24,26,0.439486,1.594785,0.002188
842,2025-12-07 22:12:02.582,14,1,insert,0.000000,1.580400,1.565890,0.656649,25466.25,26005.24,26,0.438928,1.594785,0.002188
843,2025-12-07 22:12:02.802,14,5,cross,0.000000,1.594785,1.578837,0.656321,25466.25,26005.24,26,0.438315,1.578837,0.002188
844,2025-12-07 22:12:02.983,14,5,cross,0.000000,1.578837,1.563049,0.655993,25466.25,26005.24,26,0.437708,1.573902,0.002188
845,2025-12-07 22:12:03.202,14,2,invert,0.000000,1.573902,1.558163,0.655665,25466.25,26005.24,26,0.437102,1.565890,0.002188
846,2025-12-07 22:12:03.377,14,3,2opt,-0.145236,0.554130,0.625123,0.655337,25466.25,26043.01,26,0.439833,1.565890,0.002188
847,2025-12-07 22:12:03.537,14,1,insert,0.145026,1.565890,1.564734,0.655009,25466.25,26005.24,26,0.439788,1.564734,0.002188
848,2025-12-07 22:12:03.752,14,0,swap,0.000000,1.512648,1.502209,0.654682,25466.25,26005.24,26,0.439387,1.564734,0.002188
849,2025-12-07 22:12:03.944,14,2,invert,0.000000,1.558163,1.543173,0.654354,25466.25,26005.24,26,0.438810,1.564734,0.002188
850,2025-12-07 22:12:04.189,14,3,2opt,0.000000,0.625123,0.703437,0.654027,25466.25,26005.24,26,0.441822,1.564734,0.002188
851,2025-12-07 22:12:04.401,14,1,insert,0.000000,1.564734,1.549087,0.653700,25466.25,26005.24,26,0.441221,1.563049,0.002188
852,2025-12-07 22:12:04.602,14,5,cross,0.000000,1.563049,1.547419,0.653373,25466.25,26005.24,26,0.440619,1.549087,0.002188
853,2025-12-07 22:12:04.827,14,2,invert,0.000000,1.543173,1.528274,0.653047,25466.25,26005.24,26,0.440046,1.549087,0.002188
854,2025-12-07 22:12:05.063,14,3,2opt,-0.539304,0.703437,0.718581,0.652720,25466.25,26145.49,26,0.440629,1.549087,0.002188
855,2025-12-07 22:12:05.277,14,1,insert,0.536411,1.549087,1.587237,0.652394,25466.25,26005.24,26,0.442096,1.587237,0.002188
856,2025-12-07 22:12:05.535,14,1,insert,0.000000,1.587237,1.571364,0.652068,25466.25,26005.24,26,0.441486,1.571364,0.002188
857,2025-12-07 22:12:05.781,14,1,insert,0.000000,1.571364,1.555651,0.651742,25466.25,26005.24,26,0.440881,1.555651,0.002188
858,2025-12-07 22:12:05.999,14,0,swap,0.000000,1.502209,1.491997,0.651416,25466.25,26005.24,26,0.440489,1.555651,0.002188
859,2025-12-07 22:12:06.212,14,1,insert,0.000000,1.555651,1.540094,0.651090,25466.25,26005.24,26,0.439890,1.547419,0.002188
860,2025-12-07 22:12:06.445,14,0,swap,0.000000,1.491997,1.482065,0.650765,25466.25,26005.24,26,0.439508,1.547419,0.002188
861,2025-12-07 22:12:06.738,14,5,cross,0.000000,1.547419,1.531944,0.650439,25466.25,26005.24,26,0.438913,1.540094,0.002188
862,2025-12-07 22:12:06.873,14,1,insert,0.000000,1.540094,1.524693,0.650114,25466.25,26005.24,26,0.438321,1.531944,0.002188
863,2025-12-07 22:12:07.034,14,1,insert,0.000000,1.524693,1.510099,0.649789,25466.25,26005.24,26,0.437759,1.531944,0.002188
864,2025-12-07 22:12:07.254,14,5,cross,0.000000,1.531944,1.516625,0.649464,25466.25,26005.24,26,0.437170,1.528274,0.002188
865,2025-12-07 22:12:07.520,14,1,insert,0.000000,1.510099,1.496634,0.649139,25466.25,26005.24,26,0.436652,1.528274,0.002188
866,2025-12-07 22:12:07.782,14,2,invert,0.000000,1.528274,1.512991,0.648815,25466.25,26005.24,26,0.436064,1.516625,0.002188
867,2025-12-07 22:12:07.984,14,1,insert,0.000000,1.496634,1.483467,0.648490,25466.25,26005.24,26,0.435558,1.516625,0.002188
868,2025-12-07 22:12:08.201,14,0,swap,0.000000,1.482065,1.470355,0.648166,25466.25,26005.24,26,0.435108,1.516625,0.002188
869,2025-12-07 22:12:08.411,14,5,cross,0.000000,1.516625,1.501459,0.647842,25466.25,26005.24,26,0.434524,1.512991,0.002188
870,2025-12-07 22:12:08.648,14,3,2opt,0.000000,0.718581,0.782892,0.647518,25466.25,26005.24,26,0.436998,1.512991,0.002188
871,2025-12-07 22:12:08.913,14,2,invert,0.000000,1.512991,1.497861,0.647194,25466.25,26005.24,26,0.436416,1.501459,0.002188
872,2025-12-07 22:12:09.121,14,0,swap,0.000000,1.470355,1.458450,0.646871,25466.25,26005.24,26,0.435958,1.501459,0.002188
873,2025-12-07 22:12:09.281,14,4,oropt,0.000000,1.360954,1.359990,0.646547,25466.25,26005.24,26,0.435921,1.501459,0.002188
874,2025-12-07 22:12:09.566,14,4,oropt,0.000000,1.359990,1.359122,0.646224,25466.25,26005.24,26,0.435888,1.501459,0.002188
875,2025-12-07 22:12:09.755,14,5,cross,0.000000,1.501459,1.486444,0.645901,25466.25,26005.24,26,0.435310,1.497861,0.002188
876,2025-12-07 22:12:09.991,14,5,cross,0.000000,1.486444,1.472607,0.645578,25466.25,26005.24,26,0.434778,1.497861,0.002188
877,2025-12-07 22:12:10.192,14,3,2opt,0.000000,0.782892,0.839410,0.645255,25466.25,26005.24,26,0.436952,1.497861,0.002188
878,2025-12-07 22:12:10.433,14,2,invert,0.000000,1.497861,1.482882,0.644932,25466.25,26005.24,26,0.436376,1.483467,0.002188
879,2025-12-07 22:12:10.619,14,1,insert,0.000000,1.483467,1.468632,0.644610,25466.25,26005.24,26,0.435805,1.482882,0.002188
880,2025-12-07 22:12:10.825,14,5,cross,0.000000,1.472607,1.458806,0.644288,25466.25,26005.24,26,0.435274,1.482882,0.002188
881,2025-12-07 22:12:11.026,14,1,insert,0.000000,1.468632,1.455228,0.643966,25466.25,26005.24,26,0.434759,1.482882,0.002188
882,2025-12-07 22:12:11.249,14,1,insert,0.000000,1.455228,1.443165,0.643644,25466.25,26005.24,26,0.434295,1.482882,0.002188
883,2025-12-07 22:12:11.394,14,5,cross,0.000000,1.458806,1.446385,0.643322,25466.25,26005.24,26,0.433817,1.482882,0.002188
884,2025-12-07 22:12:11.580,14,2,invert,0.000000,1.482882,1.468054,0.643000,25466.25,26005.24,26,0.433247,1.468054,0.002188
885,2025-12-07 22:12:11.826,14,4,oropt,0.000000,1.359122,1.355335,0.642679,25466.25,26005.24,26,0.433101,1.468054,0.002188
886,2025-12-07 22:12:12.072,14,3,2opt,0.000000,0.839410,0.887594,0.642357,25466.25,26005.24,26,0.434954,1.468054,0.002188
887,2025-12-07 22:12:12.296,14,2,invert,0.000000,1.468054,1.453373,0.642036,25466.25,26005.24,26,0.434390,1.458450,0.002188
888,2025-12-07 22:12:12.487,14,4,oropt,0.000000,1.355335,1.351062,0.641715,25466.25,26005.24,26,0.434225,1.458450,0.002188
889,2025-12-07 22:12:12.688,14,0,swap,0.000000,1.458450,1.443866,0.641394,25466.25,26005.24,26,0.433664,1.453373,0.002188
890,2025-12-07 22:12:12.937,14,2,invert,0.000000,1.453373,1.438839,0.641074,25466.25,26005.24,26,0.433105,1.446385,0.002188
891,2025-12-07 22:12:13.196,14,5,cross,0.000000,1.446385,1.431921,0.640753,25466.25,26005.24,26,0.432549,1.443866,0.002188
892,2025-12-07 22:12:13.424,14,0,swap,0.000000,1.443866,1.429427,0.640433,25466.25,26005.24,26,0.431994,1.443165,0.002188
893,2025-12-07 22:12:13.615,14,1,insert,0.000000,1.443165,1.428733,0.640112,25466.25,26005.24,26,0.431439,1.438839,0.002188
894,2025-12-07 22:12:13.830,14,5,cross,0.000000,1.431921,1.418224,0.639792,25466.25,26005.24,26,0.430912,1.438839,0.002188
895,2025-12-07 22:12:14.020,14,2,invert,0.000000,1.438839,1.424451,0.639472,25466.25,26005.24,26,0.430358,1.429427,0.002188
896,2025-12-07 22:12:14.205,14,3,2opt,0.000000,0.887594,0.927483,0.639153,25466.25,26005.24,26,0.431893,1.429427,0.002188
897,2025-12-07 22:12:14.424,14,5,cross,-0.145236,1.418224,1.390527,0.638833,25466.25,26043.01,26,0.430827,1.429427,0.002188
898,2025-12-07 22:12:14.650,14,0,swap,0.000000,1.429427,1.415133,0.638514,25466.25,26043.01,26,0.430278,1.428733,0.002188
899,2025-12-07 22:12:14.830,14,1,insert,0.000000,1.428733,1.414446,0.638194,25466.25,26043.01,26,0.429728,1.424451,0.002188
900,2025-12-07 22:12:15.005,14,2,invert,0.000000,1.424451,1.410206,0.637875,25466.25,26043.01,26,0.429180,1.415133,0.002188
901,2025-12-07 22:12:15.216,14,0,swap,0.145026,1.415133,1.415484,0.637556,25466.25,26005.24,26,0.429194,1.415484,0.002188
902,2025-12-07 22:12:15.423,14,1,insert,0.000000,1.414446,1.400395,0.637238,25466.25,26005.24,26,0.428653,1.415484,0.002188
903,2025-12-07 22:12:15.628,14,3,2opt,0.000000,0.927483,0.962128,0.636919,25466.25,26005.24,26,0.429986,1.415484,0.002188
904,2025-12-07 22:12:15.835,14,0,swap,-0.609612,1.415484,1.340368,0.636601,25466.25,26163.77,26,0.427097,1.410206,0.002188
905,2025-12-07 22:12:16.058,14,1,insert,0.000000,1.400395,1.387274,0.636282,25466.25,26163.77,26,0.426592,1.410206,0.002188
906,2025-12-07 22:12:16.313,14,2,invert,0.000000,1.410206,1.396104,0.635964,25466.25,26163.77,26,0.426050,1.396104,0.002188
907,2025-12-07 22:12:16.463,14,2,invert,-50.774419,1.396104,-3.695299,0.635646,25466.25,39448.28,26,0.230226,1.390527,-3.695299
908,2025-12-07 22:12:16.627,14,5,cross,2.078786,1.390527,1.584500,0.635328,25466.25,38628.23,26,0.237687,1.584500,-3.695299
909,2025-12-07 22:12:16.797,14,5,cross,2.453573,1.584500,1.814012,0.635011,25466.25,37680.46,26,0.246514,1.814012,-3.695299
910,2025-12-07 22:12:17.015,14,0,swap,1.984441,1.340368,1.568037,0.634693,25466.25,36932.71,26,0.255271,1.814012,-3.695299
911,2025-12-07 22:12:17.153,14,5,cross,1.590995,1.814012,1.954972,0.634376,25466.25,36345.12,26,0.260692,1.954972,-3.695299
912,2025-12-07 22:12:17.392,14,5,cross,1.838231,1.954972,2.119245,0.634059,25466.25,35677.01,26,0.267011,2.119245,-3.695299
913,2025-12-07 22:12:17.568,14,5,cross,1.565126,2.119245,2.254565,0.633742,25466.25,35118.62,26,0.272215,2.254565,-3.695299
914,2025-12-07 22:12:17.739,14,4,oropt,1.244318,1.351062,1.543298,0.633425,25466.25,34681.63,26,0.279609,2.254565,-3.695299
915,2025-12-07 22:12:17.927,14,0,swap,1.367232,1.568037,1.750867,0.633108,25466.25,34207.45,26,0.286641,2.254565,-3.695299
916,2025-12-07 22:12:18.113,14,3,2opt,1.545517,0.962128,1.223378,0.632791,25466.25,33678.77,26,0.296689,2.254565,-3.695299
917,2025-12-07 22:12:18.331,14,5,cross,0.824381,2.254565,2.314458,0.632475,25466.25,33401.13,26,0.298992,2.314458,-3.695299
918,2025-12-07 22:12:18.510,14,5,cross,1.012353,2.314458,2.392548,0.632159,25466.25,33062.99,26,0.301996,2.392548,-3.695299
919,2025-12-07 22:12:18.748,14,5,cross,1.010138,2.392548,2.469637,0.631843,25466.25,32729.01,26,0.304961,2.469637,-3.695299
920,2025-12-07 22:12:19.051,14,0,swap,1.012050,1.750867,1.899253,0.631527,25466.25,32397.78,26,0.310668,2.469637,-3.695299
921,2025-12-07 22:12:19.295,14,0,swap,1.145017,1.899253,2.046096,0.631211,25466.25,32026.82,26,0.316316,2.469637,-3.695299
922,2025-12-07 22:12:19.550,14,5,cross,0.948473,2.469637,2.539788,0.630895,25466.25,31723.05,26,0.319014,2.539788,-3.695299
923,2025-12-07 22:12:19.819,14,5,cross,0.927691,2.539788,2.607159,0.630580,25466.25,31428.76,26,0.321605,2.607159,-3.695299
924,2025-12-07 22:12:20.215,14,5,cross,0.879122,2.607159,2.668999,0.630265,25466.25,31152.46,26,0.323984,2.668999,-3.695299
925,2025-12-07 22:12:20.459,14,4,oropt,0.826067,1.543298,1.711785,0.629950,25466.25,30895.12,26,0.330464,2.668999,-3.695299
926,2025-12-07 22:12:20.769,14,4,oropt,0.416467,1.711785,1.822463,0.629635,25466.25,30766.45,26,0.334721,2.668999,-3.695299
927,2025-12-07 22:12:21.024,14,5,cross,0.412180,2.668999,2.683527,0.629320,25466.25,30639.64,26,0.335279,2.683527,-3.695299
928,2025-12-07 22:12:21.331,14,5,cross,0.604211,2.683527,2.717113,0.629005,25466.25,30454.51,26,0.336571,2.717113,-3.695299
929,2025-12-07 22:12:21.607,14,1,insert,0.612002,1.387274,1.554287,0.628691,25466.25,30268.13,26,0.342995,2.717113,-3.695299
930,2025-12-07 22:12:21.906,14,5,cross,0.434143,2.717113,2.733356,0.628376,25466.25,30136.72,26,0.343620,2.733356,-3.695299
931,2025-12-07 22:12:22.210,14,0,swap,0.986979,2.046096,2.186187,0.628062,25466.25,29839.28,26,0.349008,2.733356,-3.695299
932,2025-12-07 22:12:22.465,14,4,oropt,0.471846,1.822463,1.933403,0.627748,25466.25,29698.48,26,0.353275,2.733356,-3.695299
933,2025-12-07 22:12:22.764,14,0,swap,0.463541,2.186187,2.259924,0.627434,25466.25,29560.82,26,0.356111,2.733356,-3.695299
934,2025-12-07 22:12:23.090,14,5,cross,0.429223,2.733356,2.748945,0.627120,25466.25,29433.94,26,0.356710,2.748945,-3.695299
935,2025-12-07 22:12:23.466,14,2,invert,0.611258,-3.695299,-3.017238,0.626807,25466.25,29254.02,26,0.382789,2.748945,-3.017238
936,2025-12-07 22:12:23.754,14,5,cross,0.115789,2.748945,2.733035,0.626493,25466.25,29220.15,26,0.382178,2.733035,-3.017238
937,2025-12-07 22:12:24.060,14,5,cross,0.401882,2.733035,2.745892,0.626180,25466.25,29102.72,26,0.382672,2.745892,-3.017238
938,2025-12-07 22:12:24.352,14,1,insert,0.358476,1.554287,1.681836,0.625867,25466.25,28998.39,26,0.387578,2.745892,-3.017238
939,2025-12-07 22:12:24.596,14,2,invert,0.392399,-3.017238,-2.429144,0.625554,25466.25,28884.60,26,0.410197,2.745892,-2.429144
940,2025-12-07 22:12:24.887,14,5,cross,0.190032,2.745892,2.737437,0.625241,25466.25,28829.71,26,0.409872,2.737437,-2.429144
941,2025-12-07 22:12:25.131,14,0,swap,0.408912,2.259924,2.321192,0.624929,25466.25,28711.82,26,0.412228,2.737437,-2.429144
942,2025-12-07 22:12:25.427,14,3,2opt,0.710782,1.223378,1.418488,0.624616,25466.25,28507.75,26,0.419732,2.737437,-2.429144
943,2025-12-07 22:12:25.749,14,4,oropt,0.466395,1.933403,2.033072,0.624304,25466.25,28374.79,26,0.423566,2.737437,-2.429144
944,2025-12-07 22:12:26.089,14,5,cross,0.390914,2.737437,2.749154,0.623992,25466.25,28263.87,26,0.424016,2.749154,-2.429144
945,2025-12-07 22:12:26.386,14,1,insert,0.309237,1.681836,1.792000,0.623680,25466.25,28176.46,26,0.428253,2.749154,-2.429144
946,2025-12-07 22:12:26.682,14,5,cross,0.600872,2.749154,2.781749,0.623368,25466.25,28007.16,26,0.429507,2.781749,-2.429144
947,2025-12-07 22:12:26.961,14,5,cross,0.268409,2.781749,2.780773,0.623056,25466.25,27931.99,26,0.429470,2.780773,-2.429144
948,2025-12-07 22:12:27.261,14,3,2opt,0.257272,1.418488,1.552636,0.622745,25466.25,27860.12,26,0.434629,2.780773,-2.429144
949,2025-12-07 22:12:27.528,14,5,cross,0.275385,2.780773,2.780504,0.622433,25466.25,27783.40,26,0.434619,2.780504,-2.429144
950,2025-12-07 22:12:27.810,14,5,cross,0.246763,2.780504,2.777375,0.622122,25466.25,27714.84,26,0.434498,2.777375,-2.429144
951,2025-12-07 22:12:28.151,14,5,cross,0.273849,2.777375,2.776986,0.621811,25466.25,27638.95,26,0.434483,2.776986,-2.429144
952,2025-12-07 22:12:28.427,14,5,cross,0.246304,2.776986,2.773847,0.621500,25466.25,27570.87,26,0.434363,2.773847,-2.429144
953,2025-12-07 22:12:28.672,14,4,oropt,0.248114,2.033072,2.104222,0.621190,25466.25,27502.46,26,0.437099,2.773847,-2.429144
954,2025-12-07 22:12:28.949,14,5,cross,0.216440,2.773847,2.767752,0.620879,25466.25,27442.94,26,0.436865,2.767752,-2.429144
955,2025-12-07 22:12:29.210,14,1,insert,0.222649,1.792000,1.884163,0.620568,25466.25,27381.83,26,0.440410,2.767752,-2.429144
956,2025-12-07 22:12:29.487,14,3,2opt,0.420673,1.552636,1.688537,0.620258,25466.25,27266.65,26,0.445637,2.767752,-2.429144
957,2025-12-07 22:12:29.711,14,5,cross,0.075903,2.767752,2.747665,0.619948,25466.25,27245.95,26,0.444864,2.747665,-2.429144
958,2025-12-07 22:12:30.001,14,5,cross,0.214359,2.747665,2.741624,0.619638,25466.25,27187.55,26,0.444632,2.741624,-2.429144
959,2025-12-07 22:12:30.290,14,1,insert,0.198301,1.884163,1.962323,0.619328,25466.25,27133.63,26,0.447638,2.741624,-2.429144
960,2025-12-07 22:12:30.589,14,0,swap,0.193801,2.321192,2.355199,0.619019,25466.25,27081.05,26,0.448946,2.741624,-2.429144
961,2025-12-07 22:12:30.893,14,1,insert,0.225694,1.962323,2.035406,0.618709,25466.25,27019.93,26,0.451757,2.741624,-2.429144
962,2025-12-07 22:12:31.165,14,3,2opt,0.210047,1.688537,1.787434,0.618400,25466.25,26963.17,26,0.455560,2.741624,-2.429144
963,2025-12-07 22:12:31.404,14,3,2opt,0.073191,1.787434,1.862756,0.618091,25466.25,26943.44,26,0.458457,2.741624,-2.429144
964,2025-12-07 22:12:31.669,14,2,invert,0.038556,-2.429144,-1.935628,0.617782,25466.25,26933.05,26,0.477439,2.741624,-1.935628
965,2025-12-07 22:12:31.955,14,0,swap,-0.022296,2.355199,2.364196,0.617473,25466.25,26939.06,26,0.477785,2.741624,-1.935628
966,2025-12-07 22:12:32.238,14,5,cross,0.635154,2.741624,2.777723,0.617164,25466.25,26767.95,26,0.479173,2.777723,-1.935628
967,2025-12-07 22:12:32.522,14,5,cross,0.183551,2.777723,2.768301,0.616855,25466.25,26718.82,26,0.478811,2.768301,-1.935628
968,2025-12-07 22:12:32.802,14,5,cross,0.163467,2.768301,2.756965,0.616547,25466.25,26675.14,26,0.478375,2.756965,-1.935628
969,2025-12-07 22:12:33.075,14,5,cross,0.298010,2.756965,2.759196,0.616239,25466.25,26595.65,26,0.478461,2.759196,-1.935628
970,2025-12-07 22:12:33.336,14,1,insert,0.124473,2.035406,2.092640,0.615930,25466.25,26562.54,26,0.480662,2.759196,-1.935628
971,2025-12-07 22:12:33.555,14,4,oropt,0.173545,2.104222,2.159482,0.615623,25466.25,26516.44,26,0.482787,2.759196,-1.935628
972,2025-12-07 22:12:33.809,14,3,2opt,0.099044,1.862756,1.934713,0.615315,25466.25,26490.18,26,0.485555,2.759196,-1.935628
973,2025-12-07 22:12:34.026,14,5,cross,0.020490,2.759196,2.733653,0.615007,25466.25,26484.75,26,0.484572,2.733653,-1.935628
974,2025-12-07 22:12:34.242,14,5,cross,0.201767,2.733653,2.726493,0.614700,25466.25,26431.32,26,0.484297,2.726493,-1.935628
975,2025-12-07 22:12:34.495,14,0,swap,0.146417,2.364196,2.387802,0.614392,25466.25,26392.62,26,0.485205,2.726493,-1.935628
976,2025-12-07 22:12:34.736,14,5,cross,0.184853,2.726493,2.717714,0.614085,25466.25,26343.83,26,0.484867,2.717714,-1.935628
977,2025-12-07 22:12:34.953,14,5,cross,0.179908,2.717714,2.708527,0.613778,25466.25,26296.43,26,0.484514,2.708527,-1.935628
978,2025-12-07 22:12:35.166,14,4,oropt,0.080323,2.159482,2.195334,0.613471,25466.25,26275.31,26,0.485893,2.708527,-1.935628
979,2025-12-07 22:12:35.328,14,3,2opt,0.290474,1.934713,2.014056,0.613164,25466.25,26198.99,26,0.488945,2.708527,-1.935628
980,2025-12-07 22:12:35.584,14,5,cross,0.005390,2.708527,2.681981,0.612858,25466.25,26197.58,26,0.487924,2.681981,-1.935628
981,2025-12-07 22:12:35.743,14,5,cross,0.079648,2.681981,2.663126,0.612551,25466.25,26176.71,26,0.487198,2.663126,-1.935628
982,2025-12-07 22:12:35.956,14,0,swap,0.075782,2.387802,2.396282,0.612245,25466.25,26156.87,26,0.487525,2.663126,-1.935628
983,2025-12-07 22:12:36.130,14,2,invert,0.112145,-1.935628,-1.491169,0.611939,25466.25,26127.54,26,0.504619,2.663126,-1.491169
984,2025-12-07 22:12:36.363,14,2,invert,0.056138,-1.491169,-1.096757,0.611633,25466.25,26112.87,26,0.519789,2.663126,-1.096757
985,2025-12-07 22:12:36.600,14,1,insert,0.000000,2.092640,2.123058,0.611327,25466.25,26112.87,26,0.520959,2.663126,-1.096757
986,2025-12-07 22:12:36.795,14,4,oropt,0.070903,2.195334,2.222572,0.611021,25466.25,26094.36,26,0.522006,2.663126,-1.096757
987,2025-12-07 22:12:37.010,14,5,cross,0.031488,2.663126,2.639643,0.610716,25466.25,26086.14,26,0.521103,2.639643,-1.096757
988,2025-12-07 22:12:37.239,14,2,invert,0.050040,-1.096757,-0.744510,0.610411,25466.25,26073.09,26,0.534651,2.639643,-0.744510
989,2025-12-07 22:12:37.429,14,5,cross,0.013009,2.639643,2.614548,0.610105,25466.25,26069.70,26,0.533686,2.614548,-0.744510
990,2025-12-07 22:12:37.664,14,3,2opt,0.039514,2.014056,2.051911,0.609800,25466.25,26059.40,26,0.535142,2.614548,-0.744510
991,2025-12-07 22:12:37.949,14,2,invert,0.000000,-0.744510,-0.434749,0.609495,25466.25,26059.40,26,0.547056,2.614548,-0.434749
992,2025-12-07 22:12:38.170,14,5,cross,0.000000,2.614548,2.588402,0.609191,25466.25,26059.40,26,0.546050,2.588402,-0.434749
993,2025-12-07 22:12:38.401,14,5,cross,0.030993,2.588402,2.565618,0.608886,25466.25,26051.32,26,0.545174,2.565618,-0.434749
994,2025-12-07 22:12:38.590,14,4,oropt,0.019032,2.222572,2.233124,0.608582,25466.25,26046.36,26,0.545580,2.565618,-0.434749
995,2025-12-07 22:12:38.828,14,5,cross,0.248376,2.565618,2.564799,0.608277,25466.25,25981.67,26,0.545548,2.564799,-0.434749
996,2025-12-07 22:12:39.016,14,5,cross,0.011740,2.564799,2.540325,0.607973,25466.25,25978.62,26,0.544607,2.540325,-0.434749
997,2025-12-07 22:12:39.297,14,0,swap,0.008365,2.396282,2.386119,0.607669,25466.25,25976.44,26,0.544216,2.540325,-0.434749
998,2025-12-07 22:12:39.495,14,5,cross,0.024292,2.540325,2.517351,0.607365,25466.25,25970.13,26,0.543332,2.517351,-0.434749
999,2025-12-07 22:12:39.662,14,4,oropt,0.001790,2.233124,2.236552,0.607062,25466.25,25969.67,26,0.543464,2.517351,-0.434749
1000,2025-12-07 22:12:39.853,14,2,invert,0.114553,-0.434749,-0.153257,0.606758,25466.25,25939.92,26,0.554291,2.517351,-0.153257
1001,2025-12-07 22:12:40.035,14,4,oropt,0.003522,2.236552,2.239810,0.606455,25466.25,25939.01,26,0.554416,2.517351,-0.153257
1002,2025-12-07 22:12:40.214,14,1,insert,0.073502,2.123058,2.144664,0.606152,25466.25,25919.94,26,0.555247,2.517351,-0.153257
1003,2025-12-07 22:12:40.379,14,4,oropt,0.007461,2.239810,2.243137,0.605849,25466.25,25918.01,26,0.555375,2.517351,-0.153257
1004,2025-12-07 22:12:40.560,14,5,cross,0.061045,2.517351,2.498282,0.605546,25466.25,25902.19,26,0.554642,2.498282,-0.153257
1005,2025-12-07 22:12:40.761,14,0,swap,0.050035,2.386119,2.377356,0.605243,25466.25,25889.23,26,0.554305,2.498282,-0.153257
1006,2025-12-07 22:12:40.946,14,2,invert,0.033713,-0.153257,0.090285,0.604940,25466.25,25880.50,26,0.563672,2.498282,0.002188
1007,2025-12-07 22:12:41.145,14,5,cross,0.000000,2.498282,2.473299,0.604638,25466.25,25880.50,26,0.562711,2.473299,0.002188
1008,2025-12-07 22:12:41.355,14,1,insert,0.021007,2.144664,2.154895,0.604335,25466.25,25875.06,26,0.563104,2.473299,0.002188
1009,2025-12-07 22:12:41.569,14,5,cross,0.019464,2.473299,2.450513,0.604033,25466.25,25870.02,26,0.562228,2.450513,0.002188
1010,2025-12-07 22:12:41.762,14,0,swap,0.058099,2.377356,2.365977,0.603731,25466.25,25854.99,26,0.561790,2.450513,0.002188
1011,2025-12-07 22:12:42.023,14,1,insert,0.032161,2.154895,2.163168,0.603429,25466.25,25846.68,26,0.562108,2.450513,0.002188
1012,2025-12-07 22:12:42.209,14,0,swap,0.000000,2.365977,2.349925,0.603128,25466.25,25846.68,26,0.561491,2.450513,0.002188
1013,2025-12-07 22:12:42.395,14,5,cross,0.006205,2.450513,2.426628,0.602826,25466.25,25845.08,26,0.560572,2.426628,0.002188
1014,2025-12-07 22:12:42.604,14,2,invert,0.158451,0.090285,0.315498,0.602525,25466.25,25804.12,26,0.569234,2.426628,0.002188
1015,2025-12-07 22:12:42.748,14,5,cross,0.007629,2.426628,2.403125,0.602223,25466.25,25802.15,26,0.568330,2.403125,0.002188
1016,2025-12-07 22:12:42.893,14,2,invert,0.004259,0.315498,0.500655,0.601922,25466.25,25801.06,26,0.575452,2.403125,0.002188
1017,2025-12-07 22:12:43.070,14,0,swap,0.010154,2.349925,2.332229,0.601621,25466.25,25798.44,26,0.574771,2.403125,0.002188
1018,2025-12-07 22:12:43.251,14,3,2opt,0.011887,2.051911,2.064190,0.601321,25466.25,25795.37,26,0.575243,2.403125,0.002188
1019,2025-12-07 22:12:43.449,14,3,2opt,-0.150533,2.064190,2.058999,0.601020,25466.25,25834.20,26,0.575044,2.403125,0.002188
1020,2025-12-07 22:12:43.628,14,2,invert,-0.153294,0.500655,0.651542,0.600719,25466.25,25873.80,26,0.580847,2.403125,0.002188
1021,2025-12-07 22:12:43.822,14,5,cross,-0.259978,2.403125,2.353096,0.600419,25466.25,25941.07,26,0.578923,2.353096,0.002188
1022,2025-12-07 22:12:44.005,14,2,invert,0.000000,0.651542,0.798166,0.600119,25466.25,25941.07,26,0.584562,2.353096,0.002188
1023,2025-12-07 22:12:44.186,14,4,oropt,-0.348808,2.243137,2.195721,0.599819,25466.25,26031.55,26,0.582739,2.353096,0.002188
1024,2025-12-07 22:12:44.345,14,5,cross,0.258402,2.353096,2.355405,0.599519,25466.25,25964.29,26,0.582827,2.355405,0.002188
1025,2025-12-07 22:12:44.586,14,5,cross,0.000000,2.355405,2.331851,0.599219,25466.25,25964.29,26,0.581922,2.332229,0.002188
1026,2025-12-07 22:12:44.770,14,2,invert,0.000000,0.798166,0.928250,0.598919,25466.25,25964.29,26,0.586925,2.332229,0.002188
1027,2025-12-07 22:12:44.965,14,0,swap,0.000000,2.332229,2.308907,0.598620,25466.25,25964.29,26,0.586028,2.331851,0.002188
1028,2025-12-07 22:12:45.146,14,2,invert,0.138856,0.928250,1.059177,0.598321,25466.25,25928.23,26,0.591063,2.331851,0.002188
1029,2025-12-07 22:12:45.252,14,5,cross,0.016955,2.331851,2.310228,0.598022,25466.25,25923.84,26,0.590232,2.310228,0.002188
1030,2025-12-07 22:12:45.398,14,3,2opt,0.018021,2.058999,2.062822,0.597723,25466.25,25919.17,26,0.590379,2.310228,0.002188
1031,2025-12-07 22:12:45.585,14,5,cross,-0.259523,2.310228,2.261173,0.597424,25466.25,25986.43,26,0.588492,2.308907,0.002188
1032,2025-12-07 22:12:45.811,14,2,invert,0.003492,1.059177,1.161410,0.597125,25466.25,25985.53,26,0.592424,2.308907,0.002188
1033,2025-12-07 22:12:46.033,14,1,insert,-0.258978,2.163168,2.128755,0.596826,25466.25,26052.82,26,0.591101,2.308907,0.002188
1034,2025-12-07 22:12:46.248,14,0,swap,0.014837,2.308907,2.287301,0.596528,25466.25,26048.96,26,0.590270,2.287301,0.002188
1035,2025-12-07 22:12:46.399,14,0,swap,0.006077,2.287301,2.265036,0.596230,25466.25,26047.37,26,0.589413,2.265036,0.002188
1036,2025-12-07 22:12:46.584,14,3,2opt,0.000000,2.062822,2.060393,0.595932,25466.25,26047.37,26,0.589320,2.265036,0.002188
1037,2025-12-07 22:12:46.772,14,0,swap,-0.287609,2.265036,2.213625,0.595634,25466.25,26122.29,26,0.587342,2.261173,0.002188
1038,2025-12-07 22:12:46.992,14,3,2opt,0.066439,2.060393,2.064503,0.595336,25466.25,26104.93,26,0.587501,2.261173,0.002188
1039,2025-12-07 22:12:47.177,14,3,2opt,0.000000,2.064503,2.061558,0.595038,25466.25,26104.93,26,0.587387,2.261173,0.002188
1040,2025-12-07 22:12:47.310,14,5,cross,0.298072,2.261173,2.268369,0.594741,25466.25,26027.12,26,0.587664,2.268369,0.002188
1041,2025-12-07 22:12:47.432,14,5,cross,0.049313,2.268369,2.250616,0.594443,25466.25,26014.29,26,0.586981,2.250616,0.002188
1042,2025-12-07 22:12:47.592,14,0,swap,0.094761,2.213625,2.204294,0.594146,25466.25,25989.64,26,0.586622,2.250616,0.002188
1043,2025-12-07 22:12:47.772,14,5,cross,0.145129,2.250616,2.242623,0.593849,25466.25,25951.92,26,0.586315,2.242623,0.002188
1044,2025-12-07 22:12:47.942,14,1,insert,0.016716,2.128755,2.119387,0.593552,25466.25,25947.58,26,0.585955,2.242623,0.002188
1045,2025-12-07 22:12:48.069,14,5,cross,0.031728,2.242623,2.223370,0.593255,25466.25,25939.35,26,0.585214,2.223370,0.002188
1046,2025-12-07 22:12:48.233,14,2,invert,0.000000,1.161410,1.245373,0.592959,25466.25,25939.35,26,0.588443,2.223370,0.002188
1047,2025-12-07 22:12:48.372,14,0,swap,0.000000,2.204294,2.183968,0.592662,25466.25,25939.35,26,0.587662,2.223370,0.002188
1048,2025-12-07 22:12:48.597,14,5,cross,0.014438,2.223370,2.202580,0.592366,25466.25,25935.60,26,0.586862,2.202580,0.002188
1049,2025-12-07 22:12:48.767,14,5,cross,0.000000,2.202580,2.180554,0.592070,25466.25,25935.60,26,0.586015,2.195721,0.002188
1050,2025-12-07 22:12:48.905,14,4,oropt,0.000000,2.195721,2.173764,0.591774,25466.25,25935.60,26,0.585170,2.183968,0.002188
1051,2025-12-07 22:12:49.125,14,4,oropt,0.000000,2.173764,2.152945,0.591478,25466.25,25935.60,26,0.584370,2.183968,0.002188
1052,2025-12-07 22:12:49.307,14,0,swap,0.000000,2.183968,2.162128,0.591182,25466.25,25935.60,26,0.583530,2.180554,0.002188
1053,2025-12-07 22:12:49.446,14,5,cross,0.000000,2.180554,2.158748,0.590886,25466.25,25935.60,26,0.582691,2.162128,0.002188
1054,2025-12-07 22:12:49.570,14,0,swap,0.000000,2.162128,2.140507,0.590591,25466.25,25935.60,26,0.581859,2.158748,0.002188
1055,2025-12-07 22:12:49.690,14,0,swap,0.000000,2.140507,2.120744,0.590296,25466.25,25935.60,26,0.581099,2.158748,0.002188
1056,2025-12-07 22:12:49.845,14,5,cross,0.000000,2.158748,2.137161,0.590000,25466.25,25935.60,26,0.580269,2.152945,0.002188
1057,2025-12-07 22:12:49.993,14,4,oropt,0.000000,2.152945,2.131415,0.589705,25466.25,25935.60,26,0.579441,2.137161,0.002188
1058,2025-12-07 22:12:50.159,14,5,cross,0.000000,2.137161,2.115789,0.589411,25466.25,25935.60,26,0.578619,2.131415,0.002188
1059,2025-12-07 22:12:50.311,14,2,invert,0.000000,1.245373,1.312663,0.589116,25466.25,25935.60,26,0.581207,2.131415,0.002188
1060,2025-12-07 22:12:50.491,14,3,2opt,0.000000,2.061558,2.047230,0.588821,25466.25,25935.60,26,0.580656,2.131415,0.002188
1061,2025-12-07 22:12:50.659,14,4,oropt,0.000000,2.131415,2.110101,0.588527,25466.25,25935.60,26,0.579836,2.120744,0.002188
1062,2025-12-07 22:12:50.821,14,5,cross,0.000000,2.115789,2.095077,0.588233,25466.25,25935.60,26,0.579040,2.120744,0.002188
1063,2025-12-07 22:12:51.006,14,2,invert,0.000000,1.312663,1.372263,0.587939,25466.25,25935.60,26,0.581332,2.120744,0.002188
1064,2025-12-07 22:12:51.137,14,0,swap,0.000000,2.120744,2.099536,0.587645,25466.25,25935.60,26,0.580516,2.119387,0.002188
1065,2025-12-07 22:12:51.294,14,1,insert,0.000000,2.119387,2.098193,0.587351,25466.25,25935.60,26,0.579701,2.110101,0.002188
1066,2025-12-07 22:12:51.453,14,5,cross,0.000000,2.095077,2.075479,0.587057,25466.25,25935.60,26,0.578947,2.110101,0.002188
1067,2025-12-07 22:12:51.633,14,4,oropt,0.000000,2.110101,2.089000,0.586764,25466.25,25935.60,26,0.578136,2.099536,0.002188
1068,2025-12-07 22:12:51.803,14,3,2opt,0.000000,2.047230,2.031465,0.586470,25466.25,25935.60,26,0.577529,2.099536,0.002188
1069,2025-12-07 22:12:51.918,14,3,2opt,0.000000,2.031465,2.017277,0.586177,25466.25,25935.60,26,0.576984,2.099536,0.002188
1070,2025-12-07 22:12:52.075,14,0,swap,0.000000,2.099536,2.078541,0.585884,25466.25,25935.60,26,0.576176,2.098193,0.002188
1071,2025-12-07 22:12:52.211,14,1,insert,0.000000,2.098193,2.077211,0.585591,25466.25,25935.60,26,0.575369,2.089000,0.002188
1072,2025-12-07 22:12:52.390,14,4,oropt,0.000000,2.089000,2.068110,0.585298,25466.25,25935.60,26,0.574566,2.078541,0.002188
1073,2025-12-07 22:12:52.519,14,3,2opt,0.000000,2.017277,2.002618,0.585005,25466.25,25935.60,26,0.574002,2.078541,0.002188
1074,2025-12-07 22:12:52.645,14,5,cross,0.000000,2.075479,2.054999,0.584713,25466.25,25935.60,26,0.573214,2.078541,0.002188
1075,2025-12-07 22:12:52.755,14,0,swap,0.000000,2.078541,2.057755,0.584421,25466.25,25935.60,26,0.572415,2.077211,0.002188
1076,2025-12-07 22:12:52.898,14,5,cross,0.000000,2.054999,2.036448,0.584128,25466.25,25935.60,26,0.571701,2.077211,0.002188
1077,2025-12-07 22:12:53.023,14,0,swap,0.000000,2.057755,2.038929,0.583836,25466.25,25935.60,26,0.570977,2.077211,0.002188
1078,2025-12-07 22:12:53.251,14,1,insert,0.000000,2.077211,2.056439,0.583544,25466.25,25935.60,26,0.570178,2.068110,0.002188
1079,2025-12-07 22:12:53.441,14,5,cross,0.000000,2.036448,2.018933,0.583253,25466.25,25935.60,26,0.569505,2.068110,0.002188
1080,2025-12-07 22:12:53.619,14,0,swap,0.000000,2.038929,2.021166,0.582961,25466.25,25935.60,26,0.568821,2.068110,0.002188
1081,2025-12-07 22:12:53.774,14,3,2opt,0.000000,2.002618,1.988486,0.582670,25466.25,25935.60,26,0.568278,2.068110,0.002188
1082,2025-12-07 22:12:53.928,14,2,invert,0.000000,1.372263,1.421167,0.582378,25466.25,25935.60,26,0.570159,2.068110,0.002188
1083,2025-12-07 22:12:54.074,14,4,oropt,-0.632272,2.068110,1.984202,0.582087,25466.25,26099.58,26,0.566932,2.056439,0.002188
1084,2025-12-07 22:12:54.249,14,1,insert,0.628300,2.056439,2.098705,0.581796,25466.25,25935.60,26,0.568557,2.098705,0.002188
1085,2025-12-07 22:12:54.371,14,5,cross,0.000000,2.018933,2.005924,0.581505,25466.25,25935.60,26,0.568057,2.098705,0.002188
1086,2025-12-07 22:12:54.534,14,1,insert,0.000000,2.098705,2.077718,0.581214,25466.25,25935.60,26,0.567250,2.077718,0.002188
1087,2025-12-07 22:12:54.691,14,3,2opt,0.000000,1.988486,1.976632,0.580924,25466.25,25935.60,26,0.566794,2.077718,0.002188
1088,2025-12-07 22:12:54.881,14,5,cross,-0.639726,2.005924,1.928353,0.580633,25466.25,26101.52,26,0.563810,2.077718,0.002188
1089,2025-12-07 22:12:55.070,14,1,insert,0.000000,2.077718,2.056940,0.580343,25466.25,26101.52,26,0.563011,2.056940,0.002188
1090,2025-12-07 22:12:55.222,14,1,insert,0.000000,2.056940,2.036371,0.580053,25466.25,26101.52,26,0.562220,2.036371,0.002188
1091,2025-12-07 22:12:55.414,14,1,insert,0.000000,2.036371,2.016007,0.579763,25466.25,26101.52,26,0.561437,2.021166,0.002188
1092,2025-12-07 22:12:55.570,14,0,swap,0.000000,2.021166,2.000954,0.579473,25466.25,26101.52,26,0.560659,2.016007,0.002188
1093,2025-12-07 22:12:55.672,14,5,cross,0.000000,1.928353,1.916958,0.579183,25466.25,26101.52,26,0.560221,2.016007,0.002188
1094,2025-12-07 22:12:55.861,14,1,insert,0.000000,2.016007,1.995847,0.578894,25466.25,26101.52,26,0.559446,2.000954,0.002188
1095,2025-12-07 22:12:56.048,14,0,swap,0.000000,2.000954,1.980945,0.578604,25466.25,26101.52,26,0.558676,1.995847,0.002188
1096,2025-12-07 22:12:56.219,14,0,swap,0.000000,1.980945,1.962476,0.578315,25466.25,26101.52,26,0.557966,1.995847,0.002188
1097,2025-12-07 22:12:56.353,14,3,2opt,0.000000,1.976632,1.958595,0.578026,25466.25,26101.52,26,0.557272,1.995847,0.002188
1098,2025-12-07 22:12:56.496,14,5,cross,0.000000,1.916958,1.904889,0.577737,25466.25,26101.52,26,0.556808,1.995847,0.002188
1099,2025-12-07 22:12:56.667,14,1,insert,0.000000,1.995847,1.975889,0.577448,25466.25,26101.52,26,0.556040,1.984202,0.002188
1100,2025-12-07 22:12:56.875,14,4,oropt,0.000000,1.984202,1.964360,0.577159,25466.25,26101.52,26,0.555277,1.975889,0.002188
1101,2025-12-07 22:12:57.049,14,1,insert,0.048766,1.975889,1.961006,0.576870,25466.25,26088.79,26,0.554705,1.964360,0.002188
1102,2025-12-07 22:12:57.218,14,5,cross,0.000000,1.904889,1.891192,0.576582,25466.25,26088.79,26,0.554178,1.964360,0.002188
1103,2025-12-07 22:12:57.370,14,3,2opt,0.000000,1.958595,1.939528,0.576294,25466.25,26088.79,26,0.553444,1.964360,0.002188
1104,2025-12-07 22:12:57.534,14,1,insert,0.000000,1.961006,1.941698,0.576006,25466.25,26088.79,26,0.552702,1.964360,0.002188
1105,2025-12-07 22:12:57.723,14,1,insert,0.000000,1.941698,1.924321,0.575718,25466.25,26088.79,26,0.552033,1.964360,0.002188
1106,2025-12-07 22:12:57.878,14,4,oropt,0.000000,1.964360,1.944716,0.575430,25466.25,26088.79,26,0.551278,1.962476,0.002188
1107,2025-12-07 22:12:58.019,14,4,oropt,-55.205022,1.944716,-3.593635,0.575142,25466.25,40491.11,26,0.338264,1.962476,-3.593635
1108,2025-12-07 22:12:58.240,14,0,swap,2.114057,1.962476,2.154257,0.574854,25466.25,39635.11,26,0.345641,2.154257,-3.593635
1109,2025-12-07 22:12:58.467,14,0,swap,1.947799,2.154257,2.327495,0.574567,25466.25,38863.09,26,0.352304,2.327495,-3.593635
1110,2025-12-07 22:12:58.628,14,0,swap,1.764861,2.327495,2.480706,0.574280,25466.25,38177.21,26,0.358196,2.480706,-3.593635
1111,2025-12-07 22:12:58.831,14,1,insert,1.530352,1.924321,2.108187,0.573993,25466.25,37592.97,26,0.365268,2.480706,-3.593635
1112,2025-12-07 22:12:58.963,14,0,swap,1.394363,2.480706,2.595335,0.573706,25466.25,37068.79,26,0.369677,2.595335,-3.593635
1113,2025-12-07 22:12:59.120,14,0,swap,1.290902,2.595335,2.698472,0.573419,25466.25,36590.26,26,0.373644,2.698472,-3.593635
1114,2025-12-07 22:12:59.344,14,0,swap,1.307024,2.698472,2.802190,0.573132,25466.25,36112.02,26,0.377633,2.802190,-3.593635
1115,2025-12-07 22:12:59.559,14,2,invert,1.507078,1.421167,1.681955,0.572845,25466.25,35567.78,26,0.387663,2.802190,-3.593635
1116,2025-12-07 22:12:59.774,14,2,invert,1.398663,1.681955,1.905823,0.572559,25466.25,35070.31,26,0.396274,2.802190,-3.593635
1117,2025-12-07 22:12:59.990,14,0,swap,0.824415,2.802190,2.856609,0.572273,25466.25,34781.19,26,0.398367,2.856609,-3.593635
1118,2025-12-07 22:13:00.188,14,2,invert,1.414985,1.905823,2.113834,0.571987,25466.25,34289.04,26,0.406367,2.856609,-3.593635
1119,2025-12-07 22:13:00.457,14,0,swap,0.836986,2.856609,2.911742,0.571701,25466.25,34002.04,26,0.408488,2.911742,-3.593635
1120,2025-12-07 22:13:00.691,14,5,cross,1.336881,1.891192,2.097818,0.571415,25466.25,33547.48,26,0.416435,2.911742,-3.593635
1121,2025-12-07 22:13:00.860,14,1,insert,1.542815,2.108187,2.313707,0.571129,25466.25,33029.90,26,0.424339,2.911742,-3.593635
1122,2025-12-07 22:13:01.121,14,0,swap,1.214251,2.911742,3.004049,0.570844,25466.25,32628.83,26,0.427890,3.004049,-3.593635
1123,2025-12-07 22:13:01.417,14,0,swap,1.173094,3.004049,3.091318,0.570558,25466.25,32246.07,26,0.431246,3.091318,-3.593635
1124,2025-12-07 22:13:01.654,14,0,swap,1.067344,3.091318,3.167140,0.570273,25466.25,31901.89,26,0.434162,3.167140,-3.593635
1125,2025-12-07 22:13:01.888,14,4,oropt,1.024293,-3.593635,-2.846800,0.569988,25466.25,31575.12,26,0.462887,3.167140,-2.846800
1126,2025-12-07 22:13:02.188,14,3,2opt,1.325502,1.939528,2.163168,0.569703,25466.25,31156.59,26,0.471488,3.167140,-2.846800
1127,2025-12-07 22:13:02.382,14,0,swap,0.247777,3.167140,3.160246,0.569418,25466.25,31079.39,26,0.471223,3.160246,-2.846800
1128,2025-12-07 22:13:02.627,14,0,swap,0.840133,3.160246,3.212657,0.569133,25466.25,30818.29,26,0.473239,3.212657,-2.846800
1129,2025-12-07 22:13:02.890,14,5,cross,0.768172,2.097818,2.253992,0.568849,25466.25,30581.55,26,0.479246,3.212657,-2.846800
1130,2025-12-07 22:13:03.062,14,1,insert,1.069375,2.313707,2.478413,0.568564,25466.25,30254.52,26,0.485580,3.212657,-2.846800
1131,2025-12-07 22:13:03.278,14,5,cross,0.711487,2.253992,2.388881,0.568280,25466.25,30039.26,26,0.490768,3.212657,-2.846800
1132,2025-12-07 22:13:03.547,14,5,cross,0.965526,2.388881,2.535685,0.567996,25466.25,29749.22,26,0.496415,3.212657,-2.846800
1133,2025-12-07 22:13:03.795,14,0,swap,0.512380,3.212657,3.231768,0.567712,25466.25,29596.79,26,0.497150,3.231768,-2.846800
1134,2025-12-07 22:13:04.056,14,5,cross,0.795756,2.535685,2.652551,0.567428,25466.25,29361.28,26,0.501645,3.231768,-2.846800
1135,2025-12-07 22:13:04.332,14,0,swap,0.452510,3.231768,3.244701,0.567144,25466.25,29228.41,26,0.502142,3.244701,-2.846800
1136,2025-12-07 22:13:04.583,14,0,swap,0.679615,3.244701,3.280216,0.566861,25466.25,29029.77,26,0.503508,3.280216,-2.846800
1137,2025-12-07 22:13:04.831,14,0,swap,0.453939,3.280216,3.292808,0.566577,25466.25,28898.00,26,0.503992,3.292808,-2.846800
1138,2025-12-07 22:13:05.124,14,0,swap,0.714085,3.292808,3.331288,0.566294,25466.25,28691.64,26,0.505472,3.331288,-2.846800
1139,2025-12-07 22:13:05.316,14,5,cross,0.695865,2.652551,2.756698,0.566011,25466.25,28491.98,26,0.509478,3.331288,-2.846800
1140,2025-12-07 22:13:05.564,14,0,swap,0.558795,3.331288,3.353855,0.565728,25466.25,28332.77,26,0.510346,3.353855,-2.846800
1141,2025-12-07 22:13:05.840,14,4,oropt,0.698271,-2.846800,-2.190446,0.565445,25466.25,28134.93,26,0.535590,3.353855,-2.190446
1142,2025-12-07 22:13:06.125,14,1,insert,0.378644,2.478413,2.570283,0.565162,25466.25,28028.40,26,0.539124,3.353855,-2.190446
1143,2025-12-07 22:13:06.353,14,0,swap,0.440326,3.353855,3.364349,0.564880,25466.25,27904.98,26,0.539527,3.364349,-2.190446
1144,2025-12-07 22:13:06.575,14,4,oropt,0.471414,-2.190446,-1.621468,0.564597,25466.25,27773.44,26,0.561411,3.364349,-1.621468
1145,2025-12-07 22:13:06.855,14,0,swap,0.430213,3.364349,3.373727,0.564315,25466.25,27653.95,26,0.561772,3.373727,-1.621468
1146,2025-12-07 22:13:07.102,14,0,swap,0.370319,3.373727,3.377021,0.564033,25466.25,27551.54,26,0.561899,3.377021,-1.621468
1147,2025-12-07 22:13:07.369,14,5,cross,0.281157,2.756698,2.813076,0.563751,25466.25,27474.08,26,0.564067,3.377021,-1.621468
1148,2025-12-07 22:13:07.591,14,1,insert,0.358170,2.570283,2.653004,0.563469,25466.25,27375.68,26,0.567249,3.377021,-1.621468
1149,2025-12-07 22:13:07.823,14,0,swap,0.297367,3.377021,3.372988,0.563187,25466.25,27294.27,26,0.567093,3.372988,-1.621468
1150,2025-12-07 22:13:08.057,14,0,swap,0.259770,3.372988,3.365235,0.562905,25466.25,27223.37,26,0.566795,3.365235,-1.621468
1151,2025-12-07 22:13:08.323,14,0,swap,0.242122,3.365235,3.355795,0.562624,25466.25,27157.45,26,0.566432,3.355795,-1.621468
1152,2025-12-07 22:13:08.541,14,2,invert,0.242382,2.113834,2.228710,0.562343,25466.25,27091.63,26,0.570850,3.355795,-1.621468
1153,2025-12-07 22:13:08.752,14,5,cross,0.120948,2.813076,2.845885,0.562061,25466.25,27058.86,26,0.572112,3.355795,-1.621468
1154,2025-12-07 22:13:08.939,14,2,invert,0.390111,2.228710,2.346872,0.561780,25466.25,26953.30,26,0.576657,3.355795,-1.621468
1155,2025-12-07 22:13:09.158,14,1,insert,0.020969,2.653004,2.691822,0.561500,25466.25,26947.65,26,0.578150,3.355795,-1.621468
1156,2025-12-07 22:13:09.380,14,1,insert,0.271426,2.691822,2.751804,0.561219,25466.25,26874.51,26,0.580457,3.355795,-1.621468
1157,2025-12-07 22:13:09.564,14,0,swap,0.147628,3.355795,3.337000,0.560938,25466.25,26834.83,26,0.579734,3.337000,-1.621468
1158,2025-12-07 22:13:09.784,14,0,swap,0.284776,3.337000,3.332107,0.560658,25466.25,26758.42,26,0.579546,3.332107,-1.621468
1159,2025-12-07 22:13:09.958,14,0,swap,0.216968,3.332107,3.320483,0.560377,25466.25,26700.36,26,0.579099,3.320483,-1.621468
1160,2025-12-07 22:13:10.194,14,3,2opt,0.141147,2.163168,2.259809,0.560097,25466.25,26662.67,26,0.582816,3.320483,-1.621468
1161,2025-12-07 22:13:10.438,14,0,swap,0.025930,3.320483,3.289871,0.559817,25466.25,26655.76,26,0.581638,3.289871,-1.621468
1162,2025-12-07 22:13:10.661,14,0,swap,0.276856,3.289871,3.284658,0.559537,25466.25,26581.96,26,0.581438,3.284658,-1.621468
1163,2025-12-07 22:13:10.915,14,0,swap,0.139677,3.284658,3.265779,0.559257,25466.25,26544.83,26,0.580712,3.265779,-1.621468
1164,2025-12-07 22:13:11.155,14,0,swap,0.138856,3.265779,3.247007,0.558978,25466.25,26507.97,26,0.579990,3.247007,-1.621468
1165,2025-12-07 22:13:11.345,14,0,swap,0.125773,3.247007,3.227114,0.558698,25466.25,26474.63,26,0.579225,3.227114,-1.621468
1166,2025-12-07 22:13:11.590,14,0,swap,0.271686,3.227114,3.222012,0.558419,25466.25,26402.70,26,0.579028,3.222012,-1.621468
1167,2025-12-07 22:13:11.817,14,4,oropt,0.154608,-1.621468,-1.153880,0.558140,25466.25,26361.88,26,0.597013,3.222012,-1.153880
1168,2025-12-07 22:13:12.019,14,0,swap,0.275913,3.222012,3.217383,0.557861,25466.25,26289.15,26,0.596835,3.217383,-1.153880
1169,2025-12-07 22:13:12.165,14,3,2opt,0.122844,2.259809,2.335677,0.557582,25466.25,26256.85,26,0.599753,3.217383,-1.153880
1170,2025-12-07 22:13:12.380,14,0,swap,0.003877,3.217383,3.185597,0.557303,25466.25,26255.83,26,0.598530,3.185597,-1.153880
1171,2025-12-07 22:13:12.569,14,0,swap,0.121446,3.185597,3.165885,0.557024,25466.25,26223.95,26,0.597772,3.165885,-1.153880
1172,2025-12-07 22:13:12.751,14,0,swap,0.073988,3.165885,3.141625,0.556746,25466.25,26204.55,26,0.596839,3.141625,-1.153880
1173,2025-12-07 22:13:12.904,14,0,swap,0.047942,3.141625,3.115003,0.556467,25466.25,26191.98,26,0.595815,3.115003,-1.153880
1174,2025-12-07 22:13:13.126,14,0,swap,0.024752,3.115003,3.086328,0.556189,25466.25,26185.50,26,0.594712,3.086328,-1.153880
1175,2025-12-07 22:13:13.376,14,0,swap,0.021131,3.086328,3.057578,0.555911,25466.25,26179.97,26,0.593606,3.057578,-1.153880
1176,2025-12-07 22:13:13.551,14,5,cross,0.013536,2.845885,2.837832,0.555633,25466.25,26176.42,26,0.593297,3.057578,-1.153880
1177,2025-12-07 22:13:13.748,14,3,2opt,0.163659,2.335677,2.393657,0.555355,25466.25,26133.58,26,0.595527,3.057578,-1.153880
1178,2025-12-07 22:13:13.976,14,0,swap,0.003659,3.057578,3.027368,0.555078,25466.25,26132.63,26,0.594365,3.027368,-1.153880
1179,2025-12-07 22:13:14.203,14,0,swap,0.089318,3.027368,3.006026,0.554800,25466.25,26109.28,26,0.593544,3.006026,-1.153880
1180,2025-12-07 22:13:14.369,14,1,insert,0.070324,2.751804,2.754198,0.554523,25466.25,26090.92,26,0.593636,3.006026,-1.153880
1181,2025-12-07 22:13:14.593,14,0,swap,0.327369,3.006026,3.008703,0.554246,25466.25,26005.51,26,0.593739,3.008703,-1.153880
1182,2025-12-07 22:13:14.800,14,5,cross,0.031057,2.837832,2.827938,0.553968,25466.25,25997.43,26,0.593358,3.008703,-1.153880
1183,2025-12-07 22:13:15.027,14,0,swap,0.149784,3.008703,2.993594,0.553691,25466.25,25958.49,26,0.592777,2.993594,-1.153880
1184,2025-12-07 22:13:15.266,14,0,swap,0.009069,2.993594,2.964565,0.553415,25466.25,25956.14,26,0.591661,2.964565,-1.153880
1185,2025-12-07 22:13:15.449,14,0,swap,0.004688,2.964565,2.935389,0.553138,25466.25,25954.92,26,0.590539,2.935389,-1.153880
1186,2025-12-07 22:13:15.690,14,3,2opt,0.003172,2.393657,2.418794,0.552861,25466.25,25954.10,26,0.591505,2.935389,-1.153880
1187,2025-12-07 22:13:15.924,14,2,invert,0.000000,2.346872,2.376370,0.552585,25466.25,25954.10,26,0.592640,2.935389,-1.153880
1188,2025-12-07 22:13:16.188,14,0,swap,0.000000,2.935389,2.906035,0.552309,25466.25,25954.10,26,0.591511,2.906035,-1.153880
1189,2025-12-07 22:13:16.394,14,4,oropt,0.003068,-1.153880,-0.776642,0.552032,25466.25,25953.30,26,0.606020,2.906035,-0.776642
1190,2025-12-07 22:13:16.557,14,4,oropt,0.276374,-0.776642,-0.409797,0.551756,25466.25,25881.57,26,0.620129,2.906035,-0.409797
1191,2025-12-07 22:13:16.717,14,3,2opt,0.101300,2.418794,2.448588,0.551480,25466.25,25855.36,26,0.621275,2.906035,-0.409797
1192,2025-12-07 22:13:16.925,14,4,oropt,0.003980,-0.409797,-0.106876,0.551205,25466.25,25854.33,26,0.632926,2.906035,-0.106876
1193,2025-12-07 22:13:17.138,14,0,swap,0.000485,2.906035,2.877023,0.550929,25466.25,25854.20,26,0.631810,2.877023,-0.106876
1194,2025-12-07 22:13:17.324,14,0,swap,0.098327,2.877023,2.858085,0.550654,25466.25,25828.78,26,0.631082,2.858085,-0.106876
1195,2025-12-07 22:13:17.568,14,0,swap,0.121381,2.858085,2.841642,0.550378,25466.25,25797.43,26,0.630449,2.841642,-0.106876
1196,2025-12-07 22:13:17.715,14,0,swap,0.087126,2.841642,2.821939,0.550103,25466.25,25774.95,26,0.629692,2.827938,-0.106876
1197,2025-12-07 22:13:17.843,14,5,cross,0.020417,2.827938,2.801700,0.549828,25466.25,25769.69,26,0.628682,2.821939,-0.106876
1198,2025-12-07 22:13:18.073,14,0,swap,0.008342,2.821939,2.794554,0.549553,25466.25,25767.54,26,0.627629,2.801700,-0.106876
1199,2025-12-07 22:13:18.298,14,5,cross,0.016300,2.801700,2.775313,0.549278,25466.25,25763.34,26,0.626614,2.794554,-0.106876
1200,2025-12-07 22:13:18.494,14,0,swap,0.000669,2.794554,2.766675,0.549004,25466.25,25763.17,26,0.625542,2.775313,-0.106876
1201,2025-12-07 22:13:18.654,14,3,2opt,0.005830,2.448588,2.454090,0.548729,25466.25,25761.67,26,0.625754,2.775313,-0.106876
1202,2025-12-07 22:13:18.827,14,3,2opt,0.003907,2.454090,2.458850,0.548455,25466.25,25760.66,26,0.625937,2.775313,-0.106876
1203,2025-12-07 22:13:18.992,14,5,cross,0.000000,2.775313,2.747560,0.548181,25466.25,25760.66,26,0.624869,2.766675,-0.106876
1204,2025-12-07 22:13:19.142,14,0,swap,0.000000,2.766675,2.739008,0.547907,25466.25,25760.66,26,0.623805,2.754198,-0.106876
1205,2025-12-07 22:13:19.316,14,1,insert,0.000000,2.754198,2.726656,0.547633,25466.25,25760.66,26,0.622746,2.747560,-0.106876
1206,2025-12-07 22:13:19.516,14,0,swap,0.000000,2.739008,2.712388,0.547359,25466.25,25760.66,26,0.621722,2.747560,-0.106876
1207,2025-12-07 22:13:19.705,14,5,cross,0.000000,2.747560,2.720084,0.547085,25466.25,25760.66,26,0.620665,2.726656,-0.106876
1208,2025-12-07 22:13:19.934,14,1,insert,0.000000,2.726656,2.699389,0.546812,25466.25,25760.66,26,0.619617,2.720084,-0.106876
1209,2025-12-07 22:13:20.147,14,5,cross,0.000000,2.720084,2.692884,0.546538,25466.25,25760.66,26,0.618570,2.712388,-0.106876
1210,2025-12-07 22:13:20.401,14,5,cross,0.000000,2.692884,2.667710,0.546265,25466.25,25760.66,26,0.617602,2.712388,-0.106876
1211,2025-12-07 22:13:20.669,14,0,swap,0.000000,2.712388,2.685264,0.545992,25466.25,25760.66,26,0.616559,2.699389,-0.106876
1212,2025-12-07 22:13:20.824,14,5,cross,0.000000,2.667710,2.643884,0.545719,25466.25,25760.66,26,0.615643,2.699389,-0.106876
1213,2025-12-07 22:13:21.058,14,1,insert,0.000000,2.699389,2.672396,0.545446,25466.25,25760.66,26,0.614604,2.685264,-0.106876
1214,2025-12-07 22:13:21.234,14,3,2opt,0.000000,2.458850,2.454639,0.545173,25466.25,25760.66,26,0.614442,2.685264,-0.106876
1215,2025-12-07 22:13:21.433,14,0,swap,0.000000,2.685264,2.658411,0.544901,25466.25,25760.66,26,0.613410,2.672396,-0.106876
1216,2025-12-07 22:13:21.631,14,1,insert,0.000000,2.672396,2.645672,0.544628,25466.25,25760.66,26,0.612382,2.658411,-0.106876
1217,2025-12-07 22:13:21.829,14,0,swap,0.000000,2.658411,2.631827,0.544356,25466.25,25760.66,26,0.611359,2.645672,-0.106876
1218,2025-12-07 22:13:22.060,14,1,insert,0.000000,2.645672,2.619215,0.544084,25466.25,25760.66,26,0.610342,2.643884,-0.106876
1219,2025-12-07 22:13:22.265,14,5,cross,0.000000,2.643884,2.617445,0.543812,25466.25,25760.66,26,0.609325,2.631827,-0.106876
1220,2025-12-07 22:13:22.455,14,5,cross,0.000000,2.617445,2.592565,0.543540,25466.25,25760.66,26,0.608368,2.631827,-0.106876
1221,2025-12-07 22:13:22.701,14,0,swap,0.000000,2.631827,2.605509,0.543268,25466.25,25760.66,26,0.607356,2.619215,-0.106876
1222,2025-12-07 22:13:22.918,14,1,insert,0.000000,2.619215,2.593023,0.542996,25466.25,25760.66,26,0.606348,2.605509,-0.106876
1223,2025-12-07 22:13:23.152,14,0,swap,0.000000,2.605509,2.579454,0.542725,25466.25,25760.66,26,0.605346,2.593023,-0.106876
1224,2025-12-07 22:13:23.390,14,1,insert,0.000000,2.593023,2.567093,0.542453,25466.25,25760.66,26,0.604349,2.592565,-0.106876
1225,2025-12-07 22:13:23.596,14,4,oropt,0.000000,-0.106876,0.137142,0.542182,25466.25,25760.66,26,0.613734,2.592565,0.002188
1226,2025-12-07 22:13:23.864,14,5,cross,0.000000,2.592565,2.566640,0.541911,25466.25,25760.66,26,0.612737,2.579454,0.002188
1227,2025-12-07 22:13:24.006,14,0,swap,0.000000,2.579454,2.553659,0.541640,25466.25,25760.66,26,0.611745,2.567093,0.002188
1228,2025-12-07 22:13:24.238,14,2,invert,0.000000,2.376370,2.369771,0.541369,25466.25,25760.66,26,0.611491,2.567093,0.002188
1229,2025-12-07 22:13:24.410,14,4,oropt,0.000000,0.137142,0.354466,0.541099,25466.25,25760.66,26,0.619850,2.567093,0.002188
1230,2025-12-07 22:13:24.643,14,1,insert,0.000000,2.567093,2.541422,0.540828,25466.25,25760.66,26,0.618862,2.566640,0.002188
1231,2025-12-07 22:13:24.877,14,3,2opt,0.000000,2.454639,2.440172,0.540558,25466.25,25760.66,26,0.618306,2.566640,0.002188
1232,2025-12-07 22:13:25.123,14,5,cross,0.000000,2.566640,2.540973,0.540287,25466.25,25760.66,26,0.617319,2.553659,0.002188
1233,2025-12-07 22:13:25.325,14,2,invert,0.000000,2.369771,2.362623,0.540017,25466.25,25760.66,26,0.617044,2.553659,0.002188
1234,2025-12-07 22:13:25.510,14,0,swap,0.000000,2.553659,2.528123,0.539747,25466.25,25760.66,26,0.616062,2.541422,0.002188
1235,2025-12-07 22:13:25.636,14,3,2opt,0.000000,2.440172,2.424883,0.539477,25466.25,25760.66,26,0.615474,2.541422,0.002188
1236,2025-12-07 22:13:25.830,14,0,swap,0.000000,2.528123,2.504038,0.539208,25466.25,25760.66,26,0.614547,2.541422,0.002188
1237,2025-12-07 22:13:26.099,14,1,insert,0.000000,2.541422,2.516007,0.538938,25466.25,25760.66,26,0.613570,2.540973,0.002188
1238,2025-12-07 22:13:26.338,14,5,cross,0.000000,2.540973,2.515563,0.538669,25466.25,25760.66,26,0.612593,2.516007,0.002188
1239,2025-12-07 22:13:26.577,14,1,insert,0.000000,2.516007,2.490847,0.538399,25466.25,25760.66,26,0.611625,2.515563,0.002188
1240,2025-12-07 22:13:26.795,14,5,cross,0.000000,2.515563,2.490408,0.538130,25466.25,25760.66,26,0.610657,2.504038,0.002188
1241,2025-12-07 22:13:26.992,14,3,2opt,0.000000,2.424883,2.407758,0.537861,25466.25,25760.66,26,0.609999,2.504038,0.002188
1242,2025-12-07 22:13:27.260,14,0,swap,0.000000,2.504038,2.478998,0.537592,25466.25,25760.66,26,0.609036,2.490847,0.002188
1243,2025-12-07 22:13:27.508,14,1,insert,0.000000,2.490847,2.465939,0.537323,25466.25,25760.66,26,0.608078,2.490408,0.002188
1244,2025-12-07 22:13:27.731,14,2,invert,0.000000,2.362623,2.350498,0.537055,25466.25,25760.66,26,0.607611,2.490408,0.002188
1245,2025-12-07 22:13:27.904,14,2,invert,0.000000,2.350498,2.339585,0.536786,25466.25,25760.66,26,0.607192,2.490408,0.002188
1246,2025-12-07 22:13:28.111,14,5,cross,0.000000,2.490408,2.465504,0.536518,25466.25,25760.66,26,0.606234,2.478998,0.002188
1247,2025-12-07 22:13:28.257,14,0,swap,0.000000,2.478998,2.454208,0.536249,25466.25,25760.66,26,0.605280,2.465939,0.002188
1248,2025-12-07 22:13:28.435,14,1,insert,0.000000,2.465939,2.441279,0.535981,25466.25,25760.66,26,0.604332,2.465504,0.002188
1249,2025-12-07 22:13:28.630,14,5,cross,0.000000,2.465504,2.440849,0.535713,25466.25,25760.66,26,0.603384,2.454208,0.002188
1250,2025-12-07 22:13:28.802,14,0,swap,0.000000,2.454208,2.429666,0.535445,25466.25,25760.66,26,0.602440,2.441279,0.002188
1251,2025-12-07 22:13:29.036,14,5,cross,0.000000,2.440849,2.416479,0.535178,25466.25,25760.66,26,0.601502,2.441279,0.002188
1252,2025-12-07 22:13:29.197,14,4,oropt,0.000000,0.354466,0.538735,0.534910,25466.25,25760.66,26,0.608590,2.441279,0.002188
1253,2025-12-07 22:13:29.441,14,1,insert,0.000000,2.441279,2.416867,0.534643,25466.25,25760.66,26,0.607651,2.429666,0.002188
1254,2025-12-07 22:13:29.592,14,0,swap,0.000000,2.429666,2.405369,0.534375,25466.25,25760.66,26,0.606716,2.416867,0.002188
1255,2025-12-07 22:13:29.816,14,1,insert,0.000000,2.416867,2.392698,0.534108,25466.25,25760.66,26,0.605787,2.416479,0.002188
1256,2025-12-07 22:13:30.015,14,3,2opt,0.000000,2.407758,2.384465,0.533841,25466.25,25760.66,26,0.604891,2.416479,0.002188
1257,2025-12-07 22:13:30.150,14,3,2opt,0.000000,2.384465,2.363502,0.533574,25466.25,25760.66,26,0.604084,2.416479,0.002188
1258,2025-12-07 22:13:30.357,14,3,2opt,0.000000,2.363502,2.344635,0.533307,25466.25,25760.66,26,0.603359,2.416479,0.002188
1259,2025-12-07 22:13:30.510,14,5,cross,0.000000,2.416479,2.392314,0.533041,25466.25,25760.66,26,0.602429,2.405369,0.002188
1260,2025-12-07 22:13:30.722,14,0,swap,0.000000,2.405369,2.381316,0.532774,25466.25,25760.66,26,0.601504,2.392698,0.002188
1261,2025-12-07 22:13:30.933,14,1,insert,0.000000,2.392698,2.368771,0.532508,25466.25,25760.66,26,0.600584,2.392314,0.002188
1262,2025-12-07 22:13:31.129,14,5,cross,0.000000,2.392314,2.368391,0.532242,25466.25,25760.66,26,0.599664,2.381316,0.002188
1263,2025-12-07 22:13:31.277,14,5,cross,0.000000,2.368391,2.345870,0.531976,25466.25,25760.66,26,0.598798,2.381316,0.002188
1264,2025-12-07 22:13:31.503,14,0,swap,0.000000,2.381316,2.357502,0.531710,25466.25,25760.66,26,0.597882,2.368771,0.002188
1265,2025-12-07 22:13:31.713,14,1,insert,0.000000,2.368771,2.345083,0.531444,25466.25,25760.66,26,0.596971,2.357502,0.002188
1266,2025-12-07 22:13:31.920,14,5,cross,0.000000,2.345870,2.323459,0.531178,25466.25,25760.66,26,0.596109,2.357502,0.002188
1267,2025-12-07 22:13:32.113,14,5,cross,0.000000,2.323459,2.303288,0.530912,25466.25,25760.66,26,0.595333,2.357502,0.002188
1268,2025-12-07 22:13:32.261,14,0,swap,0.000000,2.357502,2.333927,0.530647,25466.25,25760.66,26,0.594426,2.345083,0.002188
1269,2025-12-07 22:13:32.506,14,3,2opt,0.000000,2.344635,2.321229,0.530382,25466.25,25760.66,26,0.593526,2.345083,0.002188
1270,2025-12-07 22:13:32.741,14,1,insert,0.000000,2.345083,2.321632,0.530116,25466.25,25760.66,26,0.592624,2.339585,0.002188
1271,2025-12-07 22:13:32.929,14,5,cross,0.000000,2.303288,2.283522,0.529851,25466.25,25760.66,26,0.591864,2.339585,0.002188
1272,2025-12-07 22:13:33.230,14,2,invert,0.000000,2.339585,2.316189,0.529586,25466.25,25760.66,26,0.590964,2.333927,0.002188
1273,2025-12-07 22:13:33.462,14,4,oropt,0.000000,0.538735,0.694915,0.529322,25466.25,25760.66,26,0.596971,2.333927,0.002188
1274,2025-12-07 22:13:33.696,14,0,swap,0.000000,2.333927,2.310588,0.529057,25466.25,25760.66,26,0.596073,2.321632,0.002188
1275,2025-12-07 22:13:33.939,14,1,insert,0.000000,2.321632,2.298416,0.528792,25466.25,25760.66,26,0.595180,2.321229,0.002188
1276,2025-12-07 22:13:34.116,14,5,cross,0.000000,2.283522,2.264080,0.528528,25466.25,25760.66,26,0.594432,2.321229,0.002188
1277,2025-12-07 22:13:34.264,14,5,cross,0.000000,2.264080,2.246583,0.528264,25466.25,25760.66,26,0.593759,2.321229,0.002188
1278,2025-12-07 22:13:34.459,14,2,invert,0.000000,2.316189,2.293480,0.528000,25466.25,25760.66,26,0.592886,2.321229,0.002188
1279,2025-12-07 22:13:34.609,14,3,2opt,0.000000,2.321229,2.298017,0.527736,25466.25,25760.66,26,0.591993,2.310588,0.002188
1280,2025-12-07 22:13:34.777,14,0,swap,0.000000,2.310588,2.287482,0.527472,25466.25,25760.66,26,0.591105,2.298416,0.002188
1281,2025-12-07 22:13:35.003,14,2,invert,0.000000,2.293480,2.270990,0.527208,25466.25,25760.66,26,0.590240,2.298416,0.002188
1282,2025-12-07 22:13:35.229,14,1,insert,0.000000,2.298416,2.275432,0.526944,25466.25,25760.66,26,0.589356,2.298017,0.002188
1283,2025-12-07 22:13:35.424,14,3,2opt,0.000000,2.298017,2.275036,0.526681,25466.25,25760.66,26,0.588472,2.287482,0.002188
1284,2025-12-07 22:13:35.628,14,4,oropt,0.000000,0.694915,0.831297,0.526418,25466.25,25760.66,26,0.593717,2.287482,0.002188
1285,2025-12-07 22:13:35.898,14,1,insert,0.000000,2.275432,2.253762,0.526154,25466.25,25760.66,26,0.592884,2.287482,0.002188
1286,2025-12-07 22:13:36.103,14,5,cross,0.000000,2.246583,2.227798,0.525891,25466.25,25760.66,26,0.592161,2.287482,0.002188
1287,2025-12-07 22:13:36.300,14,5,cross,0.000000,2.227798,2.210891,0.525628,25466.25,25760.66,26,0.591511,2.287482,0.002188
1288,2025-12-07 22:13:36.518,14,5,cross,0.000000,2.210891,2.195676,0.525366,25466.25,25760.66,26,0.590926,2.287482,0.002188
1289,2025-12-07 22:13:36.723,14,0,swap,0.000000,2.287482,2.264607,0.525103,25466.25,25760.66,26,0.590046,2.275036,0.002188
1290,2025-12-07 22:13:36.889,14,3,2opt,0.000000,2.275036,2.252286,0.524840,25466.25,25760.66,26,0.589171,2.270990,0.002188
1291,2025-12-07 22:13:37.122,14,3,2opt,0.000000,2.252286,2.231447,0.524578,25466.25,25760.66,26,0.588369,2.270990,0.002188
1292,2025-12-07 22:13:37.407,14,2,invert,0.000000,2.270990,2.248280,0.524316,25466.25,25760.66,26,0.587496,2.264607,0.002188
1293,2025-12-07 22:13:37.594,14,3,2opt,0.000000,2.231447,2.212117,0.524053,25466.25,25760.66,26,0.586753,2.264607,0.002188
1294,2025-12-07 22:13:37.797,14,1,insert,0.000000,2.253762,2.232201,0.523791,25466.25,25760.66,26,0.585923,2.264607,0.002188
1295,2025-12-07 22:13:38.075,14,0,swap,0.000000,2.264607,2.241961,0.523530,25466.25,25760.66,26,0.585052,2.248280,0.002188
1296,2025-12-07 22:13:38.312,14,2,invert,0.000000,2.248280,2.225797,0.523268,25466.25,25760.66,26,0.584188,2.241961,0.002188
1297,2025-12-07 22:13:38.587,14,3,2opt,0.000000,2.212117,2.192681,0.523006,25466.25,25760.66,26,0.583440,2.241961,0.002188
1298,2025-12-07 22:13:38.852,14,3,2opt,0.000000,2.192681,2.175190,0.522745,25466.25,25760.66,26,0.582767,2.241961,0.002188
1299,2025-12-07 22:13:39.116,14,0,swap,0.000000,2.241961,2.219542,0.522483,25466.25,25760.66,26,0.581905,2.232201,0.002188
1300,2025-12-07 22:13:39.326,14,1,insert,0.000000,2.232201,2.209879,0.522222,25466.25,25760.66,26,0.581046,2.225797,0.002188
1301,2025-12-07 22:13:39.564,14,2,invert,0.000000,2.225797,2.203539,0.521961,25466.25,25760.66,26,0.580190,2.219542,0.002188
1302,2025-12-07 22:13:39.790,14,1,insert,0.000000,2.209879,2.188650,0.521700,25466.25,25760.66,26,0.579374,2.219542,0.002188
1303,2025-12-07 22:13:39.964,14,0,swap,0.000000,2.219542,2.197346,0.521439,25466.25,25760.66,26,0.578520,2.203539,0.002188
1304,2025-12-07 22:13:40.154,14,2,invert,0.000000,2.203539,2.181504,0.521178,25466.25,25760.66,26,0.577673,2.197346,0.002188
1305,2025-12-07 22:13:40.346,14,3,2opt,0.000000,2.175190,2.155432,0.520918,25466.25,25760.66,26,0.576913,2.197346,0.002188
1306,2025-12-07 22:13:40.605,14,0,swap,0.000000,2.197346,2.175373,0.520657,25466.25,25760.66,26,0.576068,2.195676,0.002188
1307,2025-12-07 22:13:40.745,14,5,cross,-54.937137,2.195676,-3.319995,0.520397,25466.25,39912.83,26,0.363926,2.188650,-3.319995
1308,2025-12-07 22:13:40.917,14,1,insert,2.595488,2.188650,2.426312,0.520137,25466.25,38876.90,26,0.373067,2.426312,-3.319995
1309,2025-12-07 22:13:41.105,14,1,insert,1.616708,2.426312,2.563720,0.519877,25466.25,38248.37,26,0.378352,2.563720,-3.319995
1310,2025-12-07 22:13:41.264,14,3,2opt,1.507978,2.155432,2.321421,0.519617,25466.25,37671.59,26,0.384736,2.563720,-3.319995
1311,2025-12-07 22:13:41.434,14,1,insert,1.832175,2.563720,2.721300,0.519357,25466.25,36981.38,26,0.390797,2.721300,-3.319995
1312,2025-12-07 22:13:41.623,14,1,insert,1.258668,2.721300,2.819954,0.519097,25466.25,36515.91,26,0.394592,2.819954,-3.319995
1313,2025-12-07 22:13:41.814,14,1,insert,1.160909,2.819954,2.907845,0.518838,25466.25,36091.99,26,0.397972,2.907845,-3.319995
1314,2025-12-07 22:13:41.972,14,1,insert,0.951736,2.907845,2.973940,0.518578,25466.25,35748.49,26,0.400514,2.973940,-3.319995
1315,2025-12-07 22:13:42.182,14,1,insert,0.733110,2.973940,3.017512,0.518319,25466.25,35486.42,26,0.402190,3.017512,-3.319995
1316,2025-12-07 22:13:42.399,14,1,insert,0.800485,3.017512,3.067385,0.518060,25466.25,35202.35,26,0.404108,3.067385,-3.319995
1317,2025-12-07 22:13:42.599,14,1,insert,0.690822,3.067385,3.105793,0.517801,25466.25,34959.17,26,0.405585,3.105793,-3.319995
1318,2025-12-07 22:13:42.797,14,1,insert,0.686524,3.105793,3.143388,0.517542,25466.25,34719.17,26,0.407031,3.143388,-3.319995
1319,2025-12-07 22:13:42.986,14,4,oropt,0.727245,0.831297,1.103797,0.517283,25466.25,34466.67,26,0.417512,3.143388,-3.319995
1320,2025-12-07 22:13:43.175,14,4,oropt,1.603830,1.103797,1.436705,0.517025,25466.25,33913.88,26,0.430316,3.143388,-3.319995
1321,2025-12-07 22:13:43.391,14,1,insert,1.299632,3.143388,3.241917,0.516766,25466.25,33473.13,26,0.434106,3.241917,-3.319995
1322,2025-12-07 22:13:43.616,14,1,insert,0.622269,3.241917,3.271725,0.516508,25466.25,33264.84,26,0.435252,3.271725,-3.319995
1323,2025-12-07 22:13:43.816,14,1,insert,0.691194,3.271725,3.308127,0.516249,25466.25,33034.91,26,0.436652,3.308127,-3.319995
1324,2025-12-07 22:13:44.044,14,1,insert,0.622494,3.308127,3.337295,0.515991,25466.25,32829.27,26,0.437774,3.337295,-3.319995
1325,2025-12-07 22:13:44.265,14,1,insert,0.603541,3.337295,3.364276,0.515733,25466.25,32631.13,26,0.438812,3.364276,-3.319995
1326,2025-12-07 22:13:44.462,14,5,cross,0.774195,-3.319995,-2.607791,0.515475,25466.25,32378.50,26,0.466204,3.364276,-2.607791
1327,2025-12-07 22:13:44.673,14,1,insert,0.980372,3.364276,3.428671,0.515218,25466.25,32061.07,26,0.468681,3.428671,-2.607791
1328,2025-12-07 22:13:44.882,14,5,cross,0.527795,-2.607791,-1.985652,0.514960,25466.25,31891.86,26,0.492610,3.428671,-1.985652
1329,2025-12-07 22:13:45.052,14,4,oropt,0.931306,1.436705,1.694745,0.514703,25466.25,31594.85,26,0.502534,3.428671,-1.985652
1330,2025-12-07 22:13:45.267,14,3,2opt,0.863814,2.321421,2.484241,0.514445,25466.25,31321.93,26,0.508796,3.428671,-1.985652
1331,2025-12-07 22:13:45.478,14,0,swap,0.417281,2.175373,2.308144,0.514188,25466.25,31191.23,26,0.513903,3.428671,-1.985652
1332,2025-12-07 22:13:45.735,14,1,insert,1.036692,3.428671,3.498053,0.513931,25466.25,30867.87,26,0.516572,3.498053,-1.985652
1333,2025-12-07 22:13:45.932,14,1,insert,0.482983,3.498053,3.511371,0.513674,25466.25,30718.78,26,0.517084,3.511371,-1.985652
1334,2025-12-07 22:13:46.134,14,5,cross,0.463849,-1.985652,-1.424678,0.513417,25466.25,30576.29,26,0.538660,3.511371,-1.424678
1335,2025-12-07 22:13:46.359,14,1,insert,0.834587,3.511371,3.559716,0.513160,25466.25,30321.11,26,0.540519,3.559716,-1.424678
1336,2025-12-07 22:13:46.611,14,0,swap,0.436126,2.308144,2.441317,0.512904,25466.25,30188.87,26,0.545641,3.559716,-1.424678
1337,2025-12-07 22:13:46.801,14,4,oropt,1.133754,1.694745,1.959021,0.512647,25466.25,29846.60,26,0.555806,3.559716,-1.424678
1338,2025-12-07 22:13:47.070,14,2,invert,0.733742,2.181504,2.357102,0.512391,25466.25,29627.60,26,0.562559,3.559716,-1.424678
1339,2025-12-07 22:13:47.331,14,1,insert,0.206682,3.559716,3.544787,0.512135,25466.25,29566.37,26,0.561985,3.544787,-1.424678
1340,2025-12-07 22:13:47.607,14,1,insert,0.870842,3.544787,3.596423,0.511879,25466.25,29308.89,26,0.563971,3.596423,-1.424678
1341,2025-12-07 22:13:47.894,14,1,insert,0.633183,3.596423,3.623778,0.511623,25466.25,29123.31,26,0.565023,3.623778,-1.424678
1342,2025-12-07 22:13:52.583,14,1,insert,0.583941,3.623778,3.645934,0.511367,25466.25,28953.25,26,0.565875,3.645934,-1.424678
1343,2025-12-07 22:13:52.762,14,1,insert,0.442656,3.645934,3.653740,0.511111,25466.25,28825.09,26,0.566176,3.653740,-1.424678
1344,2025-12-07 22:13:52.945,14,5,cross,0.325089,-1.424678,-0.920865,0.510856,25466.25,28731.38,26,0.585553,3.653740,-0.920865
1345,2025-12-07 22:13:53.154,14,5,cross,0.633825,-0.920865,-0.436560,0.510600,25466.25,28549.27,26,0.604180,3.653740,-0.436560
1346,2025-12-07 22:13:53.429,14,1,insert,0.486230,3.653740,3.665826,0.510345,25466.25,28410.46,26,0.604645,3.665826,-0.436560
1347,2025-12-07 22:13:53.693,14,0,swap,0.472123,2.441317,2.574322,0.510090,25466.25,28276.33,26,0.609761,3.665826,-0.436560
1348,2025-12-07 22:13:53.912,14,1,insert,0.878142,3.665826,3.716982,0.509835,25466.25,28028.02,26,0.611728,3.716982,-0.436560
1349,2025-12-07 22:13:54.188,14,1,insert,0.296781,3.716982,3.709490,0.509580,25466.25,27944.84,26,0.611440,3.709490,-0.436560
1350,2025-12-07 22:13:54.374,14,1,insert,0.227272,3.709490,3.695122,0.509325,25466.25,27881.33,26,0.610888,3.695122,-0.436560
1351,2025-12-07 22:13:54.597,14,1,insert,0.214306,3.695122,3.679602,0.509070,25466.25,27821.58,26,0.610291,3.679602,-0.436560
1352,2025-12-07 22:13:54.799,14,1,insert,0.258217,3.679602,3.668627,0.508816,25466.25,27749.74,26,0.609868,3.668627,-0.436560
1353,2025-12-07 22:13:54.942,14,1,insert,0.140249,3.668627,3.645966,0.508562,25466.25,27710.82,26,0.608997,3.645966,-0.436560
1354,2025-12-07 22:13:55.108,14,1,insert,0.124488,3.645966,3.621955,0.508307,25466.25,27676.32,26,0.608073,3.621955,-0.436560
1355,2025-12-07 22:13:55.322,14,1,insert,0.112499,3.621955,3.596985,0.508053,25466.25,27645.19,26,0.607113,3.596985,-0.436560
1356,2025-12-07 22:13:55.489,14,2,invert,0.478077,2.357102,2.492928,0.507799,25466.25,27513.02,26,0.612337,3.596985,-0.436560
1357,2025-12-07 22:13:55.717,14,3,2opt,0.126166,2.484241,2.572162,0.507545,25466.25,27478.31,26,0.615719,3.596985,-0.436560
1358,2025-12-07 22:13:55.912,14,1,insert,0.031720,3.596985,3.564188,0.507291,25466.25,27469.59,26,0.614457,3.564188,-0.436560
1359,2025-12-07 22:13:56.099,14,1,insert,0.071211,3.564188,3.535667,0.507038,25466.25,27450.03,26,0.613360,3.535667,-0.436560
1360,2025-12-07 22:13:56.312,14,1,insert,0.028321,3.535667,3.503142,0.506784,25466.25,27442.26,26,0.612109,3.503142,-0.436560
1361,2025-12-07 22:13:56.450,14,2,invert,0.148091,2.492928,2.573727,0.506531,25466.25,27401.62,26,0.615217,3.503142,-0.436560
1362,2025-12-07 22:13:56.637,14,2,invert,0.016859,2.573727,2.633323,0.506278,25466.25,27397.00,26,0.617509,3.503142,-0.436560
1363,2025-12-07 22:13:56.783,14,3,2opt,0.010359,2.572162,2.631265,0.506024,25466.25,27394.16,26,0.619782,3.503142,-0.436560
1364,2025-12-07 22:13:56.977,14,4,oropt,0.000000,1.959021,2.078401,0.505771,25466.25,27394.16,26,0.624374,3.503142,-0.436560
1365,2025-12-07 22:13:57.064,14,4,oropt,0.163163,2.078401,2.202160,0.505519,25466.25,27349.46,26,0.629134,3.503142,-0.436560
1366,2025-12-07 22:13:57.164,14,1,insert,0.002304,3.503142,3.468341,0.505266,25466.25,27348.83,26,0.627795,3.468341,-0.436560
1367,2025-12-07 22:13:57.346,14,0,swap,0.120001,2.574322,2.641040,0.505013,25466.25,27316.01,26,0.630361,3.468341,-0.436560
1368,2025-12-07 22:13:57.531,14,1,insert,0.394268,3.468341,3.473085,0.504761,25466.25,27208.32,26,0.630544,3.473085,-0.436560
1369,2025-12-07 22:13:57.654,14,0,swap,0.187577,2.641040,2.708272,0.504508,25466.25,27157.28,26,0.633130,3.473085,-0.436560
1370,2025-12-07 22:13:57.787,14,1,insert,0.341211,3.473085,3.472475,0.504256,25466.25,27064.62,26,0.633106,3.472475,-0.436560
1371,2025-12-07 22:13:57.978,14,1,insert,0.058792,3.472475,3.443629,0.504004,25466.25,27048.70,26,0.631997,3.443629,-0.436560
1372,2025-12-07 22:13:58.138,14,4,oropt,0.041241,2.202160,2.295995,0.503752,25466.25,27037.55,26,0.635606,3.443629,-0.436560
1373,2025-12-07 22:13:58.347,14,1,insert,0.030137,3.443629,3.412207,0.503500,25466.25,27029.40,26,0.634397,3.412207,-0.436560
1374,2025-12-07 22:13:58.517,14,0,swap,0.023185,2.708272,2.746862,0.503248,25466.25,27023.13,26,0.635881,3.412207,-0.436560
1375,2025-12-07 22:13:58.773,14,0,swap,0.256428,2.746862,2.804917,0.502997,25466.25,26953.84,26,0.638114,3.412207,-0.436560
1376,2025-12-07 22:13:58.966,14,1,insert,0.239426,3.412207,3.402027,0.502745,25466.25,26889.30,26,0.637723,3.402027,-0.436560
1377,2025-12-07 22:13:59.167,14,1,insert,0.153608,3.402027,3.383368,0.502494,25466.25,26848.00,26,0.637005,3.383368,-0.436560
1378,2025-12-07 22:13:59.287,14,1,insert,0.001091,3.383368,3.349643,0.502243,25466.25,26847.71,26,0.635708,3.349643,-0.436560
1379,2025-12-07 22:13:59.392,14,1,insert,0.000000,3.349643,3.316147,0.501991,25466.25,26847.71,26,0.634420,3.316147,-0.436560
1380,2025-12-07 22:13:59.545,14,1,insert,0.000000,3.316147,3.282985,0.501740,25466.25,26847.71,26,0.633144,3.282985,-0.436560
1381,2025-12-07 22:13:59.715,14,2,invert,0.000000,2.633323,2.665460,0.501490,25466.25,26847.71,26,0.634380,3.282985,-0.436560
1382,2025-12-07 22:13:59.890,14,5,cross,-0.095203,-0.436560,-0.106955,0.501239,25466.25,26873.27,26,0.647057,3.282985,-0.106955
1383,2025-12-07 22:14:00.095,14,1,insert,0.339067,3.282985,3.284062,0.500988,25466.25,26782.15,26,0.647099,3.284062,-0.106955
1384,2025-12-07 22:14:00.216,14,4,oropt,0.183901,2.295995,2.380351,0.500738,25466.25,26732.90,26,0.650343,3.284062,-0.106955
1385,2025-12-07 22:14:00.426,14,1,insert,0.142009,3.284062,3.265422,0.500487,25466.25,26694.93,26,0.649626,3.265422,-0.106955
1386,2025-12-07 22:14:00.610,14,0,swap,0.000000,2.804917,2.818313,0.500237,25466.25,26694.93,26,0.650142,3.265422,-0.106955
1387,2025-12-07 22:14:00.842,14,1,insert,0.192667,3.265422,3.252035,0.499987,25466.25,26643.50,26,0.649627,3.252035,-0.106955
1388,2025-12-07 22:14:01.018,14,1,insert,0.066719,3.252035,3.226186,0.499737,25466.25,26625.72,26,0.648633,3.226186,-0.106955
1389,2025-12-07 22:14:01.183,14,1,insert,0.076820,3.226186,3.201607,0.499487,25466.25,26605.27,26,0.647687,3.201607,-0.106955
1390,2025-12-07 22:14:01.330,14,1,insert,0.000000,3.201607,3.169591,0.499237,25466.25,26605.27,26,0.646456,3.169591,-0.106955
1391,2025-12-07 22:14:01.480,14,1,insert,0.000000,3.169591,3.137895,0.498988,25466.25,26605.27,26,0.645237,3.137895,-0.106955
1392,2025-12-07 22:14:01.571,14,1,insert,0.000000,3.137895,3.106516,0.498738,25466.25,26605.27,26,0.644030,3.106516,-0.106955
1393,2025-12-07 22:14:01.704,14,1,insert,0.000000,3.106516,3.075450,0.498489,25466.25,26605.27,26,0.642835,3.075450,-0.106955
1394,2025-12-07 22:14:01.851,14,1,insert,0.000000,3.075450,3.044696,0.498240,25466.25,26605.27,26,0.641652,3.044696,-0.106955
1395,2025-12-07 22:14:02.047,14,1,insert,0.000000,3.044696,3.014249,0.497990,25466.25,26605.27,26,0.640481,3.014249,-0.106955
1396,2025-12-07 22:14:02.234,14,1,insert,0.000000,3.014249,2.984107,0.497741,25466.25,26605.27,26,0.639322,2.984107,-0.106955
1397,2025-12-07 22:14:02.430,14,1,insert,0.000000,2.984107,2.954265,0.497493,25466.25,26605.27,26,0.638174,2.954265,-0.106955
1398,2025-12-07 22:14:02.624,14,1,insert,0.000000,2.954265,2.924723,0.497244,25466.25,26605.27,26,0.637038,2.924723,-0.106955
1399,2025-12-07 22:14:02.798,14,5,cross,0.000000,-0.106955,0.166965,0.496995,25466.25,26605.27,26,0.647573,2.924723,0.002188
1400,2025-12-07 22:14:02.986,14,1,insert,0.298962,2.924723,2.925372,0.496747,25466.25,26525.73,26,0.647598,2.925372,0.002188
1401,2025-12-07 22:14:03.138,14,1,insert,0.000000,2.925372,2.896118,0.496498,25466.25,26525.73,26,0.646473,2.896118,0.002188
1402,2025-12-07 22:14:03.349,14,3,2opt,0.000000,2.631265,2.628789,0.496250,25466.25,26525.73,26,0.646378,2.896118,0.002188
1403,2025-12-07 22:14:03.508,14,5,cross,-0.138539,0.166965,0.397066,0.496002,25466.25,26562.48,26,0.655228,2.896118,0.002188
1404,2025-12-07 22:14:03.717,14,1,insert,0.143787,2.896118,2.881536,0.495754,25466.25,26524.29,26,0.654667,2.881536,0.002188
1405,2025-12-07 22:14:03.869,14,1,insert,0.000000,2.881536,2.852720,0.495506,25466.25,26524.29,26,0.653559,2.852720,0.002188
1406,2025-12-07 22:14:04.000,14,1,insert,0.000000,2.852720,2.824193,0.495258,25466.25,26524.29,26,0.652461,2.824193,0.002188
1407,2025-12-07 22:14:04.184,14,1,insert,0.000000,2.824193,2.795951,0.495011,25466.25,26524.29,26,0.651375,2.818313,0.002188
1408,2025-12-07 22:14:04.381,14,0,swap,0.000000,2.818313,2.790130,0.494763,25466.25,26524.29,26,0.650291,2.795951,0.002188
1409,2025-12-07 22:14:04.540,14,1,insert,0.062625,2.795951,2.774254,0.494516,25466.25,26507.67,26,0.649457,2.790130,0.002188
1410,2025-12-07 22:14:04.757,14,2,invert,0.000000,2.665460,2.650025,0.494269,25466.25,26507.67,26,0.648863,2.790130,0.002188
1411,2025-12-07 22:14:04.865,14,0,swap,0.000000,2.790130,2.762229,0.494021,25466.25,26507.67,26,0.647790,2.774254,0.002188
1412,2025-12-07 22:14:05.027,14,1,insert,0.050408,2.774254,2.751552,0.493774,25466.25,26494.31,26,0.646917,2.762229,0.002188
1413,2025-12-07 22:14:05.202,14,2,invert,0.000000,2.650025,2.633623,0.493528,25466.25,26494.31,26,0.646286,2.762229,0.002188
1414,2025-12-07 22:14:05.391,14,5,cross,-0.367151,0.397066,0.569245,0.493281,25466.25,26591.59,26,0.652908,2.762229,0.002188
1415,2025-12-07 22:14:05.542,14,0,swap,0.138021,2.762229,2.748408,0.493034,25466.25,26554.88,26,0.652377,2.751552,0.002188
1416,2025-12-07 22:14:05.722,14,1,insert,0.723201,2.751552,2.796357,0.492788,25466.25,26362.84,26,0.654100,2.796357,0.002188
1417,2025-12-07 22:14:05.925,14,0,swap,0.214761,2.748408,2.746716,0.492541,25466.25,26306.22,26,0.654035,2.796357,0.002188
1418,2025-12-07 22:14:06.055,14,1,insert,0.074535,2.796357,2.775847,0.492295,25466.25,26286.61,26,0.653246,2.775847,0.002188
1419,2025-12-07 22:14:06.202,14,1,insert,0.010842,2.775847,2.749173,0.492049,25466.25,26283.76,26,0.652220,2.749173,0.002188
1420,2025-12-07 22:14:06.349,14,4,oropt,0.010783,2.380351,2.390820,0.491803,25466.25,26280.93,26,0.652623,2.749173,0.002188
1421,2025-12-07 22:14:06.442,14,1,insert,0.070992,2.749173,2.728780,0.491557,25466.25,26262.27,26,0.651838,2.746716,0.002188
1422,2025-12-07 22:14:06.612,14,3,2opt,0.000000,2.628789,2.613114,0.491311,25466.25,26262.27,26,0.651236,2.746716,0.002188
1423,2025-12-07 22:14:06.782,14,2,invert,0.000000,2.633623,2.617466,0.491065,25466.25,26262.27,26,0.650614,2.746716,0.002188
1424,2025-12-07 22:14:06.992,14,5,cross,0.000000,0.569245,0.759525,0.490820,25466.25,26262.27,26,0.657933,2.746716,0.002188
1425,2025-12-07 22:14:07.184,14,0,swap,0.228300,2.746716,2.742079,0.490575,25466.25,26202.32,26,0.657754,2.742079,0.002188
1426,2025-12-07 22:14:07.383,14,0,swap,0.031313,2.742079,2.717789,0.490329,25466.25,26194.11,26,0.656820,2.728780,0.002188
1427,2025-12-07 22:14:07.558,14,0,swap,0.030261,2.717789,2.694627,0.490084,25466.25,26186.19,26,0.655929,2.728780,0.002188
1428,2025-12-07 22:14:07.751,14,1,insert,0.022643,2.728780,2.703757,0.489839,25466.25,26180.26,26,0.654967,2.703757,0.002188
1429,2025-12-07 22:14:07.899,14,3,2opt,0.000000,2.613114,2.595141,0.489594,25466.25,26180.26,26,0.654275,2.703757,0.002188
1430,2025-12-07 22:14:08.076,14,2,invert,0.000000,2.617466,2.599057,0.489349,25466.25,26180.26,26,0.653567,2.703757,0.002188
1431,2025-12-07 22:14:08.253,14,1,insert,0.000000,2.703757,2.676719,0.489105,25466.25,26180.26,26,0.652528,2.694627,0.002188
1432,2025-12-07 22:14:08.360,14,1,insert,0.000000,2.676719,2.651563,0.488860,25466.25,26180.26,26,0.651560,2.694627,0.002188
1433,2025-12-07 22:14:08.535,14,0,swap,0.000000,2.694627,2.667680,0.488616,25466.25,26180.26,26,0.650524,2.667680,0.002188
1434,2025-12-07 22:14:08.706,14,2,invert,0.015807,2.599057,2.580823,0.488371,25466.25,26176.12,26,0.649822,2.667680,0.002188
1435,2025-12-07 22:14:08.878,14,0,swap,0.000000,2.667680,2.641004,0.488127,25466.25,26176.12,26,0.648796,2.651563,0.002188
1436,2025-12-07 22:14:09.010,14,5,cross,0.008188,0.759525,0.923032,0.487883,25466.25,26173.97,26,0.655085,2.651563,0.002188
1437,2025-12-07 22:14:09.184,14,3,2opt,0.106195,2.595141,2.584887,0.487639,25466.25,26146.18,26,0.654691,2.651563,0.002188
1438,2025-12-07 22:14:09.350,14,1,insert,-0.627180,2.651563,2.562330,0.487395,25466.25,26310.16,26,0.651259,2.641004,0.002188
1439,2025-12-07 22:14:09.522,14,4,oropt,0.013263,2.390820,2.390755,0.487152,25466.25,26306.67,26,0.651256,2.641004,0.002188
1440,2025-12-07 22:14:09.699,14,0,swap,0.623354,2.641004,2.676929,0.486908,25466.25,26142.69,26,0.652638,2.676929,0.002188
1441,2025-12-07 22:14:09.865,14,0,swap,0.008840,2.676929,2.651044,0.486665,25466.25,26140.38,26,0.651642,2.651044,0.002188
1442,2025-12-07 22:14:10.055,14,0,swap,0.000000,2.651044,2.624533,0.486421,25466.25,26140.38,26,0.650623,2.624533,0.002188
1443,2025-12-07 22:14:10.232,14,0,swap,0.000000,2.624533,2.598288,0.486178,25466.25,26140.38,26,0.649613,2.598288,0.002188
1444,2025-12-07 22:14:10.387,14,0,swap,0.000000,2.598288,2.572305,0.485935,25466.25,26140.38,26,0.648614,2.584887,0.002188
1445,2025-12-07 22:14:10.546,14,3,2opt,0.000000,2.584887,2.559038,0.485692,25466.25,26140.38,26,0.647620,2.580823,0.002188
1446,2025-12-07 22:14:10.635,14,4,oropt,0.000000,2.390755,2.383953,0.485449,25466.25,26140.38,26,0.647358,2.580823,0.002188
1447,2025-12-07 22:14:10.801,14,2,invert,0.000000,2.580823,2.555015,0.485206,25466.25,26140.38,26,0.646365,2.572305,0.002188
1448,2025-12-07 22:14:10.994,14,0,swap,0.000000,2.572305,2.546582,0.484964,25466.25,26140.38,26,0.645376,2.562330,0.002188
1449,2025-12-07 22:14:11.153,14,1,insert,0.000000,2.562330,2.536707,0.484721,25466.25,26140.38,26,0.644391,2.559038,0.002188
1450,2025-12-07 22:14:11.329,14,5,cross,0.000000,0.923032,1.061042,0.484479,25466.25,26140.38,26,0.649699,2.559038,0.002188
1451,2025-12-07 22:14:11.542,14,3,2opt,0.087101,2.559038,2.542158,0.484237,25466.25,26117.61,26,0.649049,2.555015,0.002188
1452,2025-12-07 22:14:11.733,14,3,2opt,0.059745,2.542158,2.523868,0.483995,25466.25,26102.01,26,0.648346,2.555015,0.002188
1453,2025-12-07 22:14:11.847,14,5,cross,0.000000,1.061042,1.184889,0.483753,25466.25,26102.01,26,0.653109,2.555015,0.002188
1454,2025-12-07 22:14:12.018,14,2,invert,0.035775,2.555015,2.533042,0.483511,25466.25,26092.67,26,0.652264,2.546582,0.002188
1455,2025-12-07 22:14:12.182,14,2,invert,0.000000,2.533042,2.508930,0.483269,25466.25,26092.67,26,0.651337,2.546582,0.002188
1456,2025-12-07 22:14:12.326,14,0,swap,0.000000,2.546582,2.521116,0.483027,25466.25,26092.67,26,0.650357,2.536707,0.002188
1457,2025-12-07 22:14:12.476,14,1,insert,0.000000,2.536707,2.511339,0.482786,25466.25,26092.67,26,0.649382,2.523868,0.002188
1458,2025-12-07 22:14:12.640,14,3,2opt,0.000000,2.523868,2.498629,0.482544,25466.25,26092.67,26,0.648411,2.521116,0.002188
1459,2025-12-07 22:14:12.780,14,3,2opt,0.000000,2.498629,2.475667,0.482303,25466.25,26092.67,26,0.647528,2.521116,0.002188
1460,2025-12-07 22:14:12.928,14,3,2opt,0.000000,2.475667,2.455001,0.482062,25466.25,26092.67,26,0.646733,2.521116,0.002188
1461,2025-12-07 22:14:13.090,14,4,oropt,0.000000,2.383953,2.372458,0.481821,25466.25,26092.67,26,0.646291,2.521116,0.002188
1462,2025-12-07 22:14:13.272,14,3,2opt,0.140838,2.455001,2.450485,0.481580,25466.25,26055.92,26,0.646117,2.521116,0.002188
1463,2025-12-07 22:14:13.400,14,3,2opt,0.000000,2.450485,2.432337,0.481339,25466.25,26055.92,26,0.645419,2.521116,0.002188
1464,2025-12-07 22:14:13.529,14,1,insert,0.000000,2.511339,2.487106,0.481099,25466.25,26055.92,26,0.644487,2.521116,0.002188
1465,2025-12-07 22:14:13.694,14,3,2opt,0.000000,2.432337,2.416004,0.480858,25466.25,26055.92,26,0.643859,2.521116,0.002188
1466,2025-12-07 22:14:13.842,14,2,invert,0.000000,2.508930,2.484938,0.480618,25466.25,26055.92,26,0.642936,2.521116,0.002188
1467,2025-12-07 22:14:13.979,14,2,invert,-0.141036,2.484938,2.449241,0.480377,25466.25,26092.67,26,0.641563,2.521116,0.002188
1468,2025-12-07 22:14:14.058,14,5,cross,0.000000,1.184889,1.293301,0.480137,25466.25,26092.67,26,0.645733,2.521116,0.002188
1469,2025-12-07 22:14:14.146,14,1,insert,0.000000,2.487106,2.465296,0.479897,25466.25,26092.67,26,0.644894,2.521116,0.002188
1470,2025-12-07 22:14:14.237,14,0,swap,0.000000,2.521116,2.495905,0.479657,25466.25,26092.67,26,0.643924,2.495905,0.002188
1471,2025-12-07 22:14:14.332,14,2,invert,0.000000,2.449241,2.428948,0.479417,25466.25,26092.67,26,0.643144,2.495905,0.002188
1472,2025-12-07 22:14:14.438,14,0,swap,0.000000,2.495905,2.470946,0.479178,25466.25,26092.67,26,0.642184,2.470946,0.002188
1473,2025-12-07 22:14:14.547,14,0,swap,0.000000,2.470946,2.446236,0.478938,25466.25,26092.67,26,0.641233,2.465296,0.002188
1474,2025-12-07 22:14:14.686,14,1,insert,0.000000,2.465296,2.440643,0.478699,25466.25,26092.67,26,0.640285,2.446236,0.002188
1475,2025-12-07 22:14:14.863,14,0,swap,0.000000,2.446236,2.421774,0.478459,25466.25,26092.67,26,0.639344,2.440643,0.002188
1476,2025-12-07 22:14:15.050,14,3,2opt,0.000000,2.416004,2.394061,0.478220,25466.25,26092.67,26,0.638500,2.440643,0.002188
1477,2025-12-07 22:14:15.223,14,1,insert,0.000000,2.440643,2.416236,0.477981,25466.25,26092.67,26,0.637562,2.428948,0.002188
1478,2025-12-07 22:14:15.361,14,2,invert,0.000000,2.428948,2.404659,0.477742,25466.25,26092.67,26,0.636628,2.421774,0.002188
1479,2025-12-07 22:14:15.520,14,4,oropt,0.000000,2.372458,2.353172,0.477503,25466.25,26092.67,26,0.635886,2.421774,0.002188
1480,2025-12-07 22:14:15.681,14,3,2opt,0.000000,2.394061,2.372615,0.477264,25466.25,26092.67,26,0.635061,2.421774,0.002188
1481,2025-12-07 22:14:15.875,14,0,swap,0.000000,2.421774,2.397556,0.477026,25466.25,26092.67,26,0.634129,2.416236,0.002188
1482,2025-12-07 22:14:16.017,14,1,insert,0.000000,2.416236,2.392074,0.476787,25466.25,26092.67,26,0.633200,2.404659,0.002188
1483,2025-12-07 22:14:16.166,14,3,2opt,0.000000,2.372615,2.351772,0.476549,25466.25,26092.67,26,0.632399,2.404659,0.002188
1484,2025-12-07 22:14:16.335,14,5,cross,0.000000,1.293301,1.380390,0.476310,25466.25,26092.67,26,0.635748,2.404659,0.002188
1485,2025-12-07 22:14:16.524,14,3,2opt,0.000000,2.351772,2.333014,0.476072,25466.25,26092.67,26,0.635027,2.404659,0.002188
1486,2025-12-07 22:14:16.665,14,0,swap,0.000000,2.397556,2.374220,0.475834,25466.25,26092.67,26,0.634129,2.404659,0.002188
1487,2025-12-07 22:14:16.868,14,2,invert,0.000000,2.404659,2.380612,0.475596,25466.25,26092.67,26,0.633204,2.392074,0.002188
1488,2025-12-07 22:14:17.060,14,1,insert,0.000000,2.392074,2.368153,0.475359,25466.25,26092.67,26,0.632284,2.380612,0.002188
1489,2025-12-07 22:14:17.257,14,2,invert,0.000000,2.380612,2.356806,0.475121,25466.25,26092.67,26,0.631369,2.374220,0.002188
1490,2025-12-07 22:14:17.415,14,0,swap,0.000000,2.374220,2.350478,0.474883,25466.25,26092.67,26,0.630455,2.368153,0.002188
1491,2025-12-07 22:14:17.631,14,1,insert,0.000000,2.368153,2.344472,0.474646,25466.25,26092.67,26,0.629545,2.356806,0.002188
1492,2025-12-07 22:14:17.809,14,5,cross,0.000000,1.380390,1.454463,0.474409,25466.25,26092.67,26,0.632394,2.356806,0.002188
1493,2025-12-07 22:14:17.969,14,1,insert,0.000000,2.344472,2.322137,0.474171,25466.25,26092.67,26,0.631535,2.356806,0.002188
1494,2025-12-07 22:14:18.148,14,2,invert,0.000000,2.356806,2.333238,0.473934,25466.25,26092.67,26,0.630628,2.353172,0.002188
1495,2025-12-07 22:14:18.318,14,3,2opt,0.000000,2.333014,2.311499,0.473697,25466.25,26092.67,26,0.629801,2.353172,0.002188
1496,2025-12-07 22:14:18.485,14,5,cross,0.000000,1.454463,1.520803,0.473460,25466.25,26092.67,26,0.632352,2.353172,0.002188
1497,2025-12-07 22:14:18.615,14,4,oropt,0.000000,2.353172,2.329640,0.473224,25466.25,26092.67,26,0.631447,2.350478,0.002188
1498,2025-12-07 22:14:18.816,14,0,swap,0.000000,2.350478,2.326973,0.472987,25466.25,26092.67,26,0.630543,2.333238,0.002188
1499,2025-12-07 22:14:19.006,14,2,invert,0.000000,2.333238,2.309906,0.472751,25466.25,26092.67,26,0.629646,2.329640,0.002188
1500,2025-12-07 22:14:19.202,14,4,oropt,0.000000,2.329640,2.306344,0.472514,25466.25,26092.67,26,0.628750,2.326973,0.002188
1501,2025-12-07 22:14:19.377,14,5,cross,0.000000,1.520803,1.578150,0.472278,25466.25,26092.67,26,0.630955,2.326973,0.002188
1502,2025-12-07 22:14:19.575,14,5,cross,0.000000,1.578150,1.629762,0.472042,25466.25,26092.67,26,0.632940,2.326973,0.002188
1503,2025-12-07 22:14:19.788,14,1,insert,0.000000,2.322137,2.299351,0.471806,25466.25,26092.67,26,0.632064,2.326973,0.002188
1504,2025-12-07 22:14:20.003,14,1,insert,0.000000,2.299351,2.278843,0.471570,25466.25,26092.67,26,0.631275,2.326973,0.002188
1505,2025-12-07 22:14:20.196,14,3,2opt,0.000000,2.311499,2.289776,0.471334,25466.25,26092.67,26,0.630440,2.326973,0.002188
1506,2025-12-07 22:14:20.375,14,4,oropt,0.000000,2.306344,2.285137,0.471098,25466.25,26092.67,26,0.629624,2.326973,0.002188
1507,2025-12-07 22:14:20.517,14,1,insert,-54.818164,2.278843,-3.221430,0.470863,25466.25,40396.19,26,0.418075,2.326973,-3.221430
1508,2025-12-07 22:14:20.724,14,0,swap,1.669947,2.326973,2.470698,0.470627,25466.25,39721.59,26,0.423603,2.470698,-3.221430
1509,2025-12-07 22:14:20.893,14,0,swap,1.646473,2.470698,2.610638,0.470392,25466.25,39067.59,26,0.428985,2.610638,-3.221430
1510,2025-12-07 22:14:21.060,14,5,cross,1.611352,1.629762,1.862879,0.470157,25466.25,38438.07,26,0.437951,2.610638,-3.221430
1511,2025-12-07 22:14:21.195,14,4,oropt,2.273266,2.285137,2.518907,0.469922,25466.25,37564.27,26,0.446942,2.610638,-3.221430
1512,2025-12-07 22:14:21.368,14,2,invert,1.639023,2.309906,2.477775,0.469687,25466.25,36948.59,26,0.453399,2.610638,-3.221430
1513,2025-12-07 22:14:21.538,14,0,swap,2.308788,2.610638,2.815411,0.469452,25466.25,36095.52,26,0.461275,2.815411,-3.221430
1514,2025-12-07 22:14:21.754,14,5,cross,1.308703,1.862879,2.060848,0.469217,25466.25,35623.14,26,0.468889,2.815411,-3.221430
1515,2025-12-07 22:14:21.894,14,0,swap,1.992824,2.815411,2.986539,0.468983,25466.25,34913.23,26,0.475471,2.986539,-3.221430
1516,2025-12-07 22:14:22.083,14,5,cross,1.151450,2.060848,2.238697,0.468748,25466.25,34511.22,26,0.482311,2.986539,-3.221430
1517,2025-12-07 22:14:22.265,14,0,swap,1.655621,2.986539,3.122236,0.468514,25466.25,33939.85,26,0.487530,3.122236,-3.221430
1518,2025-12-07 22:14:22.468,14,0,swap,1.153326,3.122236,3.206346,0.468280,25466.25,33548.41,26,0.490765,3.206346,-3.221430
1519,2025-12-07 22:14:22.654,14,0,swap,0.896996,3.206346,3.263982,0.468045,25466.25,33247.48,26,0.492982,3.263982,-3.221430
1520,2025-12-07 22:14:22.820,14,3,2opt,1.059814,2.289776,2.460538,0.467811,25466.25,32895.12,26,0.499550,3.263982,-3.221430
1521,2025-12-07 22:14:23.067,14,2,invert,0.868009,2.477775,2.610557,0.467578,25466.25,32609.59,26,0.504657,3.263982,-3.221430
1522,2025-12-07 22:14:23.237,14,0,swap,0.956200,3.263982,3.326962,0.467344,25466.25,32297.78,26,0.507079,3.326962,-3.221430
1523,2025-12-07 22:14:23.480,14,0,swap,0.926074,3.326962,3.386300,0.467110,25466.25,31998.68,26,0.509361,3.386300,-3.221430
1524,2025-12-07 22:14:23.702,14,0,swap,0.929388,3.386300,3.445376,0.466877,25466.25,31701.28,26,0.511634,3.445376,-3.221430
1525,2025-12-07 22:14:23.919,14,4,oropt,0.894080,2.518907,2.666509,0.466643,25466.25,31417.85,26,0.517311,3.445376,-3.221430
1526,2025-12-07 22:14:24.146,14,3,2opt,0.739208,2.460538,2.598489,0.466410,25466.25,31185.61,26,0.522616,3.445376,-3.221430
1527,2025-12-07 22:14:24.341,14,4,oropt,0.658824,2.666509,2.775824,0.466177,25466.25,30980.15,26,0.526821,3.445376,-3.221430
1528,2025-12-07 22:14:24.605,14,2,invert,0.821796,2.610557,2.741764,0.465943,25466.25,30725.55,26,0.531867,3.445376,-3.221430
1529,2025-12-07 22:14:24.839,14,0,swap,0.232669,3.445376,3.434189,0.465711,25466.25,30654.07,26,0.531437,3.434189,-3.221430
1530,2025-12-07 22:14:25.116,14,0,swap,0.876349,3.434189,3.487482,0.465478,25466.25,30385.43,26,0.533487,3.487482,-3.221430
1531,2025-12-07 22:14:25.377,14,3,2opt,0.746309,2.598489,2.727145,0.465245,25466.25,30158.66,26,0.538435,3.487482,-3.221430
1532,2025-12-07 22:14:25.611,14,0,swap,0.195618,3.487482,3.472169,0.465012,25466.25,30099.66,26,0.537846,3.472169,-3.221430
1533,2025-12-07 22:14:25.890,14,0,swap,0.739286,3.472169,3.511376,0.464780,25466.25,29877.14,26,0.539354,3.511376,-3.221430
1534,2025-12-07 22:14:26.090,14,3,2opt,0.706980,2.727145,2.841152,0.464547,25466.25,29665.92,26,0.543739,3.511376,-3.221430
1535,2025-12-07 22:14:26.312,14,0,swap,0.159542,3.511376,3.492216,0.464315,25466.25,29618.59,26,0.543002,3.492216,-3.221430
1536,2025-12-07 22:14:26.522,14,0,swap,0.908902,3.492216,3.548184,0.464083,25466.25,29349.38,26,0.545155,3.548184,-3.221430
1537,2025-12-07 22:14:26.748,14,1,insert,0.677798,-3.221430,-2.512170,0.463851,25466.25,29150.45,26,0.572434,3.548184,-2.512170
1538,2025-12-07 22:14:26.999,14,0,swap,0.612225,3.548184,3.573925,0.463619,25466.25,28971.99,26,0.573424,3.573925,-2.512170
1539,2025-12-07 22:14:27.237,14,3,2opt,0.650962,2.841152,2.943786,0.463387,25466.25,28783.39,26,0.577371,3.573925,-2.512170
1540,2025-12-07 22:14:27.514,14,0,swap,0.091165,3.573925,3.547302,0.463155,25466.25,28757.15,26,0.576347,3.547302,-2.512170
1541,2025-12-07 22:14:27.731,14,4,oropt,0.587111,2.775824,2.876210,0.462924,25466.25,28588.31,26,0.580208,3.547302,-2.512170
