ScenarioId,Filename,Iterations,TabuSize,MutationType,UseRL,Repeat,Seed,GreedyObjective,GreedyTotalCost,GreedyTotalPenalty,GreedyTotalVehicleOperationTime,Objective,TotalCost,TotalPenalty,TotalVehicleOperationTime,RoutesCount,DurationMs,GTR,algorithm
0,pliki//100 lokacji//C101.txt,200,50,swap,False,2,7042,15893.915921003092,1294.4721200868219,8984.971680829447,5614.472120086822,14358.81936198932,1271.197817357926,7496.423727273471,5591.197817357925,11,300030.0121,0;98;7;97;84;61;0;0;13;95;10;11;0;0;65;63;0;0;20;83;40;59;51;64;89;91;0;0;43;54;27;30;46;0;0;24;25;8;44;45;0;0;41;19;29;16;14;23;0;0;67;74;0;0;5;18;15;0;0;32;31;37;0;0;90;86;94;92;6;0,TabuSearch
0,pliki//100 lokacji//C101.txt,200,50,swap,False,2,7043,15893.915921003092,1294.4721200868219,8984.971680829447,5614.472120086822,14154.422338424789,1331.669553492903,7171.083231438982,5651.669553492903,11,300006.0205,0;98;16;15;0;0;90;86;74;0;0;5;95;97;0;0;25;31;27;0;0;24;40;10;84;6;64;0;0;13;7;8;11;0;0;43;41;54;44;46;0;0;67;63;0;0;32;18;29;30;0;0;65;94;83;92;14;23;51;0;0;20;19;37;45;61;59;89;91;0,TabuSearch
1,pliki//100 lokacji//C101.txt,200,50,swap,False,2,8042,15297.981810093605,1324.1555224765964,8149.67076514041,5824.155522476598,14229.164562385766,1502.5071287393207,6724.150304907125,6002.507128739321,12,300020.7068,0;5;27;37;29;12;26;51;47;0;0;86;62;73;82;85;0;0;13;7;19;28;0;0;57;54;72;0;0;90;8;44;93;23;0;0;98;95;94;92;0;0;43;76;61;84;88;0;0;20;0;0;33;31;35;0;0;32;41;46;0;0;3;18;83;11;59;68;66;0;0;67;63;0,TabuSearch
1,pliki//100 lokacji//C101.txt,200,50,swap,False,2,8043,15297.981810093605,1324.1555224765964,8149.67076514041,5824.155522476598,14015.174090044977,1521.46388350969,6472.246323025596,6021.463883509689,11,300014.1656,0;43;63;93;0;0;67;41;62;83;73;68;66;0;0;33;8;92;0;0;3;27;29;11;85;12;0;0;5;18;19;72;61;59;51;47;0;0;98;76;37;28;23;26;0;0;13;86;88;0;0;32;7;0;0;57;54;44;0;0;20;31;35;46;0;0;90;95;94;82;84;0,TabuSearch
2,pliki//100 lokacji//C101.txt,200,50,swap,False,2,9042,18197.77667679667,1273.9746952723317,10969.827286252006,5953.974695272333,16204.534497627465,1807.309040912539,7909.916415802387,6487.309040912539,11,300009.5983,0;41;8;10;77;79;64;68;1;0;0;43;25;58;0;0;32;35;11;39;36;0;0;13;17;30;0;0;3;18;53;45;14;51;0;0;20;42;74;0;0;67;63;0;0;90;19;29;37;59;12;4;69;0;0;98;7;97;73;48;0;0;57;54;40;44;0;0;5;86;71;9;85;0,TabuSearch
2,pliki//100 lokacji//C101.txt,200,50,swap,False,2,9043,18197.77667679667,1273.9746952723317,10969.827286252006,5953.974695272333,16217.8732496756,1598.2159704550709,8341.44130876546,6278.21597045507,11,300012.4066,0;98;18;44;45;48;68;69;0;0;32;54;64;0;0;90;29;30;97;14;12;4;0;0;17;41;74;0;0;67;63;0;0;71;8;85;77;79;0;0;20;42;35;73;59;51;1;0;0;43;57;53;58;0;0;13;7;10;0;0;3;25;19;11;9;0;0;5;86;40;37;39;36;0,TabuSearch
3,pliki//100 lokacji//C101.txt,200,50,swap,False,2,10042,20135.49706241284,1383.8536891984713,12597.789684015897,6153.853689198471,17809.253720920457,1579.4490970708262,9880.355526778803,6349.449097070826,11,300015.0006,0;24;16;35;39;0;0;98;8;92;73;68;64;66;0;0;67;63;74;0;0;13;83;10;14;75;0;0;43;27;37;46;0;0;31;41;56;72;0;0;90;54;53;60;0;0;5;86;70;77;51;36;34;0;0;20;18;94;11;9;85;91;4;49;0;0;3;7;84;88;0;0;32;25;0,TabuSearch
3,pliki//100 lokacji//C101.txt,200,50,swap,False,2,10043,20135.49706241284,1383.8536891984713,12597.789684015897,6153.853689198471,17145.238155742474,1644.1580059978303,9086.922143746815,6414.1580059978305,11,300016.782,0;98;35;10;14;39;34;49;0;0;3;7;72;70;73;77;66;0;0;54;41;83;84;9;0;0;43;46;0;0;24;25;27;37;0;0;20;31;56;60;0;0;13;53;85;88;0;0;32;18;92;68;64;0;0;67;86;94;11;51;36;4;91;75;0;0;5;16;8;0;0;90;63;74;0,TabuSearch
4,pliki//100 lokacji//C101.txt,200,50,swap,False,2,11042,19826.00687511043,1161.1696011471624,12373.667672816104,6291.169601147163,17705.217928453923,1775.9904672452346,9023.236993963452,6905.990467245236,11,300018.1985,0;90;7;83;58;80;0;0;94;95;10;11;9;4;26;0;0;24;41;74;70;73;0;0;32;35;53;61;0;0;5;86;8;15;0;0;98;18;29;39;30;48;0;0;13;31;45;46;0;0;57;25;27;0;0;20;17;37;59;79;68;50;52;69;0;0;67;19;44;72;28;36;34;0;0;43;54;62;0,TabuSearch
4,pliki//100 lokacji//C101.txt,200,50,swap,False,2,11043,19826.00687511043,1161.1696011471624,12373.667672816104,6291.169601147163,17690.97251210902,1414.2181147552324,9732.536282598554,6544.218114755234,11,300022.4148,0;5;41;62;74;0;0;43;39;37;34;28;0;0;57;54;53;0;0;95;31;44;46;30;26;0;0;20;24;35;58;45;48;68;50;0;0;13;15;0;0;17;18;19;10;11;9;0;0;90;86;83;72;59;61;79;80;69;0;0;32;25;27;29;0;0;98;7;8;0;0;67;94;70;73;4;36;52;0,TabuSearch
5,pliki//100 lokacji//C101.txt,200,50,swap,False,2,12042,18491.89461423253,1397.9352568597114,10566.024100513105,6527.935256859711,16976.860914068897,1615.7106894877795,8615.439535093337,6745.71068948778,11,300014.7364,0;37;11;10;73;79;88;0;0;32;31;62;0;0;90;86;71;82;0;0;20;7;8;0;0;5;18;15;0;0;98;35;58;59;64;68;0;0;13;17;14;46;61;66;89;0;0;57;54;44;0;0;67;43;27;29;60;36;23;0;0;24;76;83;84;77;51;52;49;0;0;55;41;53;72;45;48;50;0,TabuSearch
5,pliki//100 lokacji//C101.txt,200,50,swap,False,2,12043,18491.89461423253,1397.9352568597114,10566.024100513105,6527.935256859711,17121.727943134625,1537.7252854184915,8916.277372297644,6667.725285418491,11,300009.0854,0;90;71;53;77;64;66;0;0;98;10;8;11;14;23;0;0;5;15;0;0;86;76;83;84;73;79;50;52;49;0;0;43;7;82;88;89;0;0;67;54;44;46;0;0;32;27;35;72;61;0;0;20;31;29;36;45;48;51;0;0;24;41;37;60;59;68;0;0;57;55;62;0;0;13;17;18;58;0,TabuSearch
6,pliki//100 lokacji//C101.txt,200,50,swap,False,2,13042,12339.307830541822,1346.4393301261596,5686.4291702895025,5306.43933012616,11148.559275933516,1440.7470122485158,4307.0652514364865,5400.747012248515,11,300025.0843,0;43;76;84;11;9;89;80;0;0;13;7;94;10;61;64;0;0;57;54;0;0;20;63;0;0;33;18;44;45;0;0;67;27;35;37;12;100;0;0;90;86;8;30;39;36;0;0;5;3;82;70;73;0;0;24;95;15;0;0;42;25;0;0;32;0,TabuSearch
6,pliki//100 lokacji//C101.txt,200,50,swap,False,2,13043,12339.307830541822,1346.4393301261596,5686.4291702895025,5306.43933012616,11446.478281740941,1439.3079883444711,4607.862305051998,5399.307988344472,10,300007.1707,0;20;42;30;44;39;36;0;0;3;25;35;10;0;0;5;63;94;0;0;43;86;82;70;73;80;0;0;90;18;8;11;9;64;0;0;32;33;27;0;0;13;7;15;0;0;57;54;0;0;24;76;84;12;100;89;0;0;67;95;37;45;61;0,TabuSearch
7,pliki//100 lokacji//C101.txt,200,50,swap,False,2,14042,18386.164738292548,1422.5551274305549,10861.054483431437,6102.555127430556,15369.375033583055,1437.0635420723788,7815.247949438297,6117.063542072379,11,300031.3438,0;90;95;83;84;0;0;98;86;30;37;9;4;1;0;0;13;18;15;0;0;42;31;44;46;0;0;43;41;74;0;0;20;10;94;92;89;61;64;0;0;5;25;8;6;0;0;24;7;35;58;59;48;0;0;67;76;70;11;36;26;49;0;0;32;82;71;73;77;0;0;57;54;0,TabuSearch
7,pliki//100 lokacji//C101.txt,200,50,swap,False,2,14043,18386.164738292548,1422.5551274305549,10861.054483431437,6102.555127430556,14524.647407111186,1558.6053399817188,6727.436727147749,6238.605339981719,11,300009.2536,0;42;41;0;0;24;86;94;92;77;64;89;0;0;5;31;35;58;59;0;0;43;37;10;11;6;0;0;98;95;15;0;0;90;7;71;84;36;48;49;0;0;67;76;83;82;9;26;4;1;0;0;57;54;46;0;0;32;44;74;0;0;20;25;70;73;61;0;0;13;18;8;30;0,TabuSearch
8,pliki//100 lokacji//C101.txt,200,50,swap,False,2,15042,17349.541320495668,1333.4657420375613,10092.609836420546,5923.4657420375615,15351.332364713566,1531.612863778987,7698.106637155592,6121.612863778987,11,300009.9778,0;13;15;0;0;78;76;74;0;0;33;41;37;30;36;34;23;0;0;32;25;0;0;5;3;95;82;0;0;20;27;18;19;38;45;0;0;67;83;62;84;77;80;66;0;0;98;8;44;39;26;0;0;90;54;53;61;64;0;0;43;86;29;73;59;60;52;47;0;0;57;46;0,TabuSearch
8,pliki//100 lokacji//C101.txt,200,50,swap,False,2,15043,17349.541320495668,1333.4657420375613,10092.609836420546,5923.4657420375615,14755.993327277625,1595.2516129937349,6975.4901012901555,6185.251612993735,11,300002.2671,0;98;95;0;0;90;86;83;82;60;45;0;0;32;33;53;73;80;0;0;67;25;27;29;30;0;0;20;76;44;38;36;26;0;0;13;18;15;0;0;57;54;0;0;3;19;84;39;59;34;23;0;0;5;37;46;0;0;78;8;77;61;64;66;52;47;0;0;43;41;62;74;0,TabuSearch
9,pliki//100 lokacji//C101.txt,200,50,swap,False,2,16042,14135.230565892121,1347.5938269774867,6850.042911937147,5937.593826977487,13211.7004275409,1453.808216128935,5714.08399528303,6043.808216128935,10,300031.2402,0;20;86;62;11;28;68;51;0;0;43;7;8;29;30;34;0;0;90;41;27;46;61;59;89;0;0;5;63;71;73;0;0;67;18;19;16;0;0;98;96;94;93;99;6;69;0;0;13;25;10;9;0;0;32;31;37;0;0;57;54;44;0;0;24;76;92;85;77;80;0,TabuSearch
9,pliki//100 lokacji//C101.txt,200,50,swap,False,2,16043,14135.230565892121,1347.5938269774867,6850.042911937147,5937.593826977487,13211.7004275409,1453.808216128935,5714.08399528303,6043.808216128935,10,300021.0786,0;20;86;62;11;28;68;51;0;0;43;7;8;29;30;34;0;0;90;41;27;46;61;59;89;0;0;5;63;71;73;0;0;67;18;19;16;0;0;98;96;94;93;99;6;69;0;0;13;25;10;9;0;0;32;31;37;0;0;57;54;44;0;0;24;76;92;85;77;80;0,TabuSearch
10,pliki//100 lokacji//C101.txt,200,50,swap,False,2,17042,18123.088390910845,1170.1631238299776,11282.762143250888,5670.163123829978,16127.686361913173,1481.1317243888411,8665.422913135491,5981.131724388841,11,300018.3328,0;32;25;0;0;98;86;83;45;39;36;52;0;0;20;24;37;46;0;0;93;18;29;22;0;0;57;41;56;0;0;55;54;44;0;0;43;7;8;59;64;48;50;68;0;0;90;95;10;11;30;12;91;0;0;13;27;53;61;9;4;0;0;5;31;92;97;0;0;67;63;0,TabuSearch
10,pliki//100 lokacji//C101.txt,200,50,swap,False,2,17043,18123.088390910845,1170.1631238299776,11282.762143250888,5670.163123829978,16291.477333814557,1369.2434900936175,9052.990353627321,5869.243490093618,10,300008.2761,0;67;55;54;44;0;0;90;25;27;46;0;0;5;63;53;0;0;43;86;83;11;9;12;4;68;52;0;0;20;7;8;97;0;0;32;31;29;36;30;59;0;0;13;18;10;48;64;50;91;0;0;24;61;37;39;22;0;0;57;41;56;45;0;0;98;95;92;93;0,TabuSearch
11,pliki//100 lokacji//C101.txt,200,50,swap,False,2,18042,18133.252087390698,1340.907082316091,10771.437922758514,6020.907082316091,15671.571224384797,1482.6209910115886,8026.32924236162,6162.620991011589,10,300012.2586,0;67;55;40;44;60;45;91;66;0;0;43;7;8;92;79;99;0;0;5;41;62;84;97;89;0;0;20;86;83;74;59;0;0;90;18;35;30;39;36;0;0;13;31;10;11;4;0;0;32;33;27;64;0;0;98;95;94;85;9;0;0;57;54;48;0;0;24;25;37;28;0,TabuSearch
11,pliki//100 lokacji//C101.txt,200,50,swap,False,2,18043,18133.252087390698,1340.907082316091,10771.437922758514,6020.907082316091,15352.636468311443,1450.9483067411509,7770.739854829141,6130.948306741151,11,300021.6253,0;18;40;92;84;89;91;99;0;0;43;41;8;37;36;0;0;32;33;27;0;0;20;25;0;0;13;94;97;9;0;0;98;95;10;11;30;39;0;0;67;55;62;44;60;59;79;66;0;0;57;54;0;0;5;7;74;0;0;90;31;35;28;45;48;0;0;24;86;83;85;4;64;0,TabuSearch
12,pliki//100 lokacji//C101.txt,200,50,swap,False,2,19042,18908.971953679757,1433.961725553596,11271.048502572565,6203.961725553595,16573.871662198595,1540.521717670252,8722.828226858092,6310.521717670253,10,300017.3026,0;43;25;8;72;61;66;0;0;3;41;40;11;14;99;22;52;0;0;67;86;19;30;9;12;4;1;0;0;20;63;83;75;0;0;5;7;15;0;0;13;31;35;48;36;0;0;32;18;29;59;26;23;0;0;98;95;92;10;0;0;57;54;71;73;0;0;90;37;82;85;89;0,TabuSearch
12,pliki//100 lokacji//C101.txt,200,50,swap,False,2,19043,18908.971953679757,1433.961725553596,11271.048502572565,6203.961725553595,16573.871662198595,1540.521717670252,8722.828226858092,6310.521717670253,10,300006.6107,0;43;25;8;72;61;66;0;0;3;41;40;11;14;99;22;52;0;0;67;86;19;30;9;12;4;1;0;0;20;63;83;75;0;0;5;7;15;0;0;13;31;35;48;36;0;0;32;18;29;59;26;23;0;0;98;95;92;10;0;0;57;54;71;73;0;0;90;37;82;85;89;0,TabuSearch
13,pliki//100 lokacji//C101.txt,200,50,swap,False,2,20042,18800.70150480002,1400.618333596473,11229.464837607075,6170.618333596473,16216.976152285417,1566.6276244505314,8313.720903384356,6336.627624450531,10,300014.0957,0;20;33;53;45;26;0;0;5;41;40;46;39;36;0;0;24;86;83;11;100;1;4;0;0;90;7;19;92;6;0;0;32;94;82;73;79;66;80;0;0;3;54;56;59;0;0;13;18;29;30;28;0;0;98;76;70;77;84;0;0;43;15;9;0;0;67;31;27;38;50;64;0,TabuSearch
13,pliki//100 lokacji//C101.txt,200,50,swap,False,2,20043,18800.70150480002,1400.618333596473,11229.464837607075,6170.618333596473,16216.976152285417,1566.6276244505314,8313.720903384356,6336.627624450531,10,300018.4841,0;20;33;53;45;26;0;0;5;41;40;46;39;36;0;0;24;86;83;11;100;1;4;0;0;90;7;19;92;6;0;0;32;94;82;73;79;66;80;0;0;3;54;56;59;0;0;13;18;29;30;28;0;0;98;76;70;77;84;0;0;43;15;9;0;0;67;31;27;38;50;64;0,TabuSearch
14,pliki//100 lokacji//C101.txt,200,50,swap,False,2,21042,15211.71859121011,1336.4323934245178,8218.853804361075,5656.432393424517,11728.377139874738,1384.713284771618,4638.950570331503,5704.7132847716175,11,300012.093,0;13;95;92;0;0;98;18;10;16;14;9;0;0;24;41;53;38;39;23;0;0;63;0;0;20;25;8;0;0;32;31;35;37;30;0;0;5;96;82;84;0;0;90;76;71;70;72;0;0;57;54;0;0;67;86;62;44;60;45;0;0;43;7;94;73;36;22;49;0,TabuSearch
14,pliki//100 lokacji//C101.txt,200,50,swap,False,2,21043,15211.71859121011,1336.4323934245178,8218.853804361075,5656.432393424517,12593.087589789444,1442.2867474187244,5388.514094951996,5762.286747418724,11,300019.5429,0;18;31;35;37;30;23;0;0;13;7;94;92;0;0;57;54;0;0;67;63;62;0;0;98;96;8;16;14;0;0;20;24;10;44;72;9;22;49;0;0;41;76;70;73;84;0;0;90;53;39;38;0;0;32;25;0;0;5;95;82;0;0;43;86;71;60;45;36;0,TabuSearch
15,pliki//100 lokacji//C101.txt,200,50,swap,False,2,22042,14989.980586100504,1377.574613584888,8004.831358930728,5607.574613584888,13257.229510933976,1367.8552322693838,6291.519046395208,5597.855232269384,11,300034.8193,0;98;27;62;46;0;0;43;54;40;38;48;0;0;5;95;29;30;28;0;0;67;63;0;0;25;0;0;20;94;70;73;79;89;66;0;0;3;41;35;37;60;59;0;0;57;8;11;9;0;0;13;31;53;61;0;0;90;86;83;92;6;26;0;0;32;7;10;0,TabuSearch
15,pliki//100 lokacji//C101.txt,200,50,swap,False,2,22043,14989.980586100504,1377.574613584888,8004.831358930728,5607.574613584888,12931.096741390933,1321.0052373582087,6059.086266674517,5551.0052373582075,11,300016.2122,0;63;0;0;67;95;62;61;79;59;66;0;0;32;25;0;0;98;86;70;73;89;0;0;57;54;0;0;43;35;53;9;28;26;0;0;5;8;27;29;30;0;0;20;31;40;37;38;0;0;90;41;60;46;48;0;0;13;7;10;0;0;3;83;94;92;11;6;0,TabuSearch
16,pliki//100 lokacji//C101.txt,200,50,swap,False,2,23042,15287.068770061745,1121.7853824909166,8543.498005079913,5621.785382490916,13446.694024085125,1333.6343023223878,6279.425419440349,5833.634302322389,11,300015.8673,0;57;54;62;0;0;98;8;82;84;0;0;24;25;15;0;0;90;86;83;44;73;77;79;80;0;0;67;63;0;0;5;27;40;56;60;59;0;0;20;33;35;37;30;0;0;43;41;10;29;26;9;99;89;0;0;32;18;19;72;0;0;13;95;88;0;0;3;53;58;46;0,TabuSearch
16,pliki//100 lokacji//C101.txt,200,50,swap,False,2,23043,15287.068770061745,1121.7853824909166,8543.498005079913,5621.785382490916,13761.037860285876,1420.0918842828455,6420.854091720186,5920.091884282845,10,300006.8702,0;67;25;27;29;30;9;0;0;24;63;62;44;73;79;0;0;43;86;10;56;59;99;89;0;0;5;3;8;15;0;0;20;41;83;88;84;26;0;0;13;18;19;37;72;0;0;32;33;35;0;0;98;95;82;80;77;0;0;90;54;60;58;0;0;57;40;53;46;0,TabuSearch
17,pliki//100 lokacji//C101.txt,200,50,swap,False,2,24042,17603.83822940423,1617.0713791742805,9419.695471055671,6567.07137917428,15725.550446857957,1599.6825631651302,7576.185320527695,6549.682563165131,11,300058.5156,0;63;82;77;79;0;0;98;86;83;10;99;91;89;80;69;0;0;90;62;19;11;28;59;50;0;0;32;18;0;0;5;95;27;30;39;48;0;0;20;31;35;29;0;0;42;7;15;14;9;26;4;0;0;3;41;94;84;64;88;0;0;13;25;0;0;67;54;44;46;0;0;43;53;56;58;0,TabuSearch
17,pliki//100 lokacji//C101.txt,200,50,swap,False,2,24043,17603.83822940423,1617.0713791742805,9419.695471055671,6567.07137917428,16204.690133302187,1680.4946577575483,7893.700817787089,6630.494657757548,12,300017.494,0;13;18;10;0;0;35;19;94;88;89;99;4;0;0;3;95;15;11;0;0;98;86;46;44;64;79;80;0;0;20;0;0;31;54;56;0;0;43;42;53;77;48;59;50;0;0;90;41;30;9;14;39;69;91;0;0;83;62;82;84;28;0;0;67;63;0;0;5;7;27;29;58;26;0;0;32;25;0,TabuSearch
18,pliki//100 lokacji//C101.txt,200,50,swap,False,2,25042,20889.637957506093,1465.4261198490813,12558.785717807928,6865.426119849082,17990.06916832304,1554.608489137918,9480.852190047206,6954.608489137918,10,300029.0692,0;20;24;40;14;9;26;68;52;50;0;0;42;41;84;45;46;59;66;69;0;0;67;86;83;72;77;6;51;49;0;0;5;7;8;85;0;0;90;87;39;44;99;89;91;0;0;32;25;27;29;0;0;98;96;94;93;11;0;0;13;18;19;36;23;0;0;43;54;53;60;79;4;0;0;57;35;37;48;0,TabuSearch
18,pliki//100 lokacji//C101.txt,200,50,swap,False,2,25043,20889.637957506093,1465.4261198490813,12558.785717807928,6865.426119849082,17990.06916832304,1554.608489137918,9480.852190047206,6954.608489137918,10,300006.5092,0;20;24;40;14;9;26;68;52;50;0;0;42;41;84;45;46;59;66;69;0;0;67;86;83;72;77;6;51;49;0;0;5;7;8;85;0;0;90;87;39;44;99;89;91;0;0;32;25;27;29;0;0;98;96;94;93;11;0;0;13;18;19;36;23;0;0;43;54;53;60;79;4;0;0;57;35;37;48;0,TabuSearch
19,pliki//100 lokacji//C101.txt,200,50,swap,False,2,26042,15177.881718310593,1464.1393578083769,7389.603002693839,6324.139357808377,13975.81920269322,1608.34226795468,5899.13466678386,6468.34226795468,10,300010.7486,0;90;95;8;10;11;14;89;0;0;20;76;82;39;60;59;69;23;0;0;5;41;53;70;77;36;52;0;0;67;86;83;84;46;45;48;0;0;13;18;27;92;6;0;0;43;7;94;93;61;0;0;32;31;35;28;26;0;0;98;63;30;0;0;57;54;62;0;0;65;96;74;64;0,TabuSearch
19,pliki//100 lokacji//C101.txt,200,50,swap,False,2,26043,15177.881718310593,1464.1393578083769,7389.603002693839,6324.139357808377,13975.81920269322,1608.34226795468,5899.13466678386,6468.34226795468,10,300007.2583,0;90;95;8;10;11;14;89;0;0;20;76;82;39;60;59;69;23;0;0;5;41;53;70;77;36;52;0;0;67;86;83;84;46;45;48;0;0;13;18;27;92;6;0;0;43;7;94;93;61;0;0;32;31;35;28;26;0;0;98;63;30;0;0;57;54;62;0;0;65;96;74;64;0,TabuSearch
20,pliki//100 lokacji//C101.txt,200,50,swap,False,2,27042,14887.271312275197,1498.9171640409297,7569.436984193338,5818.9171640409295,13909.880637097,1581.903293915605,6426.07404926579,5901.903293915605,10,300034.4741,0;3;41;62;82;77;79;80;1;0;0;43;7;19;15;0;0;67;63;83;99;0;0;5;76;71;84;59;64;51;0;0;13;25;8;0;0;90;95;74;0;0;98;86;35;72;14;23;52;69;0;0;20;18;16;0;0;24;54;37;34;0;0;57;31;39;61;0,TabuSearch
20,pliki//100 lokacji//C101.txt,200,50,swap,False,2,27043,14887.271312275197,1498.9171640409297,7569.436984193338,5818.9171640409295,13909.880637097,1581.903293915605,6426.07404926579,5901.903293915605,10,300012.8402,0;3;41;62;82;77;79;80;1;0;0;43;7;19;15;0;0;67;63;83;99;0;0;5;76;71;84;59;64;51;0;0;13;25;8;0;0;90;95;74;0;0;98;86;35;72;14;23;52;69;0;0;20;18;16;0;0;24;54;37;34;0;0;57;31;39;61;0,TabuSearch
21,pliki//100 lokacji//C101.txt,200,50,swap,False,2,28042,14790.023852623515,1090.0876385808006,8379.848575461914,5320.087638580801,12358.563713781408,1421.7936980793847,5284.976317622639,5651.793698079385,12,300005.5732,0;13;18;8;0;0;43;19;27;29;14;6;0;0;90;55;46;72;77;4;1;0;0;67;63;0;0;20;41;56;0;0;32;31;35;37;26;0;0;95;86;62;0;0;3;94;10;44;45;59;36;22;0;0;57;0;0;33;25;0;0;5;7;0;0;98;53;38;30;9;0,TabuSearch
21,pliki//100 lokacji//C101.txt,200,50,swap,False,2,28043,14790.023852623515,1090.0876385808006,8379.848575461914,5320.087638580801,12815.058092957583,1389.71625669279,5805.625579572002,5619.716256692791,12,300013.7362,0;5;3;37;29;38;36;0;0;33;35;62;77;59;0;0;19;94;72;9;6;4;1;0;0;57;31;0;0;32;25;0;0;95;86;0;0;43;55;53;46;30;26;0;0;67;41;56;44;45;0;0;13;7;8;0;0;20;0;0;90;63;0;0;98;18;27;10;14;22;0,TabuSearch
22,pliki//100 lokacji//C101.txt,200,50,swap,False,2,29042,16189.24690660763,1106.780747328854,9475.685411949922,5606.780747328855,15055.535576328339,1314.631155510572,7926.2732653071935,5814.631155510573,10,300026.6379,0;5;42;27;10;11;6;4;99;0;0;90;8;35;37;60;68;0;0;43;86;83;82;85;89;0;0;20;7;94;92;100;0;0;67;18;19;15;64;0;0;13;41;45;44;46;0;0;98;95;48;61;52;0;0;32;31;40;39;9;0;0;3;25;74;0;0;57;63;0,TabuSearch
22,pliki//100 lokacji//C101.txt,200,50,swap,False,2,29043,16189.24690660763,1106.780747328854,9475.685411949922,5606.780747328855,15055.535576328339,1314.631155510572,7926.2732653071935,5814.631155510573,10,300010.5059,0;5;42;27;10;11;6;4;99;0;0;90;8;35;37;60;68;0;0;43;86;83;82;85;89;0;0;20;7;94;92;100;0;0;67;18;19;15;64;0;0;13;41;45;44;46;0;0;98;95;48;61;52;0;0;32;31;40;39;9;0;0;3;25;74;0;0;57;63;0,TabuSearch
23,pliki//100 lokacji//C101.txt,200,50,swap,False,2,30042,20113.746267371058,1533.7597234957266,12096.226820379605,6483.759723495727,17698.271952463714,1516.121892754567,9716.02816695458,6466.121892754566,11,300032.9974,0;43;55;44;72;77;80;66;69;0;0;90;7;83;30;59;79;91;1;0;0;42;25;19;10;9;0;0;96;63;94;93;99;0;0;13;18;35;36;48;23;0;0;5;95;92;84;89;26;0;0;32;31;29;46;0;0;57;54;40;0;0;67;41;74;0;0;98;14;11;100;88;68;0;0;20;0,TabuSearch
23,pliki//100 lokacji//C101.txt,200,50,swap,False,2,30043,20113.746267371058,1533.7597234957266,12096.226820379605,6483.759723495727,17698.271952463714,1516.121892754567,9716.02816695458,6466.121892754566,11,300028.8361,0;43;55;44;72;77;80;66;69;0;0;90;7;83;30;59;79;91;1;0;0;42;25;19;10;9;0;0;96;63;94;93;99;0;0;13;18;35;36;48;23;0;0;5;95;92;84;89;26;0;0;32;31;29;46;0;0;57;54;40;0;0;67;41;74;0;0;98;14;11;100;88;68;0;0;20;0,TabuSearch
24,pliki//100 lokacji//C101.txt,200,50,swap,False,2,31042,13966.959386460265,1364.8372043314898,7277.284977797287,5324.837204331489,11217.746841596549,1231.4763985233947,4794.79404454976,5191.476398523395,11,300024.1345,0;67;86;83;16;14;0;0;5;95;15;0;0;20;54;62;30;0;0;13;7;0;0;32;31;40;0;0;90;41;44;59;46;45;48;0;0;24;76;82;70;73;79;0;0;43;25;8;11;0;0;65;63;0;0;57;53;56;0;0;98;18;19;37;28;0,TabuSearch
24,pliki//100 lokacji//C101.txt,200,50,swap,False,2,31043,13966.959386460265,1364.8372043314898,7277.284977797287,5324.837204331489,11609.711332379738,1474.1219017466378,4701.467528886463,5434.121901746638,12,300011.0234,0;90;86;56;70;0;0;43;76;16;14;28;0;0;24;18;40;30;48;59;0;0;5;95;83;82;73;79;0;0;57;41;19;37;45;0;0;67;7;15;11;0;0;65;63;0;0;20;25;0;0;53;54;62;0;0;98;8;0;0;32;0;0;13;31;44;46;0,TabuSearch
25,pliki//100 lokacji//C101.txt,200,50,swap,False,2,32042,14383.887816840212,1363.179156583517,7697.529503673175,5323.179156583518,13481.092690039157,1370.776516759161,6779.539656520833,5330.7765167591615,11,300028.4664,0;43;92;74;72;0;0;67;63;0;0;20;35;15;11;0;0;32;25;27;0;0;13;18;19;0;0;24;86;83;77;84;79;99;0;0;5;95;94;0;0;57;54;0;0;90;7;8;29;28;0;0;98;41;37;39;61;0;0;55;76;56;59;50;48;0,TabuSearch
25,pliki//100 lokacji//C101.txt,200,50,swap,False,2,32043,14383.887816840212,1363.179156583517,7697.529503673175,5323.179156583518,13472.518796943203,1377.9980695360837,6756.522657871036,5337.998069536083,11,300007.4433,0;76;83;56;77;79;59;50;0;0;90;95;8;0;0;20;25;41;72;61;0;0;5;19;27;29;39;48;0;0;43;37;35;92;99;0;0;32;54;0;0;13;7;0;0;24;86;94;84;28;0;0;98;18;15;11;0;0;67;63;0;0;57;55;74;0,TabuSearch
26,pliki//100 lokacji//C101.txt,200,50,swap,False,2,33042,17924.11261938991,1341.5388543844756,10471.034910620956,6111.5388543844765,15914.371206827982,1713.8932754924106,7716.584655843162,6483.893275492411,11,300016.5793,0;13;18;35;39;45;0;0;67;95;37;30;14;26;0;0;98;19;93;97;0;0;5;25;40;0;0;86;83;74;0;0;20;71;51;61;79;77;66;69;47;0;0;24;76;44;46;59;68;0;0;3;7;82;72;91;6;0;0;90;63;62;0;0;32;54;53;0;0;43;41;70;84;99;0,TabuSearch
26,pliki//100 lokacji//C101.txt,200,50,swap,False,2,33043,17924.11261938991,1341.5388543844756,10471.034910620956,6111.5388543844765,15771.705317558035,1620.4201216880897,7760.865074181855,6390.42012168809,11,300006.4092,0;43;54;53;61;0;0;3;41;35;39;59;79;77;69;47;0;0;5;7;0;0;40;25;14;46;0;0;76;86;37;30;6;99;91;0;0;98;95;83;84;0;0;67;63;62;0;0;90;70;74;0;0;13;71;82;45;51;26;0;0;32;18;44;72;68;66;0;0;20;24;19;93;97;0,TabuSearch
27,pliki//100 lokacji//C101.txt,200,50,swap,False,2,34042,14469.26345924336,1523.6611113316876,6921.941236579984,6023.661111331688,12895.806816240338,1624.9877625971578,5145.831291046022,6124.9877625971585,10,300012.6982,0;67;25;27;46;0;0;20;41;62;72;60;79;51;0;0;90;87;35;59;6;12;66;0;0;43;86;83;84;93;89;0;0;5;18;40;11;97;4;0;0;13;31;29;26;28;0;0;32;54;58;0;0;98;76;82;70;0;0;24;63;80;45;0;0;57;55;53;56;0,TabuSearch
27,pliki//100 lokacji//C101.txt,200,50,swap,False,2,34043,14469.26345924336,1523.6611113316876,6921.941236579984,6023.661111331688,12895.806816240338,1624.9877625971578,5145.831291046022,6124.9877625971585,10,300007.0701,0;67;25;27;46;0;0;20;41;62;72;60;79;51;0;0;90;87;35;59;6;12;66;0;0;43;86;83;84;93;89;0;0;5;18;40;11;97;4;0;0;13;31;29;26;28;0;0;32;54;58;0;0;98;76;82;70;0;0;24;63;80;45;0;0;57;55;53;56;0,TabuSearch
28,pliki//100 lokacji//C101.txt,200,50,swap,False,2,35042,14799.786963541814,1312.572192714467,7674.642578112878,5812.572192714468,14296.619356864576,1307.601033999889,7181.417288864797,5807.601033999889,10,300033.1724,0;20;54;40;44;72;59;0;0;43;86;83;84;14;12;36;50;0;0;90;95;8;10;11;0;0;5;78;74;0;0;67;18;19;30;45;48;51;0;0;32;31;35;38;0;0;13;25;39;29;26;0;0;57;63;0;0;98;76;70;73;79;77;0;0;24;41;15;4;0,TabuSearch
28,pliki//100 lokacji//C101.txt,200,50,swap,False,2,35043,14799.786963541814,1312.572192714467,7674.642578112878,5812.572192714468,14296.619356864576,1307.601033999889,7181.417288864797,5807.601033999889,10,300003.3618,0;20;54;40;44;72;59;0;0;43;86;83;84;14;12;36;50;0;0;90;95;8;10;11;0;0;5;78;74;0;0;67;18;19;30;45;48;51;0;0;32;31;35;38;0;0;13;25;39;29;26;0;0;57;63;0;0;98;76;70;73;79;77;0;0;24;41;15;4;0,TabuSearch
29,pliki//100 lokacji//C101.txt,200,50,swap,False,2,36042,14908.467189558378,1458.924502675377,7400.618184207624,6048.924502675378,13711.502846848318,1595.0673130089608,5931.368220830396,6185.067313008961,10,300017.9661,0;67;25;27;44;0;0;5;41;40;37;9;34;0;0;43;55;35;77;100;99;66;0;0;20;7;83;97;88;0;0;24;95;94;93;36;64;0;0;13;18;19;30;11;0;0;98;86;74;60;0;0;32;31;56;46;0;0;90;63;62;28;59;51;0;0;57;53;72;61;0,TabuSearch
29,pliki//100 lokacji//C101.txt,200,50,swap,False,2,36043,14908.467189558378,1458.924502675377,7400.618184207624,6048.924502675378,13711.502846848318,1595.0673130089608,5931.368220830396,6185.067313008961,10,300003.0009,0;67;25;27;44;0;0;5;41;40;37;9;34;0;0;43;55;35;77;100;99;66;0;0;20;7;83;97;88;0;0;24;95;94;93;36;64;0;0;13;18;19;30;11;0;0;98;86;74;60;0;0;32;31;56;46;0;0;90;63;62;28;59;51;0;0;57;53;72;61;0,TabuSearch
30,pliki//100 lokacji//C101.txt,200,50,swap,False,2,37042,14316.937083256431,1043.750100553077,8269.436882150276,5003.750100553077,12433.180403804254,1477.7261867597897,5517.728030284675,5437.72618675979,11,300011.2406,0;32;25;0;0;33;35;27;72;61;0;0;90;86;74;0;0;43;54;56;0;0;13;31;10;11;0;0;67;95;19;28;14;4;0;0;98;18;59;34;26;23;0;0;3;8;15;0;0;20;41;62;37;9;6;99;0;0;57;92;58;0;0;5;63;0,TabuSearch
30,pliki//100 lokacji//C101.txt,200,50,swap,False,2,37043,14316.937083256431,1043.750100553077,8269.436882150276,5003.750100553077,12275.767848706393,1236.4982129584766,5842.7714227894385,5196.498212958479,11,300014.2361,0;5;3;19;15;0;0;20;86;35;37;34;26;23;0;0;90;31;58;72;61;59;0;0;63;0;0;43;54;56;0;0;98;18;10;9;6;0;0;13;95;92;0;0;67;41;62;28;14;99;4;0;0;33;25;27;0;0;57;74;0;0;32;8;11;0,TabuSearch
31,pliki//100 lokacji//C101.txt,200,50,swap,False,2,38042,16944.707763757306,1249.2486615139924,10036.210440729319,5659.248661513992,15199.513676480023,1242.9295834495388,8303.654509580945,5652.92958344954,11,300015.8285,0;32;25;0;0;20;18;44;59;45;48;51;0;0;90;35;10;30;14;23;34;52;0;0;67;63;0;0;43;41;40;46;11;99;1;0;0;13;19;15;0;0;33;39;27;0;0;5;7;8;29;4;0;0;98;95;92;0;0;42;86;82;84;61;89;69;0;0;57;54;0,TabuSearch
31,pliki//100 lokacji//C101.txt,200,50,swap,False,2,38043,16944.707763757306,1249.2486615139924,10036.210440729319,5659.248661513992,15474.85491566946,1227.8277373582218,8609.199440953016,5637.827737358222,11,300019.0556,0;32;33;0;0;43;42;35;30;39;34;23;0;0;90;82;14;11;89;4;99;1;0;0;19;18;15;0;0;95;86;84;0;0;13;25;27;29;0;0;20;7;8;10;0;0;5;41;40;46;48;45;59;0;0;98;44;92;61;69;51;52;0;0;57;54;0;0;67;63;0,TabuSearch
32,pliki//100 lokacji//C101.txt,200,50,swap,False,2,39042,20631.980168274382,1428.08184132316,12735.81648562806,6468.08184132316,17845.370153047377,1720.7721358610004,9363.825881325378,6760.772135861001,11,300038.9549,0;20;54;40;61;64;0;0;33;18;19;11;0;0;3;86;73;82;36;23;22;0;0;98;7;35;77;79;89;66;0;0;90;95;37;9;6;99;0;0;42;25;29;34;0;0;5;24;10;28;12;4;0;0;67;0;0;32;31;27;30;48;52;0;0;13;76;83;39;59;50;0;0;43;41;8;74;0,TabuSearch
32,pliki//100 lokacji//C101.txt,200,50,swap,False,2,39043,20631.980168274382,1428.08184132316,12735.81648562806,6468.08184132316,17162.535804276442,1476.5334876771153,9169.468828922212,6516.533487677116,11,300007.0252,0;42;18;66;11;6;99;89;0;0;98;95;0;0;13;41;37;34;48;0;0;67;86;19;28;22;0;0;20;24;27;29;12;9;4;0;0;3;76;82;61;39;36;23;0;0;5;7;8;10;0;0;25;54;0;0;90;64;83;73;77;79;59;50;52;0;0;43;31;40;74;0;0;32;33;35;30;0,TabuSearch
33,pliki//100 lokacji//C101.txt,200,50,swap,False,2,40042,17238.85688732388,1625.025892218137,8948.805102887607,6665.025892218137,15977.435063513964,1532.3405966713296,7872.753870171303,6572.34059667133,11,300014.2128,0;13;18;15;38;0;0;5;3;62;73;60;59;66;1;0;0;65;7;8;44;48;51;26;0;0;43;41;35;37;46;0;0;90;19;92;97;100;99;0;0;20;31;40;72;58;6;0;0;25;0;0;67;63;83;82;85;0;0;32;54;61;0;0;98;95;27;29;0;0;42;77;84;14;9;4;22;0,TabuSearch
33,pliki//100 lokacji//C101.txt,200,50,swap,False,2,40043,17238.85688732388,1625.025892218137,8948.805102887607,6665.025892218137,15995.273146512696,1656.8830186696805,7641.507109173336,6696.88301866968,10,300017.2511,0;67;40;35;37;38;48;0;0;43;42;8;82;100;99;0;0;5;25;19;29;26;0;0;3;95;83;85;97;0;0;90;31;27;72;60;51;22;0;0;13;18;15;92;9;0;0;32;7;59;73;77;66;0;0;20;63;62;44;6;4;0;0;98;54;84;14;1;0;0;65;41;58;46;61;0,TabuSearch
34,pliki//100 lokacji//C101.txt,200,50,swap,False,2,41042,16632.187499023785,1434.2393771495297,8813.708744724725,6384.239377149529,14568.38890041269,1428.4930515313422,6761.402797350006,6378.493051531343,10,300010.6492,0;20;24;35;29;30;28;51;68;69;0;0;5;63;62;72;0;0;90;41;40;44;73;77;79;91;0;0;67;86;94;93;9;99;89;0;0;43;8;27;46;0;0;13;18;19;11;36;23;0;0;32;31;53;45;0;0;98;95;71;58;64;0;0;57;54;56;0;0;3;76;70;85;26;0,TabuSearch
34,pliki//100 lokacji//C101.txt,200,50,swap,False,2,41043,16632.187499023785,1434.2393771495297,8813.708744724725,6384.239377149529,14568.38890041269,1428.4930515313422,6761.402797350006,6378.493051531343,10,300009.8218,0;20;24;35;29;30;28;51;68;69;0;0;5;63;62;72;0;0;90;41;40;44;73;77;79;91;0;0;67;86;94;93;9;99;89;0;0;43;8;27;46;0;0;13;18;19;11;36;23;0;0;32;31;53;45;0;0;98;95;71;58;64;0;0;57;54;56;0;0;3;76;70;85;26;0,TabuSearch
35,pliki//100 lokacji//C101.txt,200,50,swap,False,2,42042,16387.373297611426,1332.2271296707374,8682.919038269953,6372.227129670738,15692.263687077517,1395.5016265167237,7861.26043404407,6435.501626516723,10,300002.1549,0;90;63;62;0;0;20;41;40;74;11;0;0;65;3;44;30;45;51;22;50;49;0;0;5;25;35;37;9;26;23;0;0;32;31;19;59;48;69;0;0;43;7;8;82;61;64;0;0;57;54;53;0;0;13;18;29;10;72;66;0;0;98;86;83;85;80;79;89;0;0;67;95;84;88;0,TabuSearch
35,pliki//100 lokacji//C101.txt,200,50,swap,False,2,42043,16387.373297611426,1332.2271296707374,8682.919038269953,6372.227129670738,15446.758553108582,1314.7803454210095,7777.197862266563,6354.780345421009,11,300006.5336,0;65;31;40;84;72;51;50;49;0;0;57;54;53;0;0;3;7;10;82;61;59;64;0;0;20;86;83;85;88;0;0;67;63;0;0;98;95;8;80;79;0;0;43;41;30;29;11;9;89;69;66;0;0;13;18;35;37;0;0;5;19;44;48;45;22;26;23;0;0;90;74;62;0;0;32;25;0,TabuSearch
36,pliki//100 lokacji//C101.txt,200,50,swap,False,2,43042,15813.944583028075,1410.357755327403,8313.229072373268,6090.3577553274035,13549.80992128764,1478.2819354808805,5913.24605032588,6158.281935480881,10,300018.6133,0;67;63;40;53;0;0;20;7;19;15;11;0;0;43;18;29;30;28;64;68;52;0;0;90;41;27;72;73;77;80;66;0;0;5;95;94;74;0;0;13;17;83;61;26;23;0;0;32;31;35;37;79;59;0;0;57;54;0;0;3;25;44;60;50;0;0;42;76;70;84;0,TabuSearch
36,pliki//100 lokacji//C101.txt,200,50,swap,False,2,43043,15813.944583028075,1410.357755327403,8313.229072373268,6090.3577553274035,13549.80992128764,1478.2819354808805,5913.24605032588,6158.281935480881,10,300020.1509,0;67;63;40;53;0;0;20;7;19;15;11;0;0;43;18;29;30;28;64;68;52;0;0;90;41;27;72;73;77;80;66;0;0;5;95;94;74;0;0;13;17;83;61;26;23;0;0;32;31;35;37;79;59;0;0;57;54;0;0;3;25;44;60;50;0;0;42;76;70;84;0,TabuSearch
37,pliki//100 lokacji//C101.txt,200,50,swap,False,2,44042,15069.64195819485,1236.7799289710376,8366.082100252774,5466.779928971038,14432.224708648162,1531.6645830963457,7138.895542455472,5761.664583096345,11,300033.6631,0;43;19;16;10;79;68;0;0;13;18;15;0;0;32;31;27;0;0;90;86;94;92;45;51;23;0;0;5;8;37;46;64;0;0;20;25;0;0;3;54;11;9;0;0;67;42;82;88;99;0;0;98;95;70;30;0;0;57;63;0;0;17;7;62;73;100;89;0,TabuSearch
37,pliki//100 lokacji//C101.txt,200,50,swap,False,2,44043,15069.64195819485,1236.7799289710376,8366.082100252774,5466.779928971038,14369.019614315193,1463.6389614802006,7211.741691354792,5693.638961480201,11,300011.7602,0;90;54;62;0;0;13;18;94;30;45;51;0;0;5;3;8;88;100;99;0;0;57;19;16;0;0;17;31;37;73;79;23;0;0;98;95;92;82;0;0;32;46;0;0;43;42;27;11;9;64;68;89;0;0;20;25;7;10;0;0;86;70;15;0;0;67;63;0,TabuSearch
38,pliki//100 lokacji//C101.txt,200,50,swap,False,2,45042,14800.361428848439,1290.8321623780387,7808.69710409236,5700.832162378039,12897.073906026373,1489.9674024150331,5507.139101196304,5899.9674024150345,10,300017.4251,0;5;41;62;74;0;0;24;86;83;70;73;77;89;0;0;67;25;19;16;0;0;20;18;8;45;64;68;0;0;43;7;71;72;36;59;69;0;0;98;95;94;14;39;0;0;13;63;53;0;0;32;31;29;84;9;0;0;90;27;44;50;46;23;0;0;57;54;0,TabuSearch
38,pliki//100 lokacji//C101.txt,200,50,swap,False,2,45043,14800.361428848439,1290.8321623780387,7808.69710409236,5700.832162378039,12897.073906026373,1489.9674024150331,5507.139101196304,5899.9674024150345,10,300015.3825,0;5;41;62;74;0;0;24;86;83;70;73;77;89;0;0;67;25;19;16;0;0;20;18;8;45;64;68;0;0;43;7;71;72;36;59;69;0;0;98;95;94;14;39;0;0;13;63;53;0;0;32;31;29;84;9;0;0;90;27;44;50;46;23;0;0;57;54;0,TabuSearch
39,pliki//100 lokacji//C101.txt,200,50,swap,False,2,46042,16779.24244628557,1382.7414505567067,9513.759545172157,5882.741450556707,14649.392914500357,1336.311277272399,7476.770359955561,5836.311277272399,11,300007.4467,0;42;54;60;0;0;20;86;35;36;10;48;66;50;47;49;0;0;32;27;40;72;61;45;0;0;90;25;37;34;0;0;3;18;38;30;28;26;0;0;67;62;0;0;13;7;8;0;0;65;63;0;0;43;41;53;77;85;0;0;5;95;83;82;0;0;98;19;29;16;9;0,TabuSearch
39,pliki//100 lokacji//C101.txt,200,50,swap,False,2,46043,16779.24244628557,1382.7414505567067,9513.759545172157,5882.741450556707,14637.830828521808,1545.342729565678,7047.14536939045,6045.34272956568,12,300007.1583,0;32;54;0;0;20;0;0;13;95;0;0;43;25;10;61;72;0;0;65;63;0;0;5;19;82;38;36;48;0;0;41;42;27;35;60;0;0;67;18;8;16;9;0;0;90;86;85;37;34;0;0;3;7;0;0;98;62;29;30;28;26;0;0;40;83;53;77;45;50;66;47;49;0,TabuSearch
40,pliki//100 lokacji//C101.txt,200,50,swap,False,2,47042,16063.009847285963,1127.43739293188,9218.135061422203,5717.437392931881,14039.148572163907,1448.2722601842527,6552.604051795403,6038.272260184252,11,300018.7925,0;90;7;94;92;97;100;0;0;3;95;10;0;0;25;0;0;20;86;82;11;14;88;0;0;43;54;46;0;0;98;31;77;79;85;91;1;0;0;13;62;72;64;0;0;32;27;35;38;0;0;5;8;53;73;48;51;22;0;0;24;18;19;30;28;26;68;0;0;67;41;74;0,TabuSearch
40,pliki//100 lokacji//C101.txt,200,50,swap,False,2,47043,16063.009847285963,1127.43739293188,9218.135061422203,5717.437392931881,14817.164261594167,1325.6451452310625,7575.873971132041,5915.645145231063,10,300021.1118,0;3;41;85;73;77;79;1;91;0;0;5;25;27;30;14;26;0;0;43;86;10;11;97;88;0;0;90;8;94;46;48;51;0;0;24;54;53;72;68;0;0;32;31;35;38;0;0;13;18;19;22;0;0;20;62;74;0;0;98;95;92;100;0;0;67;7;82;28;64;0,TabuSearch
41,pliki//100 lokacji//C101.txt,200,50,swap,False,2,48042,17650.717400113077,1214.3021370291897,10812.113126054699,5624.30213702919,14738.216616797235,1425.4550512033275,7477.3065143905815,5835.4550512033275,11,300027.8155,0;90;93;6;0;0;33;46;0;0;43;55;40;45;14;26;51;49;0;0;5;86;94;84;85;0;0;20;54;71;72;59;66;0;0;13;7;15;0;0;3;18;19;10;28;23;0;0;57;41;0;0;67;63;27;29;0;0;98;44;92;73;77;79;91;1;0;0;32;25;0,TabuSearch
41,pliki//100 lokacji//C101.txt,200,50,swap,False,2,48043,17650.717400113077,1214.3021370291897,10812.113126054699,5624.30213702919,15348.100127379344,1355.3123786117283,8227.475370155886,5765.312378611729,10,300019.5309,0;5;41;40;46;45;26;0;0;43;55;92;93;91;0;0;90;18;19;10;14;6;51;1;0;0;20;86;94;84;85;0;0;67;7;71;73;77;79;23;49;0;0;32;33;72;66;0;0;13;25;0;0;98;63;44;29;0;0;57;54;59;0;0;3;27;15;28;0,TabuSearch
42,pliki//100 lokacji//C101.txt,200,50,swap,False,2,49042,14570.153396117765,1238.2145765705247,7683.724242976713,5648.214576570526,13800.829755537154,1372.8420389654118,6645.14567760633,5782.842038965413,10,300018.5528,0;5;63;40;0;0;90;41;10;30;39;59;68;69;0;0;43;86;83;82;85;48;0;0;67;18;19;16;1;0;0;20;95;71;73;77;64;0;0;13;17;35;11;9;26;0;0;98;25;29;61;0;0;32;33;0;0;57;54;0;0;65;76;70;88;100;99;23;0,TabuSearch
42,pliki//100 lokacji//C101.txt,200,50,swap,False,2,49043,14570.153396117765,1238.2145765705247,7683.724242976713,5648.214576570526,13800.829755537154,1372.8420389654118,6645.14567760633,5782.842038965413,10,300001.6333,0;5;63;40;0;0;90;41;10;30;39;59;68;69;0;0;43;86;83;82;85;48;0;0;67;18;19;16;1;0;0;20;95;71;73;77;64;0;0;13;17;35;11;9;26;0;0;98;25;29;61;0;0;32;33;0;0;57;54;0;0;65;76;70;88;100;99;23;0,TabuSearch
43,pliki//100 lokacji//C101.txt,200,50,swap,False,2,50042,14664.124725412323,1287.4983907985363,7319.127943815251,6057.498390798536,14232.160862022029,1434.0015653197847,6594.157731382458,6204.001565319785,11,300019.6153,0;5;7;93;0;0;32;31;35;29;0;0;20;24;15;30;38;0;0;13;25;8;0;0;67;63;62;0;0;54;40;37;45;48;36;0;0;90;86;76;71;72;0;0;18;82;10;11;9;26;23;0;0;43;41;83;73;77;79;80;68;69;0;0;57;94;92;0;0;98;95;53;60;59;0,TabuSearch
43,pliki//100 lokacji//C101.txt,200,50,swap,False,2,50043,14664.124725412323,1287.4983907985363,7319.127943815251,6057.498390798536,14238.757660743646,1425.331701590505,6618.094257562638,6195.331701590504,10,300025.8574,0;20;41;40;82;73;79;80;68;0;0;67;63;62;10;0;0;43;7;8;15;11;0;0;5;25;83;30;48;69;0;0;90;86;94;93;9;0;0;32;31;35;37;36;0;0;98;95;92;45;59;26;0;0;13;18;29;38;0;0;24;54;53;60;23;0;0;57;76;71;72;77;0,TabuSearch
44,pliki//100 lokacji//C101.txt,200,50,swap,False,2,51042,16774.432080418712,1294.1599855092197,9686.112109400274,5794.159985509219,15193.018122430178,1427.117537336186,7838.783047757806,5927.117537336186,10,300003.5443,0;43;86;83;70;77;80;48;50;0;0;5;41;53;58;60;0;0;24;87;71;73;85;66;0;0;20;25;35;38;0;0;98;95;94;84;0;0;32;54;72;0;0;67;18;59;14;36;22;52;0;0;57;42;27;46;45;0;0;13;8;16;10;4;0;0;90;62;74;0,TabuSearch
44,pliki//100 lokacji//C101.txt,200,50,swap,False,2,51043,16774.432080418712,1294.1599855092197,9686.112109400274,5794.159985509219,15193.018122430178,1427.117537336186,7838.783047757806,5927.117537336186,10,300009.718,0;43;86;83;70;77;80;48;50;0;0;5;41;53;58;60;0;0;24;87;71;73;85;66;0;0;20;25;35;38;0;0;98;95;94;84;0;0;32;54;72;0;0;67;18;59;14;36;22;52;0;0;57;42;27;46;45;0;0;13;8;16;10;4;0;0;90;62;74;0,TabuSearch
45,pliki//100 lokacji//C101.txt,200,50,swap,False,2,52042,16648.585773881026,1280.9710133474196,9496.643747186186,5870.97101334742,15827.024041435088,1468.5815280231036,8299.860985388881,6058.581528023104,11,300022.317,0;43;18;35;14;4;51;50;0;0;90;76;70;0;0;20;25;27;29;0;0;32;40;99;84;64;59;0;0;13;95;94;92;0;0;57;54;44;0;0;24;63;62;11;9;0;0;33;31;0;0;5;7;19;34;36;26;23;0;0;98;10;8;0;0;67;41;53;77;61;79;68;0,TabuSearch
45,pliki//100 lokacji//C101.txt,200,50,swap,False,2,52043,16648.585773881026,1280.9710133474196,9496.643747186186,5870.97101334742,15333.963931095886,1585.3825616307226,7573.198807834441,6175.382561630722,11,300002.0251,0;32;33;27;0;0;98;18;19;11;9;0;0;24;25;0;0;67;41;64;53;77;26;23;0;0;5;76;29;84;79;51;68;0;0;57;54;0;0;13;31;35;44;0;0;90;40;10;61;59;36;34;50;0;0;43;70;92;99;14;0;0;20;63;62;0;0;7;95;94;8;4;0,TabuSearch
46,pliki//100 lokacji//C101.txt,200,50,swap,False,2,53042,15637.160669891065,1189.430039052468,9118.300591786128,5329.430039052469,14032.363664284654,1312.0392066988202,7268.285250887013,5452.03920669882,10,300013.5987,0;20;41;71;72;60;48;47;0;0;90;7;8;29;9;4;89;0;0;43;25;27;0;0;24;54;53;46;0;0;67;86;83;82;58;26;0;0;98;18;19;38;52;0;0;13;17;85;0;0;32;33;74;0;0;42;63;40;45;0;0;5;62;56;22;0,TabuSearch
46,pliki//100 lokacji//C101.txt,200,50,swap,False,2,53043,15637.160669891065,1189.430039052468,9118.300591786128,5329.430039052469,13785.111146170977,1301.634884335872,7041.841377499231,5441.634884335873,11,300019.5628,0;90;86;19;60;48;47;52;22;0;0;67;63;62;0;0;13;17;0;0;5;54;46;0;0;32;41;74;72;0;0;24;33;38;29;0;0;20;18;83;82;45;26;89;0;0;42;53;71;85;0;0;98;7;8;4;9;0;0;25;0;0;43;27;40;56;58;0,TabuSearch
47,pliki//100 lokacji//C101.txt,200,50,swap,False,2,54042,13024.75363561296,1116.3677075098833,6742.018220593195,5166.367707509883,11830.232073539977,1321.3638411832067,5137.504391173566,5371.363841183206,11,300015.3668,0;98;86;92;11;14;26;23;0;0;57;54;0;0;13;25;0;0;95;7;8;10;30;0;0;32;33;0;0;20;24;74;0;0;35;62;70;73;0;0;90;41;40;46;0;0;43;42;83;82;45;64;68;50;0;0;67;18;16;0;0;5;27;53;84;85;0,TabuSearch
47,pliki//100 lokacji//C101.txt,200,50,swap,False,2,54043,13024.75363561296,1116.3677075098833,6742.018220593195,5166.367707509883,11776.598227326675,1279.455876339453,5167.6864746477695,5329.4558763394525,11,300002.8172,0;90;86;83;73;84;85;0;0;24;62;74;0;0;42;82;92;14;64;68;50;0;0;20;25;8;10;0;0;57;54;0;0;67;35;16;11;0;0;32;33;40;0;0;43;41;53;70;45;23;0;0;13;18;0;0;98;95;0;0;5;7;27;46;30;26;0,TabuSearch
48,pliki//100 lokacji//C101.txt,200,50,swap,False,2,55042,16251.394720695012,1224.4224593744348,9572.549801946143,5454.422459374435,14640.613969507467,1267.196654382522,7876.220660742423,5497.196654382523,11,300004.1599,0;90;41;27;72;59;61;49;52;0;0;3;86;83;46;45;26;23;0;0;67;7;8;10;6;0;0;13;18;19;12;0;0;5;0;0;32;33;0;0;43;57;62;0;0;95;92;94;88;0;0;98;37;29;80;64;4;75;0;0;20;54;70;77;0;0;74;63;0,TabuSearch
48,pliki//100 lokacji//C101.txt,200,50,swap,False,2,55043,16251.394720695012,1224.4224593744348,9572.549801946143,5454.422459374435,14371.594245100117,1468.8447259049,7203.904793290317,5698.844725904901,11,300005.8982,0;33;41;46;0;0;32;74;0;0;67;37;77;59;61;64;52;75;0;0;5;7;0;0;90;95;70;80;0;0;43;94;19;92;6;4;0;0;20;63;83;72;45;49;0;0;3;27;29;10;12;26;23;0;0;57;54;0;0;98;86;62;88;0;0;13;18;8;0,TabuSearch
49,pliki//100 lokacji//C101.txt,200,50,swap,False,2,56042,18033.25338465968,1448.3710428644463,10546.511298930789,6038.371042864446,16117.868419711438,1637.141176780667,8253.586066150103,6227.141176780667,11,300007.6821,0;90;54;53;46;61;0;0;25;95;0;0;20;24;19;11;14;39;51;59;0;0;43;18;29;56;68;69;0;0;67;63;0;0;57;41;40;0;0;32;82;85;84;9;0;0;13;31;35;37;0;0;98;86;74;0;0;94;27;73;80;48;34;22;0;0;5;76;70;12;6;1;0,TabuSearch
49,pliki//100 lokacji//C101.txt,200,50,swap,False,2,56043,18033.25338465968,1448.3710428644463,10546.511298930789,6038.371042864446,16067.980761318464,1676.5649434962686,8124.850874325926,6266.564943496268,11,300020.1415,0;13;31;29;22;0;0;67;63;0;0;98;76;70;85;9;6;0;0;57;37;35;59;68;0;0;32;18;11;73;48;51;0;0;43;54;61;82;84;0;0;90;86;74;0;0;95;40;56;46;0;0;24;41;53;14;12;0;0;20;25;27;0;0;5;19;94;80;39;34;1;69;0,TabuSearch
0,pliki//100 lokacji//C201.txt,200,50,swap,False,2,7042,111240.9002225963,986.6639984288113,105037.5722257387,5216.663998428811,100569.64472018865,1563.7627567036595,93212.11920678134,5793.76275670366,9,300002.3951,0;38;72;52;68;87;90;0;0;53;1;61;17;11;49;43;48;0;0;5;56;99;55;79;65;77;96;0;0;93;75;21;0;0;20;24;31;100;10;8;0;0;2;74;69;0;0;22;42;30;25;0;0;67;27;78;37;66;47;41;0;0;63;62;0,TabuSearch
0,pliki//100 lokacji//C201.txt,200,50,swap,False,2,7043,111240.9002225963,986.6639984288113,105037.5722257387,5216.663998428811,100796.0340611905,1496.2449648407867,93573.54413150891,5726.244964840786,10,300004.0689,0;63;0;0;67;24;1;61;37;49;41;48;0;0;75;53;30;77;42;43;68;0;0;78;31;38;8;0;0;22;56;87;96;69;0;0;62;74;0;0;20;17;25;21;0;0;93;0;0;27;79;99;65;66;10;55;52;47;0;0;5;2;72;90;100;11;0,TabuSearch
1,pliki//100 lokacji//C201.txt,200,50,swap,False,2,8042,110124.844000897,1141.309165395619,103522.22567010576,5461.309165395619,95703.05390861844,1442.17694640815,88498.70001580215,5762.17694640815,10,300004.2681,0;63;2;0;0;22;62;87;64;69;0;0;54;74;0;0;67;27;6;29;8;0;0;81;30;61;96;68;66;0;0;5;37;1;10;90;50;52;43;0;0;24;25;21;0;0;20;72;39;83;55;31;47;48;0;0;75;35;77;3;11;49;42;41;0;0;93;0,TabuSearch
1,pliki//100 lokacji//C201.txt,200,50,swap,False,2,8043,110124.844000897,1141.309165395619,103522.22567010576,5461.309165395619,95146.8280818173,1420.7524630769826,87985.32315566334,5740.752463076982,10,300004.7434,0;93;0;0;20;24;27;64;54;55;0;0;5;61;35;3;50;68;47;41;43;0;0;75;52;72;29;77;96;11;10;48;0;0;2;37;31;0;0;6;74;21;0;0;22;25;0;0;63;62;8;0;0;67;81;42;87;0;0;1;49;30;39;66;69;83;90;0,TabuSearch
2,pliki//100 lokacji//C201.txt,200,50,swap,False,2,9042,106728.8253702411,943.6334704336696,100431.55842937375,5353.63347043367,94467.65048612887,1332.9733492601194,87391.70378760863,5742.973349260119,10,300008.426,0;63;25;8;0;0;5;30;49;90;55;66;41;48;0;0;93;0;0;27;24;21;87;64;69;0;0;20;99;44;12;35;51;52;50;43;0;0;67;1;72;29;96;65;47;11;10;0;0;22;31;32;0;0;2;28;36;6;0;0;74;75;0;0;33;62;61;68;0,TabuSearch
2,pliki//100 lokacji//C201.txt,200,50,swap,False,2,9043,106728.8253702411,943.6334704336696,100431.55842937375,5353.63347043367,94689.74988974389,1289.123943540842,87701.50200266222,5699.1239435408415,10,300003.3729,0;33;32;27;0;0;5;55;30;6;41;43;48;0;0;63;74;0;0;35;99;36;49;90;96;47;11;10;0;0;67;12;72;64;65;66;51;44;50;0;0;2;75;8;0;0;93;0;0;20;28;68;29;31;52;0;0;24;1;25;21;0;0;22;62;87;61;69;0,TabuSearch
3,pliki//100 lokacji//C201.txt,200,50,swap,False,2,10042,108471.97043043507,1249.5890303673477,101652.79236970037,5569.589030367348,97297.75246151265,1411.2579009946528,90155.23665952335,5731.257900994653,10,300006.3194,0;24;96;39;61;66;65;69;0;0;73;10;79;52;4;89;90;50;47;43;0;0;20;25;0;0;15;27;29;21;0;0;93;92;99;7;0;0;75;35;1;37;36;9;41;48;0;0;67;62;74;0;0;63;0;0;22;2;8;0;0;5;100;72;87;68;42;0,TabuSearch
3,pliki//100 lokacji//C201.txt,200,50,swap,False,2,10043,108471.97043043507,1249.5890303673477,101652.79236970037,5569.589030367348,97064.46541445673,1463.269867021572,89817.92568041358,5783.269867021573,10,300006.4903,0;93;0;0;63;0;0;37;79;99;9;65;69;47;43;0;0;20;100;72;10;66;41;21;0;0;67;62;74;61;0;0;73;1;35;4;52;96;7;89;90;0;0;15;24;39;36;0;0;25;2;0;0;5;75;92;87;68;50;48;0;0;22;42;27;29;8;0,TabuSearch
4,pliki//100 lokacji//C201.txt,200,50,swap,False,2,11042,113072.64262119032,1226.2740528942395,106300.09451540184,5546.2740528942395,99375.89945784475,1476.3859528373541,92103.12755217003,5796.385952837353,10,300002.659,0;81;62;64;87;0;0;35;80;26;77;4;36;11;10;47;48;0;0;93;0;0;63;0;0;5;24;72;39;66;65;68;0;0;20;38;1;96;89;90;91;0;0;75;33;41;42;43;0;0;67;27;37;61;69;52;21;0;0;22;2;6;29;0;0;25;8;0,TabuSearch
4,pliki//100 lokacji//C201.txt,200,50,swap,False,2,11043,113072.64262119032,1226.2740528942395,106300.09451540184,5546.2740528942395,99538.45241728413,1533.9464702607613,92150.5594767626,5853.946470260762,9,300003.4867,0;77;36;4;35;89;8;11;10;0;0;93;2;0;0;80;27;61;81;52;48;47;43;0;0;75;37;6;33;41;0;0;5;24;87;65;66;69;0;0;63;62;0;0;20;39;72;29;68;42;0;0;67;38;1;64;26;96;91;90;0;0;22;25;21;0,TabuSearch
5,pliki//100 lokacji//C201.txt,200,50,swap,False,2,12042,118225.84199969406,1065.1100268499354,111235.62194599421,5925.110026849936,105256.41368947922,1527.7361345130012,97340.94142045321,6387.736134513003,10,300010.8797,0;5;55;83;50;4;11;45;52;41;43;0;0;22;75;2;1;0;0;27;99;29;77;49;68;47;42;0;0;86;31;3;64;66;96;89;90;91;0;0;93;0;0;67;88;32;21;0;0;63;62;0;0;20;24;30;61;81;65;48;0;0;6;74;72;69;0;0;38;87;9;10;8;0,TabuSearch
5,pliki//100 lokacji//C201.txt,200,50,swap,False,2,12043,118225.84199969406,1065.1100268499354,111235.62194599421,5925.110026849936,105293.82142527838,1486.0616699093596,97461.69808545965,6346.061669909361,10,300017.985,0;5;6;30;68;87;96;90;0;0;22;62;74;0;0;67;9;86;31;49;65;47;8;0;0;63;0;0;24;1;29;32;41;50;45;48;0;0;99;55;83;52;77;43;3;91;11;10;0;0;20;27;72;61;88;4;89;0;0;38;2;21;0;0;93;75;0;0;81;42;64;66;69;0,TabuSearch
6,pliki//100 lokacji//C201.txt,200,50,swap,False,2,13042,99319.84055413966,1081.303864331453,93017.23282547676,5221.303864331454,89260.54339415862,1427.8883252276748,82264.76674370328,5567.888325227674,9,300013.158,0;22;24;79;61;21;77;90;0;0;5;81;35;89;44;43;41;0;0;20;27;25;0;0;67;37;64;6;50;66;69;0;0;62;38;68;8;0;0;1;29;72;11;49;10;65;47;48;0;0;93;75;2;0;0;33;34;32;0;0;63;74;42;0,TabuSearch
6,pliki//100 lokacji//C201.txt,200,50,swap,False,2,13043,99319.84055413966,1081.303864331453,93017.23282547676,5221.303864331454,89381.88914549412,1458.6962650581581,82324.49661537781,5598.696265058158,9,300004.5846,0;20;33;32;0;0;79;37;90;35;89;44;49;48;0;0;63;74;8;0;0;27;81;11;64;65;68;0;0;22;24;25;10;0;0;5;62;72;42;21;0;0;67;34;77;6;43;69;0;0;38;1;61;29;66;50;41;47;0;0;93;75;2;0,TabuSearch
7,pliki//100 lokacji//C201.txt,200,50,swap,False,2,14042,105277.9597235631,1152.6481753317573,98832.66337289957,5292.648175331758,93824.38444354301,1355.5641183733749,86973.25620679627,5495.564118373375,10,300011.3244,0;2;75;0;0;33;0;0;80;35;61;94;9;96;77;47;41;48;0;0;67;27;72;81;68;69;0;0;63;74;0;0;93;0;0;22;24;38;11;8;0;0;62;29;1;90;3;50;65;43;0;0;20;100;87;10;21;0;0;5;13;30;34;42;66;0,TabuSearch
7,pliki//100 lokacji//C201.txt,200,50,swap,False,2,14043,105277.9597235631,1152.6481753317573,98832.66337289957,5292.648175331758,93502.34427952793,1423.85126330668,86514.64175291455,5563.85126330668,10,300015.4658,0;33;27;0;0;20;81;3;43;68;69;0;0;5;72;34;11;65;9;10;21;0;0;80;30;61;35;77;94;96;47;41;48;0;0;75;24;8;29;50;42;0;0;38;100;1;90;66;0;0;22;2;13;0;0;67;62;74;87;0;0;63;0;0;93;0,TabuSearch
8,pliki//100 lokacji//C201.txt,200,50,swap,False,2,15042,126689.24930975314,1319.439558772303,119010.37019220855,6359.439558772303,112280.79485231245,1801.3559460810854,103638.08296015029,6841.355946081086,10,300016.4596,0;22;38;25;0;0;67;62;74;0;0;1;9;64;61;66;34;42;0;0;24;72;39;29;21;68;65;48;0;0;20;78;13;8;0;0;79;31;23;77;69;10;55;96;91;0;0;35;80;99;49;89;36;11;47;41;43;0;0;93;5;2;0;0;63;75;0;0;27;37;30;98;90;86;87;0,TabuSearch
8,pliki//100 lokacji//C201.txt,200,50,swap,False,2,15043,126689.24930975314,1319.439558772303,119010.37019220855,6359.439558772303,113318.95383110915,1568.0907226791692,105142.7723857508,6608.09072267917,10,300019.6102,0;80;27;55;39;43;23;9;10;0;0;67;24;29;30;99;98;86;90;96;0;0;74;62;42;69;0;0;36;1;72;11;68;77;87;65;49;41;0;0;5;34;64;79;91;89;8;0;0;63;0;0;20;13;25;0;0;22;38;37;21;0;0;78;35;61;66;31;47;48;0;0;93;75;2;0,TabuSearch
9,pliki//100 lokacji//C201.txt,200,50,swap,False,2,16042,125244.95965390053,1165.8803542912071,118323.19894531812,5755.8803542912065,113891.77756119249,1375.9316143015928,106549.91433258931,5965.931614301593,10,300003.5832,0;63;27;25;0;0;20;54;72;64;43;0;0;24;100;61;29;86;90;91;89;0;0;67;62;74;0;0;93;0;0;87;30;1;96;51;69;65;47;41;0;0;80;19;66;34;55;52;68;11;10;0;0;22;84;88;0;0;5;75;2;21;8;0;0;13;9;45;42;48;0,TabuSearch
9,pliki//100 lokacji//C201.txt,200,50,swap,False,2,16043,125244.95965390053,1165.8803542912071,118323.19894531812,5755.8803542912065,113072.65623036648,1432.4301873784307,105617.79585560963,6022.430187378431,10,300009.3242,0;84;27;68;86;87;0;0;63;0;0;93;75;2;8;0;0;20;88;61;100;10;0;0;5;72;1;51;66;9;11;96;89;91;90;0;0;22;74;0;0;19;80;29;34;69;65;41;52;47;0;0;13;45;48;21;0;0;67;62;54;55;0;0;25;24;30;64;42;43;0,TabuSearch
10,pliki//100 lokacji//C201.txt,200,50,swap,False,2,17042,111357.91240500183,1284.3747535320226,104469.16289793777,5604.374753532023,99758.57758363498,1314.3558295529865,92809.86592452902,5634.3558295529865,10,300006.675,0;74;24;30;29;21;0;0;5;62;81;69;66;0;0;93;0;0;78;27;87;41;64;68;48;0;0;67;75;72;9;10;11;8;0;0;22;37;33;0;0;94;61;23;79;65;77;96;45;47;43;0;0;20;25;2;0;0;63;0;0;17;92;1;99;98;90;0,TabuSearch
10,pliki//100 lokacji//C201.txt,200,50,swap,False,2,17043,111357.91240500183,1284.3747535320226,104469.16289793777,5604.374753532023,99758.57758363498,1314.3558295529865,92809.86592452902,5634.3558295529865,10,300006.7425,0;74;24;30;29;21;0;0;5;62;81;69;66;0;0;93;0;0;78;27;87;41;64;68;48;0;0;67;75;72;9;10;11;8;0;0;22;37;33;0;0;94;61;23;79;65;77;96;45;47;43;0;0;20;25;2;0;0;63;0;0;17;92;1;99;98;90;0,TabuSearch
11,pliki//100 lokacji//C201.txt,200,50,swap,False,2,18042,115240.54194194228,1067.3807259548448,108965.78049003259,5207.380725954846,101636.3345345349,1346.80612984488,94802.72227484515,5486.80612984488,10,300005.6568,0;24;72;9;61;47;69;65;90;96;0;0;75;17;29;11;10;8;0;0;93;0;0;20;79;35;64;77;52;55;43;41;0;0;67;54;87;0;0;62;1;81;66;42;48;0;0;5;78;97;100;0;0;2;74;0;0;22;6;27;30;21;0;0;63;0,TabuSearch
11,pliki//100 lokacji//C201.txt,200,50,swap,False,2,18043,115240.54194194228,1067.3807259548448,108965.78049003259,5207.380725954846,101590.37681346084,1379.5402339184398,94691.29634562397,5519.54023391844,10,300010.0096,0;67;75;100;9;10;8;0;0;79;30;35;81;66;69;11;47;43;0;0;5;2;27;21;0;0;54;78;61;0;0;97;64;72;42;48;0;0;87;62;74;0;0;24;55;1;65;77;52;90;96;41;0;0;20;22;17;29;6;0;0;93;0;0;63;0,TabuSearch
12,pliki//100 lokacji//C201.txt,200,50,swap,False,2,19042,116066.00524107236,961.5736381253485,110182.85796482165,4921.573638125348,101828.264506183,1428.036555526674,95012.19139512964,5388.036555526674,9,300006.1244,0;99;78;30;87;47;41;69;0;0;5;27;81;52;11;68;43;48;0;0;93;0;0;73;36;79;35;4;96;77;90;89;0;0;25;97;1;8;0;0;63;0;0;67;62;54;66;0;0;20;24;72;42;9;21;10;0;0;22;75;2;0,TabuSearch
12,pliki//100 lokacji//C201.txt,200,50,swap,False,2,19043,116066.00524107236,961.5736381253485,110182.85796482165,4921.573638125348,101962.63402706744,1415.8061641018603,95171.02169886373,5375.806164101859,9,300003.2596,0;81;27;78;77;69;48;0;0;93;0;0;63;0;0;62;97;25;21;0;0;22;75;2;0;0;20;79;1;35;68;47;41;42;43;0;0;67;54;66;8;0;0;73;30;99;52;96;9;11;10;0;0;5;24;72;36;87;4;89;90;0,TabuSearch
13,pliki//100 lokacji//C201.txt,200,50,swap,False,2,20042,127696.79824564027,1115.5954704686274,121235.60730470301,5345.595470468627,110517.10319367537,1501.262625223481,103284.57794322842,5731.262625223481,9,300004.9114,0;71;72;78;64;69;41;43;0;0;5;97;2;21;0;0;36;61;1;50;91;48;87;96;0;0;22;33;29;0;0;93;62;81;0;0;20;74;47;42;0;0;24;80;30;90;35;9;45;52;11;10;0;0;67;75;27;66;79;77;8;0;0;63;0,TabuSearch
13,pliki//100 lokacji//C201.txt,200,50,swap,False,2,20043,127696.79824564027,1115.5954704686274,121235.60730470301,5345.595470468627,110275.63432272953,1498.9823513052686,103047.66962011899,5728.982351305269,9,300001.5241,0;22;71;9;52;77;96;90;0;0;67;75;81;64;66;69;0;0;97;27;30;29;10;8;0;0;5;50;79;47;42;11;21;0;0;63;0;0;33;2;0;0;1;24;35;80;36;91;45;48;41;43;0;0;93;74;0;0;20;62;72;61;78;87;0,TabuSearch
14,pliki//100 lokacji//C201.txt,200,50,swap,False,2,21042,88360.1637568942,1091.7245942994186,82126.71456829536,5141.724594299419,78900.14403863405,1431.9523043872846,71986.23942985947,5481.952304387285,10,300006.0144,0;63;62;74;66;0;0;32;0;0;20;94;29;100;69;41;48;0;0;22;33;0;0;24;13;27;21;0;0;93;2;0;0;75;72;30;6;8;0;0;67;61;87;99;95;0;0;97;65;96;42;43;0;0;5;44;1;80;19;35;9;47;11;10;0,TabuSearch
14,pliki//100 lokacji//C201.txt,200,50,swap,False,2,21043,88360.1637568942,1091.7245942994186,82126.71456829536,5141.724594299419,78326.56901171149,1449.2720294443575,71378.02495282277,5499.272029444357,10,300004.8204,0;95;27;96;13;0;0;63;74;87;0;0;33;0;0;24;1;80;99;35;44;19;10;9;11;0;0;67;94;65;29;8;21;0;0;5;97;72;30;66;47;43;0;0;93;0;0;20;32;6;69;0;0;62;100;61;42;41;48;0;0;22;75;2;0,TabuSearch
15,pliki//100 lokacji//C201.txt,200,50,swap,False,2,22042,99892.11278776792,1122.0101955564403,93778.09239665503,4992.010195556439,86089.89369878036,1385.3272254547705,79449.2392478708,5255.327225454771,8,300004.0766,0;67;97;72;64;42;69;0;0;22;75;2;21;0;0;20;73;30;29;80;68;77;87;47;0;0;5;78;1;100;8;0;0;93;74;0;0;63;62;0;0;61;24;70;90;66;43;48;0;0;92;27;99;6;96;9;11;10;0,TabuSearch
15,pliki//100 lokacji//C201.txt,200,50,swap,False,2,22043,99892.11278776792,1122.0101955564403,93778.09239665503,4992.010195556439,85809.44407488407,1446.6793418771704,79046.08539112973,5316.67934187717,8,300005.5696,0;97;27;72;90;69;66;48;0;0;5;6;1;64;78;68;47;0;0;67;63;0;0;20;73;29;61;80;9;77;43;11;10;0;0;93;75;2;8;0;0;24;62;74;0;0;70;30;99;92;96;87;0;0;22;100;42;21;0,TabuSearch
16,pliki//100 lokacji//C201.txt,200,50,swap,False,2,23042,102934.51862592345,1080.9124631759232,96542.69369957161,5310.912463175923,89792.2931268615,1450.5334427047867,82661.22624145192,5680.5334427047865,9,300004.5313,0;97;27;100;34;11;41;0;0;93;0;0;5;24;64;29;39;10;8;0;0;72;35;30;32;87;91;0;0;67;62;74;69;0;0;63;0;0;36;73;9;66;65;45;42;48;0;0;20;55;99;96;94;51;68;52;43;47;0;0;22;75;2;21;0,TabuSearch
16,pliki//100 lokacji//C201.txt,200,50,swap,False,2,23043,102934.51862592345,1080.9124631759232,96542.69369957161,5310.912463175923,87560.80846101575,1582.7163647133184,80165.37573158913,5812.716364713318,8,300008.2701,0;67;30;72;39;35;34;0;0;5;64;100;66;11;55;47;48;0;0;20;73;36;94;65;9;91;45;41;43;0;0;22;24;2;42;69;0;0;63;74;0;0;93;75;87;0;0;97;51;99;52;96;68;10;8;0;0;62;27;32;29;21;0,TabuSearch
17,pliki//100 lokacji//C201.txt,200,50,swap,False,2,24042,122957.6715364181,1144.8812609376196,116707.90901454286,5104.881260937619,111648.4772364221,1435.4175522699873,104817.64213188214,5395.417552269988,10,300008.2505,0;78;99;31;47;8;0;0;62;2;25;0;0;79;100;72;65;87;96;43;0;0;93;0;0;22;20;24;38;48;0;0;74;0;0;27;73;9;49;90;77;51;11;52;41;0;0;67;81;1;42;66;69;0;0;5;75;13;10;21;0;0;63;0,TabuSearch
17,pliki//100 lokacji//C201.txt,200,50,swap,False,2,24043,122957.6715364181,1144.8812609376196,116707.90901454286,5104.881260937619,112351.48079836323,1345.2852434632366,105700.91031143676,5305.285243463237,10,300004.9074,0;5;2;13;21;0;0;20;73;1;51;66;9;10;90;41;43;0;0;81;27;69;31;52;47;0;0;63;0;0;38;100;99;8;0;0;75;79;49;11;96;65;48;0;0;67;24;72;78;77;87;0;0;93;0;0;22;25;42;0;0;74;62;0,TabuSearch
18,pliki//100 lokacji//C201.txt,200,50,swap,False,2,25042,121077.36065998834,1015.3629850617542,115266.63468986482,4795.3629850617535,109823.75936368291,1293.2220177240686,103457.31532823478,5073.222017724069,9,300015.6129,0;74;62;0;0;15;81;90;0;0;20;1;25;21;0;0;67;2;78;61;66;42;43;0;0;79;27;99;50;96;11;45;52;41;47;0;0;93;75;13;0;0;5;70;46;10;8;0;0;22;24;77;64;51;69;48;0;0;63;0,TabuSearch
18,pliki//100 lokacji//C201.txt,200,50,swap,False,2,25043,121077.36065998834,1015.3629850617542,115266.63468986482,4795.3629850617535,109710.79799584662,1235.5183860708717,103459.76122370486,5015.518386070872,9,300003.6607,0;79;51;99;96;50;48;52;41;47;43;0;0;46;27;90;45;42;21;0;0;93;70;81;0;0;22;2;15;0;0;67;13;64;11;8;10;0;0;63;0;0;20;75;25;0;0;5;24;1;61;66;69;78;77;0;0;74;62;0,TabuSearch
19,pliki//100 lokacji//C201.txt,200,50,swap,False,2,26042,118455.02443384819,1090.6103800911587,111953.80367366588,5410.610380091159,102504.20246044161,1538.0124290979159,95108.17760224578,5858.0124290979165,10,300002.2444,0;20;38;47;29;21;0;0;70;61;6;87;0;0;5;39;30;49;66;96;69;48;0;0;79;35;99;55;80;90;52;41;42;43;0;0;74;62;0;0;22;24;54;64;68;0;0;67;27;78;9;31;91;11;10;0;0;93;75;0;0;15;2;8;0;0;63;0,TabuSearch
19,pliki//100 lokacji//C201.txt,200,50,swap,False,2,26043,118455.02443384819,1090.6103800911587,111953.80367366588,5410.610380091159,102284.12606733495,1546.73963352162,94870.64680029171,5866.739633521619,10,300004.387,0;93;2;0;0;39;70;87;0;0;67;30;61;55;64;11;42;41;48;0;0;80;27;35;79;9;49;52;47;43;0;0;5;78;99;6;66;69;91;90;96;0;0;20;24;38;29;31;68;0;0;74;62;0;0;54;15;0;0;22;75;10;21;8;0;0;63;0,TabuSearch
20,pliki//100 lokacji//C201.txt,200,50,swap,False,2,27042,101759.63616105178,1095.6408888337685,95518.35438338424,5145.640888833768,88646.59817854025,1378.77936828132,81839.03944197761,5428.779368281321,9,300012.3051,0;5;81;65;41;66;69;0;0;67;75;30;29;10;8;0;0;20;33;0;0;63;62;0;0;35;94;36;96;9;40;52;43;48;21;0;0;93;0;0;78;27;99;37;39;0;0;31;77;6;64;49;68;47;0;0;22;24;72;61;87;90;0,TabuSearch
20,pliki//100 lokacji//C201.txt,200,50,swap,False,2,27043,101759.63616105178,1095.6408888337685,95518.35438338424,5145.640888833768,88099.37663604048,1400.682704018157,81248.01122800418,5450.682704018156,9,300005.3469,0;67;39;30;64;68;66;21;0;0;63;62;0;0;49;99;61;9;65;77;90;96;0;0;22;24;33;0;0;93;0;0;5;75;8;0;0;20;78;6;87;41;69;0;0;72;27;94;40;10;35;36;52;47;48;0;0;81;43;29;37;31;0,TabuSearch
21,pliki//100 lokacji//C201.txt,200,50,swap,False,2,28042,127180.01097984484,1301.5791996082012,120076.85258062845,5801.579199608201,115414.61746860825,1457.3433155150124,107999.93083757823,5957.343315515013,10,300017.8537,0;80;30;49;47;42;77;86;90;0;0;20;27;99;78;68;66;87;0;0;74;62;0;0;67;26;72;29;36;65;52;41;48;0;0;15;2;1;0;0;5;81;43;64;69;0;0;63;0;0;79;37;61;35;23;9;11;10;0;0;22;24;25;21;0;0;93;75;8;0,TabuSearch
21,pliki//100 lokacji//C201.txt,200,50,swap,False,2,28043,127180.01097984484,1301.5791996082012,120076.85258062845,5801.579199608201,115884.10267254099,1522.8595536476423,108338.38356524572,6022.859553647641,10,300009.2893,0;20;9;77;90;87;65;68;0;0;67;2;27;29;8;0;0;93;0;0;81;64;25;10;0;0;5;79;36;61;66;52;86;26;23;11;0;0;75;15;30;48;0;0;63;62;0;0;1;35;99;80;78;49;43;41;0;0;37;72;47;69;42;21;0;0;22;24;74;0,TabuSearch
22,pliki//100 lokacji//C201.txt,200,50,swap,False,2,29042,107191.83284778624,872.8535173517919,101306.12581308266,5012.853517351792,94808.46427549674,1249.9432585750603,88168.57775834661,5389.943258575061,9,300011.0005,0;22;33;6;0;0;13;2;0;0;93;74;0;0;67;24;1;51;11;84;91;89;0;0;5;75;66;52;42;47;43;0;0;72;27;61;29;88;87;96;48;0;0;99;64;30;77;10;59;44;41;90;0;0;20;62;68;69;8;21;0;0;63;0,TabuSearch
22,pliki//100 lokacji//C201.txt,200,50,swap,False,2,29043,107191.83284778624,872.8535173517919,101306.12581308266,5012.853517351792,94779.7517642206,1263.496395998961,88112.75897222268,5403.496395998961,9,300016.5078,0;67;29;77;11;59;87;10;47;43;48;0;0;93;2;0;0;99;62;30;61;66;68;89;90;91;0;0;5;74;21;0;0;22;84;72;64;42;41;0;0;13;44;1;88;96;69;0;0;75;27;51;6;8;0;0;20;24;33;52;0;0;63;0,TabuSearch
23,pliki//100 lokacji//C201.txt,200,50,swap,False,2,30042,130492.77784033318,1239.5414188919185,123423.69500254933,5829.5414188919185,114626.07956632876,1772.453088697434,106491.17338893388,6362.4530886974335,9,300004.3556,0;20;24;32;21;8;0;0;63;0;0;67;36;1;65;78;87;90;0;0;73;29;79;9;35;91;80;11;77;45;41;0;0;93;62;72;0;0;94;27;81;51;50;48;0;0;39;97;61;96;66;69;0;0;5;34;49;10;42;47;43;0;0;22;75;99;95;4;0,TabuSearch
23,pliki//100 lokacji//C201.txt,200,50,swap,False,2,30043,130492.77784033318,1239.5414188919185,123423.69500254933,5829.5414188919185,114569.26944195492,1700.578426591677,106578.11258877158,6290.578426591677,9,300002.6754,0;81;27;39;51;43;48;0;0;22;32;42;21;0;0;67;62;78;29;66;65;69;0;0;93;75;8;0;0;72;24;1;47;94;49;79;80;96;0;0;97;99;77;87;0;0;5;61;9;73;35;91;36;11;45;50;41;0;0;20;95;34;10;4;90;0;0;63;0,TabuSearch
24,pliki//100 lokacji//C201.txt,200,50,swap,False,2,31042,105213.04689223738,1136.0973628180466,98710.85216660128,5366.097362818046,92805.1228851141,1291.3596833908168,85992.40351833246,5521.359683390816,10,300003.8351,0;67;31;1;55;96;69;49;65;41;0;0;24;75;13;10;21;0;0;20;6;56;42;0;0;5;78;72;29;64;68;47;43;0;0;79;30;61;66;77;94;89;11;48;0;0;87;2;100;99;0;0;74;62;0;0;63;27;8;0;0;22;25;0;0;93;0,TabuSearch
24,pliki//100 lokacji//C201.txt,200,50,swap,False,2,31043,105213.04689223738,1136.0973628180466,98710.85216660128,5366.097362818046,92596.27102404546,1442.9008200541932,85480.46938393709,5672.900820054193,9,300001.9628,0;93;2;0;0;20;87;1;100;41;48;0;0;63;74;0;0;78;30;72;94;55;65;89;77;96;0;0;67;31;13;64;69;11;10;0;0;5;24;79;61;8;49;68;43;0;0;22;56;47;42;0;0;99;75;25;0;0;62;27;66;29;6;21;0,TabuSearch
25,pliki//100 lokacji//C201.txt,200,50,swap,False,2,32042,109908.15660048307,1162.3427306650003,103083.47113915307,5662.342730665001,97153.84965870048,1611.5397706706217,89430.77011735922,6111.539770670623,10,300019.2026,0;67;12;31;49;66;68;48;0;0;39;1;36;43;11;10;8;0;0;14;59;99;55;23;41;9;91;89;90;0;0;5;2;81;64;69;0;0;62;74;27;21;0;0;20;37;30;61;78;87;0;0;63;24;25;0;0;54;29;6;42;0;0;22;75;15;0;0;93;0,TabuSearch
25,pliki//100 lokacji//C201.txt,200,50,swap,False,2,32043,109908.15660048307,1162.3427306650003,103083.47113915307,5662.342730665001,97533.71920437945,1530.9603754885993,89971.79845340224,6030.960375488599,10,300007.4243,0;22;75;43;8;21;0;0;67;81;78;87;66;0;0;99;39;49;64;36;11;90;91;0;0;15;25;0;0;74;6;30;0;0;24;59;1;29;55;14;89;12;9;10;0;0;20;37;27;61;42;41;0;0;5;23;2;31;68;69;48;0;0;93;62;54;0;0;63;0,TabuSearch
26,pliki//100 lokacji//C201.txt,200,50,swap,False,2,33042,127331.58873201703,1309.5916003796533,119762.40553125771,6259.591600379653,117747.01040098495,1676.9336673231462,109443.14306633866,6626.933667323146,10,300023.555,0;20;78;29;100;26;11;9;10;0;0;93;15;17;0;0;22;25;21;0;0;67;81;6;68;43;0;0;63;75;2;0;0;62;32;49;61;42;69;0;0;5;80;30;77;4;23;36;41;48;0;0;37;72;99;64;55;52;50;47;0;0;74;24;27;8;0;0;28;1;96;87;65;66;0,TabuSearch
26,pliki//100 lokacji//C201.txt,200,50,swap,False,2,33043,127331.58873201703,1309.5916003796533,119762.40553125771,6259.591600379653,117593.51721661685,1822.2985230603445,108998.92017049616,6772.298523060345,10,300003.3389,0;5;65;1;9;21;68;52;47;0;0;63;32;27;0;0;67;37;4;6;10;26;23;0;0;42;24;15;8;0;0;20;99;17;78;28;50;48;0;0;100;55;61;64;87;96;69;0;0;22;81;72;66;0;0;75;80;29;49;36;77;11;41;43;0;0;93;62;74;0;0;2;30;25;0,TabuSearch
27,pliki//100 lokacji//C201.txt,200,50,swap,False,2,34042,96947.54138775016,880.5822023296852,91316.3769830908,4750.582202329686,85857.221662228,1400.586750852271,79186.04816052347,5270.5867508522715,8,300007.6268,0;22;49;1;45;90;8;68;41;0;0;81;27;42;25;0;0;67;74;30;29;0;0;20;70;21;55;47;43;0;0;5;24;79;9;65;4;11;10;48;0;0;75;54;72;64;66;69;0;0;93;62;87;61;0;0;63;2;0,TabuSearch
27,pliki//100 lokacji//C201.txt,200,50,swap,False,2,34043,96947.54138775016,880.5822023296852,91316.3769830908,4750.582202329686,85582.59566290196,1258.5387985890707,79195.51806572382,5128.538798589071,9,300006.5636,0;70;66;64;21;42;0;0;20;55;4;49;47;69;68;48;0;0;2;74;0;0;22;62;30;61;9;8;11;10;0;0;67;75;27;29;25;0;0;63;0;0;5;24;72;1;79;45;65;43;41;0;0;54;81;87;90;0;0;93;0,TabuSearch
28,pliki//100 lokacji//C201.txt,200,50,swap,False,2,35042,92287.80205025659,957.629940139239,86592.5421699781,4737.62994013924,80099.05292604514,1472.207403926842,73374.63811819145,5252.207403926843,8,300004.2671,0;62;1;31;98;10;90;0;0;63;95;0;0;5;75;30;99;21;8;0;0;22;13;42;43;0;0;39;86;35;4;51;17;91;25;48;0;0;93;0;0;20;24;100;29;64;66;69;0;0;67;27;78;37;68;47;41;0,TabuSearch
28,pliki//100 lokacji//C201.txt,200,50,swap,False,2,35043,92287.80205025659,957.629940139239,86592.5421699781,4737.62994013924,79251.0957547593,1446.9358138540229,72577.22412705125,5226.935813854024,8,300005.0565,0;93;0;0;20;62;29;100;98;0;0;5;35;99;37;4;51;91;90;10;0;0;78;27;68;17;42;69;0;0;95;13;8;0;0;63;75;21;0;0;22;24;31;30;66;41;0;0;67;39;1;64;25;86;47;43;48;0,TabuSearch
29,pliki//100 lokacji//C201.txt,200,50,swap,False,2,36042,104326.13708289537,1105.8875162493803,98244.36205039661,4975.8875162493805,92020.1147045312,1454.8965399474541,85240.32162463629,5324.896539947455,9,300004.5329,0;38;27;32;29;8;0;0;5;31;11;33;36;21;0;0;13;54;66;0;0;20;80;30;49;87;41;69;0;0;22;73;37;78;90;47;43;48;0;0;74;62;0;0;67;24;1;35;10;81;77;96;0;0;93;75;2;0;0;63;0,TabuSearch
29,pliki//100 lokacji//C201.txt,200,50,swap,False,2,36043,104326.13708289537,1105.8875162493803,98244.36205039661,4975.8875162493805,91513.36603390957,1528.4648685182908,84586.43629687298,5398.464868518291,9,300013.0092,0;63;0;0;31;13;10;8;0;0;20;22;2;87;66;69;0;0;5;38;1;11;33;21;0;0;62;81;54;0;0;67;24;80;35;78;36;41;43;48;0;0;37;73;29;77;47;49;96;90;0;0;93;32;27;30;0;0;75;74;0,TabuSearch
30,pliki//100 lokacji//C201.txt,200,50,swap,False,2,37042,98441.51246014501,991.4330837318229,92318.64629268135,5131.433083731823,86307.21790443198,1354.7119779679554,79457.79394849608,5494.711977967956,9,300001.2846,0;83;29;99;65;94;77;50;42;48;0;0;22;72;21;6;87;90;0;0;5;75;1;89;100;8;0;0;97;74;0;0;93;0;0;63;0;0;20;24;92;78;68;47;43;0;0;62;2;30;64;66;69;0;0;67;27;3;61;41;96;11;10;0,TabuSearch
30,pliki//100 lokacji//C201.txt,200,50,swap,False,2,37043,98441.51246014501,991.4330837318229,92318.64629268135,5131.433083731823,86230.52107534297,1355.2422726367854,79380.03653006941,5495.242272636785,9,300001.4086,0;97;21;8;0;0;93;75;2;0;0;92;27;72;66;64;69;0;0;22;78;11;61;77;87;90;0;0;63;0;0;5;24;99;29;65;50;43;3;83;96;0;0;74;62;0;0;67;20;100;6;68;42;0;0;94;30;1;41;48;47;89;10;0,TabuSearch
31,pliki//100 lokacji//C201.txt,200,50,swap,False,2,38042,118007.82830357728,1207.7192361864293,111362.38983120442,5437.719236186429,105566.40585502767,1291.1369783610462,98754.13189830558,5521.136978361046,10,300005.4612,0;93;0;0;73;11;71;69;51;68;52;48;0;0;20;24;30;25;10;0;0;31;72;9;64;77;90;96;87;0;0;5;27;13;21;8;0;0;75;17;45;47;42;0;0;63;62;0;0;74;0;0;22;2;0;0;67;1;61;29;66;78;65;49;43;41;0,TabuSearch
31,pliki//100 lokacji//C201.txt,200,50,swap,False,2,38043,118007.82830357728,1207.7192361864293,111362.38983120442,5437.719236186429,104987.77834805341,1314.533720308843,98128.71090743573,5544.533720308842,10,300004.7832,0;74;0;0;67;27;42;31;10;8;0;0;20;24;13;61;96;90;0;0;93;0;0;17;2;21;0;0;5;75;30;72;64;69;68;48;0;0;73;29;49;66;87;9;51;41;45;47;0;0;22;25;0;0;71;1;78;11;77;65;52;43;0;0;63;62;0,TabuSearch
32,pliki//100 lokacji//C201.txt,200,50,swap,False,2,39042,114349.50546051149,1136.9642189851784,107665.57702254114,5546.9642189851775,101591.1583708688,1489.03976921382,94203.07883244116,5899.039769213819,10,300006.6194,0;63;0;0;93;75;0;0;22;2;72;69;66;0;0;67;53;1;35;55;52;41;50;43;0;0;20;14;73;36;77;9;90;91;11;10;0;0;100;87;64;8;21;0;0;30;81;68;47;42;48;0;0;25;24;27;29;0;0;74;62;0;0;5;78;61;37;6;0,TabuSearch
32,pliki//100 lokacji//C201.txt,200,50,swap,False,2,39043,114349.50546051149,1136.9642189851784,107665.57702254114,5546.9642189851775,100108.90564662182,1523.8525040626903,92651.20063849645,5933.852504062691,10,300009.3354,0;63;0;0;37;27;25;0;0;22;75;2;0;0;67;72;30;29;6;68;42;0;0;5;81;35;91;55;52;21;0;0;100;9;61;53;47;48;0;0;74;62;0;0;93;8;0;0;20;78;1;64;66;87;90;0;0;24;73;36;77;50;69;43;41;14;11;10;0,TabuSearch
33,pliki//100 lokacji//C201.txt,200,50,swap,False,2,40042,114093.34927711093,1208.7716600564847,107625.80595699795,5258.771660056485,97835.32953806323,1497.3232633985158,90790.6830112662,5547.323263398516,8,300019.8996,0;20;62;78;6;21;0;0;80;36;100;65;89;77;90;87;0;0;5;81;37;64;96;69;0;0;1;55;99;47;79;49;48;41;43;0;0;22;24;42;30;11;8;0;0;67;27;72;54;66;9;10;0;0;93;75;2;0;0;63;0,TabuSearch
33,pliki//100 lokacji//C201.txt,200,50,swap,False,2,40043,114093.34927711093,1208.7716600564847,107625.80595699795,5258.771660056485,98193.62524875422,1512.984142537045,91117.65696368014,5562.984142537045,8,300011.3321,0;81;27;72;47;42;21;0;0;93;5;2;0;0;79;30;80;9;55;89;77;90;87;0;0;63;0;0;67;100;1;78;10;8;0;0;22;37;11;6;66;69;0;0;62;75;54;64;65;43;0;0;20;24;99;49;36;96;41;48;0,TabuSearch
34,pliki//100 lokacji//C201.txt,200,50,swap,False,2,41042,105880.8569255412,1029.498223512913,99951.86047851537,4899.498223512914,94713.09814491702,1319.3877263944212,88204.32269212819,5189.3877263944205,8,300002.1838,0;20;22;81;50;47;0;0;5;72;30;77;4;69;68;42;43;0;0;67;74;87;0;0;93;75;21;0;0;78;27;13;11;10;0;0;62;14;64;37;3;90;26;44;41;0;0;34;24;99;29;8;66;48;0;0;63;2;0,TabuSearch
34,pliki//100 lokacji//C201.txt,200,50,swap,False,2,41043,105880.8569255412,1029.498223512913,99951.86047851537,4899.498223512914,94558.1179782073,1303.7608603277367,88080.59625755184,5173.760860327737,9,300002.4679,0;20;24;27;30;99;10;8;0;0;5;72;14;44;3;68;50;26;11;90;0;0;67;13;41;29;21;0;0;22;75;2;0;0;62;74;87;0;0;93;0;0;78;34;77;4;66;69;48;0;0;81;37;64;47;42;43;0;0;63;0,TabuSearch
35,pliki//100 lokacji//C201.txt,200,50,swap,False,2,42042,119810.54342896197,996.4551953703894,113677.63303822119,5136.455195370389,107814.38246906872,1299.5864369043247,101075.20959526006,5439.586436904326,10,300003.8232,0;81;87;64;66;48;0;0;30;79;9;99;90;96;78;77;91;0;0;24;1;72;92;68;47;11;10;0;0;5;75;25;21;0;0;22;74;42;0;0;67;62;27;17;13;0;0;15;2;8;0;0;93;0;0;20;100;65;29;69;41;43;0;0;63;0,TabuSearch
35,pliki//100 lokacji//C201.txt,200,50,swap,False,2,42043,119810.54342896197,996.4551953703894,113677.63303822119,5136.455195370389,108219.89915629303,1380.226321311735,101319.44651366955,5520.226321311735,10,300004.3903,0;22;87;100;64;66;0;0;2;75;8;0;0;24;17;72;78;92;90;91;0;0;74;62;42;0;0;5;65;96;13;10;9;11;0;0;20;79;29;99;69;77;47;41;43;0;0;81;25;30;21;0;0;67;27;15;1;68;48;0;0;93;0;0;63;0,TabuSearch
36,pliki//100 lokacji//C201.txt,200,50,swap,False,2,43042,83533.20944988923,890.9560051395162,78061.2974396102,4580.956005139516,69577.29716804203,1239.8600255986266,63407.577116844775,4929.860025598627,9,300005.1849,0;97;74;66;0;0;67;62;30;99;21;8;0;0;20;94;72;29;3;69;52;41;43;48;0;0;22;33;6;0;0;63;0;0;5;75;24;61;11;98;90;0;0;87;2;0;0;93;0;0;92;27;77;50;49;37;36;47;0,TabuSearch
36,pliki//100 lokacji//C201.txt,200,50,swap,False,2,43043,83533.20944988923,890.9560051395162,78061.2974396102,4580.956005139516,70217.63907369637,1326.2154983119028,63875.208077072566,5016.2154983119035,9,300004.8751,0;67;5;77;99;47;98;3;90;0;0;93;0;0;72;94;49;36;66;50;11;52;41;43;0;0;20;75;30;29;97;0;0;33;24;87;0;0;22;62;37;6;21;0;0;2;74;0;0;92;27;61;69;48;8;0;0;63;0,TabuSearch
37,pliki//100 lokacji//C201.txt,200,50,swap,False,2,44042,113379.34373962125,978.3379970707122,107822.66774547982,4578.337997070712,96419.79251927817,1298.0584902698872,90223.67553873839,4898.058490269887,8,300002.4381,0;67;2;72;47;66;43;68;0;0;73;27;79;9;77;50;89;90;11;10;0;0;62;87;30;8;21;0;0;5;75;25;64;69;0;0;93;0;0;22;24;74;0;0;20;81;29;78;52;96;41;48;0;0;63;0,TabuSearch
37,pliki//100 lokacji//C201.txt,200,50,swap,False,2,44043,113379.34373962125,978.3379970707122,107822.66774547982,4578.337997070712,96720.78592662838,1192.373780955592,90736.0383647172,4792.373780955591,8,300003.9072,0;74;0;0;22;24;25;10;0;0;72;62;66;8;21;0;0;63;75;2;0;0;93;0;0;20;81;9;64;89;77;90;43;48;0;0;5;27;73;29;79;50;11;41;52;47;0;0;67;78;30;96;87;69;68;0,TabuSearch
38,pliki//100 lokacji//C201.txt,200,50,swap,False,2,45042,89721.11451992398,947.8941092665299,84135.32630139092,4637.89410926653,75323.2027805765,1269.5234870455859,69094.15580648532,4959.523487045585,8,300008.4398,0;67;30;99;32;69;41;10;0;0;20;1;72;29;64;66;68;42;0;0;63;75;8;0;0;93;27;21;0;0;22;24;81;100;0;0;5;13;2;0;0;73;26;61;94;9;90;50;48;45;47;43;0;0;74;62;0,TabuSearch
38,pliki//100 lokacji//C201.txt,200,50,swap,False,2,45043,89721.11451992398,947.8941092665299,84135.32630139092,4637.89410926653,75602.72307742953,1280.6551482924795,69351.41278084456,4970.65514829248,8,300011.3532,0;5;73;26;64;10;94;90;45;41;43;0;0;67;99;72;32;42;69;0;0;100;27;1;61;9;68;50;47;48;0;0;93;75;0;0;22;62;30;29;21;0;0;20;24;81;66;8;0;0;13;2;0;0;63;74;0,TabuSearch
39,pliki//100 lokacji//C201.txt,200,50,swap,False,2,46042,122227.89051354928,1062.3642160412874,115783.16208146671,5382.364216041287,110842.69295410364,1538.8743805402441,103444.94419302314,5858.8743805402455,10,300003.709,0;5;36;78;9;66;52;42;0;0;40;30;71;38;69;77;90;11;10;0;0;80;37;79;3;68;65;43;47;0;0;67;75;72;61;64;87;96;0;0;63;62;0;0;81;74;0;0;2;28;6;0;0;22;27;25;0;0;20;24;8;21;41;48;0;0;93;0,TabuSearch
39,pliki//100 lokacji//C201.txt,200,50,swap,False,2,46043,122227.89051354928,1062.3642160412874,115783.16208146671,5382.364216041287,110770.80303329394,1588.9994461272668,103272.80414103939,5908.999446127266,9,300009.292,0;5;72;38;77;40;68;65;43;48;0;0;80;36;61;79;52;42;47;0;0;67;62;30;6;41;11;8;0;0;71;28;78;69;66;9;10;0;0;63;25;0;0;22;24;2;21;0;0;20;37;3;64;90;96;87;0;0;81;74;0;0;93;75;27;0,TabuSearch
40,pliki//100 lokacji//C201.txt,200,50,swap,False,2,47042,128602.7781025598,1172.0715209108712,121488.63506073804,5942.071520910871,113657.9095585329,1578.926429057567,105730.05670041777,6348.9264290575675,10,300005.5816,0;20;24;27;39;29;25;0;0;67;30;81;64;66;65;68;0;0;5;37;100;51;69;52;45;43;0;0;17;87;50;49;47;41;48;0;0;93;0;0;22;75;9;8;0;0;63;62;0;0;55;79;1;80;35;77;90;96;36;11;10;0;0;99;2;6;42;0;0;72;74;21;0,TabuSearch
40,pliki//100 lokacji//C201.txt,200,50,swap,False,2,47043,128602.7781025598,1172.0715209108712,121488.63506073804,5942.071520910871,113610.60369077025,1557.916405660736,105724.77087944877,6327.916405660736,10,300008.5059,0;79;29;1;55;36;9;35;41;48;50;47;0;0;67;30;27;64;6;52;10;0;0;22;62;74;0;0;5;81;80;45;49;68;65;0;0;2;75;8;0;0;63;21;0;0;20;24;39;17;25;0;0;72;100;51;11;69;96;87;90;0;0;93;0;0;37;99;77;66;42;43;0,TabuSearch
41,pliki//100 lokacji//C201.txt,200,50,swap,False,2,48042,113265.59002669575,1178.834062609521,106767.92190147671,5318.8340626095205,102622.62723869222,1469.1988517510235,95544.22953519018,5609.1988517510235,9,300006.2726,0;22;32;42;0;0;5;15;25;8;0;0;20;1;35;79;47;65;90;96;87;0;0;63;24;27;21;0;0;67;81;43;78;66;0;0;62;75;72;61;68;69;0;0;30;80;6;77;41;9;11;10;0;0;93;74;0;0;70;2;29;64;48;0,TabuSearch
41,pliki//100 lokacji//C201.txt,200,50,swap,False,2,48043,113265.59002669575,1178.834062609521,106767.92190147671,5318.8340626095205,102352.87218787828,1480.4379912400825,95251.99620539813,5620.437991240083,9,300014.2895,0;1;6;29;25;21;0;0;70;30;90;9;65;47;43;0;0;81;78;68;64;66;0;0;67;24;27;61;32;69;0;0;5;80;35;79;11;77;96;41;48;0;0;63;42;0;0;20;72;15;87;10;8;0;0;93;75;2;0;0;22;62;74;0,TabuSearch
42,pliki//100 lokacji//C201.txt,200,50,swap,False,2,49042,124502.0780163061,1552.710878672183,116356.65625896174,6592.710878672184,111831.36399118899,1653.3208015137407,103484.72238816152,6693.320801513741,10,300014.4987,0;67;74;66;0;0;58;44;6;42;69;0;0;80;29;99;65;23;51;86;91;89;0;0;94;24;30;49;26;59;40;10;50;41;48;0;0;93;22;21;0;0;27;1;78;68;47;45;43;0;0;20;60;52;61;87;96;90;0;0;63;0;0;5;75;72;12;100;11;0;0;64;62;2;8;0,TabuSearch
42,pliki//100 lokacji//C201.txt,200,50,swap,False,2,49043,124502.0780163061,1552.710878672183,116356.65625896174,6592.710878672184,111894.67828422737,1600.8774429381301,103652.92339835111,6640.87744293813,10,300003.6486,0;93;75;2;0;0;78;91;87;64;69;0;0;100;61;12;89;51;45;50;0;0;67;99;59;26;80;49;40;52;11;10;0;0;20;24;30;58;47;43;0;0;42;1;72;6;66;96;86;90;0;0;63;0;0;5;94;60;23;44;65;68;41;48;0;0;74;62;0;0;22;27;29;21;8;0,TabuSearch
43,pliki//100 lokacji//C201.txt,200,50,swap,False,2,50042,122885.4142681655,1179.4548058336632,115846.50465649817,5859.454805833664,110773.3031605908,1485.091756331586,103123.11964792763,6165.091756331586,11,300014.2554,0;93;0;0;67;62;97;21;0;0;22;24;27;81;68;43;41;0;0;74;0;0;6;30;77;78;64;66;69;0;0;35;72;94;40;4;51;45;9;11;8;0;0;20;87;65;89;96;52;10;0;0;5;2;1;13;0;0;25;75;0;0;99;61;90;29;50;42;47;48;0;0;63;0,TabuSearch
43,pliki//100 lokacji//C201.txt,200,50,swap,False,2,50043,122885.4142681655,1179.4548058336632,115846.50465649817,5859.454805833664,110534.68301261199,1486.4441179537582,102881.79477670448,6166.444117953759,10,300001.6117,0;67;5;72;8;68;69;21;0;0;2;75;29;42;43;0;0;62;74;0;0;24;40;1;9;94;96;52;41;45;47;0;0;97;27;13;10;0;0;22;6;25;0;0;35;99;65;11;4;78;77;90;89;0;0;93;20;87;61;0;0;63;0;0;81;30;64;66;51;50;48;0,TabuSearch
44,pliki//100 lokacji//C201.txt,200,50,swap,False,2,51042,120417.57309827725,1261.7983245169398,113213.97644924336,5941.79832451694,109488.4577956744,1551.565531299859,101705.32673307469,6231.565531299859,10,300013.3073,0;39;24;80;35;50;52;41;43;0;0;5;75;27;30;8;21;0;0;22;62;74;0;0;97;81;72;64;66;0;0;93;0;0;31;2;98;7;0;0;67;9;29;61;68;69;45;42;0;0;71;1;65;6;87;96;48;0;0;20;79;99;51;77;47;90;11;10;0;0;63;0,TabuSearch
44,pliki//100 lokacji//C201.txt,200,50,swap,False,2,51043,120417.57309827725,1261.7983245169398,113213.97644924336,5941.79832451694,110120.55586243243,1703.7145967450522,102033.12666894234,6383.714596745052,10,300006.3755,0;75;22;27;61;69;8;0;0;93;0;0;97;24;99;11;21;0;0;63;0;0;80;30;35;9;79;90;51;43;48;0;0;67;2;81;47;31;0;0;39;72;29;64;50;96;77;87;0;0;5;71;10;66;98;7;0;0;74;62;6;0;0;20;52;1;65;45;68;41;42;0,TabuSearch
45,pliki//100 lokacji//C201.txt,200,50,swap,False,2,52042,102833.15541766812,1046.8115644968443,96599.53228867443,5186.811564496845,91220.70692389835,1390.311225965807,84300.08447196674,5530.311225965808,9,300005.4473,0;63;74;0;0;93;75;0;0;22;24;25;0;0;27;78;1;61;52;68;43;48;0;0;92;6;77;64;10;21;0;0;67;87;2;9;8;0;0;5;44;100;66;42;69;65;41;0;0;62;95;98;0;0;20;72;30;99;47;80;96;3;90;0,TabuSearch
45,pliki//100 lokacji//C201.txt,200,50,swap,False,2,52043,102833.15541766812,1046.8115644968443,96599.53228867443,5186.811564496845,91755.93986169656,1340.1569429551812,84935.62597578621,5480.156942955181,9,300014.6344,0;22;24;100;6;21;0;0;5;44;1;42;96;47;41;43;0;0;27;95;30;61;68;69;0;0;67;78;92;3;98;0;0;75;25;8;0;0;20;99;80;9;65;90;77;10;52;48;0;0;62;87;72;64;66;0;0;93;2;0;0;63;74;0,TabuSearch
46,pliki//100 lokacji//C201.txt,200,50,swap,False,2,53042,134465.15882069373,1255.8093915594595,127903.54003757481,5305.80939155946,120629.97524250756,1486.180317282902,113607.61460794177,5536.180317282901,9,300014.0454,0;79;30;80;17;51;41;52;47;0;0;5;73;18;77;9;96;11;10;48;0;0;15;27;72;90;87;0;0;93;2;0;0;63;74;0;0;62;25;8;0;0;20;24;13;21;0;0;67;81;1;64;66;42;43;0;0;22;75;78;61;69;0,TabuSearch
46,pliki//100 lokacji//C201.txt,200,50,swap,False,2,53043,134465.15882069373,1255.8093915594595,127903.54003757481,5305.80939155946,120893.56255925653,1435.9578631629656,113971.6468329306,5485.957863162966,9,300001.7617,0;81;27;72;47;42;43;0;0;22;15;25;0;0;63;61;17;9;10;0;0;5;80;8;64;87;66;48;0;0;20;24;13;30;21;0;0;93;2;0;0;73;1;79;18;77;51;90;11;52;41;0;0;67;74;0;0;62;75;78;96;69;0,TabuSearch
47,pliki//100 lokacji//C201.txt,200,50,swap,False,2,54042,114763.20062664241,901.1712080471034,108820.8582105482,5041.1712080471025,100732.85646248981,1363.730120194979,93865.39622209987,5503.730120194979,9,300004.9382,0;54;42;0;0;2;70;84;0;0;22;24;96;61;90;89;8;0;0;67;75;21;82;86;0;0;63;0;0;5;62;30;77;69;66;65;41;0;0;29;80;72;9;87;4;10;43;48;0;0;20;27;83;45;11;49;68;52;47;0;0;93;74;0,TabuSearch
47,pliki//100 lokacji//C201.txt,200,50,swap,False,2,54043,114763.20062664241,901.1712080471034,108820.8582105482,5041.1712080471025,101912.01127001003,1302.5103489336352,95166.99057214276,5442.510348933635,9,300015.7488,0;62;75;2;21;0;0;67;82;29;42;66;69;0;0;93;74;0;0;77;9;72;84;83;4;89;0;0;20;80;30;96;68;49;52;41;43;0;0;63;0;0;5;27;61;11;86;65;47;45;48;0;0;70;90;87;10;8;0;0;22;24;54;0,TabuSearch
48,pliki//100 lokacji//C201.txt,200,50,swap,False,2,55042,115986.07486425867,1139.9037988214554,109386.26726661576,5459.903798821455,104053.02058441176,1411.9178122719059,96909.18495986795,5731.917812271906,10,300010.8605,0;13;98;100;99;0;0;5;75;87;61;43;0;0;93;0;0;22;24;27;32;42;0;0;95;21;8;0;0;67;62;74;0;0;63;2;0;0;20;73;29;94;66;47;45;9;11;0;0;81;30;72;96;64;69;41;48;0;0;6;80;1;51;77;90;3;10;0,TabuSearch
48,pliki//100 lokacji//C201.txt,200,50,swap,False,2,55043,115986.07486425867,1139.9037988214554,109386.26726661576,5459.903798821455,103543.80431099873,1484.8412243362527,96254.12186232622,5804.841224336254,10,300009.7474,0;32;74;0;0;20;24;27;6;66;42;41;43;0;0;95;21;8;0;0;5;80;30;69;51;94;9;11;10;0;0;22;62;1;81;87;0;0;67;99;72;61;47;45;98;3;0;0;73;29;100;64;77;96;90;0;0;13;2;48;0;0;93;75;0;0;63;0,TabuSearch
49,pliki//100 lokacji//C201.txt,200,50,swap,False,2,56042,106200.39688151088,947.0025720487736,100436.39173741333,4817.002572048772,95148.43902514898,1278.348222627062,88721.74257989487,5148.348222627063,9,300007.9636,0;79;31;4;64;86;11;41;43;0;0;5;24;25;8;0;0;22;13;30;10;21;0;0;63;78;87;0;0;49;99;72;9;68;77;96;48;0;0;20;75;81;61;69;66;0;0;93;2;0;0;67;62;27;42;32;50;0;0;74;0,TabuSearch
49,pliki//100 lokacji//C201.txt,200,50,swap,False,2,56043,106200.39688151088,947.0025720487736,100436.39173741333,4817.002572048772,94081.7150971874,1341.3833767437848,87528.94834369983,5211.3833767437845,9,300015.4965,0;99;72;9;49;96;68;43;41;0;0;93;0;0;22;31;8;21;0;0;5;81;61;32;42;0;0;79;30;77;50;86;11;48;4;10;0;0;63;75;2;0;0;62;87;74;0;0;67;13;78;69;64;66;0;0;20;24;27;25;0,TabuSearch
0,pliki//100 lokacji//R101.txt,200,50,swap,False,2,7042,7717.607056232313,764.7450409922892,5748.116974247734,1204.7450409922894,3989.348403222433,977.5019311141311,1594.344540994171,1417.501931114131,7,300003.6997,0;17;55;25;24;68;80;77;0;0;95;27;73;66;1;70;0;0;28;69;82;6;84;48;0;0;90;53;94;97;13;0;0;18;2;40;57;37;60;93;91;100;0;0;31;41;87;56;89;0;0;12;52;20;26;74;58;0,TabuSearch
0,pliki//100 lokacji//R101.txt,200,50,swap,False,2,7043,7717.607056232313,764.7450409922892,5748.116974247734,1204.7450409922894,4103.666663715635,991.3600269146955,1680.9466098862438,1431.3600269146953,7,300004.1164,0;82;53;6;94;13;0;0;52;73;40;57;37;48;70;0;0;2;68;90;20;1;89;0;0;31;28;87;84;17;0;0;95;69;55;26;24;80;77;0;0;27;41;18;97;60;93;91;100;0;0;12;66;56;74;25;58;0,TabuSearch
1,pliki//100 lokacji//R101.txt,200,50,swap,False,2,8042,8682.495015149316,811.4369442722749,6549.621126604767,1321.4369442722748,4568.523629684905,1084.9865592874328,1888.5505111100397,1594.9865592874326,8,300003.0001,0;76;27;90;20;66;35;77;0;0;32;94;37;56;4;0;0;29;12;40;53;26;0;0;16;95;84;46;91;93;100;0;0;28;62;57;54;55;25;58;0;0;68;69;74;97;96;13;0;0;52;98;6;87;17;60;89;0;0;30;24;3;1;50;80;70;0,TabuSearch
1,pliki//100 lokacji//R101.txt,200,50,swap,False,2,8043,8682.495015149316,811.4369442722749,6549.621126604767,1321.4369442722748,4714.67796158764,1078.3837866797455,2047.91038822815,1588.3837866797453,8,300011.7291,0;29;57;94;37;97;58;0;0;87;35;3;50;1;0;0;95;27;84;46;96;13;0;0;52;76;74;54;24;68;70;0;0;16;6;40;56;55;25;80;77;0;0;28;62;66;60;93;91;100;0;0;12;69;30;90;20;32;0;0;17;98;53;26;4;89;0,TabuSearch
2,pliki//100 lokacji//R101.txt,200,50,swap,False,2,9042,8048.599034256292,780.532317638798,6037.534398978695,1230.532317638798,4177.419369049467,1084.2572788205407,1558.9048114083855,1534.2572788205403,8,300005.9023,0;86;10;1;24;80;77;0;0;81;84;96;91;37;13;0;0;27;98;40;32;60;89;0;0;19;79;9;66;70;0;0;88;43;57;97;74;58;0;0;44;52;53;17;100;93;0;0;69;28;87;94;6;0;0;95;76;25;26;68;0,TabuSearch
2,pliki//100 lokacji//R101.txt,200,50,swap,False,2,9043,8048.599034256292,780.532317638798,6037.534398978695,1230.532317638798,4175.082724667103,1132.742682970046,1459.597358727011,1582.7426829700457,8,300001.8287,0;43;94;9;68;0;0;44;40;53;96;91;58;0;0;88;52;76;6;74;93;100;0;0;98;79;66;32;70;0;0;27;95;10;26;1;0;0;28;86;57;17;60;89;0;0;81;69;84;97;37;13;0;0;19;87;25;24;80;77;0,TabuSearch
3,pliki//100 lokacji//R101.txt,200,50,swap,False,2,10042,8304.235584372953,816.5946181569332,6151.046348059087,1336.5946181569332,4777.347703313803,1077.5918509605308,2102.1640013927417,1597.5918509605308,9,300016.6788,0;34;76;40;74;4;25;58;0;0;62;57;96;37;13;0;0;84;52;20;70;48;89;0;0;85;87;53;0;0;31;69;30;8;46;17;60;0;0;51;18;10;32;1;77;80;0;0;99;50;97;43;91;100;93;0;0;28;27;12;94;6;0;0;95;9;81;3;26;0,TabuSearch
3,pliki//100 lokacji//R101.txt,200,50,swap,False,2,10043,8304.235584372953,816.5946181569332,6151.046348059087,1336.5946181569332,4825.2401543576725,1106.5355453975287,2092.169063562615,1626.5355453975287,9,300009.4381,0;52;28;81;51;0;0;85;53;94;6;0;0;43;97;87;57;74;26;0;0;18;27;76;3;50;34;80;77;0;0;9;84;17;46;48;93;0;0;30;99;8;60;37;91;100;58;0;0;31;12;10;96;89;0;0;62;40;20;32;70;1;0;0;95;69;25;4;13;0,TabuSearch
4,pliki//100 lokacji//R101.txt,200,50,swap,False,2,11042,8119.1987363112585,836.2057463534978,5976.7872436042635,1306.205746353498,4049.486501854431,966.4950435188963,1646.4964148166387,1436.4950435188962,7,300011.4506,0;57;53;94;6;10;1;80;77;0;0;28;98;17;8;46;48;60;89;0;0;27;99;76;50;35;66;70;0;0;95;69;7;96;43;100;93;0;0;30;52;40;3;68;0;0;85;88;18;84;26;0;0;20;12;37;13;97;91;58;0,TabuSearch
4,pliki//100 lokacji//R101.txt,200,50,swap,False,2,11043,8119.1987363112585,836.2057463534978,5976.7872436042635,1306.205746353498,4106.333664738792,976.784757518437,1682.7641497019185,1446.7847575184371,8,300019.819,0;43;40;57;96;13;0;0;76;52;99;3;68;26;0;0;12;69;53;66;1;80;77;0;0;95;88;6;94;50;70;0;0;98;7;8;48;17;100;91;93;0;0;28;27;0;0;35;30;20;10;97;58;0;0;85;46;18;84;37;60;89;0,TabuSearch
5,pliki//100 lokacji//R101.txt,200,50,swap,False,2,12042,8037.493321236325,789.6764656017845,5988.140390032756,1259.6764656017845,4032.022843589597,1036.55044987225,1488.921943845097,1506.55044987225,8,300013.4594,0;95;52;50;53;0;0;16;7;18;84;13;91;100;0;0;11;76;74;26;68;80;0;0;66;6;48;17;58;0;0;98;88;10;20;35;1;70;0;0;30;12;40;57;97;60;89;0;0;43;87;8;96;37;93;0;0;69;27;28;99;94;0,TabuSearch
5,pliki//100 lokacji//R101.txt,200,50,swap,False,2,12043,8037.493321236325,789.6764656017845,5988.140390032756,1259.6764656017845,4187.107738748512,1016.7532935771671,1683.6011515941782,1486.7532935771671,8,300012.3891,0;69;98;18;6;48;60;89;58;0;0;8;16;99;26;96;91;100;0;0;52;27;87;53;0;0;30;43;37;84;17;93;0;0;88;12;57;74;13;0;0;11;76;50;35;68;80;0;0;20;7;10;66;70;1;0;0;95;28;40;94;97;0,TabuSearch
6,pliki//100 lokacji//R101.txt,200,50,swap,False,2,13042,8154.669296975366,808.989946767822,6066.689403439721,1278.9899467678222,3866.5553570236398,930.178158357764,1536.1990403081113,1400.1781583577642,7,300014.7493,0;95;31;40;50;1;0;0;52;98;53;6;94;96;97;0;0;76;28;7;8;46;17;60;89;0;0;27;16;56;43;100;91;93;0;0;85;21;57;77;80;70;0;0;88;12;79;3;24;55;25;74;0;0;69;35;26;37;13;58;0,TabuSearch
6,pliki//100 lokacji//R101.txt,200,50,swap,False,2,13043,8154.669296975366,808.989946767822,6066.689403439721,1278.9899467678222,3870.568728692625,943.0205410136662,1514.5276466652924,1413.0205410136662,7,300011.1609,0;69;98;8;46;96;100;91;93;0;0;95;35;79;3;80;77;70;0;0;27;7;31;43;97;13;0;0;12;28;21;6;94;26;0;0;16;53;40;55;56;74;58;0;0;76;52;57;37;17;60;89;0;0;88;85;1;50;24;25;0,TabuSearch
7,pliki//100 lokacji//R101.txt,200,50,swap,False,2,14042,8462.385890306274,949.6627579921849,6033.060374321904,1479.6627579921849,4430.279813705238,1057.0561765190412,1786.1674606671563,1587.056176519041,8,300006.6439,0;88;52;69;40;53;26;54;24;0;0;48;30;55;25;4;58;0;0;16;98;91;99;6;94;96;0;0;31;27;51;10;20;70;1;0;0;28;85;49;17;0;0;12;7;84;97;37;13;89;0;0;59;76;46;60;100;93;0;0;92;95;18;50;34;35;77;80;0,TabuSearch
7,pliki//100 lokacji//R101.txt,200,50,swap,False,2,14043,8462.385890306274,949.6627579921849,6033.060374321904,1479.6627579921849,4554.301975120336,1092.391757097945,1839.5184609244457,1622.391757097945,9,300006.9548,0;16;25;54;55;4;58;0;0;52;27;31;30;50;0;0;59;12;51;35;24;80;0;0;95;69;49;70;1;77;0;0;76;28;99;6;97;94;0;0;98;7;88;10;48;60;89;0;0;20;84;46;17;100;93;0;0;34;18;96;37;91;13;0;0;92;85;26;40;53;0,TabuSearch
8,pliki//100 lokacji//R101.txt,200,50,swap,False,2,15042,8540.125443788515,772.5885151718394,6514.948413444836,1252.5885151718394,4210.633787552136,1050.014997368449,1630.6037928152377,1530.014997368449,8,300002.7813,0;48;61;18;50;1;70;0;0;30;84;6;97;37;17;100;0;0;31;12;90;10;96;91;93;0;0;95;82;69;20;35;77;58;0;0;21;28;40;99;4;74;0;0;8;76;53;26;13;89;60;0;0;52;46;94;68;54;24;80;0;0;27;0,TabuSearch
8,pliki//100 lokacji//R101.txt,200,50,swap,False,2,15043,8540.125443788515,772.5885151718394,6514.948413444836,1252.5885151718394,4263.0644907103615,951.8921705897133,1879.2801495309343,1431.8921705897133,8,300016.2661,0;27;0;0;52;12;35;68;50;77;0;0;31;21;94;6;17;96;91;93;0;0;69;76;18;8;46;48;89;60;0;0;20;40;37;97;100;13;0;0;28;84;61;99;53;26;0;0;82;74;24;54;4;58;0;0;95;30;90;1;10;70;80;0,TabuSearch
9,pliki//100 lokacji//R101.txt,200,50,swap,False,2,16042,8532.706589086341,806.3246298519689,6430.0573293824045,1296.324629851969,4765.068707294261,1109.7233777868564,2055.621951720548,1599.7233777868564,9,300002.2185,0;12;52;97;87;26;0;0;22;20;32;10;89;70;0;0;69;48;94;6;3;1;0;0;95;8;56;25;4;0;0;43;91;50;68;24;77;80;0;0;28;2;76;55;74;13;58;0;0;62;53;18;17;93;60;0;0;30;40;57;96;37;100;0;0;27;0,TabuSearch
9,pliki//100 lokacji//R101.txt,200,50,swap,False,2,16043,8532.706589086341,806.3246298519689,6430.0573293824045,1296.324629851969,4667.721120168354,1123.9733038604622,1929.7745124474295,1613.9733038604622,8,300014.7425,0;56;12;48;10;1;0;0;20;53;8;60;13;58;0;0;32;43;37;93;91;100;0;0;87;62;50;3;24;77;70;0;0;69;2;57;6;97;74;68;80;0;0;30;27;22;55;4;25;0;0;52;28;18;94;26;0;0;95;76;40;96;17;89;0,TabuSearch
10,pliki//100 lokacji//R101.txt,200,50,swap,False,2,17042,7716.593044634023,642.8032876858617,6010.9864692623,1062.8032876858617,3793.898386206289,953.3732682651947,1467.1518496758995,1373.3732682651948,7,300008.5225,0;95;27;46;96;17;60;58;0;0;52;28;7;94;70;1;77;0;0;16;32;50;68;80;0;0;82;76;6;26;13;0;0;48;99;74;55;4;25;0;0;12;69;40;53;0;0;56;3;37;97;91;100;93;89;0,TabuSearch
10,pliki//100 lokacji//R101.txt,200,50,swap,False,2,17043,7716.593044634023,642.8032876858617,6010.9864692623,1062.8032876858617,3894.471957074861,970.4085500318804,1533.6548570111004,1390.4085500318804,7,300013.8474,0;52;69;16;46;91;100;93;89;0;0;82;55;3;68;4;25;0;0;95;28;6;26;97;80;77;0;0;48;76;96;13;0;0;74;99;53;50;1;32;70;0;0;27;56;37;94;17;60;58;0;0;7;12;40;0,TabuSearch
11,pliki//100 lokacji//R101.txt,200,50,swap,False,2,18042,8386.521619186795,776.279656411968,6363.96230636286,1246.279656411968,4107.645535229129,955.0343202977925,1727.5768946335438,1425.0343202977926,8,300008.1557,0;66;51;81;3;26;0;0;16;6;61;94;37;89;60;0;0;95;69;76;53;97;1;70;0;0;12;52;35;50;54;80;77;0;0;7;40;24;25;4;74;13;58;0;0;27;5;88;18;96;0;0;20;46;48;17;100;91;93;0;0;28;0,TabuSearch
11,pliki//100 lokacji//R101.txt,200,50,swap,False,2,18043,8386.521619186795,776.279656411968,6363.96230636286,1246.279656411968,4305.482104637004,1039.7017864302873,1756.07853177643,1509.7017864302873,8,300005.3653,0;7;69;76;3;96;89;60;58;0;0;95;54;40;4;26;1;0;0;16;50;81;20;35;70;0;0;52;27;28;53;0;0;51;12;48;46;17;91;93;0;0;5;88;18;24;25;80;77;0;0;61;6;74;37;97;100;13;0;0;66;94;0,TabuSearch
12,pliki//100 lokacji//R101.txt,200,50,swap,False,2,19042,8456.977408336406,765.0033202715539,6456.9707677932975,1235.003320271554,4476.110550640012,1027.621997492921,1950.86655565417,1497.621997492921,8,300004.2884,0;28;85;40;53;0;0;7;3;97;74;4;58;0;0;27;86;8;96;37;60;89;0;0;99;69;18;68;1;70;0;0;95;52;61;6;48;0;0;10;57;87;17;91;100;93;0;0;43;94;26;24;54;80;77;0;0;12;31;76;50;13;0,TabuSearch
12,pliki//100 lokacji//R101.txt,200,50,swap,False,2,19043,8456.977408336406,765.0033202715539,6456.9707677932975,1235.003320271554,4535.383591540055,1002.830394632821,2059.722802274413,1472.830394632821,8,300005.1291,0;95;76;40;87;97;0;0;86;50;24;54;80;77;0;0;69;68;18;91;13;0;0;28;8;7;96;37;17;60;89;58;0;0;27;3;85;94;0;0;48;12;53;26;0;0;31;61;99;6;10;1;70;0;0;52;4;57;74;43;100;93;0,TabuSearch
13,pliki//100 lokacji//R101.txt,200,50,swap,False,2,20042,8454.842150870338,778.7788774203221,6427.284396029693,1248.778877420322,4142.237842478663,1010.5974769556676,1651.042888567328,1480.5974769556676,7,300005.0785,0;82;69;88;3;1;70;77;80;0;0;95;10;46;37;91;93;100;0;0;41;73;76;20;68;0;0;12;28;84;26;54;55;74;0;0;61;35;32;48;0;0;27;8;99;94;6;97;89;0;0;52;98;40;53;96;17;60;13;58;0,TabuSearch
13,pliki//100 lokacji//R101.txt,200,50,swap,False,2,20043,8454.842150870338,778.7788774203221,6427.284396029693,1248.778877420322,4088.233851663333,963.0623713274247,1692.1091090084833,1433.062371327425,7,300005.0752,0;98;40;99;84;97;37;91;100;58;0;0;95;88;46;8;96;60;93;0;0;28;27;82;53;54;1;0;0;41;61;48;17;89;0;0;69;73;6;94;26;74;13;0;0;12;52;76;10;32;70;0;0;35;20;68;3;55;80;77;0,TabuSearch
14,pliki//100 lokacji//R101.txt,200,50,swap,False,2,21042,8797.660137392346,767.5796477217957,6802.500841948755,1227.5796477217957,4607.267417993458,1088.1629931132945,1970.941431766869,1548.1629931132945,8,300005.1621,0;44;8;10;32;70;13;0;0;28;46;99;74;91;100;93;0;0;12;31;84;37;4;25;0;0;27;86;6;97;96;0;0;48;52;87;94;0;0;22;1;54;26;55;80;77;0;0;95;69;40;53;17;60;89;58;0;0;82;21;68;0,TabuSearch
14,pliki//100 lokacji//R101.txt,200,50,swap,False,2,21043,8797.660137392346,767.5796477217957,6802.500841948755,1227.5796477217957,4535.794836533966,1082.9220107278672,1909.950815078232,1542.9220107278672,8,300004.3012,0;31;52;87;94;0;0;86;40;53;26;1;0;0;32;74;54;4;80;77;0;0;21;69;84;97;37;89;0;0;12;28;99;46;48;0;0;82;22;96;60;91;13;0;0;27;95;8;6;68;55;25;0;0;44;70;10;17;100;93;58;0,TabuSearch
15,pliki//100 lokacji//R101.txt,200,50,swap,False,2,22042,8466.421805631564,773.831151554933,6428.759502521699,1263.8311515549328,4352.539653548214,986.6381235289036,1889.2634064904066,1476.6381235289039,8,300015.0116,0;15;81;3;50;68;0;0;10;74;37;17;93;100;58;0;0;95;28;76;53;0;0;43;2;73;26;54;55;25;80;0;0;82;52;41;4;24;77;1;70;0;0;97;12;40;13;0;0;69;27;30;51;66;32;0;0;7;57;6;94;96;60;89;0,TabuSearch
15,pliki//100 lokacji//R101.txt,200,50,swap,False,2,22043,8466.421805631564,773.831151554933,6428.759502521699,1263.8311515549328,4346.259365993671,1101.378202749223,1653.5029604952256,1591.3782027492227,8,300014.1872,0;43;3;54;68;77;70;0;0;30;76;41;74;4;25;0;0;32;7;10;60;17;93;100;0;0;28;40;15;57;94;6;96;0;0;95;12;51;26;0;0;82;73;53;97;37;89;1;0;0;52;27;66;55;24;80;58;0;0;69;2;81;50;13;0,TabuSearch
16,pliki//100 lokacji//R101.txt,200,50,swap,False,2,23042,7968.141118280616,725.3710206995466,6077.399076881523,1165.3710206995468,4012.195409990084,969.7813925499244,1632.632624890235,1409.7813925499245,7,300010.3848,0;28;98;86;46;17;60;89;0;0;52;12;8;48;70;1;0;0;95;76;57;96;91;100;0;0;18;27;74;50;26;80;77;0;0;16;3;54;55;25;93;0;0;69;40;84;94;97;13;0;0;43;6;53;68;24;58;0,TabuSearch
16,pliki//100 lokacji//R101.txt,200,50,swap,False,2,23043,7968.141118280616,725.3710206995466,6077.399076881523,1165.3710206995468,3875.0131043873766,985.1116327746076,1464.7898388381614,1425.1116327746076,7,300001.6215,0;86;40;96;91;60;17;93;0;0;95;52;84;50;70;1;77;0;0;6;69;53;94;54;24;80;0;0;12;16;57;74;97;100;0;0;43;18;8;46;48;89;0;0;28;98;3;26;13;58;0;0;76;27;55;68;25;0,TabuSearch
17,pliki//100 lokacji//R101.txt,200,50,swap,False,2,24042,8996.993479052535,764.9017678449603,6997.189943362614,1234.9017678449604,4491.145765296273,1042.208683572391,1936.7283981514906,1512.2086835723912,8,300002.4445,0;12;0;0;46;85;74;26;89;0;0;52;35;78;24;3;68;77;0;0;95;76;40;87;55;80;58;0;0;48;79;50;96;91;60;0;0;61;84;7;94;37;17;93;100;0;0;69;28;99;53;6;97;13;0;0;27;43;20;32;1;70;0,TabuSearch
17,pliki//100 lokacji//R101.txt,200,50,swap,False,2,24043,8996.993479052535,764.9017678449603,6997.189943362614,1234.9017678449604,4497.121242760262,963.5025419432596,2100.116158873743,1433.5025419432598,8,300001.8029,0;87;7;94;55;24;80;77;0;0;32;40;6;97;91;93;60;0;0;48;78;3;50;26;0;0;35;20;79;68;0;0;76;27;52;46;96;89;1;70;0;0;69;84;99;43;37;100;13;58;0;0;12;28;0;0;95;17;61;85;53;74;0,TabuSearch
18,pliki//100 lokacji//R101.txt,200,50,swap,False,2,25042,7882.677914654487,781.3448938947289,5829.98812686503,1271.3448938947286,4033.001475083269,1090.0569588697315,1362.8875573438054,1580.0569588697315,8,300003.7697,0;59;69;40;74;54;77;0;0;5;52;99;24;68;80;0;0;27;28;61;94;6;96;0;0;98;12;26;53;10;70;0;0;95;88;3;50;20;1;0;0;19;43;60;93;13;100;0;0;76;85;18;37;91;17;89;0;0;83;31;97;25;4;58;0,TabuSearch
18,pliki//100 lokacji//R101.txt,200,50,swap,False,2,25043,7882.677914654487,781.3448938947289,5829.98812686503,1271.3448938947286,4196.986203076069,1020.9392452622654,1665.1077125515376,1510.9392452622656,8,300011.355,0;31;52;99;18;20;70;89;0;0;94;28;40;85;60;0;0;88;27;76;6;96;91;13;0;0;98;83;97;43;37;93;17;100;0;0;59;74;10;50;1;0;0;5;12;26;0;0;95;69;53;3;24;54;25;4;0;0;61;19;68;77;80;58;0,TabuSearch
19,pliki//100 lokacji//R101.txt,200,50,swap,False,2,26042,8988.149845691385,799.4891859496909,6909.171473792003,1279.489185949691,4751.86335723447,1057.296539653663,2157.2702779271435,1537.2965396536633,8,300006.3097,0;66;40;26;96;100;58;0;0;48;30;53;0;0;69;27;7;56;74;93;60;89;0;0;95;50;78;20;10;1;70;0;0;3;18;87;37;13;0;0;12;28;52;99;94;6;97;0;0;76;61;85;8;91;17;0;0;43;84;68;24;80;77;0,TabuSearch
19,pliki//100 lokacji//R101.txt,200,50,swap,False,2,26043,8988.149845691385,799.4891859496909,6909.171473792003,1279.489185949691,4912.698034040355,1017.639524318982,2397.418985402391,1497.6395243189818,9,300008.3029,0;95;7;99;94;37;96;0;0;66;6;13;74;56;58;89;0;0;3;85;40;26;0;0;8;10;84;97;91;100;93;0;0;50;28;30;78;20;70;1;0;0;61;52;18;48;17;60;0;0;69;43;68;24;80;77;0;0;87;12;76;53;0;0;27;0,TabuSearch
20,pliki//100 lokacji//R101.txt,200,50,swap,False,2,27042,8133.517616902902,795.8767191823601,6041.764178538182,1295.8767191823604,4378.547052278103,1051.3642873604908,1775.8184775571222,1551.3642873604908,8,300018.916,0;95;76;18;20;32;70;0;0;28;82;74;24;54;77;80;0;0;52;27;31;84;17;97;91;100;0;0;10;69;87;60;96;93;0;0;62;8;6;43;37;13;58;0;0;81;12;53;40;26;0;0;57;94;79;1;50;89;0;0;2;88;90;3;68;0,TabuSearch
20,pliki//100 lokacji//R101.txt,200,50,swap,False,2,27043,8133.517616902902,795.8767191823601,6041.764178538182,1295.8767191823604,4413.7037296138315,983.4037627905342,1946.8962040327633,1483.403762790534,8,300012.6004,0;43;84;17;96;91;93;13;58;0;0;6;28;100;26;74;54;0;0;27;2;87;53;40;0;0;95;62;24;68;0;0;81;69;8;10;1;77;80;0;0;57;12;76;79;3;50;0;0;82;52;88;18;60;97;37;89;0;0;31;94;90;20;32;70;0,TabuSearch
21,pliki//100 lokacji//R101.txt,200,50,swap,False,2,28042,7712.415092108925,681.2464468350347,5919.922198438856,1111.2464468350345,3562.984098288547,922.836229700109,1287.311638888329,1352.836229700109,7,300012.5066,0;44;3;26;24;77;80;0;0;27;98;55;74;13;58;0;0;51;88;94;54;4;25;0;0;30;69;6;10;32;70;1;0;0;31;52;40;57;96;60;91;100;89;0;0;41;12;87;97;17;93;0;0;95;28;53;0,TabuSearch
21,pliki//100 lokacji//R101.txt,200,50,swap,False,2,28043,7712.415092108925,681.2464468350347,5919.922198438856,1111.2464468350345,3690.9078026310317,936.0938346290616,1388.7201333729085,1366.0938346290616,7,300005.3884,0;31;27;88;6;96;0;0;44;3;26;13;0;0;30;94;70;91;93;100;0;0;12;52;53;55;54;24;77;80;0;0;98;51;10;32;1;0;0;28;25;57;87;97;17;60;89;0;0;95;69;40;41;4;74;58;0,TabuSearch
22,pliki//100 lokacji//R101.txt,200,50,swap,False,2,29042,8649.293065231275,742.0509738911373,6685.1911174490015,1222.0509738911371,4690.514270977652,1055.5239836759654,2099.4663036257207,1535.5239836759656,8,300001.814,0;12;7;91;96;97;13;89;0;0;28;37;53;40;4;26;74;0;0;46;57;17;60;93;100;58;0;0;95;76;87;24;80;77;0;0;31;18;81;3;50;0;0;52;27;8;94;6;0;0;99;69;25;54;68;0;0;85;88;34;35;1;70;0,TabuSearch
22,pliki//100 lokacji//R101.txt,200,50,swap,False,2,29043,8649.293065231275,742.0509738911373,6685.1911174490015,1222.0509738911371,4683.951289979481,1031.1114217257505,2141.72844652798,1511.1114217257507,8,300005.5524,0;88;40;50;34;77;1;70;0;0;69;27;76;57;26;13;0;0;8;25;24;68;80;58;0;0;28;85;53;0;0;99;12;81;3;4;74;0;0;95;52;7;18;94;6;60;89;0;0;35;87;96;97;37;93;0;0;31;54;46;17;91;100;0,TabuSearch
23,pliki//100 lokacji//R101.txt,200,50,swap,False,2,30042,8300.51904674277,890.0309489880632,6070.4571487666435,1340.030948988063,4215.446935363993,988.1757549844966,1789.095425395,1438.1757549844967,8,300001.1987,0;46;88;8;37;13;93;91;100;0;0;94;28;84;57;74;58;0;0;82;35;32;20;1;70;0;0;27;0;0;95;69;4;97;89;0;0;87;52;18;6;96;26;0;0;12;2;50;10;48;60;0;0;17;40;53;25;68;77;80;0,TabuSearch
23,pliki//100 lokacji//R101.txt,200,50,swap,False,2,30043,8300.51904674277,890.0309489880632,6070.4571487666435,1340.030948988063,4261.631213483591,990.8774606388341,1829.8762922059227,1440.877460638834,7,300009.9949,0;32;68;50;26;0;0;2;12;53;57;74;13;0;0;84;52;46;37;60;93;100;58;0;0;27;95;88;10;35;20;70;0;0;8;94;97;6;96;89;1;0;0;28;82;40;48;17;91;0;0;69;87;18;4;25;77;80;0,TabuSearch
24,pliki//100 lokacji//R101.txt,200,50,swap,False,2,31042,7814.052680974894,836.2132369770195,5671.626207020855,1306.2132369770195,4091.8219817194304,1075.4891757263015,1470.8436302668276,1545.4891757263015,8,300023.5089,0;76;52;57;37;97;13;0;0;27;95;79;3;26;0;0;28;30;40;55;74;89;58;0;0;69;98;99;6;50;10;70;0;0;85;82;46;8;0;0;66;94;43;91;100;60;0;0;49;1;20;35;80;77;0;0;51;12;53;17;96;93;0,TabuSearch
24,pliki//100 lokacji//R101.txt,200,50,swap,False,2,31043,7814.052680974894,836.2132369770195,5671.626207020855,1306.2132369770195,4021.322597141089,1018.0428928275736,1515.2368114859416,1488.0428928275737,8,300024.276,0;79;94;8;46;17;58;0;0;30;40;57;43;74;13;0;0;98;51;66;20;10;70;0;0;49;85;26;0;0;95;76;55;91;93;100;60;0;0;69;82;99;6;37;97;96;89;0;0;52;28;35;3;50;1;77;80;0;0;12;27;53;0,TabuSearch
25,pliki//100 lokacji//R101.txt,200,50,swap,False,2,32042,8817.481959089357,816.8451189953573,6673.7917210986425,1326.8451189953573,4470.61431606152,1072.3959080833765,1815.8224998947674,1582.3959080833765,9,300002.8481,0;27;0;0;12;61;99;68;77;0;0;16;3;79;20;70;1;0;0;73;76;53;24;54;55;25;58;0;0;51;17;84;91;37;93;13;0;0;69;28;32;50;26;0;0;78;94;46;48;89;0;0;30;40;100;97;96;60;0;0;95;52;18;6;74;56;4;80;0,TabuSearch
25,pliki//100 lokacji//R101.txt,200,50,swap,False,2,32043,8817.481959089357,816.8451189953573,6673.7917210986425,1326.8451189953573,4306.940529776502,1086.1174270012916,1624.7056757739188,1596.1174270012918,8,300017.5948,0;69;27;61;4;55;54;77;0;0;12;28;52;46;32;70;1;0;0;56;16;84;97;96;91;93;0;0;73;99;53;6;94;13;0;0;95;78;79;50;26;0;0;20;76;48;17;60;89;0;0;51;18;74;37;100;58;0;0;30;40;3;68;24;25;80;0,TabuSearch
26,pliki//100 lokacji//R101.txt,200,50,swap,False,2,33042,8679.306439708003,794.026143295577,6631.25415311685,1254.0261432955772,4243.844349294033,994.6469154044722,1794.550518485089,1454.6469154044723,7,300001.5634,0;68;69;84;97;96;1;70;0;0;95;76;94;50;24;0;0;28;7;18;85;6;0;0;98;52;40;37;13;91;93;100;0;0;12;27;17;46;48;60;89;0;0;32;88;26;74;4;55;25;0;0;10;53;3;35;80;77;58;0,TabuSearch
26,pliki//100 lokacji//R101.txt,200,50,swap,False,2,33043,8679.306439708003,794.026143295577,6631.25415311685,1254.0261432955772,4381.860082171888,992.4657055621991,1936.9286710474905,1452.4657055621992,8,300006.7833,0;88;40;18;13;96;60;58;0;0;98;26;6;94;0;0;27;3;84;97;37;91;93;89;0;0;46;85;32;1;70;0;0;7;52;69;53;68;4;55;25;0;0;74;76;10;48;17;100;0;0;95;12;35;50;24;80;77;0;0;28;0,TabuSearch
27,pliki//100 lokacji//R101.txt,200,50,swap,False,2,34042,7798.788434906479,724.2985126844776,5910.191409537523,1164.2985126844774,3627.6533308037447,953.9307721359078,1279.791786531929,1393.9307721359078,7,300001.8453,0;12;69;87;57;26;0;0;19;40;53;37;91;17;93;0;0;28;62;99;94;6;0;0;88;52;3;54;96;60;100;0;0;27;95;56;43;97;13;89;0;0;98;32;50;1;77;80;58;0;0;90;85;84;46;48;70;0,TabuSearch
27,pliki//100 lokacji//R101.txt,200,50,swap,False,2,34043,7798.788434906479,724.2985126844776,5910.191409537523,1164.2985126844774,3641.970683081611,898.7543666789593,1404.4619497236922,1338.7543666789593,7,300003.5354,0;32;19;90;46;48;70;0;0;69;56;54;97;96;60;89;0;0;28;84;87;94;6;0;0;98;88;3;50;1;13;58;0;0;62;85;99;53;0;0;95;52;40;57;26;77;80;0;0;12;27;43;37;91;17;93;100;0,TabuSearch
28,pliki//100 lokacji//R101.txt,200,50,swap,False,2,35042,7608.568247798001,670.5423202407532,5807.483607316495,1130.5423202407533,4098.055059456563,1069.2736284433506,1499.5078025698617,1529.2736284433506,8,300005.7634,0;31;76;40;10;32;70;0;0;95;62;4;54;77;0;0;27;55;6;17;60;48;89;0;0;90;85;43;37;91;100;13;0;0;98;88;94;0;0;52;28;16;86;97;96;0;0;61;21;53;3;24;80;58;0;0;68;69;25;74;26;0,TabuSearch
28,pliki//100 lokacji//R101.txt,200,50,swap,False,2,35043,7608.568247798001,670.5423202407532,5807.483607316495,1130.5423202407533,4059.8119214582744,995.6647405615472,1608.4824403351797,1455.6647405615472,8,300008.3805,0;62;85;54;55;24;58;0;0;16;88;90;32;10;13;0;0;28;27;98;61;97;74;26;0;0;69;25;40;4;68;80;0;0;95;52;86;17;60;48;0;0;31;21;53;3;77;70;0;0;76;43;6;37;96;91;100;89;0;0;94;0,TabuSearch
29,pliki//100 lokacji//R101.txt,200,50,swap,False,2,36042,8384.02613365102,844.6382459172364,6184.749641816547,1354.6382459172364,4291.092016114157,1049.9775272312875,1681.1369616515817,1559.9775272312875,8,300009.0489,0;32;53;94;0;0;12;52;88;74;4;25;54;0;0;31;40;57;87;6;96;0;0;46;3;97;13;58;0;0;76;62;7;18;84;17;60;89;0;0;27;95;90;10;66;1;70;0;0;69;35;26;50;68;80;77;0;0;28;98;41;37;43;91;100;93;0,TabuSearch
29,pliki//100 lokacji//R101.txt,200,50,swap,False,2,36043,8384.02613365102,844.6382459172364,6184.749641816547,1354.6382459172364,4186.058108790072,1063.5588088485065,1548.9404910930593,1573.5588088485065,8,300003.2444,0;84;12;3;50;32;1;0;0;27;95;10;35;66;70;0;0;62;52;40;41;4;25;54;0;0;88;98;46;97;91;100;93;0;0;28;31;87;6;17;60;89;0;0;90;76;26;74;68;80;77;0;0;18;69;94;53;0;0;7;57;43;37;96;13;58;0,TabuSearch
30,pliki//100 lokacji//R101.txt,200,50,swap,False,2,37042,7834.966820778658,746.2675593474773,5892.431702083703,1196.2675593474773,3998.6058335202397,975.8150513423814,1596.975730835477,1425.8150513423818,8,300004.6771,0;76;27;69;57;43;100;58;0;0;86;46;10;1;89;0;0;79;85;37;25;80;77;0;0;32;88;78;50;70;48;0;0;18;95;98;40;6;13;96;60;0;0;61;52;94;53;26;0;0;12;84;87;97;91;17;93;0;0;28;0,TabuSearch
30,pliki//100 lokacji//R101.txt,200,50,swap,False,2,37043,7834.966820778658,746.2675593474773,5892.431702083703,1196.2675593474773,4018.221079566732,863.4757885025999,1841.2695025615326,1313.4757885025997,8,300010.8317,0;12;52;88;84;37;96;60;48;0;0;28;27;0;0;25;76;79;78;50;1;89;0;0;86;85;0;0;98;53;18;10;32;70;77;0;0;69;80;40;94;6;97;13;0;0;43;61;87;26;0;0;95;57;46;17;91;100;93;58;0,TabuSearch
31,pliki//100 lokacji//R101.txt,200,50,swap,False,2,38042,7936.66090763341,735.7457906135149,6025.16932640638,1175.7457906135148,3866.221193891641,889.4009198829613,1647.4193541257189,1329.4009198829613,7,300019.3112,0;35;79;68;0;0;61;76;12;25;55;24;80;58;0;0;84;52;40;96;17;60;89;0;0;86;53;6;94;0;0;28;46;18;91;97;37;100;93;0;0;27;95;81;1;50;20;70;0;0;69;98;57;43;13;26;77;0,TabuSearch
31,pliki//100 lokacji//R101.txt,200,50,swap,False,2,38043,7936.66090763341,735.7457906135149,6025.16932640638,1175.7457906135148,3835.014984140652,953.9562196076665,1487.1025449253189,1393.9562196076665,7,300017.7377,0;61;57;68;50;20;70;1;0;0;79;18;84;26;25;58;0;0;52;46;86;96;13;0;0;69;27;76;43;97;60;89;0;0;35;17;91;37;100;93;0;0;95;28;40;53;6;94;0;0;98;12;81;55;24;80;77;0,TabuSearch
32,pliki//100 lokacji//R101.txt,200,50,swap,False,2,39042,8247.958522864299,731.272109753485,6315.414303357329,1201.272109753485,4269.615546528572,1009.5915584125104,1780.4324297035514,1479.5915584125103,8,300012.7447,0;32;87;26;0;0;90;43;97;100;13;58;0;0;79;99;6;84;17;91;93;0;0;95;52;22;37;96;60;89;0;0;42;73;3;34;35;77;1;70;0;0;28;27;94;40;53;0;0;88;69;85;74;56;25;80;0;0;68;76;12;10;0,TabuSearch
32,pliki//100 lokacji//R101.txt,200,50,swap,False,2,39043,8247.958522864299,731.272109753485,6315.414303357329,1201.272109753485,4226.042589008856,1000.0748601504941,1755.892868707868,1470.074860150494,8,300006.128,0;34;22;74;43;13;58;0;0;69;28;35;3;68;77;0;0;42;79;32;70;1;89;0;0;12;27;0;0;88;40;87;53;56;25;80;0;0;95;90;10;96;60;17;93;0;0;76;52;99;94;6;26;0;0;84;73;85;37;97;91;100;0,TabuSearch
33,pliki//100 lokacji//R101.txt,200,50,swap,False,2,40042,8667.58654928288,756.7612349692365,6664.064079344406,1246.7612349692365,4622.065663541533,1030.1493409567165,2071.7669816280995,1520.1493409567165,9,300006.3932,0;78;18;84;17;60;93;13;58;0;0;95;31;8;46;37;100;91;0;0;22;81;20;32;0;0;61;73;6;97;96;89;1;0;0;28;0;0;48;40;74;55;24;80;77;0;0;69;27;41;68;4;25;0;0;70;12;3;50;26;0;0;76;52;94;53;0,TabuSearch
33,pliki//100 lokacji//R101.txt,200,50,swap,False,2,40043,8667.58654928288,756.7612349692365,6664.064079344406,1246.7612349692365,4606.476024519159,1054.3697188903013,2007.7365867385558,1544.3697188903016,8,300004.3975,0;48;53;6;94;0;0;20;31;4;55;24;80;77;0;0;40;69;76;3;89;60;17;93;0;0;12;52;32;25;58;0;0;78;18;26;68;1;70;0;0;28;61;46;84;37;100;91;13;0;0;81;50;8;97;96;0;0;95;27;73;41;22;74;0,TabuSearch
34,pliki//100 lokacji//R101.txt,200,50,swap,False,2,41042,7928.885457020038,736.1543879597266,6016.576681100585,1176.1543879597266,3735.5393608761933,926.6613791650132,1442.2166025461665,1366.6613791650132,7,300004.2238,0;95;21;6;94;56;74;0;0;31;27;52;53;0;0;28;66;90;97;60;89;58;0;0;46;61;43;91;17;100;93;0;0;84;73;40;37;96;13;0;0;7;69;87;26;4;25;24;0;0;44;98;10;20;70;1;77;0,TabuSearch
34,pliki//100 lokacji//R101.txt,200,50,swap,False,2,41043,7928.885457020038,736.1543879597266,6016.576681100585,1176.1543879597266,3809.3186210268614,973.7419788466975,1421.8346633334666,1413.7419788466975,7,300003.1188,0;6;27;52;20;4;74;58;0;0;21;7;90;10;17;100;93;0;0;31;73;53;26;0;0;44;40;87;96;91;60;89;0;0;28;95;61;43;56;25;24;0;0;46;94;84;37;97;13;0;0;69;98;66;70;1;77;0,TabuSearch
35,pliki//100 lokacji//R101.txt,200,50,swap,False,2,42042,8870.500558507303,829.3867098191241,6661.727138869054,1379.3867098191242,4953.875704408785,1099.0836399989275,2205.70842441093,1649.0836399989275,9,300013.7048,0;31;52;94;0;0;69;27;28;12;53;0;0;86;88;18;96;60;89;0;0;95;76;22;74;25;4;80;0;0;85;87;99;17;46;1;0;0;2;82;8;84;48;70;0;0;56;57;3;68;54;24;77;0;0;15;50;26;37;93;91;100;0;0;41;73;40;6;43;97;13;58;0,TabuSearch
35,pliki//100 lokacji//R101.txt,200,50,swap,False,2,42043,8870.500558507303,829.3867098191241,6661.727138869054,1379.3867098191242,4929.0707146981385,1081.4102455102347,2216.2502236776695,1631.4102455102347,9,300005.0461,0;46;88;48;0;0;28;95;99;41;74;56;25;80;77;0;0;50;84;87;57;97;13;0;0;52;27;69;18;86;17;60;0;0;82;76;24;68;3;70;1;0;0;31;22;6;37;96;89;0;0;8;40;53;43;93;91;100;0;0;15;2;73;54;26;4;58;0;0;12;85;94;0,TabuSearch
36,pliki//100 lokacji//R101.txt,200,50,swap,False,2,43042,8615.178747284226,847.5879678259134,6400.0028116324,1367.5879678259134,4597.910909938044,1130.7942469340821,1816.3224160698792,1650.794246934082,9,300012.1572,0;95;12;40;3;24;77;0;0;62;99;84;4;25;58;0;0;28;88;53;60;6;97;17;89;0;0;98;52;46;8;96;37;100;93;0;0;7;69;76;79;26;91;13;0;0;43;18;48;10;70;1;0;0;49;30;50;0;0;31;27;0;0;61;94;85;54;55;80;0,TabuSearch
36,pliki//100 lokacji//R101.txt,200,50,swap,False,2,43043,8615.178747284226,847.5879678259134,6400.0028116324,1367.5879678259134,4528.308923563727,1132.8715576304844,1742.5658083027586,1652.871557630484,9,300034.911,0;62;18;50;3;24;4;0;0;85;88;84;8;60;91;13;58;0;0;30;43;96;17;100;93;0;0;69;28;99;37;26;54;55;25;0;0;7;98;46;10;48;89;0;0;31;27;0;0;52;79;76;94;6;97;0;0;61;49;70;77;80;1;0;0;95;12;40;53;0,TabuSearch
37,pliki//100 lokacji//R101.txt,200,50,swap,False,2,44042,8419.429066803967,866.7083502721251,6186.012366259716,1366.708350272125,4672.374626153189,1089.6742786835873,1993.0260687860134,1589.6742786835875,9,300014.0656,0;95;32;51;10;1;70;0;0;31;40;55;4;26;0;0;52;28;12;37;97;96;0;0;38;44;6;74;13;58;0;0;20;85;60;89;0;0;35;3;79;50;24;25;80;0;0;27;98;94;53;0;0;30;69;41;43;91;100;93;0;0;17;88;34;77;68;0,TabuSearch
37,pliki//100 lokacji//R101.txt,200,50,swap,False,2,44043,8419.429066803967,866.7083502721251,6186.012366259716,1366.708350272125,4630.195479377757,1072.5958603072572,1985.0037587632416,1572.5958603072572,9,300006.8995,0;27;0;0;31;94;40;53;6;0;0;35;79;10;20;32;0;0;30;12;26;34;77;0;0;95;4;41;74;43;91;100;0;0;85;52;3;55;25;24;80;0;0;51;69;88;97;37;96;13;58;0;0;44;68;50;70;1;0;0;28;98;38;89;17;60;93;0,TabuSearch
38,pliki//100 lokacji//R101.txt,200,50,swap,False,2,45042,8204.614144109717,834.6628504166349,6045.288443276447,1324.662850416635,4101.48277004561,1010.4817550312531,1590.5192599831037,1500.4817550312532,8,300017.9205,0;43;61;94;37;97;96;0;0;90;6;10;48;60;89;0;0;95;28;53;0;0;52;27;88;18;50;26;0;0;29;40;87;17;93;13;58;0;0;46;81;24;68;80;77;0;0;84;76;3;34;35;70;1;0;0;31;69;12;25;54;55;91;100;0,TabuSearch
38,pliki//100 lokacji//R101.txt,200,50,swap,False,2,45043,8204.614144109717,834.6628504166349,6045.288443276447,1324.662850416635,4300.948247576232,998.3692750525968,1814.2096974710378,1488.3692750525968,8,300018.5081,0;95;76;35;50;80;77;1;0;0;28;27;52;18;53;0;0;43;61;94;6;0;0;90;88;81;3;26;0;0;31;84;46;10;48;70;0;0;29;12;40;37;60;96;13;89;0;0;34;54;97;17;93;91;100;0;0;69;87;68;24;55;25;58;0,TabuSearch
39,pliki//100 lokacji//R101.txt,200,50,swap,False,2,46042,8691.320770942377,887.5750118251932,6416.170747291991,1387.5750118251933,4638.587994460289,1083.264856520365,1972.0582814195589,1583.264856520365,8,300001.598,0;7;52;51;20;48;89;100;0;0;40;27;24;3;68;1;0;0;95;69;18;85;17;60;0;0;98;12;97;6;37;91;58;0;0;34;26;53;94;96;0;0;35;76;81;25;80;77;0;0;28;30;88;8;46;93;13;0;0;43;87;84;10;32;70;0,TabuSearch
39,pliki//100 lokacji//R101.txt,200,50,swap,False,2,46043,8691.320770942377,887.5750118251932,6416.170747291991,1387.5750118251933,4660.033031193407,1028.0682643042335,2103.8965025849407,1528.068264304233,8,300002.5273,0;28;30;8;84;37;93;91;100;0;0;46;88;18;10;13;58;0;0;7;40;87;94;6;26;0;0;81;12;53;97;96;0;0;27;25;32;1;77;80;0;0;69;52;76;20;70;48;89;0;0;35;51;3;34;24;68;0;0;98;95;43;85;17;60;0,TabuSearch
40,pliki//100 lokacji//R101.txt,200,50,swap,False,2,47042,8489.988275089188,788.5160920606992,6402.95609096779,1298.5160920606995,4593.4941036425425,1104.275687499599,1874.9427286433447,1614.275687499599,8,300014.274,0;52;20;18;37;97;91;100;93;0;0;12;44;96;13;26;0;0;10;53;22;56;24;80;58;0;0;95;31;50;3;55;77;0;0;7;76;78;74;4;25;0;0;28;69;40;84;60;17;48;89;0;0;27;21;79;35;1;0;0;86;98;6;94;32;70;0,TabuSearch
40,pliki//100 lokacji//R101.txt,200,50,swap,False,2,47043,8489.988275089188,788.5160920606992,6402.95609096779,1298.5160920606995,4551.780102712093,1067.2105048417038,1907.3590930286862,1577.2105048417038,8,300001.7478,0;76;28;40;53;26;0;0;86;98;6;84;60;17;48;0;0;95;31;55;24;77;80;58;0;0;12;52;79;3;1;50;0;0;18;35;78;20;32;70;89;0;0;69;27;56;4;37;13;0;0;21;44;94;96;97;74;25;0;0;22;7;10;91;100;93;0,TabuSearch
41,pliki//100 lokacji//R101.txt,200,50,swap,False,2,48042,8385.934221376017,779.763499378522,6376.407222618974,1229.763499378522,4221.104372448935,947.3924424690897,1876.319487510755,1397.3924424690897,7,300009.4771,0;28;87;60;24;54;25;58;0;0;30;69;35;20;10;48;0;0;46;53;26;97;96;13;89;0;0;76;18;66;32;70;1;0;0;8;52;88;3;50;68;77;0;0;27;55;6;37;17;91;100;93;0;0;31;12;40;94;0,TabuSearch
41,pliki//100 lokacji//R101.txt,200,50,swap,False,2,48043,8385.934221376017,779.763499378522,6376.407222618974,1229.763499378522,4168.048333931599,971.4043997889983,1775.2395343536023,1421.4043997889983,7,300002.91,0;46;94;6;48;60;89;0;0;30;69;76;53;68;24;25;58;0;0;31;12;18;97;96;17;0;0;28;88;40;87;37;13;0;0;27;35;55;54;91;100;93;0;0;8;3;26;50;1;77;0;0;52;66;10;32;20;70;0,TabuSearch
42,pliki//100 lokacji//R101.txt,200,50,swap,False,2,49042,8271.121794782066,797.4600905987293,6186.201613584609,1287.460090598729,4163.253571768893,985.8305333338742,1701.5925051011454,1475.8305333338742,8,300008.4542,0;2;6;40;87;54;24;80;77;0;0;31;12;73;26;56;74;0;0;55;53;18;48;60;17;93;0;0;76;52;99;84;96;4;25;58;0;0;95;90;88;10;32;70;1;0;0;94;27;35;50;13;0;0;28;0;0;62;69;8;37;91;100;89;0,TabuSearch
42,pliki//100 lokacji//R101.txt,200,50,swap,False,2,49043,8271.121794782066,797.4600905987293,6186.201613584609,1287.460090598729,4098.890649532614,1009.463296930137,1589.9640556723393,1499.463296930137,7,300004.6308,0;2;31;18;17;100;93;89;0;0;76;27;40;53;6;26;4;25;0;0;87;88;48;37;91;96;60;0;0;69;84;94;99;10;32;70;0;0;95;52;8;56;74;13;0;0;12;28;90;50;35;1;0;0;62;73;55;54;24;80;77;58;0,TabuSearch
43,pliki//100 lokacji//R101.txt,200,50,swap,False,2,50042,8516.416334198062,882.2872360654071,6231.841862067248,1402.2872360654071,4514.854768486364,1074.14115854226,1846.5724514018448,1594.1411585422597,8,300010.8243,0;88;57;94;74;68;77;0;0;95;12;76;26;54;55;24;25;0;0;43;73;40;60;48;89;0;0;30;52;18;84;96;0;0;34;7;17;91;93;100;58;0;0;56;2;99;6;37;97;13;0;0;27;53;28;51;78;80;1;0;0;69;46;20;66;35;70;0,TabuSearch
43,pliki//100 lokacji//R101.txt,200,50,swap,False,2,50043,8516.416334198062,882.2872360654071,6231.841862067248,1402.2872360654071,4500.562650167309,1003.2817416805356,1973.9991668062376,1523.2817416805356,8,300007.1714,0;2;76;78;20;66;35;77;0;0;99;73;6;94;96;0;0;30;46;48;60;89;0;0;95;28;53;57;43;74;0;0;51;18;84;37;97;13;0;0;69;27;52;88;7;26;1;70;0;0;34;40;17;91;100;93;58;0;0;56;12;25;55;54;24;80;68;0,TabuSearch
44,pliki//100 lokacji//R101.txt,200,50,swap,False,2,51042,7972.422096552639,784.2929878334742,5903.83612088569,1284.2929878334742,4188.074475469562,1053.7849604310975,1580.5045546073661,1553.7849604310977,8,300010.3707,0;61;76;10;60;93;100;0;0;27;86;87;57;43;74;0;0;2;12;6;91;96;97;58;0;0;88;35;50;3;54;24;80;0;0;62;69;18;37;17;13;89;0;0;31;40;94;53;0;0;95;22;73;20;70;1;77;0;0;52;28;99;56;4;26;0,TabuSearch
44,pliki//100 lokacji//R101.txt,200,50,swap,False,2,51043,7972.422096552639,784.2929878334742,5903.83612088569,1284.2929878334742,4169.5314283346,1008.378212918184,1652.775002498231,1508.378212918184,8,300005.0436,0;61;56;43;13;58;0;0;31;73;57;37;96;60;89;0;0;86;99;6;20;1;0;0;12;27;35;26;4;74;0;0;2;95;87;18;10;70;0;0;22;76;3;50;24;54;80;77;0;0;62;69;88;17;91;97;100;93;0;0;52;28;40;94;53;0,TabuSearch
45,pliki//100 lokacji//R101.txt,200,50,swap,False,2,52042,7668.0444856241975,714.5593583064679,5798.925769011263,1154.5593583064679,3788.1912454877906,939.3162694192177,1469.5587066493551,1379.3162694192179,7,300001.6651,0;61;79;3;26;74;0;0;52;27;76;6;53;60;89;0;0;95;69;8;84;17;37;100;93;0;0;88;12;90;10;70;1;0;0;28;86;94;24;55;80;0;0;98;82;91;46;48;0;0;43;40;57;96;97;13;58;0,TabuSearch
45,pliki//100 lokacji//R101.txt,200,50,swap,False,2,52043,7668.0444856241975,714.5593583064679,5798.925769011263,1154.5593583064679,3766.5582694815103,881.798117301186,1562.9620348791382,1321.798117301186,7,300014.8952,0;61;52;94;10;70;1;0;0;90;88;48;74;55;80;0;0;95;27;40;53;0;0;12;46;8;84;60;17;100;93;0;0;98;76;79;3;24;26;0;0;69;86;6;91;97;13;58;0;0;28;82;57;43;37;96;89;0,TabuSearch
46,pliki//100 lokacji//R101.txt,200,50,swap,False,2,53042,8218.592918426739,857.0698402328206,5904.453237961098,1457.0698402328203,4800.0546463951705,1096.357399837276,2007.3398467206184,1696.3573998372763,10,300011.0992,0;5;21;73;57;41;43;58;0;0;82;83;94;99;6;60;13;0;0;27;31;69;88;10;0;0;2;28;85;96;97;91;37;89;0;0;12;48;7;50;1;70;0;0;76;75;40;0;0;19;53;26;55;25;4;74;0;0;59;95;0;0;62;22;56;54;24;80;77;0;0;18;52;46;84;8;17;100;93;0,TabuSearch
46,pliki//100 lokacji//R101.txt,200,50,swap,False,2,53043,8218.592918426739,857.0698402328206,5904.453237961098,1457.0698402328203,4851.248557360013,1182.4708601864768,1886.3068369870603,1782.4708601864766,9,300012.6054,0;83;52;99;46;48;89;0;0;19;94;25;4;54;0;0;95;75;22;41;57;97;37;0;0;27;2;21;73;40;74;24;80;77;0;0;59;18;6;84;8;10;0;0;69;28;12;85;91;43;58;0;0;55;76;53;26;96;17;93;0;0;5;82;56;13;60;100;0;0;62;31;88;7;50;1;70;0,TabuSearch
47,pliki//100 lokacji//R101.txt,200,50,swap,False,2,54042,8565.117071092447,786.3447623864301,6492.427546319587,1286.34476238643,4784.364252356383,1025.311092285202,2233.7420677859786,1525.311092285202,9,300002.9942,0;61;87;40;53;0;0;88;69;25;68;54;4;0;0;62;52;3;34;24;80;77;0;0;27;90;85;37;96;60;89;0;0;16;6;97;94;1;26;0;0;31;35;78;32;10;70;0;0;95;12;48;46;17;93;58;0;0;79;57;74;91;100;13;0;0;28;0,TabuSearch
47,pliki//100 lokacji//R101.txt,200,50,swap,False,2,54043,8565.117071092447,786.3447623864301,6492.427546319587,1286.34476238643,4744.942729479888,1122.8149446204266,1999.3128402390353,1622.8149446204266,8,300002.9454,0;69;28;16;46;48;17;93;0;0;61;79;3;54;24;77;0;0;62;6;68;80;26;0;0;85;94;40;88;1;89;0;0;90;57;37;96;60;13;58;0;0;95;27;12;74;97;91;100;0;0;87;32;10;4;25;0;0;31;52;53;78;34;35;70;0,TabuSearch
48,pliki//100 lokacji//R101.txt,200,50,swap,False,2,55042,8950.944815337833,832.9838563807537,6784.977102576325,1332.9838563807537,4852.648545951543,1118.3192651930358,2116.0100155654713,1618.319265193036,8,300005.4973,0;69;43;87;68;1;70;0;0;95;25;50;54;26;0;0;20;12;24;74;13;89;0;0;28;27;73;94;6;96;0;0;52;7;18;61;22;56;4;80;0;0;98;51;37;93;91;100;58;0;0;48;40;3;34;35;77;0;0;85;76;53;97;17;60;0,TabuSearch
48,pliki//100 lokacji//R101.txt,200,50,swap,False,2,55043,8950.944815337833,832.9838563807537,6784.977102576325,1332.9838563807537,4752.621329560767,1078.4637678112115,2095.6937939383442,1578.4637678112115,8,300009.1488,0;69;12;7;97;96;13;0;0;28;95;76;1;3;35;70;0;0;34;94;48;60;89;0;0;51;73;50;68;24;77;0;0;27;17;25;54;80;26;58;0;0;20;53;43;37;93;91;100;0;0;61;98;85;18;6;0;0;87;52;40;22;74;56;4;0,TabuSearch
49,pliki//100 lokacji//R101.txt,200,50,swap,False,2,56042,7749.074444884104,814.9490736719184,5679.176297540268,1254.9490736719183,3851.49382542106,957.9937779622857,1495.5062694964884,1397.9937779622858,7,300015.6304,0;95;62;97;96;60;17;89;0;0;48;81;26;0;0;69;2;22;43;37;91;93;100;0;0;52;28;88;74;13;0;0;76;57;10;32;1;70;0;0;40;27;6;94;53;3;24;54;0;0;12;30;56;55;4;25;58;0,TabuSearch
49,pliki//100 lokacji//R101.txt,200,50,swap,False,2,56043,7749.074444884104,814.9490736719184,5679.176297540268,1254.9490736719183,3862.433630096865,968.2000772916631,1486.0334755135386,1408.200077291663,7,300007.386,0;12;28;43;97;37;93;60;0;0;62;76;3;26;74;4;25;0;0;88;27;40;22;55;24;54;58;0;0;30;57;6;96;17;100;89;0;0;69;2;53;48;0;0;52;81;94;91;13;0;0;95;56;10;32;1;70;0,TabuSearch
0,pliki//100 lokacji//R201.txt,200,50,swap,False,2,7042,50015.18890207701,1167.375474782194,47010.43795251262,1837.3754747821943,34696.71369521999,1767.9170583028795,30490.87957861423,2437.9170583028795,10,300018.7934,0;45;55;64;80;41;7;74;24;3;25;56;4;0;0;72;22;76;52;83;84;96;0;0;75;92;99;30;69;21;73;58;0;0;54;68;12;0;0;90;88;8;26;89;40;53;0;0;85;93;0;0;59;28;95;94;0;0;15;46;29;43;17;78;6;100;91;57;70;1;50;77;0;0;5;62;31;27;0;0;11;97;16;60;18;13;0,TabuSearch
0,pliki//100 lokacji//R201.txt,200,50,swap,False,2,7043,50015.18890207701,1167.375474782194,47010.43795251262,1837.3754747821943,35170.291683566385,1707.338621246282,31085.614441073827,2377.3386212462815,10,300015.0417,0;72;75;77;76;97;96;0;0;5;13;94;0;0;59;85;0;0;43;11;78;8;73;56;40;41;57;58;53;0;0;64;29;16;100;60;93;99;6;0;0;25;46;15;17;90;22;70;3;91;74;55;54;24;80;0;0;92;12;30;69;1;50;26;0;0;68;4;21;52;0;0;62;31;89;27;0;0;45;83;28;95;84;88;7;18;0,TabuSearch
1,pliki//100 lokacji//R201.txt,200,50,swap,False,2,8042,54384.76775714335,1147.261358572394,51420.24503999856,1817.2613585723939,38535.03121112157,1685.2208036884424,34494.58960374469,2355.2208036884426,11,300021.1577,0;36;91;4;22;18;78;3;76;0;0;59;95;13;0;0;42;92;35;46;41;17;90;43;57;20;56;55;74;24;25;80;1;70;0;0;28;0;0;84;5;97;72;73;53;0;0;87;94;58;0;0;48;88;12;40;0;0;10;77;68;26;0;0;21;32;54;60;7;99;96;6;0;0;29;62;52;31;69;50;0;0;8;93;100;37;89;27;0,TabuSearch
1,pliki//100 lokacji//R201.txt,200,50,swap,False,2,8043,54384.76775714335,1147.261358572394,51420.24503999856,1817.2613585723939,39418.08732242197,1758.093856556803,35231.89960930836,2428.093856556803,11,300012.6069,0;68;29;50;89;97;53;0;0;72;87;91;94;0;0;4;5;37;21;40;0;0;48;28;27;0;0;22;26;77;80;12;0;0;59;92;0;0;41;35;42;90;43;76;56;70;20;3;74;55;25;24;1;0;0;31;93;95;0;0;36;78;57;32;7;73;84;18;60;17;46;8;0;0;62;54;69;100;96;99;6;0;0;10;88;52;13;58;0,TabuSearch
2,pliki//100 lokacji//R201.txt,200,50,swap,False,2,9042,49057.226327523866,1059.4375938362107,46328.35113985144,1669.437593836211,34634.53497644114,1570.901089517642,30882.73279740585,2180.901089517642,10,300006.9201,0;59;13;0;0;92;74;43;29;17;19;25;91;56;78;70;60;55;24;77;80;89;0;0;49;48;88;69;0;0;23;83;51;90;46;1;26;58;0;0;85;50;28;27;0;0;3;4;93;18;7;52;0;0;79;75;21;73;40;53;0;0;31;12;76;0;0;72;10;2;100;99;96;6;0;0;5;97;95;94;0,TabuSearch
2,pliki//100 lokacji//R201.txt,200,50,swap,False,2,9043,49057.226327523866,1059.4375938362107,46328.35113985144,1669.437593836211,34173.966758594484,1544.6146150927148,30474.737528409052,2154.6146150927143,10,300004.1396,0;49;88;13;53;0;0;92;90;29;46;25;10;91;55;78;17;56;4;24;80;77;70;1;0;0;79;43;100;21;40;58;0;0;31;27;0;0;19;52;26;3;51;50;69;0;0;59;12;28;0;0;5;23;75;74;73;2;0;0;83;85;99;96;89;0;0;72;7;97;76;93;60;6;0;0;48;18;95;94;0,TabuSearch
3,pliki//100 lokacji//R201.txt,200,50,swap,False,2,10042,54261.0249173852,1219.3154712688947,51142.393974847415,1899.3154712688947,39398.40664016144,1670.3003435761639,35377.80595300911,2350.300343576164,11,300007.6459,0;56;90;41;35;57;55;46;20;70;77;24;25;74;37;91;17;60;0;0;72;0;0;100;85;99;96;0;0;51;83;43;7;61;84;18;89;0;0;5;45;32;34;78;1;69;0;0;31;3;76;28;0;0;88;8;40;13;94;0;0;48;50;26;58;0;0;2;92;19;86;97;93;6;0;0;22;52;79;29;80;12;53;0;0;59;16;95;27;0,TabuSearch
3,pliki//100 lokacji//R201.txt,200,50,swap,False,2,10043,54261.0249173852,1219.3154712688947,51142.393974847415,1899.3154712688947,38179.464096139745,1905.1080790625765,33689.24793801459,2585.108079062576,10,300003.0237,0;45;86;27;69;7;88;52;0;0;34;2;70;84;8;100;6;22;53;0;0;31;93;99;94;0;0;46;56;43;20;41;51;78;90;97;24;77;1;37;91;60;0;0;16;48;83;61;0;0;72;40;13;58;0;0;92;5;12;50;19;18;96;0;0;32;29;3;76;28;0;0;35;95;25;17;79;57;55;74;80;26;0;0;59;85;89;0,TabuSearch
4,pliki//100 lokacji//R201.txt,200,50,swap,False,2,11042,56170.65962631592,1333.0582101436246,52824.54320602868,2013.0582101436246,42394.151820929925,1886.5843825443148,37940.983055841294,2566.584382544315,11,300015.1845,0;64;15;24;43;7;17;91;18;57;22;56;13;0;0;40;54;68;28;27;0;0;48;37;85;96;0;0;19;34;74;1;80;77;76;0;0;10;4;2;69;58;26;0;0;93;79;31;52;53;0;0;59;5;95;0;0;72;12;87;97;0;0;92;11;55;46;25;6;20;78;3;50;100;84;60;0;0;29;66;35;90;62;70;8;89;0;0;94;0,TabuSearch
4,pliki//100 lokacji//R201.txt,200,50,swap,False,2,11043,56170.65962631592,1333.0582101436246,52824.54320602868,2013.0582101436246,41548.00086154801,1803.5202167537443,37260.960428040526,2483.520216753744,11,300003.1174,0;34;46;15;35;64;25;17;70;24;55;80;74;43;91;89;0;0;11;54;100;37;18;7;6;40;0;0;93;85;94;0;0;62;4;84;2;78;20;90;1;50;0;0;5;79;77;76;28;0;0;52;10;31;27;0;0;72;68;12;26;0;0;92;19;48;60;96;97;53;0;0;87;95;13;58;0;0;56;8;69;66;29;3;22;57;0;0;59;0,TabuSearch
5,pliki//100 lokacji//R201.txt,200,50,swap,False,2,12042,52721.94677564175,1115.5955739272808,49820.755627787184,1785.5955739272806,39539.065477348624,1796.0123579756582,35277.040761397315,2466.012357975658,10,300002.5032,0;37;67;77;7;88;6;26;53;0;0;10;52;81;80;12;0;0;25;90;55;8;29;43;46;24;56;93;91;100;17;60;89;0;0;59;72;15;57;97;0;0;66;84;94;18;99;96;0;0;5;31;27;0;0;92;78;48;41;22;74;40;58;0;0;32;76;75;21;13;0;0;20;95;2;73;50;30;70;0;0;23;4;28;1;69;0,TabuSearch
5,pliki//100 lokacji//R201.txt,200,50,swap,False,2,12043,52721.94677564175,1115.5955739272808,49820.755627787184,1785.5955739272806,40030.41966318845,1758.8919811643832,35842.635700859675,2428.891981164383,10,300023.3074,0;5;13;28;27;0;0;81;32;30;70;69;0;0;72;48;31;0;0;92;25;20;43;29;46;90;37;6;17;60;96;74;58;0;0;67;10;41;57;8;89;40;53;0;0;77;22;73;1;88;7;18;52;0;0;23;75;56;4;26;0;0;59;95;94;0;0;84;78;15;76;55;100;97;91;93;99;0;0;66;2;12;21;24;80;50;0,TabuSearch
6,pliki//100 lokacji//R201.txt,200,50,swap,False,2,13042,55485.475099730524,1284.5249222783086,52216.425255173905,1984.5249222783088,36990.92054290432,1710.799722667106,32869.32109757011,2410.799722667106,10,300003.7756,0;19;32;37;96;98;99;13;0;0;11;22;29;76;7;97;84;60;6;89;0;0;92;42;36;41;64;51;90;46;57;91;56;43;17;80;24;55;25;74;58;0;0;54;68;77;28;0;0;75;10;4;70;20;35;78;50;0;0;62;93;18;31;88;52;0;0;59;5;1;69;27;0;0;48;95;94;0;0;72;21;53;0;0;100;73;12;26;40;0,TabuSearch
6,pliki//100 lokacji//R201.txt,200,50,swap,False,2,13043,55485.475099730524,1284.5249222783086,52216.425255173905,1984.5249222783088,37651.32613015017,1906.0890443971448,33139.14804135588,2606.0890443971452,10,300022.258,0;42;20;84;77;73;26;37;6;58;0;0;90;62;7;75;74;54;53;0;0;72;29;32;10;0;0;22;69;68;76;1;12;0;0;59;97;95;0;0;5;19;57;89;21;40;0;0;94;92;98;13;28;27;0;0;51;4;100;99;96;18;88;0;0;41;64;78;46;43;35;60;50;56;70;91;17;93;24;55;25;80;0;0;11;36;48;31;52;0,TabuSearch
7,pliki//100 lokacji//R201.txt,200,50,swap,False,2,14042,53257.87965676263,1003.1619146183506,50591.555827525925,1663.1619146183505,37674.75077977788,1826.9091160113846,33360.93254775512,2486.909116011385,11,300004.2972,0;42;90;75;57;10;84;46;77;1;70;50;0;0;19;15;55;74;22;89;99;8;18;0;0;31;95;13;0;0;72;4;68;0;0;52;29;7;69;26;6;100;37;40;0;0;5;21;23;73;53;0;0;59;0;0;87;12;28;27;0;0;48;93;58;0;0;2;78;56;17;76;43;25;41;20;97;24;80;96;91;60;0;0;92;85;94;0,TabuSearch
7,pliki//100 lokacji//R201.txt,200,50,swap,False,2,14043,53257.87965676263,1003.1619146183506,50591.555827525925,1663.1619146183505,38479.68000239642,1716.8084433326494,34386.063115731115,2376.8084433326494,10,300007.0112,0;31;2;42;95;97;13;0;0;23;4;22;75;0;0;48;7;29;77;69;27;0;0;68;76;58;53;0;0;85;94;0;0;92;89;100;12;57;93;37;99;0;0;59;87;28;0;0;46;72;19;74;50;91;40;6;84;60;96;0;0;5;10;18;52;1;73;21;0;0;78;15;90;41;17;8;43;55;20;25;56;26;24;80;70;0,TabuSearch
8,pliki//100 lokacji//R201.txt,200,50,swap,False,2,15042,54442.936710794194,1308.8158497216475,51135.305011350894,1998.8158497216475,39439.542054221456,1960.2136514379029,34829.11475134565,2650.213651437903,10,300006.2604,0;81;27;31;12;26;0;0;36;10;73;50;70;99;37;94;0;0;34;17;25;9;24;84;40;41;74;54;57;97;0;0;48;68;0;0;51;46;23;43;90;56;96;4;55;80;3;1;0;0;72;18;60;52;93;98;0;0;92;77;2;69;13;8;7;91;100;6;0;0;59;5;28;0;0;95;87;22;75;58;0;0;67;78;89;76;21;53;0,TabuSearch
8,pliki//100 lokacji//R201.txt,200,50,swap,False,2,15043,54442.936710794194,1308.8158497216475,51135.305011350894,1998.8158497216475,39385.57204313953,1863.5541457434106,34968.463751652715,2553.554145743411,11,300020.9571,0;54;75;43;100;13;0;0;5;34;81;73;26;40;0;0;69;4;52;41;8;6;18;99;97;87;0;0;74;93;89;77;76;50;0;0;90;56;7;78;67;55;80;10;84;96;0;0;48;28;12;0;0;36;24;23;51;46;9;25;57;60;70;3;1;17;37;91;0;0;95;92;21;22;2;58;53;0;0;59;98;94;0;0;72;68;27;0;0;31;0,TabuSearch
9,pliki//100 lokacji//R201.txt,200,50,swap,False,2,16042,50472.46509214054,1094.8301012147924,47632.804889710955,1744.8301012147922,37906.960400654774,1777.5157980853328,33701.92880448411,2427.5157980853332,11,300014.8223,0;72;3;28;94;0;0;5;44;80;77;76;0;0;92;23;86;96;6;53;0;0;31;15;100;54;12;0;0;39;83;40;2;98;37;99;0;0;61;22;69;93;52;90;70;50;0;0;59;0;0;68;75;4;0;0;78;46;56;35;84;91;25;57;55;74;43;97;17;60;1;0;0;27;95;87;13;0;0;34;24;18;21;26;58;89;0,TabuSearch
9,pliki//100 lokacji//R201.txt,200,50,swap,False,2,16043,50472.46509214054,1094.8301012147924,47632.804889710955,1744.8301012147922,37661.894034623416,1609.766085718839,33792.36186318574,2259.766085718838,11,300004.3291,0;54;57;92;52;69;28;76;12;0;0;34;50;43;15;100;98;99;53;0;0;86;18;31;27;0;0;26;72;58;96;89;0;0;23;83;4;77;78;1;0;0;90;56;17;35;84;70;46;24;3;80;25;55;37;97;91;60;0;0;39;44;61;93;0;0;22;40;87;6;13;0;0;59;5;95;0;0;2;68;75;74;21;0;0;94;0,TabuSearch
10,pliki//100 lokacji//R201.txt,200,50,swap,False,2,17042,54250.18279326499,1288.5773160134522,50943.028161238086,2018.5773160134522,39281.64028152386,1864.0778295730981,34823.48462237766,2594.0778295730984,11,300010.2774,0;42;97;58;28;0;0;59;92;95;13;0;0;45;72;20;50;40;53;0;0;36;35;41;78;46;90;8;17;60;37;55;56;74;70;43;4;25;80;0;0;22;15;94;77;76;0;0;62;68;6;87;57;21;0;0;29;24;12;10;73;54;26;0;0;84;30;2;7;88;91;100;89;0;0;3;48;83;82;99;96;0;0;47;18;1;27;69;31;52;0;0;5;93;0,TabuSearch
10,pliki//100 lokacji//R201.txt,200,50,swap,False,2,17043,54250.18279326499,1288.5773160134522,50943.028161238086,2018.5773160134522,37710.011410636966,1911.8004947541367,33156.4104211287,2641.800494754137,11,300009.5259,0;92;29;84;24;73;70;7;18;97;43;57;53;0;0;88;22;42;62;100;37;50;60;6;0;0;30;41;87;3;1;76;0;0;82;27;31;69;52;89;0;0;36;78;15;46;90;56;91;17;20;35;25;55;4;54;77;80;0;0;45;83;10;28;99;96;0;0;72;21;26;12;0;0;5;59;95;0;0;13;0;0;48;93;94;0;0;68;47;8;2;74;40;58;0,TabuSearch
11,pliki//100 lokacji//R201.txt,200,50,swap,False,2,18042,53689.93679532049,1121.2343170388722,50787.46816124275,1781.234317038872,39553.070259408734,1710.3227248557519,35472.42480969723,2370.322724855752,11,300012.8576,0;94;58;13;0;0;92;54;69;52;2;87;84;18;0;0;5;12;26;28;0;0;31;0;0;85;93;95;0;0;29;55;27;79;76;50;1;0;0;33;17;78;43;41;46;56;70;24;20;35;80;100;91;89;60;0;0;49;48;8;10;53;0;0;23;68;25;21;40;0;0;57;81;83;74;37;73;99;96;6;0;0;59;97;72;75;4;0,TabuSearch
11,pliki//100 lokacji//R201.txt,200,50,swap,False,2,18043,53689.93679532049,1121.2343170388722,50787.46816124275,1781.234317038872,40463.883837786016,1765.2479729059141,36273.38789197419,2425.2479729059146,11,300002.7993,0;75;49;78;26;76;37;18;6;0;0;46;35;43;25;80;24;50;56;55;91;17;89;60;20;70;1;0;0;10;4;58;52;100;96;0;0;33;21;68;57;41;74;73;53;0;0;23;87;12;28;0;0;95;92;94;0;0;59;93;0;0;81;84;83;2;8;97;13;0;0;72;79;31;27;0;0;5;85;99;0;0;48;29;54;40;69;0,TabuSearch
12,pliki//100 lokacji//R201.txt,200,50,swap,False,2,19042,56003.74027346886,1416.1721904340632,52441.395892600725,2146.1721904340634,39705.052808032284,1965.0820633178967,35044.88868139649,2695.0820633178964,11,300022.2725,0;42;35;18;69;66;24;77;80;54;53;0;0;59;15;61;52;29;50;76;0;0;38;31;88;37;97;98;99;0;0;92;68;75;56;2;13;0;0;43;78;83;90;32;41;74;73;94;6;0;0;36;25;8;55;7;84;40;100;91;46;17;60;1;70;89;0;0;16;62;28;87;96;0;0;72;14;44;57;58;0;0;48;27;0;0;95;4;12;26;0;0;5;93;0,TabuSearch
12,pliki//100 lokacji//R201.txt,200,50,swap,False,2,19043,56003.74027346886,1416.1721904340632,52441.395892600725,2146.1721904340634,38384.96492907222,1954.2904945578953,33746.38393995644,2684.290494557895,11,300010.2193,0;14;15;4;87;58;0;0;66;29;98;18;69;88;96;57;53;0;0;72;61;44;100;2;0;0;62;99;83;84;16;89;0;0;36;38;78;91;90;41;8;46;80;70;1;24;54;55;25;74;0;0;32;75;40;28;26;0;0;27;5;93;94;0;0;42;35;31;77;43;56;73;60;37;97;6;0;0;48;95;13;0;0;92;7;17;52;12;68;76;50;0;0;59;0,TabuSearch
13,pliki//100 lokacji//R201.txt,200,50,swap,False,2,20042,50232.6673386006,1250.8896744378117,47050.88798972497,1930.8896744378117,36213.1831436015,1767.2017987874,31998.7795460267,2447.2017987873996,11,300015.7507,0;19;41;61;15;21;58;40;0;0;42;54;75;91;100;57;99;96;0;0;92;16;1;76;26;73;53;0;0;72;23;87;0;0;29;7;69;93;89;94;0;0;59;85;95;0;0;78;36;56;90;55;70;46;84;8;17;50;13;74;25;24;80;0;0;88;22;18;52;68;12;0;0;48;60;4;2;6;98;37;0;0;5;97;28;27;0;0;31;0,TabuSearch
13,pliki//100 lokacji//R201.txt,200,50,swap,False,2,20043,50232.6673386006,1250.8896744378117,47050.88798972497,1930.8896744378117,36113.40523682789,1805.44793415063,31822.509368526633,2485.44793415063,11,300008.2208,0;29;78;41;4;12;89;53;0;0;5;94;0;0;72;54;0;0;19;16;22;21;26;0;0;48;84;95;97;40;0;0;42;31;27;99;52;69;50;0;0;85;87;2;58;0;0;46;76;75;88;37;98;61;93;6;0;0;59;73;68;28;0;0;36;25;90;55;7;70;91;56;8;13;17;74;24;80;1;0;0;23;92;15;57;100;18;60;96;0,TabuSearch
14,pliki//100 lokacji//R201.txt,200,50,swap,False,2,21042,54412.799329626825,1213.2508020719044,51316.29772548302,1883.2508020719044,39006.508956745995,1775.3835921478146,34785.74177245036,2445.383592147814,10,300008.9026,0;54;68;12;0;0;59;69;75;74;94;0;0;76;5;100;99;58;0;0;92;78;36;22;90;7;51;41;55;35;46;17;91;60;26;24;80;0;0;25;31;77;79;56;73;40;0;0;19;57;62;37;6;3;50;1;0;0;29;27;95;87;97;0;0;4;43;84;96;85;13;89;0;0;72;93;28;53;0;0;11;70;8;48;18;52;0,TabuSearch
14,pliki//100 lokacji//R201.txt,200,50,swap,False,2,21043,54412.799329626825,1213.2508020719044,51316.29772548302,1883.2508020719044,37674.82799798914,1982.7118833033867,33039.40423138236,2652.7118833033865,10,300002.8481,0;95;72;58;53;0;0;84;19;29;69;62;90;50;80;0;0;5;68;28;0;0;11;75;51;73;43;93;99;0;0;85;31;27;94;0;0;59;48;18;0;0;35;17;78;46;7;56;91;3;55;70;74;77;1;60;96;0;0;92;25;36;24;41;87;40;37;6;100;57;0;0;76;12;54;4;26;0;0;79;22;8;89;52;97;13;0,TabuSearch
15,pliki//100 lokacji//R201.txt,200,50,swap,False,2,22042,51801.36139959948,1104.6686561143545,48962.024087370766,1734.6686561143545,36606.92791670874,1569.5165809845362,32837.89475473967,2199.5165809845366,10,300006.2372,0;78;42;25;8;24;41;18;80;6;46;43;56;96;60;17;91;37;0;0;100;87;95;94;0;0;85;5;0;0;54;69;12;3;77;76;0;0;59;31;27;0;0;72;68;1;28;0;0;55;20;16;70;50;57;40;26;53;0;0;86;93;84;83;7;52;0;0;74;48;61;99;89;0;0;92;38;15;97;2;13;58;0,TabuSearch
15,pliki//100 lokacji//R201.txt,200,50,swap,False,2,22043,51801.36139959948,1104.6686561143545,48962.024087370766,1734.6686561143545,36812.95686014774,1649.3253869351242,32884.30608627749,2279.3253869351242,10,300018.0896,0;78;99;25;46;55;8;20;6;56;84;17;43;91;100;37;60;0;0;68;31;70;1;0;0;83;76;7;15;57;26;12;53;0;0;42;92;38;50;41;74;24;80;54;40;0;0;48;95;61;52;69;0;0;87;72;58;0;0;5;27;28;97;93;0;0;86;85;0;0;16;3;77;2;18;96;89;0;0;59;13;94;0,TabuSearch
16,pliki//100 lokacji//R201.txt,200,50,swap,False,2,23042,49093.22645845732,959.6998969325019,46523.82666459232,1609.6998969325023,34324.16374721181,1633.7456042470203,30406.67253871777,2283.7456042470203,10,300007.6679,0;13;12;28;0;0;85;78;24;80;3;77;76;0;0;62;50;31;1;52;0;0;59;93;5;83;0;0;72;98;99;87;53;0;0;30;27;95;97;94;0;0;29;2;51;69;70;61;58;57;96;6;0;0;48;68;26;40;0;0;86;15;16;18;88;89;0;0;92;90;25;11;56;46;41;84;55;74;37;43;17;100;91;60;0,TabuSearch
16,pliki//100 lokacji//R201.txt,200,50,swap,False,2,23043,49093.22645845732,959.6998969325019,46523.82666459232,1609.6998969325023,34702.97930379686,1705.0442483577406,30642.89080708138,2355.044248357741,11,300007.054,0;48;31;27;0;0;51;3;86;61;60;89;0;0;92;85;99;94;0;0;84;69;91;88;57;17;40;70;77;1;26;0;0;11;29;43;90;41;78;37;46;56;50;80;24;55;25;74;0;0;83;62;100;98;97;2;13;0;0;72;95;87;58;0;0;59;5;0;0;68;15;16;96;53;0;0;30;93;28;52;18;6;0;0;76;12;0,TabuSearch
17,pliki//100 lokacji//R201.txt,200,50,swap,False,2,24042,54399.62773031626,1288.6176444993228,51142.39244131761,1968.6176444993225,40202.723547609334,1709.3755411342197,36103.97246534089,2389.37554113422,10,300015.8495,0;59;4;27;53;0;0;92;51;25;29;46;78;55;80;91;84;70;17;97;56;74;37;60;0;0;5;52;95;13;0;0;36;83;62;90;69;77;12;0;0;68;41;22;26;58;0;0;54;1;3;50;28;0;0;32;18;31;88;89;0;0;42;24;82;20;81;76;73;40;0;0;35;15;16;6;98;96;99;94;0;0;8;57;87;100;93;0,TabuSearch
17,pliki//100 lokacji//R201.txt,200,50,swap,False,2,24043,54399.62773031626,1288.6176444993228,51142.39244131761,1968.6176444993225,40531.29818344403,1699.4680605060835,36452.36206243186,2379.4680605060835,11,300022.1499,0;15;57;73;77;28;26;0;0;5;29;3;81;50;0;0;42;97;16;99;90;82;8;18;0;0;59;68;76;1;0;0;41;36;17;35;91;20;46;56;24;25;55;37;70;80;74;58;0;0;87;13;53;0;0;51;22;92;84;96;60;83;88;6;89;0;0;27;0;0;54;40;95;94;0;0;98;62;32;31;69;52;0;0;4;100;93;78;12;0,TabuSearch
18,pliki//100 lokacji//R201.txt,200,50,swap,False,2,25042,53925.29056802787,1151.899487698053,50961.49159263177,1811.8994876980532,40836.29595364515,1792.3461228147944,36591.603708015566,2452.3461228147944,10,300020.0313,0;9;100;73;2;13;58;0;0;22;51;26;3;37;96;6;0;0;39;18;31;52;89;0;0;72;95;79;12;50;0;0;48;28;70;1;76;0;0;5;85;60;27;0;0;21;69;75;41;57;94;0;0;35;46;78;43;90;20;8;84;56;74;77;24;25;55;0;0;59;92;99;87;40;0;0;49;23;83;80;7;17;91;97;53;0,TabuSearch
18,pliki//100 lokacji//R201.txt,200,50,swap,False,2,25043,53925.29056802787,1151.899487698053,50961.49159263177,1811.8994876980532,40120.46580632955,1783.9384549828146,35892.588896363915,2443.938454982814,10,300002.9897,0;75;57;96;87;13;0;0;39;31;2;12;22;56;0;0;35;17;9;41;55;74;79;51;1;70;8;0;0;72;48;18;52;0;0;85;97;21;27;0;0;25;46;78;84;20;90;7;40;24;80;60;100;91;37;0;0;23;73;76;26;58;0;0;59;95;94;0;0;92;83;3;77;50;28;53;0;0;5;43;49;69;99;6;89;0,TabuSearch
19,pliki//100 lokacji//R201.txt,200,50,swap,False,2,26042,51647.34211067457,1136.2324812080778,48704.87714825842,1806.2324812080776,38187.77632727973,1714.0981962764959,34089.579934726746,2384.0981962764954,11,300003.6353,0;83;12;31;69;37;84;52;7;88;0;0;68;28;0;0;36;42;8;100;16;61;99;96;0;0;44;94;29;3;76;50;0;0;56;77;98;57;40;51;1;27;0;0;72;18;25;4;58;53;0;0;87;13;0;0;92;24;46;78;90;55;43;91;93;6;70;26;80;74;17;60;0;0;59;5;95;0;0;14;85;89;0;0;86;48;97;2;0,TabuSearch
19,pliki//100 lokacji//R201.txt,200,50,swap,False,2,26043,51647.34211067457,1136.2324812080778,48704.87714825842,1806.2324812080776,37228.21625580468,1839.312840374334,32879.59057505601,2509.312840374334,11,300001.6754,0;16;87;61;13;0;0;14;25;86;6;53;3;80;0;0;36;76;43;24;17;78;51;50;46;8;60;84;70;1;0;0;92;90;29;55;88;56;40;18;57;94;91;37;0;0;77;44;74;31;7;99;97;0;0;5;2;100;95;96;0;0;4;68;12;0;0;72;48;52;0;0;42;83;69;98;93;89;26;0;0;85;59;58;27;0;0;28;0,TabuSearch
20,pliki//100 lokacji//R201.txt,200,50,swap,False,2,27042,53503.477381765006,1129.7620840532456,50523.95321365851,1849.7620840532456,38875.13481153328,1855.0158592138825,34445.103093105514,2575.0158592138823,11,300005.3246,0;29;43;11;25;57;56;90;24;1;91;96;60;84;17;46;70;0;0;27;0;0;5;83;89;13;0;0;20;15;31;37;26;97;100;99;6;0;0;48;69;68;50;0;0;14;28;62;51;12;76;0;0;41;10;54;78;55;80;74;73;53;0;0;88;77;22;92;98;87;58;0;0;44;79;4;21;40;0;0;49;8;7;82;18;52;0;0;59;42;93;95;94;0,TabuSearch
20,pliki//100 lokacji//R201.txt,200,50,swap,False,2,27043,53503.477381765006,1129.7620840532456,50523.95321365851,1849.7620840532456,38982.97342571094,1912.562870637595,34437.84768443575,2632.562870637595,11,300004.5899,0;4;79;50;40;53;0;0;14;44;100;87;0;0;95;27;12;21;26;58;0;0;20;49;31;82;6;18;0;0;10;77;92;98;8;93;89;0;0;29;11;15;78;70;80;51;7;57;17;91;37;96;0;0;83;42;62;13;99;41;74;73;0;0;5;88;69;28;0;0;59;48;52;94;0;0;25;46;24;43;90;22;60;84;97;56;55;54;1;0;0;68;76;0,TabuSearch
21,pliki//100 lokacji//R201.txt,200,50,swap,False,2,28042,52376.15714764172,1132.344529475628,49431.46808869046,1812.344529475628,38110.352125437435,1952.8186715760926,33524.71478228526,2632.8186715760926,10,300011.8056,0;27;31;18;95;13;0;0;39;61;51;76;80;12;0;0;78;36;43;90;84;25;6;56;60;91;97;93;89;0;0;49;92;35;17;37;100;57;24;55;54;0;0;72;69;48;82;52;0;0;59;85;94;0;0;46;9;2;77;7;16;96;99;0;0;29;75;28;1;50;58;0;0;5;20;8;79;26;40;0;0;83;4;74;21;87;53;0,TabuSearch
21,pliki//100 lokacji//R201.txt,200,50,swap,False,2,28043,52376.15714764172,1132.344529475628,49431.46808869046,1812.344529475628,37724.3347884652,1852.5305402034319,33339.27370805835,2532.530540203432,11,300019.6367,0;59;85;37;93;0;0;5;56;75;2;94;0;0;72;58;0;0;49;79;50;76;0;0;39;12;28;27;0;0;48;21;26;0;0;29;17;24;43;16;7;77;54;40;53;0;0;35;25;8;69;55;4;99;96;6;89;0;0;9;100;84;83;82;18;52;0;0;31;92;87;95;13;0;0;36;74;46;78;61;51;80;57;91;97;60;90;20;1;0,TabuSearch
22,pliki//100 lokacji//R201.txt,200,50,swap,False,2,29042,52329.34186306735,1209.9600827924282,49229.42169748249,1889.960082792428,37593.08327257867,1815.4373014732457,33282.20866963217,2495.437301473246,11,300002.9501,0;45;40;10;52;87;93;6;0;0;9;2;69;60;88;97;73;26;0;0;49;7;19;48;0;0;35;91;90;41;46;17;3;78;24;20;74;25;55;70;1;77;80;0;0;5;0;0;32;83;8;82;89;58;0;0;29;99;18;75;76;51;50;0;0;72;22;95;12;53;0;0;68;31;27;0;0;100;4;21;28;30;0;0;59;92;96;94;13;0,TabuSearch
22,pliki//100 lokacji//R201.txt,200,50,swap,False,2,29043,52329.34186306735,1209.9600827924282,49229.42169748249,1889.960082792428,38313.560329904685,1791.2658527382723,34051.02862442814,2471.2658527382728,11,300009.4506,0;59;5;31;52;27;0;0;20;2;35;90;17;78;8;10;46;91;25;55;74;70;1;24;80;0;0;9;22;92;21;88;73;97;41;40;0;0;28;0;0;29;32;68;77;69;0;0;48;3;4;53;0;0;95;30;12;26;0;0;87;99;72;75;58;0;0;45;83;100;93;13;0;0;19;7;94;82;18;60;89;0;0;49;50;51;76;96;6;0,TabuSearch
23,pliki//100 lokacji//R201.txt,200,50,swap,False,2,30042,52877.8908873262,1191.2254613703587,49795.43996458549,1891.2254613703585,38837.474966820984,1893.3586262398717,34350.75771434124,2593.3586262398712,11,300002.4406,0;19;94;52;88;62;69;0;0;5;50;68;28;0;0;23;27;76;2;58;0;0;59;93;0;0;11;75;80;12;78;1;8;7;18;0;0;15;70;56;25;29;13;41;97;96;6;0;0;35;43;90;55;46;20;84;24;100;37;77;60;91;17;0;0;87;42;95;0;0;54;31;99;89;92;98;53;0;0;57;85;73;21;40;0;0;72;22;74;4;26;0,TabuSearch
23,pliki//100 lokacji//R201.txt,200,50,swap,False,2,30043,52877.8908873262,1191.2254613703587,49795.43996458549,1891.2254613703585,38198.07198648188,1946.2960651563399,33605.4798561692,2646.29606515634,11,300010.6196,0;42;85;94;58;0;0;35;43;11;41;17;8;25;80;84;60;91;56;74;0;0;5;77;52;69;13;0;0;98;21;29;68;76;50;0;0;15;24;19;78;46;57;99;53;7;90;20;70;1;0;0;22;88;2;31;73;97;96;6;0;0;72;87;95;0;0;75;62;18;89;93;92;37;0;0;59;27;0;0;4;100;54;26;40;0;0;23;55;12;28;0,TabuSearch
24,pliki//100 lokacji//R201.txt,200,50,swap,False,2,31042,55008.163674035415,1254.7453813157445,51778.67291140392,1974.7453813157447,38575.984534715906,1940.0293317968672,33975.92587112217,2660.0293317968667,11,300005.2695,0;75;10;2;57;15;73;21;58;0;0;48;7;95;13;0;0;28;0;0;72;12;82;52;89;0;0;92;35;84;25;8;56;34;90;46;97;91;100;17;60;96;0;0;5;50;93;98;37;53;0;0;22;54;68;76;0;0;83;63;43;32;24;55;80;4;40;0;0;62;44;78;29;61;99;70;6;41;74;26;77;0;0;85;18;1;69;27;0;0;59;31;94;0,TabuSearch
24,pliki//100 lokacji//R201.txt,200,50,swap,False,2,31043,55008.163674035415,1254.7453813157445,51778.67291140392,1974.7453813157447,39608.78697306459,1840.8809401286098,35207.025092807366,2560.88094012861,10,300008.542,0;50;73;62;8;7;52;69;1;0;0;10;43;55;35;80;57;41;74;22;40;53;0;0;13;68;28;0;0;84;5;92;94;99;2;97;0;0;34;82;83;75;6;4;24;77;0;0;44;63;56;46;61;78;90;25;70;17;91;93;37;96;60;0;0;72;12;76;31;27;0;0;48;29;54;26;58;0;0;32;15;21;100;98;18;89;0;0;59;85;95;0,TabuSearch
25,pliki//100 lokacji//R201.txt,200,50,swap,False,2,32042,55791.511470248006,1209.817867409308,52681.87573542939,1899.817867409308,39796.72743972584,1913.6777550525221,35279.37192962079,2603.677755052522,11,300028.8634,0;67;21;70;2;57;38;16;6;0;0;3;100;22;26;53;0;0;24;36;78;41;10;35;46;20;37;43;80;74;60;17;91;93;0;0;75;8;86;61;89;0;0;59;31;50;69;27;0;0;7;92;83;23;77;18;73;56;25;55;0;0;97;95;94;0;0;9;28;1;52;84;99;96;0;0;72;79;76;12;0;0;48;0;0;5;4;40;13;58;0,TabuSearch
25,pliki//100 lokacji//R201.txt,200,50,swap,False,2,32043,55791.511470248006,1209.817867409308,52681.87573542939,1899.817867409308,39990.62955706138,1903.1766992612486,35494.27615853889,2593.176699261249,11,300004.5917,0;86;100;97;95;0;0;4;31;79;3;77;0;0;92;59;0;0;57;9;61;91;16;84;8;89;0;0;67;2;26;12;76;0;0;48;75;70;69;73;21;0;0;36;41;20;10;40;96;99;37;93;60;0;0;43;35;38;25;78;46;17;1;6;50;56;74;24;55;80;0;0;72;94;27;28;0;0;5;22;58;53;0;0;23;83;52;7;18;13;0,TabuSearch
26,pliki//100 lokacji//R201.txt,200,50,swap,False,2,33042,52942.81419949095,1125.686930291569,50021.44033890782,1795.686930291569,38378.91522493107,1751.3861517447463,34206.142921441584,2421.386151744746,11,300018.4465,0;10;75;88;18;89;96;6;0;0;92;90;41;20;56;46;34;24;55;84;37;97;43;70;60;17;91;0;0;72;59;13;0;0;51;73;27;69;99;94;0;0;32;50;1;93;98;95;0;0;5;28;100;15;57;0;0;31;0;0;68;76;12;0;0;45;21;52;77;29;80;26;40;0;0;83;23;25;4;74;53;0;0;3;54;2;87;58;0,TabuSearch
26,pliki//100 lokacji//R201.txt,200,50,swap,False,2,33043,52942.81419949095,1125.686930291569,50021.44033890782,1795.686930291569,40145.59958433019,1888.0887273823432,35699.4221295655,2558.088727382343,11,300007.9527,0;58;0;0;92;32;96;69;18;6;97;13;40;0;0;3;15;98;93;94;0;0;10;54;95;4;73;0;0;59;28;51;27;53;0;0;83;5;74;21;87;0;0;23;72;84;88;89;52;0;0;20;43;56;55;1;57;100;37;99;0;0;75;34;2;50;76;12;0;0;68;31;0;0;45;29;90;17;25;24;46;41;80;26;77;70;91;60;0,TabuSearch
27,pliki//100 lokacji//R201.txt,200,50,swap,False,2,34042,49222.951036005616,1093.545848632104,46415.859338741415,1713.545848632104,36497.341782782605,1801.3652431999449,32274.611296382718,2421.3652431999444,11,300014.6093,0;78;43;51;57;87;74;24;77;0;0;59;89;94;95;0;0;22;72;2;12;26;0;0;85;27;0;0;15;62;25;11;4;17;100;84;91;6;0;0;81;18;97;58;53;0;0;90;92;46;55;8;41;40;10;60;32;20;70;1;0;0;73;88;69;93;37;13;0;0;68;0;0;54;96;52;31;76;0;0;5;48;28;0,TabuSearch
27,pliki//100 lokacji//R201.txt,200,50,swap,False,2,34043,49222.951036005616,1093.545848632104,46415.859338741415,1713.545848632104,37126.35283125412,1676.5389332765203,33153.27496470108,2296.5389332765203,11,300008.1622,0;68;77;0;0;43;32;11;76;55;54;40;53;0;0;100;31;28;89;0;0;5;48;27;0;0;81;90;15;60;8;18;88;70;1;0;0;72;69;12;26;58;0;0;78;84;25;46;20;17;41;10;91;37;97;74;24;0;0;92;51;62;52;6;96;57;22;73;0;0;59;87;95;0;0;93;4;2;94;13;0;0;85;0,TabuSearch
28,pliki//100 lokacji//R201.txt,200,50,swap,False,2,35042,50549.621851417294,1183.8308999438257,47521.96005152965,1843.830899943826,36434.791325593076,1774.3159800502851,32226.15936549251,2434.3159800502854,10,300009.8232,0;84;23;52;55;41;93;100;6;0;0;39;76;73;2;87;0;0;35;46;78;62;24;22;90;56;57;43;96;37;91;60;70;0;0;42;25;83;17;79;74;80;40;99;8;7;0;0;5;18;95;13;0;0;48;92;94;89;0;0;59;85;97;0;0;72;4;69;28;27;0;0;29;54;58;77;12;0;0;15;31;1;50;26;53;0,TabuSearch
28,pliki//100 lokacji//R201.txt,200,50,swap,False,2,35043,50549.621851417294,1183.8308999438257,47521.96005152965,1843.830899943826,36102.55929278755,1787.5028564985253,31867.553579790496,2447.5028564985255,10,300008.2545,0;5;92;52;95;2;40;0;0;62;12;37;87;99;6;0;0;72;84;96;94;13;0;0;42;35;46;43;78;90;41;70;74;25;55;80;97;60;17;89;0;0;23;8;24;79;76;7;18;0;0;48;83;27;28;0;0;59;85;26;0;0;39;69;54;56;73;53;0;0;22;4;91;100;93;58;0;0;15;29;31;57;1;77;50;0,TabuSearch
29,pliki//100 lokacji//R201.txt,200,50,swap,False,2,36042,52507.14528161665,1172.1855425723882,49482.774196471866,1852.1855425723882,37520.26194114857,1974.358835548714,32891.54427005114,2654.358835548714,11,300002.715,0;92;56;11;22;84;91;99;96;89;0;0;19;21;77;37;97;13;0;0;95;94;0;0;67;41;54;88;20;51;0;0;5;12;31;52;0;0;59;73;72;58;0;0;48;26;27;50;69;0;0;9;57;8;4;74;18;6;0;0;35;17;75;15;90;7;78;43;70;46;60;55;25;24;80;1;0;0;3;68;28;0;0;79;62;2;76;40;53;0,TabuSearch
29,pliki//100 lokacji//R201.txt,200,50,swap,False,2,36043,52507.14528161665,1172.1855425723882,49482.774196471866,1852.1855425723882,38239.769400001875,1915.6465078985952,33728.47638420469,2595.646507898595,11,300006.06,0;48;75;55;1;52;89;0;0;17;78;43;24;19;56;22;57;37;97;40;0;0;59;4;2;73;53;0;0;67;88;18;13;58;0;0;79;54;69;27;0;0;72;92;26;12;76;28;0;0;5;95;94;0;0;31;0;0;46;41;35;21;7;99;20;70;90;60;6;91;96;74;0;0;62;3;80;68;77;0;0;11;15;25;84;8;9;51;50;0,TabuSearch
30,pliki//100 lokacji//R201.txt,200,50,swap,False,2,37042,56133.96420985061,1205.221868929895,53023.520471990814,1905.2218689298948,41585.53629714188,1954.0429417024616,36977.45041373695,2654.0429417024616,11,300008.9691,0;22;4;31;70;88;52;0;0;44;85;89;0;0;35;41;66;25;8;55;56;6;84;1;46;37;91;17;60;0;0;16;27;68;28;0;0;53;0;0;59;92;3;93;96;99;97;0;0;62;83;29;2;12;77;76;0;0;14;82;73;61;98;94;0;0;42;69;51;50;24;80;58;40;0;0;43;90;57;32;78;18;100;74;26;0;0;7;48;95;13;0,TabuSearch
30,pliki//100 lokacji//R201.txt,200,50,swap,False,2,37043,56133.96420985061,1205.221868929895,53023.520471990814,1905.2218689298948,42121.25875733495,1722.0449105191908,37977.16893629658,2422.04491051919,11,300022.6377,0;14;84;44;37;99;94;0;0;4;77;52;31;1;69;0;0;66;83;62;88;8;57;73;40;0;0;46;25;7;56;3;43;18;41;17;60;70;91;97;74;55;24;80;0;0;13;58;0;0;68;28;22;2;0;0;42;32;50;26;12;0;0;85;92;95;0;0;59;29;78;76;98;93;96;6;0;0;48;82;27;53;0;0;35;51;90;89;100;16;61;0,TabuSearch
31,pliki//100 lokacji//R201.txt,200,50,swap,False,2,38042,54019.446419714935,1157.8591070214536,51053.72820567203,1807.8591070214534,39970.10057983722,1816.1492102197828,35687.80215939766,2466.149210219783,10,300009.4551,0;25;90;15;20;24;34;41;91;97;93;96;6;0;0;92;83;87;95;94;0;0;59;5;57;58;0;0;72;46;19;55;78;50;100;18;89;0;0;4;68;52;88;31;0;0;27;0;0;48;2;12;22;53;0;0;49;79;69;3;77;76;0;0;51;54;28;26;40;13;0;0;29;37;35;17;10;43;56;74;60;70;1;80;0,TabuSearch
31,pliki//100 lokacji//R201.txt,200,50,swap,False,2,38043,54019.446419714935,1157.8591070214536,51053.72820567203,1807.8591070214534,39239.150532840315,1773.3684162076115,35042.413700425095,2423.3684162076115,10,300009.1155,0;48;54;57;91;96;53;0;0;22;97;87;58;0;0;49;40;10;79;76;1;0;0;59;100;95;0;0;4;51;69;27;94;0;0;5;52;31;88;18;89;0;0;68;83;93;13;0;0;92;46;15;35;43;90;20;56;55;37;60;70;74;25;24;80;0;0;17;19;2;34;29;6;26;41;3;78;50;0;0;72;12;77;28;0,TabuSearch
32,pliki//100 lokacji//R201.txt,200,50,swap,False,2,39042,53214.395310752465,1240.444435890675,50063.50643897111,1910.4444358906749,39124.59948761112,1754.9632138717293,34944.673059867666,2424.9632138717293,10,300005.4666,0;54;57;2;41;23;4;40;0;0;59;5;85;0;0;92;25;90;55;84;15;46;24;43;17;91;97;96;60;20;70;1;0;0;93;75;56;12;28;0;0;72;95;13;27;0;0;10;21;18;77;76;26;0;0;16;32;52;31;80;73;0;0;86;87;58;0;0;38;83;37;61;53;94;6;0;0;69;74;7;100;99;89;35;78;50;0,TabuSearch
32,pliki//100 lokacji//R201.txt,200,50,swap,False,2,39043,53214.395310752465,1240.444435890675,50063.50643897111,1910.4444358906749,39901.847980556166,1745.5577838336278,35740.732412888916,2415.557783833628,11,300011.206,0;21;12;28;0;0;86;2;61;16;99;6;0;0;7;50;38;41;57;96;18;89;0;0;72;95;13;0;0;32;52;69;10;31;0;0;83;5;92;58;97;87;40;0;0;59;23;55;77;76;0;0;90;15;35;46;74;20;17;37;70;56;80;24;25;43;91;60;0;0;4;84;100;73;26;53;0;0;85;93;0;0;75;54;27;78;1;94;0,TabuSearch
33,pliki//100 lokacji//R201.txt,200,50,swap,False,2,40042,52900.042962525185,1245.7393015181667,49718.56435948885,1935.7393015181667,38581.17550641083,1724.8913684137212,34441.392769583385,2414.8913684137215,11,300011.9505,0;81;30;0;0;34;83;51;20;88;16;37;58;0;0;68;0;0;15;17;1;8;89;61;84;7;18;0;0;52;50;12;26;53;0;0;72;27;92;74;41;73;13;0;0;54;40;69;10;31;0;0;59;85;95;0;0;2;5;6;99;97;94;0;0;25;36;55;78;46;90;35;24;96;57;43;77;80;100;91;60;70;0;0;93;29;79;3;76;28;0,TabuSearch
33,pliki//100 lokacji//R201.txt,200,50,swap,False,2,40043,52900.042962525185,1245.7393015181667,49718.56435948885,1935.7393015181667,38856.15532360056,1768.8083087794603,34628.53870604164,2458.8083087794603,11,300026.0183,0;36;78;2;70;57;61;8;18;96;60;89;0;0;92;83;55;73;54;76;80;58;40;0;0;68;0;0;30;31;27;0;0;72;16;84;94;13;0;0;7;79;51;26;53;0;0;5;95;88;69;52;0;0;25;15;35;46;41;20;90;34;3;24;77;1;17;91;0;0;29;43;74;10;100;37;97;99;6;0;0;59;85;93;0;0;81;50;12;28;0,TabuSearch
34,pliki//100 lokacji//R201.txt,200,50,swap,False,2,41042,54674.930257148284,1147.2992334640492,51730.33179022018,1797.2992334640492,41326.27536755829,1727.3388147108437,37221.59773813661,2377.338814710844,10,300019.3328,0;29;84;19;82;52;70;10;88;0;0;93;95;50;28;27;0;0;79;83;18;13;40;0;0;48;57;62;24;26;58;0;0;34;32;25;3;12;53;0;0;59;96;0;0;92;5;87;97;6;94;0;0;35;46;55;90;41;78;74;80;17;37;43;100;91;60;89;0;0;11;9;66;20;31;0;0;22;51;4;77;76;1;69;0,TabuSearch
34,pliki//100 lokacji//R201.txt,200,50,swap,False,2,41043,54674.930257148284,1147.2992334640492,51730.33179022018,1797.2992334640492,40874.77087426452,1833.8458495130747,36557.07917523837,2483.845849513075,10,300009.3366,0;66;69;51;10;80;12;53;0;0;11;40;3;52;18;6;13;0;0;32;48;96;94;0;0;4;100;93;31;0;0;59;27;0;0;9;41;62;55;76;88;89;58;0;0;83;82;28;79;78;1;0;0;43;35;22;46;90;57;34;24;25;74;37;70;60;17;91;0;0;92;5;87;97;95;0;0;29;84;19;20;50;77;26;0,TabuSearch
35,pliki//100 lokacji//R201.txt,200,50,swap,False,2,42042,54271.806271008594,1195.9864828126483,51219.8333053833,1855.9864828126479,38740.53027040943,1769.7902290846712,34540.94981224009,2429.7902290846705,11,300005.4965,0;31;62;97;93;99;0;0;92;25;90;74;54;8;18;91;37;96;53;0;0;79;12;58;0;0;5;33;81;3;0;0;59;13;94;0;0;35;46;55;17;78;41;84;43;26;34;70;1;24;80;77;0;0;22;32;57;56;4;60;6;89;0;0;100;30;27;88;69;52;0;0;68;0;0;40;29;20;9;51;50;76;28;0;0;85;95;0,TabuSearch
35,pliki//100 lokacji//R201.txt,200,50,swap,False,2,42043,54271.806271008594,1195.9864828126483,51219.8333053833,1855.9864828126479,39825.18211794363,1744.6496510469742,35675.88281584968,2404.649651046974,11,300008.4089,0;79;13;12;69;52;0;0;59;58;0;0;17;29;9;91;24;41;57;54;74;22;37;6;0;0;34;3;62;32;90;20;70;1;0;0;43;35;46;78;8;77;84;25;80;50;55;56;60;89;0;0;88;4;31;40;76;53;0;0;68;28;0;0;93;100;97;95;0;0;92;85;5;0;0;81;51;30;27;0;0;33;26;18;99;96;94;0,TabuSearch
36,pliki//100 lokacji//R201.txt,200,50,swap,False,2,43042,53519.365900968696,1229.9052959980618,50389.55530897257,1899.9052959980618,37050.22430834034,1876.4976749062162,32627.228958527903,2546.497674906216,10,300008.5562,0;29;57;76;52;11;31;50;88;0;0;25;19;34;18;8;96;97;6;0;0;66;2;12;41;22;58;0;0;94;13;0;0;15;35;43;78;17;20;46;90;74;55;37;91;70;1;24;80;0;0;86;42;40;28;26;0;0;54;3;77;68;0;0;92;72;56;62;100;61;84;7;53;0;0;5;93;95;60;89;0;0;59;87;69;27;0,TabuSearch
36,pliki//100 lokacji//R201.txt,200,50,swap,False,2,43043,53519.365900968696,1229.9052959980618,50389.55530897257,1899.9052959980618,37701.09608421488,2018.5220445229675,32994.05199516895,2688.5220445229675,10,300008.8999,0;59;72;27;0;0;41;20;57;19;8;93;84;6;0;0;66;26;69;31;88;0;0;68;2;29;3;100;60;0;0;87;78;28;62;54;25;40;0;0;95;22;34;77;18;89;0;0;86;92;94;0;0;42;35;15;7;91;55;90;97;46;37;96;17;1;70;24;80;0;0;43;11;61;52;12;56;74;76;50;0;0;5;58;13;53;0,TabuSearch
37,pliki//100 lokacji//R201.txt,200,50,swap,False,2,44042,55046.74871259075,1248.5210067397225,51879.70669911131,1918.5210067397225,37966.27843844072,1844.0586075046883,33608.16122343134,2514.0586075046886,10,300016.6012,0;72;50;77;18;52;89;0;0;62;96;87;94;0;0;15;48;34;35;3;1;70;69;0;0;4;95;26;53;0;0;42;29;20;25;7;40;8;99;84;17;37;60;6;0;0;85;100;13;58;0;0;11;2;78;66;32;51;76;0;0;68;31;12;28;0;0;92;64;41;90;24;57;46;55;43;91;93;97;56;74;80;0;0;59;27;0,TabuSearch
37,pliki//100 lokacji//R201.txt,200,50,swap,False,2,44043,55046.74871259075,1248.5210067397225,51879.70669911131,1918.5210067397225,39223.60299058439,1844.7628026394534,34864.077385305485,2514.7628026394536,10,300006.5315,0;64;24;17;78;90;43;74;70;55;56;13;96;60;0;0;92;42;29;11;99;20;41;7;84;37;91;97;6;0;0;100;85;94;0;0;1;35;50;3;77;76;26;0;0;4;12;28;27;0;0;66;15;25;46;18;57;87;93;0;0;34;51;8;48;62;52;0;0;59;95;0;0;80;32;89;2;40;58;53;0;0;72;68;69;31;0,TabuSearch
38,pliki//100 lokacji//R201.txt,200,50,swap,False,2,45042,52375.738376597415,1193.004731636413,49309.72891332459,1873.0047316364135,37787.7125112733,1966.3902509656828,33174.93200934193,2646.3902509656828,11,300005.2359,0;74;77;54;1;11;82;89;0;0;5;26;58;0;0;92;59;85;0;0;67;34;12;56;22;99;0;0;79;95;83;16;93;0;0;46;29;8;25;70;100;24;55;78;3;50;80;0;0;36;20;61;35;17;90;4;57;60;91;37;97;96;0;0;81;28;62;52;40;53;0;0;47;27;88;31;69;0;0;41;68;73;7;19;6;13;0;0;94;0,TabuSearch
38,pliki//100 lokacji//R201.txt,200,50,swap,False,2,45043,52375.738376597415,1193.004731636413,49309.72891332459,1873.0047316364135,38092.84742451871,1893.3580423247622,33626.131339869185,2573.3580423247613,11,300019.1095,0;79;83;100;19;88;50;0;0;36;29;35;78;16;97;99;6;89;0;0;81;52;58;53;0;0;25;82;20;55;61;90;46;8;77;91;37;4;24;0;0;47;27;3;80;12;0;0;62;67;11;17;56;57;96;60;7;70;1;0;0;31;68;26;28;0;0;92;34;69;54;41;73;74;22;40;0;0;59;5;93;0;0;85;13;95;0;0;94;0,TabuSearch
39,pliki//100 lokacji//R201.txt,200,50,swap,False,2,46042,54333.02121370839,1194.211091360307,51224.59903098777,1914.211091360307,38571.347395817604,2029.6509553772453,33792.045485063114,2749.650955377245,11,300010.8312,0;22;64;24;56;25;57;91;37;58;53;0;0;29;15;69;2;50;1;87;100;6;0;0;11;41;26;12;7;18;96;89;0;0;72;79;76;93;99;0;0;48;73;28;75;74;21;0;0;49;19;31;52;0;0;59;0;0;23;88;8;84;40;13;0;0;82;5;83;97;94;0;0;86;92;95;27;0;0;35;17;78;43;90;51;46;60;34;55;80;3;77;70;0,TabuSearch
39,pliki//100 lokacji//R201.txt,200,50,swap,False,2,46043,54333.02121370839,1194.211091360307,51224.59903098777,1914.211091360307,39947.27792273357,2050.1288713312038,35127.020180071166,2770.1288713312033,11,300016.0826,0;15;52;79;90;55;100;99;1;50;0;0;49;82;27;0;0;5;51;18;93;94;0;0;35;92;29;43;24;17;46;8;6;87;97;91;96;0;0;59;95;0;0;86;57;22;13;0;0;11;84;77;26;75;40;53;0;0;23;83;7;88;31;0;0;34;64;25;37;48;80;78;70;60;89;0;0;72;3;69;28;76;12;0;0;19;74;2;56;41;21;73;58;0,TabuSearch
40,pliki//100 lokacji//R201.txt,200,50,swap,False,2,47042,52071.74606722888,1133.019472254304,49165.707122720276,1773.0194722543038,37659.36813266382,1572.5208245548492,33874.32648355412,2212.5208245548492,10,300009.5296,0;100;76;28;69;27;0;0;72;55;54;21;58;0;0;48;11;12;26;53;0;0;35;46;41;78;57;24;91;17;70;8;60;89;37;74;56;25;80;0;0;9;4;77;50;1;0;0;87;94;13;0;0;59;5;93;99;95;0;0;19;2;97;31;52;18;0;0;43;92;29;90;3;51;30;88;40;0;0;68;83;96;6;0,TabuSearch
40,pliki//100 lokacji//R201.txt,200,50,swap,False,2,47043,52071.74606722888,1133.019472254304,49165.707122720276,1773.0194722543038,37787.06364058594,1555.2709238597436,34036.52179286645,2195.2709238597436,10,300010.7138,0;48;31;52;0;0;35;83;25;46;41;90;55;56;43;97;17;37;91;93;89;0;0;68;28;0;0;59;87;94;0;0;11;74;9;78;76;80;99;96;6;0;0;5;27;30;51;70;69;0;0;19;92;2;100;3;50;1;0;0;54;21;95;13;58;0;0;24;29;4;88;8;60;18;57;40;0;0;72;77;12;26;53;0,TabuSearch
41,pliki//100 lokacji//R201.txt,200,50,swap,False,2,48042,54195.72713824177,1249.9487447661538,51015.82964870946,1929.948744766154,37558.86567956711,1793.4217773675443,33292.02212483203,2473.421777367544,11,300002.19,0;56;35;91;9;1;89;7;99;6;100;97;0;0;23;3;77;26;53;0;0;59;29;21;74;13;58;40;0;0;92;36;34;43;78;41;90;46;20;60;84;17;37;24;80;25;55;0;0;72;69;50;76;28;0;0;27;70;88;83;94;0;0;18;4;12;73;57;93;0;0;5;2;87;95;96;0;0;68;48;8;0;0;31;62;52;0;0;85;0,TabuSearch
41,pliki//100 lokacji//R201.txt,200,50,swap,False,2,48043,54195.72713824177,1249.9487447661538,51015.82964870946,1929.948744766154,39374.024054294576,1870.149797850887,34953.724458592806,2550.149797850887,11,300015.0712,0;43;7;62;88;73;9;34;70;1;0;0;59;87;94;0;0;29;21;12;93;13;53;0;0;48;6;92;99;69;84;18;89;0;0;68;83;28;77;76;0;0;4;95;31;27;0;0;72;57;2;96;50;52;0;0;36;23;17;78;40;25;55;74;56;80;3;0;0;5;85;0;0;26;0;0;46;35;41;8;24;90;58;20;97;91;100;37;60;0,TabuSearch
42,pliki//100 lokacji//R201.txt,200,50,swap,False,2,49042,54369.09978736832,1285.8071866727732,51127.485414022776,1955.807186672773,40311.2804970386,1868.7439284118543,35903.792640214895,2538.743928411854,11,300006.9565,0;87;13;58;0;0;32;77;81;9;76;0;0;83;82;12;28;69;27;0;0;35;36;29;17;90;57;56;43;20;26;25;55;80;70;91;0;0;48;85;84;99;0;0;59;92;40;95;94;0;0;19;37;18;97;93;89;0;0;41;66;100;74;78;3;1;50;0;0;79;62;46;31;88;52;0;0;5;24;11;51;53;60;96;6;0;0;68;0,TabuSearch
42,pliki//100 lokacji//R201.txt,200,50,swap,False,2,49043,54369.09978736832,1285.8071866727732,51127.485414022776,1955.807186672773,38631.98469913258,1880.6859820089553,34200.61273511468,2550.6859820089553,10,300017.5529,0;78;92;76;52;43;41;18;93;37;97;0;0;82;60;85;99;53;0;0;66;83;28;12;58;0;0;79;89;100;96;13;0;0;59;95;68;0;0;5;29;40;6;94;0;0;9;17;32;87;24;80;3;50;0;0;36;35;91;51;57;20;90;84;46;1;70;55;25;56;74;26;0;0;11;69;19;62;88;27;0;0;48;81;77;31;0,TabuSearch
43,pliki//100 lokacji//R201.txt,200,50,swap,False,2,50042,55355.604661038036,1290.0590561370418,52105.486548763954,1960.0590561370418,41847.2036722166,1839.5233827920133,37498.15690663257,2509.5233827920133,11,300006.5193,0;66;32;4;74;26;0;0;5;51;27;13;40;0;0;92;24;97;78;17;88;99;93;37;6;96;89;0;0;59;72;95;94;0;0;15;46;35;43;55;57;41;3;56;80;77;20;70;60;0;0;68;100;18;52;58;0;0;10;25;90;29;54;76;50;1;0;0;12;8;48;7;69;0;0;28;0;0;86;91;85;0;0;83;2;30;31;53;0,TabuSearch
43,pliki//100 lokacji//R201.txt,200,50,swap,False,2,50043,55355.604661038036,1290.0590561370418,52105.486548763954,1960.0590561370418,42056.13287771579,1807.994520686107,37770.143836343574,2477.994520686107,10,300026.1639,0;4;31;85;99;6;0;0;54;68;51;30;69;0;0;35;46;25;90;55;7;57;24;91;43;93;100;37;17;60;0;0;86;80;10;1;70;88;52;0;0;66;92;29;12;78;77;76;0;0;59;95;8;48;0;0;5;74;94;13;0;0;72;2;83;89;27;53;0;0;15;50;56;18;58;41;97;96;0;0;20;32;3;28;40;26;0,TabuSearch
44,pliki//100 lokacji//R201.txt,200,50,swap,False,2,51042,50063.64310760882,1181.6112348606246,47050.42063788757,1831.6112348606246,36225.36435475266,1627.3534609523424,32320.657432847976,2277.3534609523426,10,300013.7272,0;81;100;99;18;52;0;0;5;31;27;28;0;0;36;78;25;8;55;46;17;60;7;90;70;91;37;58;89;0;0;10;16;3;76;50;1;69;0;0;72;2;42;86;53;0;0;22;57;12;79;77;0;0;23;87;95;13;0;0;92;59;93;94;0;0;24;84;80;61;88;56;73;40;97;96;6;0;0;48;75;74;26;21;0,TabuSearch
44,pliki//100 lokacji//R201.txt,200,50,swap,False,2,51043,50063.64310760882,1181.6112348606246,47050.42063788757,1831.6112348606246,35405.2152082681,1630.5388558295087,31494.137496609084,2280.538855829509,10,300024.123,0;61;27;74;73;97;58;53;0;0;46;2;90;55;10;88;8;84;17;96;91;100;6;0;0;23;99;22;40;77;76;0;0;16;87;95;13;0;0;81;31;94;0;0;86;48;52;0;0;36;56;7;24;25;78;37;57;89;60;80;70;1;50;0;0;92;42;18;21;69;79;3;26;0;0;72;75;12;28;0;0;59;5;93;0,TabuSearch
45,pliki//100 lokacji//R201.txt,200,50,swap,False,2,52042,54762.16579198056,1141.3091537866014,51799.54748440736,1821.3091537866014,42084.705129706155,1823.2628030994606,37758.179523507235,2503.262803099461,11,300016.2529,0;68;77;27;0;0;29;19;90;31;50;76;0;0;47;56;70;87;3;26;40;0;0;5;95;12;28;0;0;80;10;100;61;93;37;0;0;83;43;20;62;6;7;88;89;0;0;59;94;0;0;4;51;1;52;13;0;0;78;81;82;18;58;0;0;32;79;69;99;96;53;0;0;92;45;25;98;55;9;8;24;57;60;84;46;17;91;97;74;0,TabuSearch
45,pliki//100 lokacji//R201.txt,200,50,swap,False,2,52043,54762.16579198056,1141.3091537866014,51799.54748440736,1821.3091537866014,40972.26247165261,1767.798069201328,36756.66633324995,2447.798069201328,11,300007.1124,0;3;61;29;43;20;90;17;56;91;46;70;24;55;25;80;0;0;45;79;12;97;18;52;0;0;5;93;94;0;0;77;92;78;19;74;57;87;37;8;60;6;0;0;47;27;82;7;89;0;0;81;88;32;1;53;0;0;58;83;10;31;69;0;0;100;9;51;62;84;98;99;96;0;0;59;13;28;0;0;68;0;0;95;4;50;76;26;40;0,TabuSearch
46,pliki//100 lokacji//R201.txt,200,50,swap,False,2,53042,47240.88079311749,1086.1928592306647,44428.49507465616,1726.192859230665,34271.91399411524,1712.718993625778,30206.476006863686,2352.718993625778,11,300012.7052,0;27;0;0;42;90;16;24;17;46;74;41;57;77;80;55;26;0;0;76;82;28;12;13;0;0;54;94;58;0;0;59;5;95;53;0;0;15;34;43;7;3;84;8;60;91;100;37;6;0;0;61;14;97;40;89;88;52;0;0;83;79;18;22;93;99;0;0;68;62;31;69;0;0;48;85;98;0;0;92;1;29;87;86;96;0,TabuSearch
46,pliki//100 lokacji//R201.txt,200,50,swap,False,2,53043,47240.88079311749,1086.1928592306647,44428.49507465616,1726.192859230665,34355.430178518225,1639.8057452310516,30435.81868805612,2279.805745231052,11,300009.8834,0;68;98;8;93;97;0;0;14;85;95;0;0;42;5;84;82;1;52;53;0;0;79;57;87;58;0;0;27;0;0;41;86;69;99;74;77;76;0;0;29;62;28;100;16;61;0;0;15;22;40;94;13;0;0;59;83;48;18;0;0;92;7;24;43;88;55;6;34;90;80;60;46;17;96;37;91;89;0;0;3;31;54;12;26;0,TabuSearch
47,pliki//100 lokacji//R201.txt,200,50,swap,False,2,54042,55772.86914619894,1302.9590670635546,52456.95101207183,2012.9590670635546,39394.64499091226,1948.4636185161758,34787.717753879915,2658.4636185161753,11,300023.0952,0;5;92;68;80;58;0;0;27;0;0;43;36;78;8;41;90;7;3;34;55;56;26;74;91;37;0;0;40;44;85;89;0;0;22;93;98;95;94;0;0;14;88;4;76;24;25;54;0;0;59;87;28;0;0;48;73;42;16;96;6;0;0;62;84;18;52;69;13;53;0;0;46;29;19;20;17;35;57;100;97;60;70;1;0;0;51;83;50;31;77;12;0,TabuSearch
47,pliki//100 lokacji//R201.txt,200,50,swap,False,2,54043,55772.86914619894,1302.9590670635546,52456.95101207183,2012.9590670635546,39436.86421676132,1896.1491507457702,34934.565915269784,2606.14915074577,11,300024.2805,0;42;22;84;16;97;96;6;0;0;46;19;56;87;60;50;51;78;3;1;0;0;92;36;35;43;90;41;70;25;74;24;80;93;17;91;37;58;0;0;34;98;7;57;44;100;13;0;0;62;68;54;12;0;0;85;95;89;0;0;4;8;20;73;40;77;26;0;0;14;5;69;55;29;76;53;0;0;48;83;18;52;28;0;0;59;88;31;27;0;0;94;0,TabuSearch
48,pliki//100 lokacji//R201.txt,200,50,swap,False,2,55042,54387.13515173702,1171.4292312491866,51364.27668923864,1851.4292312491864,39690.28388488007,1852.7901883864552,35304.70350810716,2532.7901883864547,11,300009.0826,0;61;16;93;99;0;0;95;13;0;0;57;87;100;97;0;0;48;27;28;0;0;44;10;38;37;74;56;73;40;0;0;78;45;24;64;41;51;43;80;46;17;70;20;1;77;0;0;50;94;88;31;69;0;0;5;3;29;55;4;12;0;0;92;25;90;91;7;22;26;84;60;6;89;0;0;68;8;83;96;18;52;0;0;59;79;76;58;53;0,TabuSearch
48,pliki//100 lokacji//R201.txt,200,50,swap,False,2,55043,54387.13515173702,1171.4292312491866,51364.27668923864,1851.4292312491864,38484.49647291309,1874.0257948999279,34056.44488311323,2554.025794899928,11,300001.3219,0;87;97;94;6;0;0;68;0;0;5;13;28;27;0;0;4;10;50;78;29;26;0;0;64;56;38;74;73;100;37;53;0;0;45;16;61;69;88;58;40;0;0;41;90;55;46;25;8;57;20;43;91;17;89;24;77;70;60;0;0;22;95;93;83;0;0;31;59;18;84;99;96;0;0;79;7;48;0;0;92;44;51;52;1;12;3;80;76;0,TabuSearch
49,pliki//100 lokacji//R201.txt,200,50,swap,False,2,56042,51819.61791508323,1219.9624163465162,48659.69308239019,1939.962416346516,35200.91042179492,1977.5339630430476,30525.84249570883,2697.5339630430476,11,300022.2317,0;44;83;48;94;0;0;31;85;57;40;53;0;0;51;22;2;11;19;89;0;0;16;87;62;82;18;61;60;0;0;59;5;13;0;0;49;50;7;52;69;1;26;0;0;72;29;12;77;76;0;0;92;78;38;64;43;6;70;17;100;37;97;96;0;0;90;42;34;46;73;41;8;91;55;35;24;80;25;74;58;0;0;28;27;0;0;95;21;14;84;93;99;0,TabuSearch
49,pliki//100 lokacji//R201.txt,200,50,swap,False,2,56043,51819.61791508323,1219.9624163465162,48659.69308239019,1939.962416346516,36295.965743512126,2015.778339199252,31544.409065113625,2735.7783391992516,11,300020.2268,0;46;21;16;51;61;78;90;70;35;34;0;0;38;7;44;93;99;96;0;0;49;52;1;12;76;53;0;0;59;94;0;0;72;87;95;58;0;0;22;31;8;84;89;0;0;29;62;6;69;19;55;26;80;77;50;0;0;48;83;27;0;0;5;42;85;73;40;28;0;0;11;43;64;25;41;24;18;74;17;60;37;91;100;97;0;0;14;92;82;57;2;13;0,TabuSearch
0,pliki//100 lokacji//RC101.txt,200,50,swap,False,2,7042,7075.520332074665,941.4533415432932,4702.613648988078,1431.4533415432932,3922.8749110813087,1223.7085135444734,985.4578839923618,1713.7085135444734,9,300019.8943,0;82;76;94;56;0;0;65;69;98;88;90;0;0;61;87;4;60;100;0;0;95;83;34;93;96;0;0;92;52;99;53;1;70;0;0;51;67;84;85;89;91;0;0;24;81;37;35;54;80;0;0;64;13;57;86;74;66;0;0;71;44;43;41;55;68;0,TabuSearch
0,pliki//100 lokacji//RC101.txt,200,50,swap,False,2,7043,7075.520332074665,941.4533415432932,4702.613648988078,1431.4533415432932,3935.6967053435947,1249.13280499815,947.4310953472946,1739.1328049981503,9,300022.7068,0;83;82;53;99;57;74;13;60;0;0;95;61;81;43;1;70;100;0;0;88;52;87;86;55;0;0;92;44;41;94;93;96;0;0;76;90;4;0;0;64;69;35;37;68;0;0;34;67;84;24;91;0;0;98;89;85;56;66;80;0;0;65;51;71;54;0,TabuSearch
1,pliki//100 lokacji//RC101.txt,200,50,swap,False,2,8042,7599.874645586691,998.6686051500571,5072.5374352865765,1528.6686051500574,4190.040689099837,1180.2802893811502,1299.4801103375373,1710.2802893811502,9,300021.8203,0;18;81;96;54;93;91;80;0;0;82;69;98;88;55;0;0;63;89;85;68;100;70;0;0;92;83;90;84;56;66;0;0;65;71;67;94;50;32;0;0;64;61;44;35;37;43;0;0;13;78;53;10;0;0;87;99;9;74;58;77;0;0;62;95;51;76;20;48;24;0,TabuSearch
1,pliki//100 lokacji//RC101.txt,200,50,swap,False,2,8043,7599.874645586691,998.6686051500571,5072.5374352865765,1528.6686051500574,4190.040689099837,1180.2802893811502,1299.4801103375373,1710.2802893811502,9,300020.9469,0;18;81;96;54;93;91;80;0;0;82;69;98;88;55;0;0;63;89;85;68;100;70;0;0;92;83;90;84;56;66;0;0;65;71;67;94;50;32;0;0;64;61;44;35;37;43;0;0;13;78;53;10;0;0;87;99;9;74;58;77;0;0;62;95;51;76;20;48;24;0,TabuSearch
2,pliki//100 lokacji//RC101.txt,200,50,swap,False,2,9042,7640.151902965898,984.5275154967537,5171.0968719723905,1484.5275154967537,4314.983201630499,1253.5386923559795,1307.9058169185394,1753.5386923559795,9,300012.1373,0;92;95;64;99;57;0;0;86;37;43;35;80;0;0;51;67;94;66;56;0;0;88;82;98;58;74;24;91;0;0;78;61;41;96;0;0;65;71;20;77;25;48;0;0;1;13;17;60;70;100;0;0;69;83;52;10;53;0;0;44;81;90;55;68;54;93;0,TabuSearch
2,pliki//100 lokacji//RC101.txt,200,50,swap,False,2,9043,7640.151902965898,984.5275154967537,5171.0968719723905,1484.5275154967537,4225.074826273522,1252.8972071904284,1219.2804118926658,1752.8972071904284,9,300018.7949,0;52;88;57;74;58;77;0;0;65;44;35;43;1;70;0;0;86;78;100;55;68;0;0;95;61;81;37;54;93;91;80;0;0;92;82;90;53;13;17;0;0;51;67;94;66;56;0;0;99;69;41;96;0;0;64;98;10;60;0;0;83;71;20;25;24;48;0,TabuSearch
3,pliki//100 lokacji//RC101.txt,200,50,swap,False,2,10042,7391.270306633028,1129.6300939617677,4612.010118709492,1649.6300939617677,4220.852490310225,1286.9049220463482,1127.0426462175287,1806.9049220463482,10,300034.9747,0;83;71;20;48;25;58;0;0;52;78;57;74;80;91;0;0;22;0;0;49;64;85;84;56;66;0;0;51;41;43;35;37;93;0;0;92;61;44;81;54;96;0;0;62;67;17;4;70;100;0;0;95;82;99;53;60;55;0;0;65;98;69;88;90;0;0;32;50;94;68;0,TabuSearch
3,pliki//100 lokacji//RC101.txt,200,50,swap,False,2,10043,7391.270306633028,1129.6300939617677,4612.010118709492,1649.6300939617677,4433.881967720637,1317.0688678340173,1279.744232052602,1837.0688678340173,10,300007.0979,0;44;49;20;48;25;91;0;0;22;64;90;0;0;65;71;41;68;54;80;0;0;92;82;99;57;70;55;0;0;50;67;81;4;0;0;78;43;35;37;93;0;0;32;94;96;0;0;52;83;88;53;17;60;100;0;0;98;69;61;58;74;0;0;62;95;51;85;84;56;66;0,TabuSearch
4,pliki//100 lokacji//RC101.txt,200,50,swap,False,2,11042,6987.154500958751,922.9514486243991,4651.251603709953,1412.951448624399,3722.635763783258,1163.5203608158859,905.5950421514864,1653.5203608158856,9,300010.9292,0;95;35;43;37;68;0;0;65;73;78;56;91;0;0;82;69;61;81;41;54;93;0;0;52;64;90;94;96;0;0;85;57;22;24;0;0;62;76;51;84;66;0;0;92;53;97;13;60;80;0;0;83;98;99;74;10;55;0;0;44;88;46;1;70;100;0,TabuSearch
4,pliki//100 lokacji//RC101.txt,200,50,swap,False,2,11043,6987.154500958751,922.9514486243991,4651.251603709953,1412.951448624399,3602.4297692085665,1182.848011116398,746.7337469757701,1672.848011116398,9,300010.9987,0;51;46;55;68;0;0;65;62;85;84;56;66;0;0;82;83;64;90;94;0;0;95;88;53;10;13;60;0;0;61;69;44;1;70;100;0;0;52;81;41;54;96;91;0;0;78;73;43;37;35;93;80;0;0;76;22;57;0;0;92;98;99;97;74;24;0,TabuSearch
5,pliki//100 lokacji//RC101.txt,200,50,swap,False,2,12042,7016.549386697378,964.2455040223714,4608.058378652636,1444.2455040223713,3881.2975498352107,1137.345207682236,1126.6071344707386,1617.345207682236,9,300013.2158,0;53;61;84;96;54;93;0;0;64;88;81;68;60;55;0;0;98;69;0;0;92;82;99;20;56;66;0;0;65;83;52;90;57;74;58;77;0;0;51;67;85;50;91;0;0;35;41;94;0;0;95;86;9;17;13;80;0;0;62;71;37;1;70;100;0,TabuSearch
5,pliki//100 lokacji//RC101.txt,200,50,swap,False,2,12043,7016.549386697378,964.2455040223714,4608.058378652636,1444.2455040223713,3881.2975498352107,1137.345207682236,1126.6071344707386,1617.345207682236,9,300003.8148,0;53;61;84;96;54;93;0;0;64;88;81;68;60;55;0;0;98;69;0;0;92;82;99;20;56;66;0;0;65;83;52;90;57;74;58;77;0;0;51;67;85;50;91;0;0;35;41;94;0;0;95;86;9;17;13;80;0;0;62;71;37;1;70;100;0,TabuSearch
6,pliki//100 lokacji//RC101.txt,200,50,swap,False,2,13042,6454.103403439021,969.4344717733157,3985.2344598923896,1499.4344717733156,3909.7244798657284,1335.7294396759953,708.2656005137376,1865.7294396759953,10,300027.628,0;29;51;60;70;100;0;0;92;62;38;35;37;0;0;95;64;85;50;48;25;0;0;99;98;86;57;17;0;0;65;83;67;84;56;66;0;0;53;82;88;3;55;68;0;0;39;30;34;32;93;80;0;0;71;61;81;90;0;0;52;69;49;20;24;91;0;0;31;94;96;54;0,TabuSearch
6,pliki//100 lokacji//RC101.txt,200,50,swap,False,2,13043,6454.103403439021,969.4344717733157,3985.2344598923896,1499.4344717733156,3773.593517838037,1147.0075226181475,949.578472601742,1677.0075226181473,9,300020.4896,0;95;62;31;29;30;56;91;0;0;50;67;85;84;20;24;66;0;0;65;82;69;98;88;53;0;0;39;81;94;96;54;0;0;92;61;35;37;68;55;0;0;83;51;57;86;0;0;64;52;99;49;25;48;80;0;0;3;90;17;60;70;100;0;0;71;38;34;32;93;0,TabuSearch
7,pliki//100 lokacji//RC101.txt,200,50,swap,False,2,14042,7144.678789685365,909.9208028811618,4864.837183923041,1369.9208028811615,3870.570456999717,1113.882546988162,1182.805363023393,1573.882546988162,8,300016.8462,0;65;98;61;43;55;68;0;0;95;64;81;94;96;0;0;44;79;46;70;100;0;0;83;69;86;77;74;0;0;78;88;53;56;54;93;0;0;67;99;87;17;13;60;0;0;92;62;51;48;20;66;91;0;0;10;82;90;37;35;80;0,TabuSearch
7,pliki//100 lokacji//RC101.txt,200,50,swap,False,2,14043,7144.678789685365,909.9208028811618,4864.837183923041,1369.9208028811615,3844.21912594852,1123.850272656462,1136.5185806355958,1583.850272656462,9,300011.1656,0;69;0;0;46;99;87;74;13;17;0;0;92;62;51;48;20;66;91;0;0;77;86;10;60;0;0;95;88;53;96;54;0;0;61;98;78;56;93;80;0;0;82;79;43;37;35;0;0;44;90;81;55;68;100;70;0;0;65;83;64;67;94;0,TabuSearch
8,pliki//100 lokacji//RC101.txt,200,50,swap,False,2,15042,7011.982498318964,1071.7443107425206,4348.4938768339225,1591.7443107425204,4468.381731500121,1321.1244845497035,1306.1327624007135,1841.1244845497035,10,300006.9091,0;71;78;46;1;100;0;0;67;57;99;13;60;0;0;65;98;61;37;43;70;0;0;83;52;17;53;55;68;0;0;44;34;50;32;93;0;0;95;90;94;81;54;96;0;0;62;20;84;66;56;91;0;0;4;0;0;92;64;85;48;24;77;80;0;0;82;69;88;41;35;0,TabuSearch
8,pliki//100 lokacji//RC101.txt,200,50,swap,False,2,15043,7011.982498318964,1071.7443107425206,4348.4938768339225,1591.7443107425204,4520.039294206833,1361.4954262448819,1277.0484417170694,1881.4954262448816,10,300023.4588,0;82;67;84;48;77;80;0;0;95;43;41;37;35;0;0;69;62;85;50;34;93;0;0;92;61;81;90;13;17;0;0;83;78;66;56;91;0;0;44;88;53;4;100;0;0;65;71;94;0;0;98;64;99;57;20;24;0;0;32;96;54;55;68;0;0;52;1;46;60;70;0,TabuSearch
9,pliki//100 lokacji//RC101.txt,200,50,swap,False,2,16042,6722.029199604675,970.5358486756775,4320.95750225332,1430.5358486756775,3677.355240381542,1089.6337863311592,1038.0876677192234,1549.6337863311592,9,300015.2548,0;52;58;86;99;60;0;0;74;88;53;17;100;70;0;0;87;50;32;91;80;0;0;40;44;56;0;0;65;95;90;81;94;96;0;0;83;82;98;12;55;68;0;0;67;61;43;35;37;54;93;0;0;92;64;62;84;48;20;66;0;0;69;0,TabuSearch
9,pliki//100 lokacji//RC101.txt,200,50,swap,False,2,16043,6722.029199604675,970.5358486756775,4320.95750225332,1430.5358486756775,3576.144973839433,1122.7266180793922,870.6917376806487,1582.7266180793922,9,300009.8564,0;65;69;61;0;0;50;67;84;20;66;0;0;95;44;40;43;68;0;0;92;82;81;35;37;54;93;0;0;32;94;56;96;0;0;83;98;74;58;48;91;80;0;0;12;88;90;0;0;62;99;53;55;60;100;70;0;0;52;64;86;87;17;0,TabuSearch
10,pliki//100 lokacji//RC101.txt,200,50,swap,False,2,17042,7164.00365641433,991.3901832556397,4671.223289903051,1501.3901832556396,3754.5660975337773,1250.0534040281282,744.4592894775209,1760.0534040281282,9,300013.2213,0;72;71;85;56;66;91;0;0;36;44;40;46;60;100;0;0;92;88;41;54;96;0;0;95;64;52;99;90;68;0;0;82;69;61;53;55;0;0;65;98;37;43;70;0;0;39;81;57;74;58;77;0;0;83;62;67;84;25;48;0;0;86;94;20;24;80;93;0,TabuSearch
10,pliki//100 lokacji//RC101.txt,200,50,swap,False,2,17043,7164.00365641433,991.3901832556397,4671.223289903051,1501.3901832556396,3679.299081076936,1230.0752197487518,709.1486415794327,1740.0752197487518,9,300007.3585,0;39;71;94;68;0;0;83;62;85;84;56;66;0;0;52;88;41;37;43;93;0;0;72;61;40;54;96;0;0;69;36;44;55;0;0;92;53;99;24;20;48;91;0;0;82;98;81;90;58;77;25;0;0;65;67;46;60;70;100;0;0;64;95;86;57;74;80;0,TabuSearch
11,pliki//100 lokacji//RC101.txt,200,50,swap,False,2,18042,6557.284217072889,881.7479670839668,4313.788282904956,1361.7479670839668,3657.4076875489563,1214.0838656669957,749.2399562149651,1694.0838656669957,9,300016.5607,0;67;99;46;1;4;100;0;0;64;98;81;94;68;0;0;92;69;51;20;48;0;0;62;71;40;43;54;93;0;0;57;85;84;56;66;0;0;52;90;53;10;74;91;80;0;0;83;88;86;13;0;0;65;82;61;41;96;0;0;95;44;60;55;70;0,TabuSearch
11,pliki//100 lokacji//RC101.txt,200,50,swap,False,2,18043,6557.284217072889,881.7479670839668,4313.788282904956,1361.7479670839668,3734.499220724581,1126.079068600931,1002.3410835227194,1606.079068600931,9,300007.5805,0;83;85;20;96;54;93;80;0;0;44;53;46;1;4;100;0;0;48;94;43;70;0;0;65;95;86;13;74;91;0;0;40;41;61;81;68;0;0;82;69;98;88;90;0;0;64;52;57;51;66;0;0;92;71;67;84;56;0;0;62;99;10;60;55;0,TabuSearch
12,pliki//100 lokacji//RC101.txt,200,50,swap,False,2,19042,5895.022181067465,816.6522203954969,3811.717740276471,1266.6522203954971,3309.35692869559,1110.973247360171,637.4104339752482,1560.973247360171,9,300023.964,0;40;81;41;35;37;93;0;0;83;61;53;54;91;80;0;0;98;19;87;74;24;0;0;92;69;88;90;94;0;0;44;78;73;60;55;0;0;62;64;85;84;96;68;0;0;86;52;99;66;56;0;0;82;95;43;4;100;70;0;0;65;0,TabuSearch
12,pliki//100 lokacji//RC101.txt,200,50,swap,False,2,19043,5895.022181067465,816.6522203954969,3811.717740276471,1266.6522203954971,3407.3534120648246,1137.3701045990213,682.6132028667824,1587.3701045990213,9,300025.3257,0;95;88;35;37;43;80;0;0;62;64;85;94;96;0;0;92;69;84;24;91;93;0;0;98;52;86;66;56;0;0;83;61;81;41;54;0;0;40;44;4;68;0;0;19;99;87;74;0;0;73;90;53;60;55;100;70;0;0;65;82;78;0,TabuSearch
13,pliki//100 lokacji//RC101.txt,200,50,swap,False,2,20042,6696.17954144607,1087.5009941967103,4011.17755305265,1597.5009941967103,3940.1466766211233,1252.752784060276,924.6411085005714,1762.752784060276,10,300014.6058,0;11;90;0;0;83;82;43;37;35;70;100;0;0;73;86;77;24;66;91;80;0;0;62;71;67;94;56;54;0;0;69;95;51;49;20;0;0;65;98;84;85;32;26;93;0;0;64;99;88;53;55;0;0;61;9;87;97;13;0;0;41;81;96;0;0;92;52;50;68;0,TabuSearch
13,pliki//100 lokacji//RC101.txt,200,50,swap,False,2,20043,6696.17954144607,1087.5009941967103,4011.17755305265,1597.5009941967103,4020.7723457972497,1139.5585903642093,1231.6551650688314,1649.5585903642093,9,300013.7344,0;49;81;96;66;91;93;80;0;0;69;99;82;88;53;0;0;92;95;94;67;85;50;0;0;98;86;52;87;97;13;0;0;83;61;41;43;37;35;0;0;77;24;20;56;54;70;100;0;0;65;64;51;84;90;0;0;73;11;9;55;0;0;62;71;26;32;68;0,TabuSearch
14,pliki//100 lokacji//RC101.txt,200,50,swap,False,2,21042,7148.721390349305,1092.669654514996,4433.382081319312,1622.669654514996,4281.351477191163,1197.9471951950718,1355.4570868010203,1727.9471951950713,10,300011.2231,0;32;81;96;54;91;93;80;0;0;88;82;52;99;53;13;0;0;39;6;3;60;70;100;0;0;65;83;64;85;84;20;24;0;0;50;67;94;90;0;0;98;69;0;0;92;25;56;66;68;0;0;61;86;57;58;77;74;0;0;95;71;40;35;37;0;0;72;42;44;38;55;0,TabuSearch
14,pliki//100 lokacji//RC101.txt,200,50,swap,False,2,21043,7148.721390349305,1092.669654514996,4433.382081319312,1622.669654514996,4199.013143210068,1306.0625237629504,1056.8880956841672,1836.0625237629506,10,300017.6538,0;95;40;37;96;54;0;0;13;99;86;57;66;0;0;98;64;67;94;56;0;0;83;82;52;20;58;77;25;0;0;92;69;88;90;0;0;6;44;38;60;100;0;0;65;81;71;50;32;93;0;0;39;61;53;55;0;0;72;85;84;24;74;91;80;0;0;42;35;3;70;68;0,TabuSearch
15,pliki//100 lokacji//RC101.txt,200,50,swap,False,2,22042,7484.519608115741,959.2877867538274,5045.944034608086,1479.2877867538273,4435.318752041044,1263.8665380500051,1387.585675941033,1783.8665380500054,10,300026.4318,0;65;85;84;74;56;91;0;0;82;87;77;22;66;0;0;69;38;94;0;0;40;44;61;81;96;0;0;32;67;50;54;93;0;0;92;98;8;46;4;55;0;0;86;52;99;90;68;80;0;0;83;88;10;53;0;0;95;64;17;100;60;70;0;0;62;51;57;58;20;24;0,TabuSearch
15,pliki//100 lokacji//RC101.txt,200,50,swap,False,2,22043,7484.519608115741,959.2877867538274,5045.944034608086,1479.2877867538273,4386.728012434347,1367.113836257652,1132.5003399190427,1887.113836257652,10,300007.9895,0;86;81;68;54;0;0;52;22;84;56;0;0;83;88;46;17;100;70;0;0;87;53;10;77;24;20;0;0;65;98;64;57;58;74;0;0;40;67;50;0;0;92;69;99;90;66;60;0;0;95;62;85;51;94;96;80;0;0;38;44;32;93;91;0;0;82;61;8;4;55;0,TabuSearch
16,pliki//100 lokacji//RC101.txt,200,50,swap,False,2,23042,7277.963117252949,933.4370262738647,4941.089064705219,1403.4370262738648,3986.3226259668827,1126.8887460613305,1262.5451338442217,1596.8887460613305,9,300025.4596,0;65;85;56;57;13;17;0;0;51;64;74;86;66;0;0;52;81;94;96;0;0;82;69;98;0;0;44;46;35;37;70;100;0;0;78;61;41;68;0;0;95;90;84;20;25;48;24;0;0;92;9;54;93;91;80;0;0;83;99;88;53;60;55;0,TabuSearch
16,pliki//100 lokacji//RC101.txt,200,50,swap,False,2,23043,7277.963117252949,933.4370262738647,4941.089064705219,1403.4370262738648,3794.47161050479,1166.6387343071342,991.1941418905217,1636.6387343071342,9,300010.2476,0;92;98;88;35;37;54;93;0;0;44;86;9;13;17;0;0;52;61;46;60;55;100;70;0;0;85;41;68;91;80;0;0;95;90;81;94;96;0;0;82;83;51;20;57;74;0;0;78;84;48;25;24;0;0;69;0;0;65;64;99;53;56;66;0,TabuSearch
17,pliki//100 lokacji//RC101.txt,200,50,swap,False,2,24042,6290.066650925452,1105.190881897167,3559.6848871311186,1625.190881897167,3801.340663865868,1278.1717050941866,724.9972536774943,1798.1717050941868,10,300027.7026,0;83;69;61;81;0;0;92;44;94;54;68;0;0;78;35;43;55;0;0;65;98;82;90;57;77;74;0;0;37;34;50;91;80;0;0;64;52;99;86;66;0;0;71;67;18;49;20;48;0;0;63;19;51;56;0;0;95;88;53;1;70;100;0;0;62;76;85;84;96;93;0,TabuSearch
17,pliki//100 lokacji//RC101.txt,200,50,swap,False,2,24043,6290.066650925452,1105.190881897167,3559.6848871311186,1625.190881897167,3857.327478186233,1220.739450369203,895.8485774478268,1740.739450369203,10,300017.0989,0;62;19;18;77;74;0;0;98;69;88;78;53;0;0;86;81;1;55;100;70;0;0;95;99;90;96;0;0;92;83;34;50;91;0;0;76;64;66;56;0;0;63;85;51;57;20;49;48;0;0;71;61;44;43;54;93;80;0;0;65;84;67;94;0;0;52;82;35;37;68;0,TabuSearch
18,pliki//100 lokacji//RC101.txt,200,50,swap,False,2,25042,6685.503485984779,842.4719430889489,4550.559599806881,1292.4719430889488,3768.142570153703,1194.5025076763632,929.1375548009769,1644.5025076763632,9,300015.1687,0;34;85;51;96;0;0;67;64;13;74;58;77;0;0;83;69;53;90;0;0;92;97;87;70;100;0;0;71;99;86;66;0;0;52;88;35;43;93;91;0;0;65;61;94;50;56;0;0;98;82;81;41;54;80;0;0;95;24;84;55;68;0,TabuSearch
18,pliki//100 lokacji//RC101.txt,200,50,swap,False,2,25043,6685.503485984779,842.4719430889489,4550.559599806881,1292.4719430889488,3700.235382851211,1166.2344181340468,917.7665465831174,1616.2344181340468,9,300002.6168,0;67;87;13;55;100;70;0;0;92;52;53;99;68;0;0;95;64;81;90;96;0;0;83;61;41;35;54;0;0;86;94;43;93;91;0;0;98;97;24;74;58;77;0;0;65;69;88;0;0;34;85;51;84;80;0;0;82;71;50;56;66;0,TabuSearch
19,pliki//100 lokacji//RC101.txt,200,50,swap,False,2,26042,6980.611276744796,916.0671065901768,4638.477063564442,1426.0671065901765,3946.490251157719,1211.9488507080773,1012.5925497415641,1721.9488507080773,9,300017.4673,0;9;90;53;13;17;0;0;83;78;79;46;55;0;0;82;98;69;51;24;20;0;0;73;84;56;66;91;80;0;0;95;44;41;43;68;0;0;92;81;62;67;54;96;93;0;0;64;63;85;37;35;70;100;0;0;71;99;57;74;58;77;0;0;65;88;61;94;0,TabuSearch
19,pliki//100 lokacji//RC101.txt,200,50,swap,False,2,26043,6980.611276744796,916.0671065901768,4638.477063564442,1426.0671065901765,3893.720224634091,1227.4891281366477,928.7419683607965,1737.4891281366474,9,300014.4614,0;63;43;37;35;93;80;0;0;61;73;79;46;55;68;0;0;95;20;85;51;84;56;91;0;0;92;9;24;66;70;100;0;0;67;71;44;41;96;0;0;65;78;88;53;0;0;69;62;58;74;77;0;0;98;64;99;57;13;17;0;0;83;82;90;81;94;54;0,TabuSearch
20,pliki//100 lokacji//RC101.txt,200,50,swap,False,2,27042,7124.079698382871,1036.4769134543235,4521.1258714742235,1566.4769134543235,4187.991724963304,1340.936199774655,976.1193254139934,1870.936199774655,10,300012.7056,0;79;88;90;0;0;92;95;62;40;35;43;93;0;0;61;78;3;17;60;0;0;12;53;81;54;68;55;0;0;83;67;50;94;0;0;64;77;51;89;91;0;0;52;82;99;57;20;49;48;0;0;44;71;41;37;96;80;0;0;38;84;56;66;0;0;65;69;98;85;100;70;0,TabuSearch
20,pliki//100 lokacji//RC101.txt,200,50,swap,False,2,27043,7124.079698382871,1036.4769134543235,4521.1258714742235,1566.4769134543235,4120.5885612145385,1317.4645025372492,955.65955614004,1847.4645025372492,10,300031.4834,0;85;57;20;49;48;89;0;0;12;79;78;0;0;92;95;53;37;35;80;0;0;3;61;94;54;96;93;91;0;0;62;71;50;56;66;0;0;51;99;43;100;70;0;0;65;64;52;77;17;60;0;0;83;67;84;55;68;0;0;82;69;98;88;90;0;0;40;44;38;41;81;0,TabuSearch
21,pliki//100 lokacji//RC101.txt,200,50,swap,False,2,28042,6703.260488620303,1049.3584166564688,4074.5436553073646,1579.3584166564688,3923.218288939058,1136.42019710272,1120.3778947336175,1666.4201971027203,9,300040.1067,0;37;81;70;54;93;91;80;0;0;88;69;90;3;1;55;0;0;65;83;64;67;56;66;20;0;0;52;82;99;86;57;74;77;0;0;92;95;62;71;94;96;0;0;61;98;7;6;68;0;0;73;53;13;10;17;60;100;0;0;72;85;84;50;32;0;0;39;36;38;0,TabuSearch
21,pliki//100 lokacji//RC101.txt,200,50,swap,False,2,28043,6703.260488620303,1049.3584166564688,4074.5436553073646,1579.3584166564688,3923.218288939058,1136.42019710272,1120.3778947336175,1666.4201971027203,9,300020.2733,0;37;81;70;54;93;91;80;0;0;88;69;90;3;1;55;0;0;65;83;64;67;56;66;20;0;0;52;82;99;86;57;74;77;0;0;92;95;62;71;94;96;0;0;61;98;7;6;68;0;0;73;53;13;10;17;60;100;0;0;72;85;84;50;32;0;0;39;36;38;0,TabuSearch
22,pliki//100 lokacji//RC101.txt,200,50,swap,False,2,29042,6734.914274193841,906.6844879530393,4421.545298287763,1406.6844879530393,3817.5296242022655,1175.3070592830754,966.9155056361147,1675.3070592830754,9,300030.4302,0;52;61;35;96;93;80;0;0;69;62;85;20;24;48;91;0;0;1;53;10;13;74;0;0;65;98;88;81;90;55;0;0;83;46;17;60;70;100;0;0;71;99;57;66;56;0;0;82;38;41;54;0;0;67;44;40;37;43;68;0;0;92;95;64;84;94;0,TabuSearch
22,pliki//100 lokacji//RC101.txt,200,50,swap,False,2,29043,6734.914274193841,906.6844879530393,4421.545298287763,1406.6844879530393,3886.658328812665,1226.175188078272,934.3079526561213,1726.175188078272,9,300006.0606,0;92;62;71;61;100;55;68;0;0;83;84;13;17;60;0;0;40;67;66;56;0;0;85;64;57;20;24;48;0;0;82;38;46;1;70;0;0;88;99;90;53;10;74;0;0;65;98;69;81;94;0;0;52;43;35;96;91;0;0;95;44;41;37;54;93;80;0,TabuSearch
23,pliki//100 lokacji//RC101.txt,200,50,swap,False,2,30042,6726.697996141305,954.4821633483066,4387.733669444693,1384.4821633483066,3231.6802029943146,1027.967809045393,745.7445849035287,1457.967809045393,7,300024.8198,0;95;61;41;43;55;70;0;0;65;69;81;90;54;68;0;0;99;67;94;32;93;91;80;0;0;98;82;88;20;48;24;74;0;0;92;84;53;10;17;0;0;64;78;87;13;60;100;0;0;83;50;85;66;56;96;0,TabuSearch
23,pliki//100 lokacji//RC101.txt,200,50,swap,False,2,30043,6726.697996141305,954.4821633483066,4387.733669444693,1384.4821633483066,3259.694976379154,1048.8261146382833,732.0427471025872,1478.8261146382833,8,300021.1095,0;83;61;94;54;68;0;0;81;88;41;43;96;0;0;64;78;56;91;70;100;0;0;82;67;84;66;55;60;0;0;87;53;10;17;13;74;0;0;65;98;85;50;32;93;80;0;0;92;95;90;99;20;48;24;0;0;69;0,TabuSearch
24,pliki//100 lokacji//RC101.txt,200,50,swap,False,2,31042,7005.876718251864,955.9994628605823,4613.8777925307,1435.9994628605823,3697.4306022325973,1120.9705976805856,975.4894068714266,1600.9705976805856,9,300023.3313,0;51;67;94;55;68;0;0;88;98;69;61;0;0;65;85;25;20;24;77;74;0;0;95;64;35;37;43;100;0;0;32;50;84;56;66;0;0;92;38;41;81;0;0;62;99;90;96;54;93;80;0;0;83;82;52;86;53;60;0;0;57;26;34;91;0,TabuSearch
24,pliki//100 lokacji//RC101.txt,200,50,swap,False,2,31043,7005.876718251864,955.9994628605823,4613.8777925307,1435.9994628605823,3745.501196731473,1110.2686339743877,1044.9639287826974,1590.2686339743875,9,300005.7944,0;35;81;68;96;54;93;0;0;83;69;88;53;90;0;0;65;0;0;61;64;85;84;20;24;80;0;0;25;51;56;55;60;100;0;0;52;82;99;86;57;77;74;0;0;92;95;67;50;32;66;91;0;0;62;38;41;37;43;0;0;98;94;26;34;0,TabuSearch
25,pliki//100 lokacji//RC101.txt,200,50,swap,False,2,32042,7143.825272111002,949.7385798698476,4774.348112371306,1419.7385798698476,4059.8760317809674,1252.8629542285141,1084.1501233239394,1722.8629542285141,9,300013.1215,0;62;86;77;74;13;0;0;44;61;81;37;35;0;0;92;95;64;99;84;56;0;0;97;60;55;68;0;0;98;52;43;1;100;70;0;0;65;69;94;90;0;0;83;53;9;57;20;93;80;0;0;87;88;10;66;91;0;0;82;85;34;96;54;0,TabuSearch
25,pliki//100 lokacji//RC101.txt,200,50,swap,False,2,32043,7143.825272111002,949.7385798698476,4774.348112371306,1419.7385798698476,4041.387808196385,1216.0772705141972,1139.2332671679906,1686.0772705141974,9,300007.8091,0;44;61;81;68;0;0;92;52;9;57;77;80;0;0;64;87;56;93;91;0;0;83;53;86;96;54;0;0;97;99;74;10;13;0;0;65;69;98;88;90;0;0;82;85;94;55;60;100;70;0;0;95;35;43;37;1;0;0;34;62;84;20;66;0,TabuSearch
26,pliki//100 lokacji//RC101.txt,200,50,swap,False,2,33042,6503.80241685759,824.9992339041085,4413.803949049374,1264.9992339041085,3168.8893699677783,1031.915328468819,665.0587130301401,1471.9153284688193,8,300016.0074,0;62;81;41;43;68;0;0;95;86;99;57;74;77;0;0;9;88;90;60;55;0;0;52;82;46;54;96;93;80;0;0;65;69;61;94;0;0;92;83;64;51;66;0;0;30;50;85;84;56;91;0;0;98;49;87;13;100;70;0,TabuSearch
26,pliki//100 lokacji//RC101.txt,200,50,swap,False,2,33043,6503.80241685759,824.9992339041085,4413.803949049374,1264.9992339041085,3177.1056345707825,997.5357238312736,742.0341869082355,1437.5357238312736,8,300009.4234,0;13;90;56;68;55;100;70;0;0;83;61;41;43;54;0;0;30;85;84;50;96;93;80;0;0;52;87;86;49;51;91;0;0;64;9;99;57;74;77;0;0;62;95;81;94;66;0;0;92;82;88;46;60;0;0;65;69;98;0,TabuSearch
27,pliki//100 lokacji//RC101.txt,200,50,swap,False,2,34042,6807.887262143036,1032.3591619374133,4243.16893826821,1532.3591619374133,4035.010903913262,1195.6723894527754,1143.6661250077113,1695.6723894527754,9,300020.5514,0;82;44;35;54;96;93;0;0;65;69;98;88;53;90;0;0;95;40;37;70;0;0;71;84;51;57;55;0;0;20;67;50;25;48;24;0;0;92;52;99;74;13;60;100;68;0;0;83;61;81;66;56;91;0;0;78;86;22;0;0;62;64;94;32;34;80;0,TabuSearch
27,pliki//100 lokacji//RC101.txt,200,50,swap,False,2,34043,6807.887262143036,1032.3591619374133,4243.16893826821,1532.3591619374133,3971.674947702695,1220.9457564057952,1029.7834348911047,1720.9457564057952,9,300012.529,0;92;32;34;66;74;80;0;0;61;86;22;20;0;0;64;78;57;25;48;24;0;0;44;71;81;96;91;0;0;69;82;52;51;84;56;0;0;65;50;67;94;90;0;0;95;53;54;55;100;70;68;0;0;62;40;37;35;93;0;0;83;98;88;99;13;60;0,TabuSearch
28,pliki//100 lokacji//RC101.txt,200,50,swap,False,2,35042,6188.122462465082,895.3859104788665,3917.3506415073493,1375.3859104788664,3201.406468887872,1064.4645728074315,592.4773232730091,1544.4645728074315,9,300035.687,0;69;0;0;52;85;84;94;96;0;0;65;98;88;90;53;55;0;0;42;39;61;66;56;91;0;0;92;95;62;64;57;20;48;24;0;0;82;71;37;43;35;93;80;0;0;83;67;81;41;100;68;0;0;72;44;38;46;60;70;0;0;99;40;54;0,TabuSearch
28,pliki//100 lokacji//RC101.txt,200,50,swap,False,2,35043,6188.122462465082,895.3859104788665,3917.3506415073493,1375.3859104788664,3004.379071369427,1016.5930731418341,491.19292508575916,1496.593073141834,9,300017.1909,0;72;44;38;46;60;70;0;0;92;95;40;41;0;0;83;61;37;43;35;93;0;0;39;71;81;55;100;68;0;0;65;98;88;53;90;0;0;69;0;0;42;67;94;54;96;0;0;52;64;99;57;20;48;24;80;0;0;82;62;85;84;56;66;91;0,TabuSearch
29,pliki//100 lokacji//RC101.txt,200,50,swap,False,2,36042,6837.947657104066,931.6785501312069,4464.590556841652,1441.6785501312067,3835.2532787608243,1173.4857104228272,978.2818579151698,1683.485710422827,9,300024.3271,0;88;86;57;66;0;0;83;71;37;43;35;93;0;0;65;95;99;54;96;0;0;98;61;68;90;58;77;74;0;0;82;44;38;41;55;0;0;52;64;22;56;0;0;87;53;60;3;1;70;100;0;0;92;69;81;94;24;20;0;0;62;67;30;32;50;91;80;0,TabuSearch
29,pliki//100 lokacji//RC101.txt,200,50,swap,False,2,36043,6837.947657104066,931.6785501312069,4464.590556841652,1441.6785501312067,3951.5976056975987,1158.6038005772793,1124.3900045430396,1668.6038005772798,9,300005.8514,0;35;44;37;54;55;70;100;0;0;38;94;20;24;77;0;0;53;61;41;43;96;93;0;0;82;88;98;57;56;66;0;0;69;95;67;81;68;0;0;92;83;87;86;58;74;0;0;65;22;99;90;0;0;52;64;3;1;60;0;0;71;62;30;32;50;91;80;0,TabuSearch
30,pliki//100 lokacji//RC101.txt,200,50,swap,False,2,37042,6273.567949822111,921.7133673724647,3970.141215077181,1381.7133673724647,3634.4568349038254,1146.2111644707898,882.0345059622457,1606.2111644707898,9,300025.1168,0;82;44;41;96;54;0;0;85;67;94;56;68;0;0;92;97;87;13;74;0;0;52;20;78;4;70;100;0;0;38;61;81;0;0;71;64;84;32;91;80;0;0;83;98;88;90;66;0;0;53;69;37;43;35;93;0;0;65;95;99;60;55;0,TabuSearch
30,pliki//100 lokacji//RC101.txt,200,50,swap,False,2,37043,6273.567949822111,921.7133673724647,3970.141215077181,1381.7133673724647,3712.8831278194884,1166.7590867215472,919.364954376394,1626.7590867215472,9,300008.446,0;87;84;60;70;100;0;0;65;67;43;37;35;93;0;0;95;88;13;97;74;0;0;82;44;41;96;54;0;0;20;64;56;85;32;91;80;0;0;98;69;61;81;90;0;0;38;71;94;0;0;92;52;78;4;55;0;0;83;53;99;66;68;0,TabuSearch
31,pliki//100 lokacji//RC101.txt,200,50,swap,False,2,38042,7210.447076953619,970.4915719558293,4769.46393304196,1470.4915719558294,4123.970990746579,1158.5896701406132,1306.7916504653524,1658.5896701406136,9,300020.1026,0;82;69;61;81;94;0;0;62;43;35;37;54;0;0;92;87;9;13;48;25;0;0;44;71;55;70;68;0;0;41;84;50;56;0;0;64;86;57;66;90;0;0;52;98;88;53;3;1;100;0;0;65;83;95;67;85;24;91;80;0;0;99;32;34;93;96;0,TabuSearch
31,pliki//100 lokacji//RC101.txt,200,50,swap,False,2,38043,7210.447076953619,970.4915719558293,4769.46393304196,1470.4915719558294,4152.998457304702,1213.259364253055,1226.479728798592,1713.2593642530549,9,300019.7467,0;85;57;48;25;24;80;0;0;92;52;99;53;90;55;68;0;0;98;32;34;93;54;70;0;0;83;64;9;87;13;91;0;0;69;3;66;56;0;0;71;44;41;43;1;0;0;65;95;67;62;84;50;0;0;88;82;61;35;37;100;0;0;86;81;94;96;0,TabuSearch
32,pliki//100 lokacji//RC101.txt,200,50,swap,False,2,39042,6759.057095714628,1002.9133531083994,4263.2303894978295,1492.9133531083992,4067.981656038148,1325.7873734214177,926.4069091953129,1815.7873734214174,9,300013.9562,0;82;61;81;56;77;74;0;0;65;53;51;84;50;91;0;0;52;69;98;94;54;0;0;12;99;90;96;100;60;0;0;83;88;3;55;68;0;0;57;30;34;32;80;0;0;92;62;44;37;35;93;70;0;0;95;64;87;10;0;0;40;67;66;24;48;0,TabuSearch
32,pliki//100 lokacji//RC101.txt,200,50,swap,False,2,39043,6759.057095714628,1002.9133531083994,4263.2303894978295,1492.9133531083992,3969.841319948419,1211.662744547355,1056.5158308537088,1701.662744547355,9,300011.2676,0;83;67;81;55;68;0;0;65;51;57;87;77;74;0;0;30;34;96;54;0;0;52;82;61;3;100;60;70;0;0;88;69;98;90;0;0;95;64;56;53;10;0;0;40;94;32;50;93;0;0;92;62;44;37;35;91;80;0;0;12;99;66;84;48;24;0,TabuSearch
33,pliki//100 lokacji//RC101.txt,200,50,swap,False,2,40042,7065.698853608463,1081.851168572703,4391.996516463057,1591.851168572703,3972.6643872582695,1212.7821347527013,1037.1001177528674,1722.782134752701,9,300021.9781,0;79;97;74;66;0;0;95;84;64;86;57;0;0;71;61;81;41;68;55;0;0;92;88;90;53;1;100;70;0;0;9;52;99;77;48;25;24;0;0;62;78;13;10;91;80;0;0;83;43;37;35;54;0;0;72;67;32;56;0;0;65;82;98;69;94;93;96;0,TabuSearch
33,pliki//100 lokacji//RC101.txt,200,50,swap,False,2,40043,7065.698853608463,1081.851168572703,4391.996516463057,1591.851168572703,3816.977277591211,1252.0847004281354,802.8078767349401,1762.0847004281354,9,300014.4021,0;67;97;13;10;0;0;72;61;81;37;35;93;91;80;0;0;83;71;41;96;54;0;0;65;62;94;57;48;25;0;0;64;69;99;90;68;0;0;52;88;43;1;100;70;0;0;92;95;32;84;56;66;0;0;98;82;9;78;53;55;0;0;79;86;77;74;24;0,TabuSearch
34,pliki//100 lokacji//RC101.txt,200,50,swap,False,2,41042,7187.315370920039,1082.7152213794457,4501.8849281611465,1602.715221379446,4507.462651268591,1289.7921540321624,1407.878343204266,1809.7921540321624,10,300031.9194,0;52;61;41;37;35;43;80;0;0;32;62;50;54;93;91;0;0;83;67;94;81;96;0;0;95;57;99;90;0;0;82;64;51;84;66;0;0;65;69;98;88;53;0;0;40;44;55;13;17;0;0;4;56;20;48;24;0;0;92;89;68;100;70;0;0;78;86;77;74;60;0,TabuSearch
34,pliki//100 lokacji//RC101.txt,200,50,swap,False,2,41043,7187.315370920039,1082.7152213794457,4501.8849281611465,1602.715221379446,4505.1031555598765,1246.1541085805484,1492.7949383987798,1766.1541085805484,10,300015.7037,0;83;98;99;53;100;70;68;0;0;92;44;40;41;0;0;65;69;82;88;90;0;0;37;61;81;54;96;0;0;95;50;20;66;0;0;4;78;55;0;0;89;57;24;48;77;74;0;0;32;67;84;56;93;91;80;0;0;51;62;94;35;43;0;0;52;64;86;13;17;60;0,TabuSearch
35,pliki//100 lokacji//RC101.txt,200,50,swap,False,2,42042,6561.596867416023,959.2376151943309,4173.121637027361,1429.2376151943308,3717.126299767827,1214.4946726836638,818.1369544004989,1684.4946726836642,9,300019.2287,0;65;81;67;94;20;77;0;0;44;61;43;55;68;93;80;0;0;11;35;37;0;0;57;64;85;84;66;0;0;95;40;41;96;54;0;0;83;98;73;4;100;70;0;0;92;69;88;90;0;0;71;10;53;13;17;0;0;82;52;15;99;56;91;0,TabuSearch
35,pliki//100 lokacji//RC101.txt,200,50,swap,False,2,42043,6561.596867416023,959.2376151943309,4173.121637027361,1429.2376151943308,3635.6986264164966,1089.8895789943404,985.9194684278159,1559.8895789943404,9,300001.1656,0;65;82;69;0;0;11;88;90;0;0;52;77;99;10;13;17;0;0;71;85;84;54;96;93;91;0;0;83;41;43;40;68;0;0;15;73;53;4;100;70;0;0;67;20;57;66;56;0;0;98;44;94;37;35;80;0;0;92;95;64;81;61;55;0,TabuSearch
36,pliki//100 lokacji//RC101.txt,200,50,swap,False,2,43042,7026.4140169896555,970.8784582920009,4584.657100405654,1470.878458292001,3984.6892724158547,1252.7462492695852,979.1967738766843,1752.7462492695854,9,300013.885,0;38;67;84;48;24;0;0;52;98;50;56;91;93;80;0;0;65;53;86;57;13;0;0;32;85;49;66;70;100;0;0;82;69;61;44;55;68;0;0;62;71;81;94;96;54;0;0;78;41;35;37;0;0;92;95;64;99;90;0;0;83;88;87;74;58;25;0,TabuSearch
36,pliki//100 lokacji//RC101.txt,200,50,swap,False,2,43043,7026.4140169896555,970.8784582920009,4584.657100405654,1470.878458292001,3972.2075375210434,1160.8654524063716,1150.4766327083005,1660.8654524063716,9,300012.5039,0;81;32;35;37;70;100;0;0;65;69;49;84;56;0;0;88;52;87;58;48;24;25;0;0;38;61;41;55;68;0;0;64;82;99;53;78;13;0;0;71;44;94;96;54;0;0;95;86;74;57;66;0;0;92;98;90;0;0;83;62;67;85;50;91;93;80;0,TabuSearch
37,pliki//100 lokacji//RC101.txt,200,50,swap,False,2,44042,6278.861202637546,915.695572553871,3977.4700575298034,1385.6955725538708,3639.888419854483,1151.7380195004575,866.412380853568,1621.7380195004575,9,300014.3507,0;62;61;81;54;96;0;0;92;64;51;86;17;0;0;88;98;82;84;20;24;48;80;0;0;40;71;94;91;0;0;65;69;0;0;43;90;74;58;66;0;0;44;50;32;34;93;0;0;83;52;78;53;55;60;0;0;95;49;85;56;68;70;100;0,TabuSearch
37,pliki//100 lokacji//RC101.txt,200,50,swap,False,2,44043,6278.861202637546,915.695572553871,3977.4700575298034,1385.6955725538708,3436.3717722470806,1122.4333190093007,721.5051342284793,1592.4333190093007,9,300010.3043,0;92;69;88;90;60;66;0;0;52;98;78;55;68;0;0;71;64;49;20;56;91;0;0;40;53;17;100;70;0;0;44;61;81;43;54;0;0;82;95;85;84;50;32;93;80;0;0;83;51;86;74;58;48;24;0;0;34;62;94;96;0;0;65;0,TabuSearch
38,pliki//100 lokacji//RC101.txt,200,50,swap,False,2,45042,7116.725611040648,954.4962012712986,4777.733208498051,1384.4962012712988,3534.486714194698,1116.898861091178,870.6889920123415,1546.8988610911783,8,300015.2147,0;44;53;17;60;55;0;0;51;99;74;66;91;56;0;0;95;82;57;70;1;100;0;0;92;69;88;90;0;0;65;83;61;94;68;0;0;77;84;96;54;0;0;98;64;67;85;20;24;80;0;0;78;81;37;43;35;93;0,TabuSearch
38,pliki//100 lokacji//RC101.txt,200,50,swap,False,2,45043,7116.725611040648,954.4962012712986,4777.733208498051,1384.4962012712988,3532.874517795333,1057.752234165146,987.3700494650408,1487.752234165146,8,300006.7599,0;35;61;37;43;1;100;0;0;44;81;90;94;68;0;0;65;85;57;60;55;70;0;0;67;99;53;96;54;93;80;0;0;64;83;51;74;77;24;0;0;98;82;84;20;66;91;56;0;0;92;95;88;78;17;0;0;69;0,TabuSearch
39,pliki//100 lokacji//RC101.txt,200,50,swap,False,2,46042,6612.514878506157,967.631076136443,4197.2527262332715,1447.631076136443,3704.6398201384236,1131.6947876697373,961.2502447989494,1611.694787669737,9,300022.6575,0;82;71;84;56;66;0;0;65;98;69;88;0;0;72;44;38;54;0;0;92;53;3;1;55;68;0;0;64;52;99;90;37;91;80;0;0;62;57;86;58;74;0;0;95;61;81;41;43;35;93;0;0;83;46;17;60;100;70;0;0;49;67;94;96;0,TabuSearch
39,pliki//100 lokacji//RC101.txt,200,50,swap,False,2,46043,6612.514878506157,967.631076136443,4197.2527262332715,1447.631076136443,3600.2200784263896,1134.8018265529295,850.6164253205307,1614.8018265529292,9,300018.8118,0;95;44;54;96;0;0;92;62;49;57;66;91;80;0;0;67;61;41;37;43;35;93;0;0;64;52;99;86;17;0;0;72;88;53;55;60;68;0;0;46;90;3;1;100;70;0;0;38;71;94;0;0;65;82;69;98;0;0;83;81;84;56;74;58;0,TabuSearch
40,pliki//100 lokacji//RC101.txt,200,50,swap,False,2,47042,7107.327218080932,952.8606583190444,4751.605901442843,1402.8606583190442,3802.0954948960853,1142.854066610499,1066.387361675087,1592.8540666104989,8,300013.2148,0;95;61;40;35;37;80;0;0;69;1;66;20;24;0;0;65;88;43;55;68;0;0;98;64;81;94;96;0;0;41;99;53;60;100;70;0;0;51;67;85;84;56;54;0;0;92;90;57;9;17;74;0;0;83;82;32;50;91;93;0,TabuSearch
40,pliki//100 lokacji//RC101.txt,200,50,swap,False,2,47043,7107.327218080932,952.8606583190444,4751.605901442843,1402.8606583190442,3737.101847450178,1149.4932551439128,988.1153371623523,1599.4932551439128,9,300011.4798,0;17;43;37;35;70;0;0;92;83;51;85;20;24;74;0;0;82;69;98;94;66;0;0;95;64;99;57;56;0;0;40;61;53;55;68;0;0;9;41;96;54;80;93;0;0;88;67;32;50;91;0;0;84;81;90;60;1;100;0;0;65;0,TabuSearch
41,pliki//100 lokacji//RC101.txt,200,50,swap,False,2,48042,6684.303370644199,960.2295811126912,4273.844208418816,1450.2295811126914,3644.874091583125,1195.5554155367136,763.763260509698,1685.5554155367138,9,300023.8929,0;86;88;53;60;55;0;0;83;98;41;43;37;35;0;0;92;61;67;84;56;91;0;0;65;44;40;1;68;0;0;38;57;77;25;0;0;52;64;85;50;32;93;80;0;0;95;82;94;96;0;0;99;69;90;81;54;0;0;71;51;49;20;66;100;70;0,TabuSearch
41,pliki//100 lokacji//RC101.txt,200,50,swap,False,2,48043,6684.303370644199,960.2295811126912,4273.844208418816,1450.2295811126914,3660.129450925928,1173.2835853895779,823.5622801467719,1663.2835853895779,9,300018.0736,0;92;88;81;54;96;0;0;98;61;32;50;91;80;0;0;95;44;43;1;100;70;0;0;51;52;86;57;66;0;0;69;71;67;56;0;0;41;84;49;20;25;77;0;0;83;82;99;90;53;55;60;0;0;65;38;40;68;0;0;85;64;94;37;35;93;0,TabuSearch
42,pliki//100 lokacji//RC101.txt,200,50,swap,False,2,49042,6605.267828667822,897.3744760375504,4350.518876592721,1357.3744760375503,3620.3152343298825,1074.554260872346,1011.2067125851901,1534.554260872346,9,300014.174,0;65;69;98;88;0;0;46;61;81;94;96;0;0;34;67;20;24;66;91;0;0;83;82;99;54;68;0;0;92;52;53;90;55;60;100;70;0;0;51;43;37;35;93;80;0;0;62;71;41;0;0;95;64;85;50;56;0;0;78;57;86;74;0,TabuSearch
42,pliki//100 lokacji//RC101.txt,200,50,swap,False,2,49043,6605.267828667822,897.3744760375504,4350.518876592721,1357.3744760375503,3644.8244422099747,1123.839287799046,937.1458666118829,1583.839287799046,9,300021.0162,0;92;88;53;78;55;0;0;34;85;20;56;91;80;0;0;65;99;41;46;60;0;0;62;95;86;57;24;66;0;0;69;0;0;37;61;81;54;43;35;0;0;82;52;67;50;96;93;0;0;83;71;94;90;68;0;0;98;64;51;74;100;70;0,TabuSearch
43,pliki//100 lokacji//RC101.txt,200,50,swap,False,2,50042,6804.857872027788,919.4786456535693,4465.9005807206495,1419.4786456535692,3812.1030780809306,1186.947311733349,938.2084546142326,1686.9473117333491,9,300012.2911,0;83;82;99;20;24;56;0;0;51;10;87;74;91;80;0;0;40;61;43;70;0;0;65;69;98;88;53;90;0;0;92;95;76;85;96;66;0;0;71;67;84;57;55;68;0;0;18;86;48;25;77;0;0;64;62;81;94;54;93;0;0;52;41;1;4;100;0,TabuSearch
43,pliki//100 lokacji//RC101.txt,200,50,swap,False,2,50043,6804.857872027788,919.4786456535693,4465.9005807206495,1419.4786456535692,3948.7644434356434,1247.22066461432,954.3231142070041,1747.2206646143195,10,300023.2936,0;85;86;10;74;80;0;0;62;99;53;1;4;0;0;83;67;81;93;54;70;100;0;0;41;57;20;48;25;77;0;0;92;71;94;90;0;0;52;61;40;43;68;0;0;88;69;0;0;18;76;96;55;0;0;95;64;51;84;56;0;0;65;98;82;87;24;66;91;0,TabuSearch
44,pliki//100 lokacji//RC101.txt,200,50,swap,False,2,51042,6903.940012812402,858.2673163130809,4747.40538018624,1298.2673163130808,3508.6555409812586,1105.6605915400123,857.334357901234,1545.6605915400123,9,300026.1938,0;65;61;67;94;0;0;95;62;64;13;17;100;70;0;0;50;57;24;74;91;80;0;0;73;88;90;60;55;68;0;0;78;81;43;35;37;93;0;0;98;83;53;10;66;0;0;69;0;0;92;82;99;84;56;0;0;85;41;96;54;0,TabuSearch
44,pliki//100 lokacji//RC101.txt,200,50,swap,False,2,51043,6903.940012812402,858.2673163130809,4747.40538018624,1298.2673163130808,3658.67558046503,1054.1054879126684,1110.4646046396936,1494.1054879126684,9,300004.1202,0;24;43;35;37;70;100;0;0;95;57;99;96;0;0;73;88;90;56;66;0;0;92;78;13;10;0;0;62;64;85;84;50;93;0;0;83;82;17;53;60;55;0;0;65;98;61;81;41;68;0;0;74;67;94;54;91;80;0;0;69;0,TabuSearch
45,pliki//100 lokacji//RC101.txt,200,50,swap,False,2,52042,7160.148987718103,1009.6938591822925,4640.7612693535175,1509.6938591822927,3892.3714515200586,1227.4597669221857,937.4519176756872,1727.4597669221857,9,300029.4033,0;95;62;51;84;77;25;48;0;0;52;61;41;35;37;54;93;0;0;69;0;0;92;98;99;90;55;60;0;0;82;86;89;32;80;0;0;78;81;96;66;91;0;0;57;67;85;56;68;70;100;0;0;88;64;53;13;17;0;0;65;83;94;20;49;24;74;0,TabuSearch
45,pliki//100 lokacji//RC101.txt,200,50,swap,False,2,52043,7160.148987718103,1009.6938591822925,4640.7612693535175,1509.6938591822927,4008.2662348517492,1117.9005157440993,1272.4652033635507,1617.9005157440993,9,300013.0686,0;62;61;41;37;35;70;100;0;0;82;64;51;85;56;91;0;0;49;99;74;66;54;93;80;0;0;65;69;98;88;0;0;83;67;94;81;55;68;0;0;86;52;57;90;0;0;92;32;84;96;0;0;89;24;20;77;25;48;0;0;95;78;53;13;17;60;0,TabuSearch
46,pliki//100 lokacji//RC101.txt,200,50,swap,False,2,53042,6981.009468000334,896.9940543298283,4717.021359340678,1366.9940543298283,3987.782000082436,1195.9450100584024,1125.8919799656305,1665.9450100584024,9,300011.0795,0;64;71;81;35;37;54;0;0;52;67;94;50;93;96;0;0;95;87;55;68;80;91;0;0;65;69;98;88;90;0;0;41;84;66;56;0;0;82;61;86;74;77;24;0;0;83;62;57;13;70;100;0;0;92;53;99;9;10;0;0;43;4;60;0,TabuSearch
46,pliki//100 lokacji//RC101.txt,200,50,swap,False,2,53043,6981.009468000334,896.9940543298283,4717.021359340678,1366.9940543298283,3997.6437639121564,1205.7836944017795,1116.0763751085976,1675.7836944017795,9,300008.69,0;41;61;4;55;0;0;82;71;35;37;68;80;0;0;52;98;90;53;54;96;91;0;0;57;88;9;74;24;0;0;95;83;67;43;70;100;0;0;92;87;99;66;56;0;0;77;86;10;13;60;0;0;65;62;94;84;50;93;0;0;64;69;81;0,TabuSearch
47,pliki//100 lokacji//RC101.txt,200,50,swap,False,2,54042,7126.726180280593,1098.4212242225692,4349.883731835455,1678.421224222569,4336.409297442125,1178.5069631924246,1399.3953710572753,1758.5069631924248,10,300031.1734,0;37;81;90;54;93;91;80;0;0;88;69;98;0;0;73;3;60;4;100;70;0;0;65;64;83;85;66;56;0;0;52;82;99;57;20;77;24;0;0;92;95;62;67;71;94;96;0;0;53;61;40;35;43;0;0;49;84;51;48;25;74;0;0;72;39;44;38;41;68;0;0;5;2;8;46;55;0,TabuSearch
47,pliki//100 lokacji//RC101.txt,200,50,swap,False,2,54043,7126.726180280593,1098.4212242225692,4349.883731835455,1678.421224222569,4193.225679641644,1279.6572061285508,1053.911267384543,1859.6572061285506,10,300015.0528,0;98;64;49;54;56;91;0;0;69;2;88;90;0;0;40;44;38;41;0;0;92;62;67;85;51;68;70;0;0;5;8;73;53;60;55;0;0;72;43;46;3;4;100;0;0;39;84;20;48;25;24;0;0;65;71;81;94;96;0;0;95;66;61;37;35;93;80;0;0;83;82;52;99;57;74;77;0,TabuSearch
48,pliki//100 lokacji//RC101.txt,200,50,swap,False,2,55042,6769.924848165478,1045.9986660239342,4107.927516117609,1615.998666023934,4403.943863295972,1310.3409265466396,1213.2620102026922,1880.3409265466396,10,300013.9349,0;78;81;1;100;55;0;0;83;82;99;90;0;0;69;57;52;51;20;48;24;0;0;17;86;87;13;74;0;0;65;64;62;85;84;56;54;93;0;0;71;44;41;94;96;0;0;92;95;67;58;77;25;0;0;98;73;88;53;60;68;0;0;63;10;66;91;80;0;0;72;61;35;37;43;70;0,TabuSearch
48,pliki//100 lokacji//RC101.txt,200,50,swap,False,2,55043,6769.924848165478,1045.9986660239342,4107.927516117609,1615.998666023934,4253.2388291908055,1275.1844009018898,1132.8700273870259,1845.1844009018898,10,300017.0652,0;63;86;77;58;74;0;0;92;87;10;17;13;0;0;65;95;62;67;84;56;66;0;0;99;73;53;60;55;68;0;0;69;78;88;90;0;0;83;71;94;35;54;93;0;0;64;37;43;1;70;100;0;0;72;57;48;25;24;20;80;0;0;44;41;61;81;96;0;0;98;82;52;51;85;91;0,TabuSearch
49,pliki//100 lokacji//RC101.txt,200,50,swap,False,2,56042,6835.812643351234,952.6622757399607,4460.4880918713125,1422.6622757399607,3905.5365300262606,1197.7034525702898,1040.1296248856813,1667.7034525702898,9,300001.5188,0;99;85;84;20;48;74;0;0;86;94;81;0;0;64;77;13;10;17;0;0;65;44;66;56;91;80;0;0;32;67;96;54;68;0;0;78;98;43;35;37;93;0;0;92;69;88;90;0;0;95;82;52;57;55;100;70;0;0;83;61;53;4;60;0,TabuSearch
49,pliki//100 lokacji//RC101.txt,200,50,swap,False,2,56043,6835.812643351234,952.6622757399607,4460.4880918713125,1422.6622757399607,3898.0866349611924,1172.5828456416943,1082.9209436778037,1642.5828456416943,9,300008.2895,0;83;69;99;0;0;65;17;53;60;55;68;0;0;44;81;35;37;54;0;0;43;61;94;96;0;0;78;57;20;48;77;74;0;0;92;82;88;13;10;0;0;52;64;67;66;56;91;0;0;95;98;90;4;100;70;0;0;86;84;85;32;80;93;0,TabuSearch
0,pliki//100 lokacji//RC201.txt,200,50,swap,False,2,7042,38997.49009213614,1257.4604339979435,35932.56922414026,1807.4604339979435,28108.72447538723,1929.2168729663515,23700.29072945453,2479.2168729663513,10,300008.6913,0;40;51;62;96;81;0;0;38;95;78;53;98;0;0;76;84;57;99;0;0;32;49;64;82;52;60;88;90;0;0;2;70;54;94;0;0;29;87;85;7;77;46;20;13;93;100;55;0;0;24;86;69;80;0;0;92;50;66;56;0;0;63;6;41;61;68;0;0;65;89;83;67;91;0,TabuSearch
0,pliki//100 lokacji//RC201.txt,200,50,swap,False,2,7043,38997.49009213614,1257.4604339979435,35932.56922414026,1807.4604339979435,28104.35057460915,2003.8607337841052,23546.62910704094,2553.860733784105,10,300009.0058,0;63;41;76;52;85;32;54;55;0;0;65;86;57;0;0;92;50;69;0;0;6;51;62;84;94;0;0;2;95;70;68;0;0;38;81;64;56;91;0;0;40;7;78;82;0;0;89;83;61;96;80;0;0;77;67;98;20;66;99;88;0;0;29;13;49;46;87;53;90;24;93;60;100;0,TabuSearch
1,pliki//100 lokacji//RC201.txt,200,50,swap,False,2,8042,43867.63781258097,1157.3264525852433,41022.984907410486,1687.3264525852433,33396.687100178504,2004.8425849475486,28857.001930283404,2534.8425849475484,10,300001.5495,0;35;20;60;88;84;66;0;0;32;73;77;85;100;74;25;93;91;80;0;0;9;4;55;0;0;37;40;41;61;96;0;0;70;94;0;0;65;43;52;56;86;99;0;0;38;12;98;69;0;0;13;34;44;87;53;54;81;0;0;50;64;11;82;0;0;92;1;57;95;68;90;0,TabuSearch
1,pliki//100 lokacji//RC201.txt,200,50,swap,False,2,8043,43867.63781258097,1157.3264525852433,41022.984907410486,1687.3264525852433,33407.70655577711,2059.8949040085595,28757.916747759995,2589.8949040085595,10,300005.7583,0;25;54;60;44;61;81;0;0;65;11;86;0;0;12;50;96;84;56;0;0;38;92;94;0;0;37;95;98;9;99;88;55;0;0;77;40;73;43;32;93;91;0;0;13;35;74;53;20;85;1;100;80;0;0;34;82;68;52;57;90;0;0;87;41;69;64;66;0;0;4;70;0,TabuSearch
2,pliki//100 lokacji//RC201.txt,200,50,swap,False,2,9042,43696.92263596669,1267.7431998347538,40561.43623629719,1867.7431998347536,32264.123877809885,2173.796015074244,27316.531847661397,2773.796015074244,10,300011.751,0;12;21;51;98;9;99;0;0;65;10;34;62;91;0;0;77;3;24;16;87;37;13;74;66;93;100;0;0;40;84;67;68;0;0;92;85;50;95;82;69;0;0;38;94;96;0;0;43;56;88;54;81;0;0;7;20;44;71;80;57;90;0;0;48;83;41;52;53;60;70;61;0;0;49;17;86;64;55;0,TabuSearch
2,pliki//100 lokacji//RC201.txt,200,50,swap,False,2,9043,43696.92263596669,1267.7431998347538,40561.43623629719,1867.7431998347536,32458.662870258093,2139.991066866537,27578.68073652502,2739.991066866537,10,300003.5015,0;71;83;67;62;70;68;0;0;40;38;99;98;0;0;16;34;61;24;20;66;0;0;17;9;54;96;0;0;43;12;85;51;56;91;0;0;92;65;87;10;88;90;0;0;50;94;64;57;0;0;86;84;52;82;69;0;0;44;21;37;7;81;74;60;100;55;0;0;77;95;3;48;49;41;13;53;93;80;0,TabuSearch
3,pliki//100 lokacji//RC201.txt,200,50,swap,False,2,10042,45018.505505462614,1291.2716067299402,41825.96229200273,1901.27160672994,30776.300850606953,2254.4816883400144,25657.337473926927,2864.4816883400144,10,300002.7126,0;30;77;71;32;94;41;81;0;0;92;1;52;51;64;66;90;0;0;40;25;49;84;67;0;0;73;62;46;61;37;43;68;80;0;0;86;50;95;91;0;0;65;96;69;0;0;56;83;6;2;0;0;47;29;44;7;85;100;53;93;13;74;48;24;0;0;63;87;54;57;99;55;0;0;76;70;88;98;82;0,TabuSearch
3,pliki//100 lokacji//RC201.txt,200,50,swap,False,2,10043,45018.505505462614,1291.2716067299402,41825.96229200273,1901.27160672994,31397.47994329777,2127.6052520603384,26532.269439177093,2737.6052520603394,10,300004.0246,0;86;64;83;66;0;0;6;50;95;54;61;0;0;92;29;51;71;37;41;81;0;0;63;47;30;73;85;77;43;93;74;13;70;100;0;0;62;46;40;44;67;84;91;0;0;32;87;52;24;99;55;80;0;0;1;57;82;69;0;0;65;48;49;76;56;0;0;25;94;7;53;68;90;0;0;96;2;88;98;0,TabuSearch
4,pliki//100 lokacji//RC201.txt,200,50,swap,False,2,11042,43561.04320661403,1305.503812783456,40350.035581047116,1905.5038127834557,31849.526325191953,2129.8414440551314,26989.84343708169,2729.841444055132,10,300023.3001,0;95;86;81;43;54;62;67;0;0;38;99;56;91;0;0;73;85;12;87;25;49;20;66;0;0;37;84;98;52;6;55;80;0;0;92;70;88;69;0;0;21;35;3;61;13;9;53;90;0;0;40;2;68;82;0;0;8;30;1;48;46;24;74;60;100;0;0;11;71;93;94;96;0;0;65;51;64;83;0,TabuSearch
4,pliki//100 lokacji//RC201.txt,200,50,swap,False,2,11043,43561.04320661403,1305.503812783456,40350.035581047116,1905.5038127834557,31677.28322645479,2250.349964957643,26576.583296539502,2850.3499649576424,11,300011.9815,0;9;24;83;66;90;0;0;3;85;52;43;61;13;53;46;60;100;80;0;0;25;95;69;70;55;0;0;6;84;98;54;96;0;0;94;82;2;88;0;0;8;30;11;37;48;74;91;93;0;0;92;67;71;38;0;0;1;21;73;86;49;20;56;0;0;40;51;81;68;0;0;35;64;62;12;87;99;0;0;65;0,TabuSearch
5,pliki//100 lokacji//RC201.txt,200,50,swap,False,2,12042,37439.191849312185,1121.2532724545952,34616.68530440299,1701.2532724545954,26020.194525203617,2135.0709679942597,21170.052589215098,2715.0709679942597,10,300014.8211,0;73;62;70;67;71;81;68;0;0;11;83;92;95;94;0;0;7;77;37;100;86;85;54;93;91;0;0;63;87;43;61;6;88;0;0;42;49;38;57;66;90;0;0;79;35;98;96;80;0;0;65;69;0;0;36;39;82;99;0;0;29;44;74;52;20;13;53;60;55;0;0;72;12;84;64;56;0,TabuSearch
5,pliki//100 lokacji//RC201.txt,200,50,swap,False,2,12043,37439.191849312185,1121.2532724545952,34616.68530440299,1701.2532724545954,25778.96693917211,1918.9640492370065,21361.0388406981,2498.9640492370063,10,300026.5452,0;63;73;29;77;35;93;49;20;74;13;100;0;0;70;68;69;0;0;37;52;79;7;55;61;81;0;0;39;86;82;99;98;53;88;0;0;36;62;44;94;80;0;0;92;60;43;54;96;0;0;65;85;84;95;56;0;0;11;12;0;0;42;72;87;6;71;67;66;90;0;0;38;83;57;64;91;0,TabuSearch
6,pliki//100 lokacji//RC201.txt,200,50,swap,False,2,13042,39927.15894970998,1311.2369050860286,36724.68513953792,1891.2369050860284,28097.930496152512,2150.7896469718517,23216.35120220881,2730.7896469718526,10,300017.3593,0;31;71;88;55;68;0;0;92;7;12;82;52;57;0;0;43;84;21;53;61;80;100;81;0;0;6;95;99;98;69;0;0;33;17;66;87;49;85;54;90;0;0;22;50;62;0;0;29;8;32;73;60;37;48;24;20;93;0;0;65;11;83;56;0;0;30;35;70;67;64;91;0;0;2;94;96;0,TabuSearch
6,pliki//100 lokacji//RC201.txt,200,50,swap,False,2,13043,39927.15894970998,1311.2369050860286,36724.68513953792,1891.2369050860284,28070.709034799722,2142.1856601932577,23206.337714413206,2722.185660193258,10,300010.8737,0;17;83;99;88;98;69;0;0;12;50;94;0;0;30;2;52;54;61;68;0;0;35;7;64;62;81;80;0;0;87;33;82;53;37;43;70;0;0;85;73;21;60;6;55;93;91;90;0;0;65;22;56;0;0;92;11;57;0;0;29;8;48;67;32;100;66;49;20;24;0;0;31;84;95;71;96;0,TabuSearch
7,pliki//100 lokacji//RC201.txt,200,50,swap,False,2,14042,47006.95450573703,1368.121878794478,43690.71074814806,1948.121878794478,34191.068350523485,2214.790659042481,29181.487032438523,2794.79065904248,10,300008.5005,0;40;60;6;100;55;0;0;92;72;64;56;0;0;65;57;82;69;0;0;58;46;98;94;54;0;0;2;70;96;0;0;26;8;77;85;87;86;81;80;0;0;73;32;52;43;37;13;48;24;20;93;0;0;35;10;41;61;68;0;0;3;62;44;25;74;53;90;91;66;0;0;39;67;38;88;99;0,TabuSearch
7,pliki//100 lokacji//RC201.txt,200,50,swap,False,2,14043,47006.95450573703,1368.121878794478,43690.71074814806,1948.121878794478,35078.73046385226,2147.4797498626,30203.770964127067,2727.4797498625994,10,300016.2287,0;20;37;85;73;24;46;60;100;55;0;0;6;2;70;0;0;64;35;41;96;0;0;39;77;26;32;67;61;81;91;0;0;40;74;52;86;99;82;0;0;43;72;66;94;54;0;0;65;57;98;69;0;0;48;3;62;8;25;87;13;93;80;0;0;38;92;56;88;0;0;58;44;10;53;68;90;0,TabuSearch
8,pliki//100 lokacji//RC201.txt,200,50,swap,False,2,15042,38123.56461395176,1397.6651837949557,34758.234246361855,1967.665183794956,27320.54245505001,1936.6944103797368,22877.15363429054,2506.6944103797364,10,300011.8466,0;39;95;40;44;70;61;90;0;0;65;5;57;64;66;0;0;1;4;88;0;0;43;12;62;60;81;99;53;0;0;42;67;38;94;93;96;0;0;86;54;56;91;0;0;72;63;3;30;37;85;32;74;48;24;100;55;0;0;11;98;68;80;0;0;36;71;69;0;0;92;76;84;83;52;82;0,TabuSearch
8,pliki//100 lokacji//RC201.txt,200,50,swap,False,2,15043,38123.56461395176,1397.6651837949557,34758.234246361855,1967.665183794956,27162.855833697133,2049.1192420619686,22494.617349573193,2619.1192420619686,10,300001.8978,0;63;54;83;74;86;0;0;39;94;40;67;71;0;0;42;62;70;4;12;52;90;0;0;84;43;38;61;96;0;0;36;64;66;82;0;0;5;72;98;1;68;81;0;0;30;44;32;3;85;53;24;37;80;100;93;91;0;0;60;11;99;0;0;92;57;95;56;69;0;0;65;76;48;88;55;0,TabuSearch
9,pliki//100 lokacji//RC201.txt,200,50,swap,False,2,16042,39615.18097852387,1279.0820936685514,36457.016791186776,1879.0820936685514,28092.885975526016,2222.3820596722117,23048.121856181595,2822.3820596722117,10,300001.6743,0;92;38;66;69;0;0;22;62;42;44;41;0;0;5;9;50;56;0;0;39;30;12;61;3;93;54;90;80;0;0;26;95;64;67;94;0;0;36;52;82;99;71;81;0;0;87;72;77;60;32;85;100;70;55;0;0;63;37;74;20;57;88;53;96;0;0;49;98;84;91;68;0;0;65;83;35;43;40;0,TabuSearch
9,pliki//100 lokacji//RC201.txt,200,50,swap,False,2,16043,39615.18097852387,1279.0820936685514,36457.016791186776,1879.0820936685514,28367.99553983621,2187.572322108475,23392.850895619264,2787.572322108475,11,300021.5131,0;65;84;50;91;0;0;36;64;69;0;0;87;30;88;85;57;99;66;0;0;9;70;67;71;62;49;20;90;0;0;26;83;55;81;68;0;0;39;52;3;77;53;74;93;100;96;54;80;0;0;35;12;60;61;56;0;0;63;32;95;82;40;37;41;0;0;92;72;42;94;44;43;0;0;38;5;98;0;0;22;0,TabuSearch
10,pliki//100 lokacji//RC201.txt,200,50,swap,False,2,17042,38016.71962135785,1068.3688047999794,35359.982011757886,1588.3688047999797,26747.941703644905,1777.5870646794137,22672.767574286077,2297.5870646794137,10,300008.1848,0;9;57;54;96;0;0;63;7;85;93;56;91;94;81;0;0;4;64;83;66;0;0;33;8;49;73;37;74;20;24;100;55;0;0;6;2;70;68;0;0;62;1;86;61;60;53;90;0;0;69;0;0;38;78;98;88;0;0;92;41;10;82;52;99;0;0;65;22;95;80;0,TabuSearch
10,pliki//100 lokacji//RC201.txt,200,50,swap,False,2,17043,38016.71962135785,1068.3688047999794,35359.982011757886,1588.3688047999797,27156.72257522398,1768.1970553955878,23100.328464432805,2288.197055395588,10,300010.4259,0;78;70;94;81;0;0;65;7;88;64;82;99;0;0;92;9;57;83;56;0;0;69;0;0;38;2;68;0;0;4;98;95;62;96;0;0;63;8;85;61;73;55;37;93;66;91;80;0;0;22;10;0;0;33;1;53;49;24;74;86;0;0;41;52;54;20;100;6;60;90;0,TabuSearch
11,pliki//100 lokacji//RC201.txt,200,50,swap,False,2,18042,44502.8826266907,1376.0094933550645,41180.86363998057,1946.0094933550645,32434.95590551884,2126.6412838649385,27611.673337788965,2696.6412838649385,10,300015.042,0;89;43;61;67;71;54;0;0;92;64;83;65;0;0;76;12;82;88;98;0;0;50;60;51;84;0;0;35;25;78;81;100;90;0;0;72;46;95;62;94;96;0;0;85;39;73;77;8;20;3;1;93;66;80;0;0;40;41;68;0;0;42;70;69;55;0;0;48;37;74;13;53;24;56;91;0,TabuSearch
11,pliki//100 lokacji//RC201.txt,200,50,swap,False,2,18043,44502.8826266907,1376.0094933550645,41180.86363998057,1946.0094933550645,32254.05738304556,2056.0490287671264,27571.959325511307,2626.049028767127,10,300013.5478,0;76;88;98;69;0;0;77;35;62;3;85;20;74;43;37;54;0;0;8;25;51;81;67;56;0;0;41;72;70;55;0;0;65;83;64;94;0;0;92;84;71;96;0;0;42;95;1;24;53;46;100;90;66;0;0;40;39;61;68;0;0;50;78;12;82;0;0;89;73;48;60;13;93;91;80;0,TabuSearch
12,pliki//100 lokacji//RC201.txt,200,50,swap,False,2,19042,43232.61515265908,1115.5274606656053,40411.56023132787,1705.5274606656055,30396.113686623714,2326.439767291801,25153.23415204011,2916.439767291801,10,300004.221,0;40;25;8;6;88;0;0;38;96;50;62;0;0;65;92;56;0;0;2;83;82;57;66;0;0;12;64;95;55;69;0;0;17;31;74;87;99;90;0;0;58;4;98;67;81;68;0;0;13;29;7;85;70;1;37;93;0;0;52;32;73;94;53;77;24;91;46;100;80;0;0;16;30;71;44;61;54;0,TabuSearch
12,pliki//100 lokacji//RC201.txt,200,50,swap,False,2,19043,43232.61515265908,1115.5274606656053,40411.56023132787,1705.5274606656055,31350.92266292024,2111.907435382734,26537.10779215477,2701.907435382734,10,300012.6604,0;17;56;82;98;69;0;0;44;16;87;24;71;61;81;0;0;31;8;4;88;55;0;0;92;54;96;0;0;30;53;52;29;77;37;46;100;68;91;80;0;0;38;50;95;67;94;0;0;1;74;85;64;57;99;0;0;40;83;62;7;73;13;93;90;0;0;32;12;25;58;66;0;0;65;6;2;70;0,TabuSearch
13,pliki//100 lokacji//RC201.txt,200,50,swap,False,2,20042,46397.367893554445,1376.2789316473052,43034.81003025983,1986.278931647305,33569.90011024884,2391.131125262683,28177.637859723476,3001.131125262683,10,300011.2657,0;13;43;100;67;71;54;93;81;0;0;30;3;37;73;77;53;91;46;68;80;0;0;63;38;60;11;99;0;0;51;69;82;64;56;0;0;17;50;98;88;55;0;0;34;40;44;61;0;0;79;62;7;85;1;49;24;20;0;0;35;52;41;8;25;22;90;0;0;84;70;94;96;0;0;92;65;95;83;66;0,TabuSearch
13,pliki//100 lokacji//RC201.txt,200,50,swap,False,2,20043,46397.367893554445,1376.2789316473052,43034.81003025983,1986.278931647305,33728.92579523533,2342.8539849220483,28433.21782539123,2952.8539849220483,10,300009.2052,0;63;79;25;13;99;66;90;0;0;11;70;0;0;35;85;7;40;43;0;0;51;46;44;56;96;0;0;65;22;84;64;0;0;95;73;88;82;49;71;81;68;0;0;38;62;60;17;24;94;80;0;0;8;30;3;77;1;100;37;54;93;91;0;0;34;20;67;52;53;61;41;55;0;0;50;92;83;98;69;0,TabuSearch
14,pliki//100 lokacji//RC201.txt,200,50,swap,False,2,21042,40317.237625347414,1142.8452319148366,37491.547161517745,1682.8452319148369,29833.461142824654,1911.5705811372864,25470.31998055008,2451.5705811372864,10,300007.8206,0;4;83;64;66;0;0;50;10;56;91;90;0;0;34;98;95;71;67;61;54;0;0;92;6;2;88;0;0;32;44;85;43;13;1;46;70;100;0;0;8;52;93;62;73;24;60;53;55;68;0;0;65;96;78;99;82;0;0;35;38;41;0;0;37;30;79;94;81;80;0;0;69;0,TabuSearch
14,pliki//100 lokacji//RC201.txt,200,50,swap,False,2,21043,40317.237625347414,1142.8452319148366,37491.547161517745,1682.8452319148369,29587.6013195297,1885.023847206916,25277.553625115863,2425.023847206916,10,300007.3591,0;92;83;50;71;94;0;0;46;4;69;0;0;35;79;70;68;0;0;10;53;6;88;55;0;0;64;99;43;54;41;61;0;0;2;96;0;0;38;34;67;81;0;0;73;44;52;37;85;8;32;13;100;93;91;80;0;0;65;95;78;60;82;98;0;0;24;1;62;30;56;66;90;0,TabuSearch
15,pliki//100 lokacji//RC201.txt,200,50,swap,False,2,22042,41672.13763351451,1432.4237626522736,38217.29010820996,2022.4237626522736,28828.602368604203,2146.1807785096603,23946.24081158488,2736.1807785096603,10,300024.0903,0;4;95;62;56;66;0;0;92;57;70;88;69;0;0;73;75;37;77;53;85;60;20;48;24;93;91;0;0;22;44;64;81;80;0;0;63;12;41;49;54;46;100;90;0;0;1;13;9;86;98;0;0;83;38;71;67;94;0;0;16;8;82;52;40;61;0;0;50;96;55;68;0;0;65;87;11;99;0,TabuSearch
15,pliki//100 lokacji//RC201.txt,200,50,swap,False,2,22043,41672.13763351451,1432.4237626522736,38217.29010820996,2022.4237626522736,28902.461334064574,2119.5932714647183,24073.27479113514,2709.593271464719,10,300009.9682,0;38;83;55;69;0;0;86;22;64;0;0;63;13;67;87;48;9;53;49;24;20;0;0;4;95;70;88;0;0;16;61;82;98;52;57;99;0;0;11;71;54;68;0;0;92;65;94;96;0;0;44;12;8;62;50;91;93;80;0;0;77;40;81;56;66;90;0;0;75;37;73;85;41;1;46;60;100;0,TabuSearch
16,pliki//100 lokacji//RC201.txt,200,50,swap,False,2,23042,41744.13397768896,1444.4044243000687,38255.32512908882,2044.4044243000687,30493.73306304886,2165.2372173046547,25563.258628439555,2765.2372173046547,11,300016.5901,0;40;51;84;91;0;0;76;7;74;99;90;80;0;0;87;44;62;34;94;0;0;65;0;0;38;83;66;68;0;0;73;39;77;60;86;85;32;93;54;100;0;0;92;57;69;0;0;63;78;12;70;55;0;0;42;17;52;37;61;53;49;20;56;0;0;72;50;64;82;98;88;0;0;43;95;24;41;67;96;81;0,TabuSearch
16,pliki//100 lokacji//RC201.txt,200,50,swap,False,2,23043,41744.13397768896,1444.4044243000687,38255.32512908882,2044.4044243000687,30434.023991555434,2175.0257373474687,25483.9725168605,2775.0257373474687,11,300008.3736,0;39;82;67;99;73;7;68;0;0;92;34;96;0;0;40;12;86;64;0;0;65;57;83;0;0;84;38;88;55;0;0;42;52;62;78;53;70;100;81;0;0;50;60;61;20;51;93;54;0;0;87;32;74;41;85;43;37;91;80;0;0;63;76;95;98;94;56;0;0;72;17;44;77;49;24;66;90;0;0;69;0,TabuSearch
17,pliki//100 lokacji//RC201.txt,200,50,swap,False,2,24042,42098.00485626752,1206.3597202583796,39135.28541575077,1756.3597202583794,31417.89676417624,1928.6134732178948,27010.66981774045,2478.613473217895,10,300003.7234,0;92;51;56;91;0;0;17;95;41;54;96;0;0;87;37;85;61;73;74;49;70;100;68;0;0;88;84;50;62;94;0;0;86;57;83;0;0;35;12;98;82;64;66;0;0;65;1;2;55;0;0;43;48;81;20;60;99;90;0;0;31;13;93;7;53;9;24;80;0;0;38;6;69;0,TabuSearch
17,pliki//100 lokacji//RC201.txt,200,50,swap,False,2,24043,42098.00485626752,1206.3597202583796,39135.28541575077,1756.3597202583794,31661.01209593809,2042.0287120252683,27026.954671887554,2592.028712025268,11,300030.8797,0;35;12;7;99;66;0;0;41;74;57;83;64;0;0;50;9;82;98;55;0;0;38;96;0;0;31;87;60;94;81;0;0;37;48;62;17;6;85;53;100;93;54;0;0;95;73;51;1;13;20;24;90;68;0;0;65;86;0;0;49;43;70;61;84;91;0;0;56;92;80;0;0;2;88;69;0,TabuSearch
18,pliki//100 lokacji//RC201.txt,200,50,swap,False,2,25042,42614.23163504019,1299.380247712,39465.471139616195,1849.380247712,31105.13048701543,1961.681533534153,26631.767419947126,2511.681533534153,10,300011.4925,0;50;56;96;0;0;86;82;88;55;0;0;38;95;64;62;66;0;0;33;58;43;53;87;85;93;49;77;74;100;0;0;44;12;41;71;54;81;0;0;17;67;98;61;70;68;0;0;94;57;83;0;0;52;37;13;3;8;99;90;91;80;0;0;92;35;48;16;24;20;0;0;65;69;0,TabuSearch
18,pliki//100 lokacji//RC201.txt,200,50,swap,False,2,25043,42614.23163504019,1299.380247712,39465.471139616195,1849.380247712,31480.885050923953,2038.7139304273808,26853.45719006919,2588.7139304273805,10,300020.4624,0;33;35;17;3;81;53;13;74;0;0;92;57;64;95;96;0;0;50;38;99;80;0;0;71;86;67;43;70;61;0;0;62;77;87;58;88;55;90;0;0;37;52;44;85;8;100;49;93;48;24;91;0;0;54;83;16;98;68;0;0;56;94;69;0;0;12;41;82;20;66;0;0;65;0,TabuSearch
19,pliki//100 lokacji//RC201.txt,200,50,swap,False,2,26042,44588.50060247351,1250.5300204209382,41487.44056163163,1850.5300204209384,31780.44364035873,2157.5176068789656,26865.4084266008,2757.5176068789656,10,300004.5599,0;43;41;64;56;0;0;92;94;71;96;0;0;62;72;77;85;37;73;3;20;24;46;93;91;0;0;65;67;83;86;82;0;0;39;87;7;61;70;55;0;0;35;95;6;49;84;66;90;0;0;38;2;60;88;0;0;48;40;8;74;54;99;53;100;0;0;44;51;68;81;80;0;0;76;25;52;98;69;0,TabuSearch
19,pliki//100 lokacji//RC201.txt,200,50,swap,False,2,26043,44588.50060247351,1250.5300204209382,41487.44056163163,1850.5300204209384,31658.158982637902,2324.4013355164216,26409.35631160506,2924.4013355164216,10,300007.894,0;7;67;41;56;91;0;0;92;88;83;64;96;0;0;65;86;84;95;0;0;35;71;70;69;0;0;85;77;62;87;52;3;53;25;93;100;68;0;0;38;51;98;66;0;0;39;99;2;46;61;55;0;0;73;72;8;74;37;60;48;24;20;80;0;0;76;43;82;90;94;0;0;40;49;44;6;54;81;0,TabuSearch
20,pliki//100 lokacji//RC201.txt,200,50,swap,False,2,27042,42392.259428695004,1512.3142983733956,38757.63083194822,2122.3142983733956,30030.976481491925,2327.7153289258335,24765.545823640256,2937.7153289258335,11,300010.3794,0;76;88;96;80;0;0;39;89;44;94;67;85;20;90;0;0;36;40;0;0;4;82;64;84;81;0;0;70;68;0;0;92;65;83;69;0;0;72;1;43;38;61;0;0;42;77;62;48;37;41;56;66;0;0;33;8;53;71;73;49;54;93;91;0;0;5;95;98;25;52;99;55;0;0;21;35;57;24;51;60;100;0,TabuSearch
20,pliki//100 lokacji//RC201.txt,200,50,swap,False,2,27043,42392.259428695004,1512.3142983733956,38757.63083194822,2122.3142983733956,30381.160182784835,2379.559695325545,25012.040792133746,2989.559695325545,11,300003.9439,0;36;95;94;38;0;0;5;4;0;0;42;52;35;67;24;99;53;66;0;0;37;89;62;85;54;70;80;0;0;76;41;71;20;57;0;0;92;65;1;43;44;0;0;69;0;0;21;88;98;40;56;90;0;0;84;82;25;64;96;0;0;72;8;48;73;77;91;49;93;55;60;0;0;33;83;39;51;81;61;100;68;0,TabuSearch
21,pliki//100 lokacji//RC201.txt,200,50,swap,False,2,28042,42712.299615634016,1317.363021216902,39477.573573200214,1917.3630212169019,30969.592257916855,2295.0744661563363,25779.44332560418,2895.074466156336,11,300016.177,0;63;44;78;82;51;48;74;0;0;96;0;0;37;77;73;67;81;53;56;54;68;0;0;65;46;2;69;0;0;79;85;7;6;61;0;0;3;62;8;70;87;13;84;90;0;0;43;83;88;98;55;0;0;40;95;99;64;66;0;0;35;52;32;41;93;60;100;80;91;0;0;4;86;9;0;0;38;71;94;92;0,TabuSearch
21,pliki//100 lokacji//RC201.txt,200,50,swap,False,2,28043,42712.299615634016,1317.363021216902,39477.573573200214,1917.3630212169019,30604.92095095205,2209.8198059219835,25585.281339108085,2809.819805921983,10,300009.5827,0;8;32;6;77;54;48;91;80;0;0;51;86;83;82;66;0;0;79;40;43;0;0;38;52;9;98;69;0;0;87;35;73;84;93;53;13;74;56;0;0;65;7;2;55;0;0;92;60;4;44;41;0;0;78;88;96;61;0;0;63;46;95;62;99;70;100;68;0;0;3;64;37;71;85;67;81;94;90;0,TabuSearch
22,pliki//100 lokacji//RC201.txt,200,50,swap,False,2,29042,44679.285545605744,1387.7429867825817,41333.799572040574,1957.742986782582,33452.156772983064,2013.590168914667,28854.97643515373,2583.590168914667,10,300005.1397,0;4;98;88;0;0;86;55;60;69;0;0;92;10;94;82;52;80;0;0;17;62;35;87;90;93;100;70;0;0;85;73;48;37;77;13;49;74;20;24;66;0;0;38;67;71;96;0;0;1;95;51;64;53;54;81;0;0;18;99;84;61;56;91;0;0;9;43;41;68;0;0;65;11;57;83;0,TabuSearch
22,pliki//100 lokacji//RC201.txt,200,50,swap,False,2,29043,44679.285545605744,1387.7429867825817,41333.799572040574,1957.742986782582,34414.9073186332,2016.944760399208,29811.01779783479,2586.944760399208,10,300011.0093,0;92;73;18;61;51;24;91;66;0;0;1;57;98;82;81;68;0;0;4;10;99;0;0;38;41;96;0;0;35;95;49;52;9;86;90;0;0;65;17;94;56;80;0;0;85;37;87;71;93;60;53;55;0;0;77;54;62;13;67;48;74;70;100;0;0;43;83;84;20;64;0;0;11;88;69;0,TabuSearch
23,pliki//100 lokacji//RC201.txt,200,50,swap,False,2,30042,40926.91496506091,1207.0936661977673,37942.727632665374,1777.0936661977676,29678.454371107375,2112.126941830854,24884.200487445665,2682.126941830854,11,300001.5072,0;35;82;96;43;61;0;0;50;56;64;83;0;0;4;70;69;0;0;16;29;74;37;87;13;100;93;91;90;0;0;40;95;60;88;55;0;0;63;41;52;54;71;67;81;0;0;57;86;99;0;0;38;15;53;94;80;0;0;65;0;0;34;12;98;73;68;0;0;92;77;44;62;48;85;32;84;66;0,TabuSearch
23,pliki//100 lokacji//RC201.txt,200,50,swap,False,2,30043,40926.91496506091,1207.0936661977673,37942.727632665374,1777.0936661977676,29612.76504522145,2209.2991442122966,24624.16675679686,2779.2991442122966,10,300003.3664,0;44;87;37;4;80;90;0;0;50;86;82;0;0;29;40;64;56;61;91;0;0;35;48;60;88;68;0;0;32;73;85;43;53;77;93;100;70;55;0;0;92;15;98;52;71;54;81;0;0;34;62;69;96;0;0;65;41;84;67;94;0;0;38;83;12;74;66;0;0;63;95;57;16;13;99;0,TabuSearch
24,pliki//100 lokacji//RC201.txt,200,50,swap,False,2,31042,40806.27765204668,1198.2128270626242,37849.851997921425,1758.2128270626245,29177.688259276947,2147.8350622268863,24322.018134823178,2707.8350622268863,10,300008.2761,0;35;83;52;96;81;0;0;79;85;73;61;1;93;41;80;0;0;92;2;70;68;0;0;38;98;94;95;91;0;0;37;87;56;7;53;46;55;0;0;43;12;88;6;78;90;0;0;4;19;64;0;0;63;77;44;62;8;13;20;54;3;60;100;0;0;65;82;69;0;0;23;17;99;66;0,TabuSearch
24,pliki//100 lokacji//RC201.txt,200,50,swap,False,2,31043,40806.27765204668,1198.2128270626242,37849.851997921425,1758.2128270626245,29238.168903348218,2028.5329051743179,24621.103092999583,2588.5329051743183,10,300008.7162,0;78;35;44;38;0;0;43;23;82;7;6;0;0;73;62;8;85;13;41;20;70;3;100;54;93;0;0;65;52;19;63;56;0;0;92;79;88;68;0;0;77;37;66;17;46;55;53;90;0;0;99;87;12;98;69;0;0;2;94;96;0;0;4;81;64;91;0;0;95;83;1;60;61;80;0,TabuSearch
25,pliki//100 lokacji//RC201.txt,200,50,swap,False,2,32042,42930.61599260708,1332.2780298016876,39716.05993300371,1882.2780298016871,30483.652826443253,1939.291254800039,26055.070316843176,2489.291254800038,10,300004.9982,0;24;62;68;54;96;0;0;92;22;56;83;64;0;0;35;1;57;52;66;0;0;37;21;61;73;74;51;93;94;80;0;0;86;50;69;98;0;0;65;0;0;89;84;95;91;82;99;0;0;77;32;8;85;81;13;3;46;70;100;0;0;63;87;76;79;88;53;90;0;0;11;78;55;0,TabuSearch
25,pliki//100 lokacji//RC201.txt,200,50,swap,False,2,32043,42930.61599260708,1332.2780298016876,39716.05993300371,1882.2780298016871,30226.685131966253,1947.0264698430328,25782.632192280187,2497.0264698430333,10,300011.1069,0;76;83;96;94;0;0;92;22;51;84;0;0;77;32;52;37;87;53;74;13;55;0;0;89;24;3;46;70;61;81;0;0;62;21;11;79;88;0;0;35;86;99;64;66;0;0;68;0;0;50;95;54;78;98;0;0;65;57;82;69;0;0;63;73;85;8;93;90;1;100;56;80;91;0,TabuSearch
26,pliki//100 lokacji//RC201.txt,200,50,swap,False,2,33042,44908.57938478797,1246.3531384593177,41815.87310786934,1846.3531384593175,32538.007442735627,2377.778493379541,27182.450455976545,2977.778493379541,10,300004.5844,0;32;77;93;62;37;24;53;100;60;55;0;0;40;16;61;96;91;0;0;4;57;12;98;0;0;92;65;70;69;0;0;73;51;35;82;74;99;49;20;0;0;63;44;64;50;66;56;0;0;48;95;83;43;88;67;81;80;0;0;17;22;52;68;0;0;29;87;1;54;85;86;90;0;0;38;84;71;94;0,TabuSearch
26,pliki//100 lokacji//RC201.txt,200,50,swap,False,2,33043,44908.57938478797,1246.3531384593177,41815.87310786934,1846.3531384593175,32935.23833913401,2193.138906059761,27948.96052701449,2793.1389060597617,10,300012.5596,0;86;71;56;98;55;61;0;0;16;57;99;12;53;0;0;43;85;17;32;100;37;48;20;77;74;0;0;29;52;40;49;87;24;66;91;0;0;38;94;68;0;0;63;73;4;60;67;93;81;0;0;51;70;96;54;0;0;92;84;1;88;69;0;0;22;65;64;83;82;0;0;35;95;44;62;50;90;80;0,TabuSearch
27,pliki//100 lokacji//RC201.txt,200,50,swap,False,2,34042,43991.539401488924,1265.5094163999227,40930.52056868908,1795.5094163999227,32389.65523683384,1904.5361303357613,28050.58297616232,2434.5361303357613,10,300001.4197,0;16;95;15;67;94;81;80;90;0;0;38;41;70;0;0;44;58;87;99;61;68;0;0;62;74;77;25;91;84;56;0;0;32;46;85;73;37;24;54;66;93;100;55;0;0;4;86;82;0;0;50;96;0;0;92;89;40;60;53;0;0;17;13;11;98;0;0;65;12;88;69;0,TabuSearch
27,pliki//100 lokacji//RC201.txt,200,50,swap,False,2,34043,43991.539401488924,1265.5094163999227,40930.52056868908,1795.5094163999227,31964.104199585967,2006.5774070018203,27420.949385582328,2536.5774070018206,10,300005.9978,0;4;94;91;0;0;50;88;98;69;0;0;25;55;86;68;0;0;89;58;44;41;61;0;0;16;67;82;60;70;81;0;0;38;17;87;12;53;0;0;11;95;84;56;0;0;77;62;40;54;99;66;90;0;0;32;15;85;73;46;37;24;74;13;100;93;80;0;0;65;92;96;0,TabuSearch
28,pliki//100 lokacji//RC201.txt,200,50,swap,False,2,35042,40153.93533782804,1242.7279515605792,37108.47943470689,1802.727951560579,30056.401167057345,1967.312146411487,25561.77687423437,2527.312146411487,10,300001.765,0;44;51;46;94;54;96;0;0;11;49;82;69;0;0;17;37;64;71;91;66;90;0;0;52;35;13;3;53;87;57;20;85;93;100;0;0;92;84;2;88;0;0;65;83;10;99;0;0;9;70;98;55;0;0;39;95;40;41;61;0;0;38;74;62;24;86;80;0;0;6;72;56;68;81;0,TabuSearch
28,pliki//100 lokacji//RC201.txt,200,50,swap,False,2,35043,40153.93533782804,1242.7279515605792,37108.47943470689,1802.727951560579,29661.461786569693,2016.6197517858855,25068.222282997922,2576.6197517858855,10,300011.3771,0;40;2;55;0;0;35;24;20;62;70;61;0;0;86;38;94;64;0;0;44;51;57;52;88;68;0;0;74;3;85;46;13;17;93;54;91;80;0;0;49;65;95;84;96;98;0;0;10;83;69;0;0;72;87;37;9;99;53;100;90;0;0;92;11;56;66;0;0;39;82;6;41;71;81;0,TabuSearch
29,pliki//100 lokacji//RC201.txt,200,50,swap,False,2,36042,42116.81326622609,1261.3969400297933,39014.0193861665,1841.3969400297933,30454.600874270625,2145.1960054128485,25584.208863444925,2725.1960054128485,10,300006.7403,0;65;11;83;0;0;16;57;99;71;91;0;0;51;98;82;67;54;94;0;0;84;1;73;69;90;0;0;92;12;46;8;70;0;0;62;44;52;43;85;49;41;55;68;0;0;35;77;37;87;53;20;13;74;93;80;0;0;40;21;56;60;88;100;0;0;86;95;96;64;66;0;0;38;4;61;81;0,TabuSearch
29,pliki//100 lokacji//RC201.txt,200,50,swap,False,2,36043,42116.81326622609,1261.3969400297933,39014.0193861665,1841.3969400297933,31011.742108275324,2201.6404430830507,26028.46122210922,2781.6404430830507,11,300004.6384,0;40;77;60;46;55;100;93;81;0;0;4;0;0;11;12;0;0;8;85;61;51;20;41;90;54;80;0;0;92;44;52;62;84;67;71;0;0;21;37;49;73;13;87;94;91;0;0;1;64;70;68;0;0;86;83;69;0;0;35;16;74;38;53;66;0;0;43;56;88;98;82;99;0;0;65;57;95;96;0,TabuSearch
30,pliki//100 lokacji//RC201.txt,200,50,swap,False,2,37042,42593.44045751353,1123.763148152268,39785.91416120899,1683.7631481522683,31457.9188845144,1973.0867837570743,26951.745317000255,2533.0867837570745,10,300012.1684,0;39;25;84;96;91;0;0;21;62;41;61;70;55;0;0;65;78;99;66;0;0;48;35;73;86;60;100;81;0;0;34;95;9;82;98;68;0;0;87;92;49;52;57;88;53;0;0;50;7;67;94;80;0;0;77;72;74;32;85;37;90;20;24;93;54;0;0;69;0;0;51;83;64;56;0,TabuSearch
30,pliki//100 lokacji//RC201.txt,200,50,swap,False,2,37043,42593.44045751353,1123.763148152268,39785.91416120899,1683.7631481522683,31777.907163810414,1960.7724034790638,27296.36235685229,2520.772403479064,10,300007.9851,0;69;0;0;86;64;88;68;0;0;34;95;83;98;82;99;0;0;39;52;67;51;84;80;0;0;41;48;24;62;61;56;91;0;0;37;73;32;25;9;81;93;54;0;0;72;21;7;85;20;66;100;55;90;0;0;77;35;49;53;87;74;57;0;0;65;78;60;70;0;0;92;50;96;94;0,TabuSearch
31,pliki//100 lokacji//RC201.txt,200,50,swap,False,2,38042,44699.70640055649,1184.570450949358,41770.56549865777,1744.5704509493585,33714.49841246488,2077.0631814455714,29000.372049573743,2637.0631814455714,10,300011.6656,0;76;13;86;52;66;0;0;4;55;0;0;65;78;83;9;82;88;0;0;48;70;85;56;84;80;0;0;32;60;43;74;99;81;93;91;0;0;25;23;57;0;0;92;72;64;98;69;0;0;77;95;10;61;94;96;0;0;37;21;3;20;24;54;53;100;68;0;0;35;18;62;58;87;90;0,TabuSearch
31,pliki//100 lokacji//RC201.txt,200,50,swap,False,2,38043,44699.70640055649,1184.570450949358,41770.56549865777,1744.5704509493585,33285.546920821995,2027.4969273731547,28670.55306607568,2587.4969273731554,10,300009.2191,0;25;37;52;94;61;54;81;90;0;0;92;84;64;95;96;0;0;4;65;66;0;0;76;13;87;9;10;0;0;98;78;86;18;21;0;0;32;60;48;43;100;70;0;0;57;83;69;0;0;85;3;62;77;35;53;20;24;74;93;80;0;0;72;23;99;82;55;0;0;58;88;56;91;68;0,TabuSearch
32,pliki//100 lokacji//RC201.txt,200,50,swap,False,2,39042,44311.977380596094,1354.6062522293207,41012.76487613745,1944.6062522293207,33414.26954130399,2125.0911162913903,28574.08730872121,2715.0911162913903,10,300005.7338,0;30;1;48;87;57;66;90;0;0;4;60;69;0;0;65;70;71;96;81;0;0;77;40;73;49;53;41;93;54;0;0;76;12;74;86;99;0;0;92;52;61;64;10;98;55;0;0;35;25;37;85;20;100;68;80;0;0;95;43;88;62;67;94;0;0;39;72;24;51;84;91;0;0;38;56;83;82;0,TabuSearch
32,pliki//100 lokacji//RC201.txt,200,50,swap,False,2,39043,44311.977380596094,1354.6062522293207,41012.76487613745,1944.6062522293207,32803.72987980071,2030.6897444619003,28152.350390876913,2620.6897444619003,10,300018.6581,0;77;35;74;20;51;85;66;80;0;0;43;52;10;86;99;0;0;40;4;88;0;0;65;24;60;69;98;0;0;25;1;70;68;0;0;56;39;38;41;0;0;92;72;71;95;83;57;91;0;0;76;82;62;64;94;61;0;0;30;73;37;87;53;90;48;100;55;93;54;0;0;49;12;84;67;96;81;0,TabuSearch
33,pliki//100 lokacji//RC201.txt,200,50,swap,False,2,40042,39496.78726200901,1190.2536060375355,36526.28004993394,1780.2536060375355,28140.162488616043,2023.7362975137742,23502.689893588496,2613.736297513774,10,300007.7847,0;50;72;67;95;64;56;0;0;65;17;70;88;98;0;0;4;69;55;0;0;34;60;44;71;81;80;0;0;41;86;57;66;0;0;73;39;49;3;20;87;24;74;37;93;54;0;0;92;76;84;82;99;0;0;35;62;38;51;85;91;0;0;63;40;12;53;61;100;68;90;0;0;16;83;52;96;94;0,TabuSearch
33,pliki//100 lokacji//RC201.txt,200,50,swap,False,2,40043,39496.78726200901,1190.2536060375355,36526.28004993394,1780.2536060375355,28605.117811980206,2096.362940546573,23822.39193088706,2686.3629405465726,10,300004.1422,0;40;70;68;0;0;35;16;85;24;3;87;93;54;100;0;0;92;72;86;82;69;0;0;65;34;64;61;55;0;0;41;20;84;50;62;67;0;0;73;44;49;37;53;60;57;74;66;0;0;4;96;88;98;0;0;63;12;71;81;94;80;90;0;0;17;51;83;52;99;91;0;0;38;39;76;95;56;0,TabuSearch
34,pliki//100 lokacji//RC201.txt,200,50,swap,False,2,41042,39400.53614346433,1159.1729129783246,36542.19031750767,1699.1729129783246,28566.670874842755,1796.6775220501909,24433.315830742373,2336.677522050191,10,300007.6395,0;38;96;54;0;0;6;2;68;0;0;35;87;1;44;93;91;81;0;0;43;95;41;56;80;0;0;11;10;0;0;92;3;9;88;98;55;0;0;7;83;62;84;64;52;99;0;0;32;73;77;13;85;74;53;90;66;37;100;70;0;0;40;71;61;67;94;0;0;65;12;82;69;0,TabuSearch
34,pliki//100 lokacji//RC201.txt,200,50,swap,False,2,41043,39400.53614346433,1159.1729129783246,36542.19031750767,1699.1729129783246,28737.53689426903,1873.6842804194775,24450.168333430072,2413.684280419478,10,300005.277,0;65;11;69;0;0;38;10;88;98;66;0;0;7;67;84;94;80;0;0;77;62;73;44;13;53;1;3;70;100;0;0;32;12;37;99;85;91;55;90;0;0;40;95;43;71;61;81;0;0;68;0;0;2;82;83;64;56;0;0;35;74;9;87;52;93;54;0;0;92;6;41;96;0,TabuSearch
35,pliki//100 lokacji//RC201.txt,200,50,swap,False,2,42042,44754.39581483462,1277.916276557687,41638.56326171925,1837.916276557687,33392.99323448979,1905.1959983655622,29022.601237758663,2465.1959983655624,10,300004.064,0;83;43;41;95;64;66;0;0;65;69;0;0;31;15;52;67;8;85;77;74;20;24;0;0;17;79;99;82;0;0;63;70;62;50;56;91;0;0;88;94;96;80;0;0;35;1;78;98;0;0;92;6;2;55;0;0;73;48;46;13;93;81;100;60;53;90;0;0;37;58;84;54;61;68;0,TabuSearch
35,pliki//100 lokacji//RC201.txt,200,50,swap,False,2,42043,44754.39581483462,1277.916276557687,41638.56326171925,1837.916276557687,33416.09078661768,2072.017125709926,28712.056535197826,2632.017125709926,10,300002.563,0;31;73;60;88;55;90;0;0;6;1;96;81;0;0;17;35;50;91;0;0;82;63;15;37;24;53;100;66;80;0;0;65;54;83;64;56;0;0;58;62;99;70;61;68;0;0;92;8;41;52;84;67;94;0;0;2;69;0;0;79;78;98;0;0;46;95;13;43;74;85;93;77;48;20;0,TabuSearch
36,pliki//100 lokacji//RC201.txt,200,50,swap,False,2,43042,39502.4195986155,1093.5225137570387,36755.37457110143,1653.522513757039,28935.748715611422,1909.765687869034,24556.217339873354,2469.765687869034,10,300002.4297,0;43;83;82;85;8;60;53;90;0;0;65;41;61;96;0;0;62;39;3;24;81;20;73;100;93;54;80;0;0;79;6;55;68;0;0;37;52;44;51;87;74;57;66;0;0;92;7;88;98;69;0;0;76;2;84;91;0;0;50;86;99;0;0;38;67;94;70;0;0;40;71;95;64;56;0,TabuSearch
36,pliki//100 lokacji//RC201.txt,200,50,swap,False,2,43043,39502.4195986155,1093.5225137570387,36755.37457110143,1653.522513757039,28691.107263109843,1900.972538762086,24329.162185585672,2460.972538762086,10,300007.464,0;40;95;99;94;91;0;0;8;50;74;60;53;68;0;0;65;92;88;82;98;69;0;0;52;37;62;51;41;24;20;90;80;0;0;39;87;3;57;73;85;84;67;93;100;55;0;0;86;96;0;0;79;2;6;0;0;76;83;43;44;61;0;0;38;70;54;81;0;0;7;71;64;56;66;0,TabuSearch
37,pliki//100 lokacji//RC201.txt,200,50,swap,False,2,44042,40810.124829267974,1154.7110860003547,37910.70265726727,1744.7110860003547,27755.320965014664,2233.6897298735025,22697.94150526766,2823.689729873502,10,300007.9926,0;29;73;48;37;32;93;54;81;53;60;100;0;0;40;95;99;98;88;61;0;0;63;44;1;57;82;66;90;0;0;17;51;86;84;67;0;0;30;8;87;49;68;91;80;0;0;65;6;2;55;0;0;18;13;43;74;52;85;56;94;0;0;31;83;62;64;22;0;0;70;69;0;0;92;7;71;96;0,TabuSearch
37,pliki//100 lokacji//RC201.txt,200,50,swap,False,2,44043,40810.124829267974,1154.7110860003547,37910.70265726727,1744.7110860003547,28121.407736496534,2241.0081678613547,23049.391400773828,2831.008167861355,10,300005.9577,0;63;71;81;6;98;88;55;0;0;13;29;8;93;60;87;48;37;43;100;0;0;70;69;0;0;44;30;52;57;64;56;0;0;17;32;61;68;53;49;99;90;0;0;2;62;22;67;91;0;0;65;86;51;84;0;0;92;95;31;96;0;0;40;83;94;66;82;0;0;73;85;7;18;74;1;54;80;0,TabuSearch
38,pliki//100 lokacji//RC201.txt,200,50,swap,False,2,45042,40828.99862072318,1252.7198293119113,37773.55896209935,1802.7198293119113,28881.23394533927,2111.505387033961,24108.223171271347,2661.505387033961,10,300001.4303,0;52;37;62;99;41;20;93;91;80;0;0;50;64;82;69;0;0;72;33;16;61;67;85;84;81;0;0;92;26;53;60;88;0;0;43;38;68;0;0;39;12;98;55;70;0;0;77;44;87;24;32;3;35;54;100;0;0;34;73;57;56;66;90;0;0;40;83;86;0;0;65;94;96;0,TabuSearch
38,pliki//100 lokacji//RC201.txt,200,50,swap,False,2,45043,40828.99862072318,1252.7198293119113,37773.55896209935,1802.7198293119113,28732.96390348517,1950.1142384545524,24282.735426576066,2500.114238454553,10,300011.5748,0;84;57;83;64;0;0;26;52;62;99;66;91;90;0;0;65;86;70;55;0;0;92;60;98;88;69;0;0;12;37;72;56;50;81;0;0;33;73;32;77;53;3;20;100;54;93;80;0;0;35;87;24;34;67;85;94;0;0;40;38;0;0;43;39;61;96;0;0;16;82;44;41;68;0,TabuSearch
39,pliki//100 lokacji//RC201.txt,200,50,swap,False,2,46042,44115.00297433126,1279.9828951190896,40955.03718409309,1879.9828951190898,31089.7000499222,2112.3307748011557,26265.03850031989,2712.3307748011553,10,300009.2288,0;38;7;6;68;0;0;87;31;43;61;70;90;0;0;17;37;41;71;96;0;0;4;95;66;80;0;0;46;50;62;67;94;0;0;40;83;86;52;82;0;0;32;8;85;3;57;99;49;24;20;74;0;0;65;29;73;44;53;48;81;93;60;100;55;0;0;92;84;88;98;69;0;0;9;54;64;56;91;0,TabuSearch
39,pliki//100 lokacji//RC201.txt,200,50,swap,False,2,46043,44115.00297433126,1279.9828951190896,40955.03718409309,1879.9828951190898,31589.792529971823,2344.098905088889,26301.594719794044,2944.098905088888,10,300004.0756,0;40;92;66;80;0;0;62;8;49;73;3;85;41;37;43;32;93;0;0;38;95;20;94;100;70;0;0;46;52;6;71;55;54;81;0;0;29;83;7;48;74;53;60;91;0;0;86;56;88;69;0;0;17;31;61;9;99;90;0;0;65;4;68;0;0;87;50;64;57;82;0;0;24;44;98;67;84;96;0,TabuSearch
40,pliki//100 lokacji//RC201.txt,200,50,swap,False,2,47042,44017.451935724166,1338.390224777804,40760.67148616856,1918.390224777804,32588.274426994212,2007.4132753908016,27993.44787621261,2587.4132753908016,10,300005.005,0;12;2;53;88;98;0;0;47;62;77;17;85;3;90;13;100;54;93;91;0;0;38;60;69;0;0;40;95;61;70;68;0;0;43;87;71;99;67;56;0;0;65;96;10;82;0;0;8;46;7;6;55;0;0;52;37;49;25;86;74;57;0;0;4;83;64;66;0;0;92;73;48;58;81;94;80;0,TabuSearch
40,pliki//100 lokacji//RC201.txt,200,50,swap,False,2,47043,44017.451935724166,1338.390224777804,40760.67148616856,1918.390224777804,32356.529383259698,2046.905363024816,27682.718657210065,2626.905363024816,10,300004.0982,0;13;95;38;67;94;54;0;0;65;2;55;0;0;52;40;62;8;7;60;90;0;0;47;37;77;46;53;87;74;100;56;91;0;0;4;83;64;66;0;0;92;57;96;81;68;0;0;3;25;61;17;48;49;85;93;80;0;0;73;71;10;86;99;0;0;58;12;82;98;69;0;0;43;70;6;88;0,TabuSearch
41,pliki//100 lokacji//RC201.txt,200,50,swap,False,2,48042,40025.91217813738,1192.3925152903764,37081.12714755663,1752.3925152903764,29659.70533780925,1982.55338370767,25134.59857039391,2542.5533837076696,10,300018.2634,0;39;77;43;8;84;74;91;93;100;0;0;11;78;88;0;0;87;13;86;15;98;0;0;50;82;41;67;61;81;0;0;65;57;83;69;0;0;35;17;64;54;55;90;0;0;95;44;2;70;68;0;0;92;94;96;0;0;52;5;62;37;73;24;56;66;80;0;0;72;60;40;53;12;99;0,TabuSearch
41,pliki//100 lokacji//RC201.txt,200,50,swap,False,2,48043,40025.91217813738,1192.3925152903764,37081.12714755663,1752.3925152903764,29787.174391705346,1940.77859339783,25345.617204909686,2500.77859339783,10,300006.4295,0;72;77;37;13;8;74;93;24;91;80;0;0;65;92;83;60;88;0;0;15;56;64;57;99;0;0;50;84;86;52;0;0;39;5;40;43;55;90;0;0;17;44;54;98;12;70;100;0;0;2;82;69;68;0;0;41;95;96;62;94;0;0;35;87;67;61;81;73;53;66;0;0;11;78;0,TabuSearch
42,pliki//100 lokacji//RC201.txt,200,50,swap,False,2,49042,39517.8652547543,1215.2960978311853,36487.27305909193,1815.2960978311858,27274.140044324682,2020.116716023818,22633.906612277045,2620.116716023818,10,300002.8351,0;40;57;82;69;0;0;50;41;54;96;0;0;36;72;71;56;64;0;0;39;78;79;53;88;0;0;45;43;38;68;0;0;42;21;1;67;91;66;90;0;0;92;83;95;94;0;0;65;84;98;46;55;80;0;0;62;13;44;20;99;8;3;35;37;93;0;0;63;73;61;52;51;74;85;81;60;70;100;0,TabuSearch
42,pliki//100 lokacji//RC201.txt,200,50,swap,False,2,49043,39517.8652547543,1215.2960978311853,36487.27305909193,1815.2960978311858,27212.76688379392,2031.3567078632798,22550.05346806736,2631.35670786328,10,300004.9647,0;21;8;62;71;13;46;74;91;93;96;0;0;1;61;64;82;69;0;0;63;3;51;73;37;81;100;70;68;0;0;39;45;44;43;52;99;55;0;0;42;79;20;85;50;80;0;0;92;78;60;88;98;0;0;35;95;53;57;67;56;90;0;0;40;38;41;0;0;65;84;83;66;0;0;36;72;54;94;0,TabuSearch
43,pliki//100 lokacji//RC201.txt,200,50,swap,False,2,50042,41461.68590607372,1110.3256604992675,38671.03458507519,1680.3256604992673,30273.857954897496,2016.0723411569375,25671.71327258362,2586.0723411569375,11,300005.5126,0;69;0;0;10;41;71;96;0;0;1;38;81;98;88;0;0;92;22;57;0;0;17;32;35;54;66;90;0;0;40;84;64;56;0;0;65;99;95;61;68;0;0;12;60;50;62;67;94;0;0;13;29;46;52;85;53;37;100;93;43;80;91;0;0;86;83;9;82;0;0;30;44;20;16;73;70;55;0,TabuSearch
43,pliki//100 lokacji//RC201.txt,200,50,swap,False,2,50043,41461.68590607372,1110.3256604992675,38671.03458507519,1680.3256604992673,30550.201431609792,2126.454742801527,25727.291946006735,2696.4547428015276,10,300007.3046,0;35;83;88;98;94;80;0;0;40;55;70;41;61;0;0;44;9;64;52;57;66;0;0;30;82;37;67;73;13;85;93;54;91;0;0;38;62;95;56;68;0;0;50;92;71;96;0;0;22;86;0;0;65;16;60;69;0;0;1;84;43;99;90;17;53;0;0;12;29;10;32;20;81;46;100;0,TabuSearch
44,pliki//100 lokacji//RC201.txt,200,50,swap,False,2,51042,41556.744940233795,1209.89652786426,38586.95188450528,1759.89652786426,31096.513676530565,1913.2051284425163,26720.10341964553,2463.205128442516,10,300001.3559,0;63;13;62;37;85;77;53;93;100;74;91;80;0;0;35;79;70;55;0;0;48;7;73;10;60;90;0;0;17;61;81;94;96;0;0;59;95;57;88;68;0;0;65;44;54;38;41;0;0;40;24;82;98;71;67;0;0;86;64;83;66;0;0;92;43;52;99;56;0;0;4;6;69;0,TabuSearch
44,pliki//100 lokacji//RC201.txt,200,50,swap,False,2,51043,41556.744940233795,1209.89652786426,38586.95188450528,1759.89652786426,31133.202842872968,1883.7455921656162,26815.71165854174,2433.745592165616,10,300002.2513,0;63;73;44;74;17;6;60;53;90;0;0;7;86;10;98;0;0;13;40;62;85;67;81;91;80;0;0;77;43;48;24;93;66;100;55;0;0;79;95;41;70;68;0;0;65;37;38;71;94;0;0;35;52;56;88;61;54;0;0;4;83;57;64;0;0;92;96;0;0;59;99;82;69;0,TabuSearch
45,pliki//100 lokacji//RC201.txt,200,50,swap,False,2,52042,43814.30610019337,1364.591132910541,40505.12383437228,1944.5911329105409,32049.583936429794,2182.005368297343,27105.573199835108,2762.005368297343,10,300012.0405,0;52;95;64;71;96;68;0;0;38;83;8;46;70;0;0;65;4;2;69;0;0;62;77;43;74;6;100;54;81;90;0;0;58;1;41;61;55;0;0;44;13;67;87;60;53;66;80;0;0;78;57;99;88;0;0;92;94;10;98;82;0;0;97;79;7;0;0;3;32;73;35;85;37;56;93;91;0,TabuSearch
45,pliki//100 lokacji//RC201.txt,200,50,swap,False,2,52043,43814.30610019337,1364.591132910541,40505.12383437228,1944.5911329105409,32356.00512001994,2090.9046684640302,27594.19578309188,2670.9046684640302,10,300007.0553,0;97;95;67;64;66;0;0;77;44;41;52;57;70;90;0;0;87;79;82;98;88;0;0;35;7;71;96;61;0;0;92;10;6;60;55;0;0;78;83;99;69;0;0;3;62;13;8;85;53;74;32;37;93;100;68;0;0;58;2;73;1;46;54;0;0;4;38;81;80;0;0;65;43;94;56;91;0,TabuSearch
46,pliki//100 lokacji//RC201.txt,200,50,swap,False,2,53042,42930.80443066306,1187.7908780593305,40005.222674544406,1737.7908780593305,32571.053836875544,1937.0671587129825,28146.919519449577,2487.067158712983,10,300021.0288,0;15;85;37;87;74;46;90;66;91;0;0;51;2;88;98;0;0;58;53;56;54;61;68;0;0;77;1;17;84;49;20;93;81;0;0;32;12;67;6;60;100;55;0;0;4;99;82;69;0;0;92;83;70;96;0;0;50;64;62;71;94;0;0;13;95;7;52;86;57;80;0;0;65;0,TabuSearch
46,pliki//100 lokacji//RC201.txt,200,50,swap,False,2,53043,42930.80443066306,1187.7908780593305,40005.222674544406,1737.7908780593305,32720.676856641952,1995.6195489321178,28179.437758777716,2545.619548932118,10,300001.3453,0;2;70;0;0;58;67;7;49;1;37;68;0;0;65;51;84;0;0;95;15;57;82;12;98;0;0;4;86;64;66;0;0;32;17;77;46;13;60;53;90;91;0;0;74;71;96;56;80;0;0;92;50;83;52;99;0;0;85;6;62;61;20;100;81;93;94;0;0;87;54;55;88;69;0,TabuSearch
47,pliki//100 lokacji//RC201.txt,200,50,swap,False,2,54042,41507.729227666605,1169.133862364328,38599.46150293794,1739.133862364328,30670.158828213498,2157.9471510058975,25784.264526201703,2727.9471510058975,10,300002.5326,0;30;73;77;67;81;90;24;100;66;80;0;0;4;95;83;64;0;0;32;52;40;71;54;94;0;0;35;9;60;88;55;0;0;50;57;99;82;69;0;0;29;87;61;20;85;84;96;0;0;65;43;13;53;62;34;93;0;0;31;1;37;38;44;0;0;86;41;98;56;91;0;0;92;70;68;0,TabuSearch
47,pliki//100 lokacji//RC201.txt,200,50,swap,False,2,54043,41507.729227666605,1169.133862364328,38599.46150293794,1739.133862364328,30772.985123767317,2165.207936521908,25872.569250723504,2735.207936521908,10,300005.8493,0;32;38;71;67;94;0;0;20;50;95;66;69;98;0;0;43;30;73;24;87;57;81;93;0;0;34;99;44;41;61;0;0;31;82;70;68;0;0;29;13;37;85;77;100;56;91;80;0;0;64;92;83;54;96;0;0;65;4;88;0;0;35;52;62;84;60;55;90;0;0;86;40;1;9;53;0,TabuSearch
48,pliki//100 lokacji//RC201.txt,200,50,swap,False,2,55042,44580.33085823179,1417.9915254524642,41114.347807326856,2047.9915254524642,30756.195087834796,2400.506016113749,25325.1830556073,3030.506016113749,11,300007.6498,0;44;21;3;87;57;56;85;93;0;0;28;73;67;58;37;74;77;48;32;91;0;0;33;46;88;54;71;96;0;0;2;70;68;0;0;65;82;83;95;84;0;0;17;60;62;38;61;55;0;0;13;52;50;94;80;0;0;30;86;98;7;53;99;90;0;0;63;40;29;25;20;81;6;100;0;0;92;34;64;66;0;0;69;0,TabuSearch
48,pliki//100 lokacji//RC201.txt,200,50,swap,False,2,55043,44580.33085823179,1417.9915254524642,41114.347807326856,2047.9915254524642,30265.583968114588,2527.0220472827245,24581.53987354914,3157.0220472827236,10,300003.48,0;3;29;17;25;53;74;20;66;0;0;73;33;87;37;58;56;77;48;93;100;0;0;34;57;99;82;0;0;44;96;64;50;62;0;0;28;13;6;81;67;54;32;85;80;0;0;63;46;7;88;98;55;61;0;0;86;30;71;91;68;0;0;21;52;84;40;60;90;0;0;65;38;94;95;70;0;0;92;83;2;69;0,TabuSearch
49,pliki//100 lokacji//RC201.txt,200,50,swap,False,2,56042,36884.66386985151,1224.804333925804,33905.055201999894,1754.804333925804,27083.150781802113,1990.2363807014935,22572.678020399126,2520.2363807014935,10,300009.0422,0;16;44;82;88;55;0;0;7;52;60;12;98;90;0;0;1;62;54;41;40;0;0;48;37;85;61;49;70;93;66;91;100;0;0;32;73;21;53;94;24;20;80;0;0;50;68;0;0;65;63;22;64;0;0;76;83;81;84;56;0;0;35;96;92;95;69;0;0;38;2;6;0,TabuSearch
49,pliki//100 lokacji//RC201.txt,200,50,swap,False,2,56043,36884.66386985151,1224.804333925804,33905.055201999894,1754.804333925804,27108.573453910685,1860.2625729772715,22858.048307956145,2390.2625729772712,10,300021.7005,0;76;95;64;84;56;0;0;38;1;2;0;0;65;83;96;68;0;0;40;60;94;66;0;0;41;6;82;70;88;90;0;0;92;50;0;0;37;21;62;44;49;20;53;100;55;0;0;63;73;52;35;85;32;24;93;91;80;0;0;16;48;7;61;54;81;0;0;22;12;98;69;0,TabuSearch
0,pliki//100 lokacji//C101.txt,50,300,swap,False,2,30542,15893.915921003092,1294.4721200868219,8984.971680829447,5614.472120086822,12636.317099709338,1797.7353526908314,4720.846394327677,6117.73535269083,11,300033.3165,0;65;41;83;16;59;23;0;0;90;37;92;11;6;0;0;86;7;40;74;0;0;5;54;29;46;0;0;43;94;44;97;14;51;0;0;24;95;10;15;0;0;13;31;0;0;67;63;0;0;20;25;8;0;0;32;18;27;30;0;0;98;19;84;61;45;64;89;91;0,ABC
0,pliki//100 lokacji//C101.txt,50,300,swap,False,2,30543,15893.915921003092,1294.4721200868219,8984.971680829447,5614.472120086822,12668.297942283778,1852.955465471554,4642.387011340671,6172.955465471554,11,300368.6585,0;41;18;74;0;0;43;95;29;46;0;0;65;63;8;30;0;0;90;31;10;16;0;0;24;86;40;97;14;23;0;0;20;25;0;0;5;54;83;84;45;0;0;32;94;15;11;0;0;98;37;92;61;59;64;0;0;67;19;27;44;6;51;89;91;0;0;13;7;0,ABC
1,pliki//100 lokacji//C101.txt,50,300,swap,False,2,31542,15297.981810093605,1324.1555224765964,8149.67076514041,5824.155522476598,12561.036256394204,1968.9672631959356,4123.101730002333,6468.967263195936,11,300277.9741,0;90;86;27;82;28;12;0;0;98;35;72;88;0;0;20;76;92;84;59;51;0;0;43;94;83;11;85;68;0;0;57;63;0;0;5;41;62;37;46;0;0;33;54;44;0;0;13;7;8;0;0;67;95;29;93;0;0;3;31;73;61;23;26;66;47;0;0;32;18;19;0,ABC
1,pliki//100 lokacji//C101.txt,50,300,swap,False,2,31543,15297.981810093605,1324.1555224765964,8149.67076514041,5824.155522476598,12749.691841245298,1962.6702174024042,4324.35140644049,6462.670217402404,11,300417.6392,0;20;86;62;37;46;0;0;90;95;94;82;84;0;0;98;27;92;61;23;26;47;0;0;33;54;44;0;0;3;18;83;11;12;51;0;0;32;31;0;0;57;8;88;0;0;43;7;19;72;85;68;0;0;13;76;29;73;59;66;0;0;5;41;35;93;28;0;0;67;63;0,ABC
2,pliki//100 lokacji//C101.txt,50,300,swap,False,2,32542,18197.77667679667,1273.9746952723317,10969.827286252006,5953.974695272333,13600.773585457413,2176.9823605986508,4566.808864260111,6856.982360598652,11,300940.112,0;57;8;29;9;85;0;0;32;54;0;0;43;42;74;0;0;17;71;30;64;79;68;69;0;0;20;7;53;97;36;51;0;0;5;86;40;11;77;59;1;4;0;0;3;25;19;37;0;0;13;35;44;73;48;0;0;90;18;58;45;0;0;98;41;10;39;14;12;0;0;67;63;0,ABC
2,pliki//100 lokacji//C101.txt,50,300,swap,False,2,32543,18197.77667679667,1273.9746952723317,10969.827286252006,5953.974695272333,14030.950474813613,2108.7545806484445,5133.441313516723,6788.754580648444,11,300755.7446,0;90;18;74;0;0;42;7;71;45;48;59;0;0;43;25;8;0;0;20;17;53;77;36;51;69;0;0;98;35;44;97;9;0;0;3;86;37;11;79;68;1;4;0;0;57;19;10;39;14;12;0;0;32;54;0;0;13;41;40;73;85;0;0;5;58;29;30;64;0;0;67;63;0,ABC
3,pliki//100 lokacji//C101.txt,50,300,swap,False,2,33542,20135.49706241284,1383.8536891984713,12597.789684015897,6153.853689198471,14939.725164939948,2280.877616520692,5607.969931898563,7050.877616520693,11,300322.9575,0;90;31;16;11;9;0;0;67;25;0;0;3;54;10;84;85;0;0;43;7;56;72;39;51;0;0;18;53;92;60;34;0;0;32;27;8;0;0;13;41;74;0;0;5;86;94;70;68;64;4;91;0;0;98;35;77;14;36;66;49;75;0;0;24;63;46;0;0;20;83;37;73;88;0,ABC
3,pliki//100 lokacji//C101.txt,50,300,swap,False,2,33543,20135.49706241284,1383.8536891984713,12597.789684015897,6153.853689198471,14644.999587155271,2288.1858649923515,5298.627857170568,7058.1858649923515,11,300525.7885,0;43;86;35;73;34;4;49;75;0;0;20;63;0;0;24;70;92;84;85;0;0;13;41;16;9;0;0;5;94;56;14;36;51;91;0;0;90;7;83;11;77;88;66;0;0;18;53;10;39;68;0;0;67;31;8;72;60;64;0;0;98;27;37;46;0;0;3;54;74;0;0;32;25;0,ABC
4,pliki//100 lokacji//C101.txt,50,300,swap,False,2,34542,19826.00687511043,1161.1696011471624,12373.667672816104,6291.169601147163,15223.813545474004,2262.2539956018572,5569.3055542702905,7392.253995601856,11,301032.2753,0;13;31;27;11;45;48;0;0;5;25;0;0;90;18;70;30;4;34;0;0;98;37;44;73;36;68;52;69;0;0;24;54;94;72;61;79;50;0;0;67;86;53;46;0;0;20;95;83;39;28;26;0;0;57;19;10;58;59;80;0;0;32;41;62;74;9;0;0;17;35;29;15;0;0;43;7;8;0,ABC
4,pliki//100 lokacji//C101.txt,50,300,swap,False,2,34543,19826.00687511043,1161.1696011471624,12373.667672816104,6291.169601147163,15437.161637532154,2249.115693091781,5808.930251348592,7379.1156930917805,11,300520.999,0;32;54;53;0;0;43;95;37;58;59;4;0;0;5;86;35;73;36;34;50;0;0;13;31;27;10;9;0;0;20;17;44;15;30;0;0;94;18;70;45;79;80;52;69;0;0;90;25;62;46;0;0;57;19;74;72;0;0;67;8;83;39;28;26;0;0;24;7;0;0;98;41;29;11;61;48;68;0,ABC
5,pliki//100 lokacji//C101.txt,50,300,swap,False,2,35542,18491.89461423253,1397.9352568597114,10566.024100513105,6527.935256859711,13887.923255554711,2182.7679788744417,4392.387297805829,7312.767978874441,12,301164.12,0;17;31;72;11;64;88;0;0;32;54;44;0;0;55;8;58;77;79;0;0;57;27;29;60;0;0;98;18;53;14;68;66;0;0;13;62;35;61;59;48;50;0;0;24;76;71;46;45;23;0;0;43;7;10;15;0;0;67;0;0;20;0;0;5;86;37;73;36;51;52;49;0;0;90;41;83;82;84;89;0,ABC
5,pliki//100 lokacji//C101.txt,50,300,swap,False,2,35543,18491.89461423253,1397.9352568597114,10566.024100513105,6527.935256859711,14224.025463438446,2197.4849875666237,4699.055488305198,7327.484987566624,12,300733.6155,0;43;7;44;58;14;23;0;0;98;62;35;84;79;0;0;5;76;53;77;64;68;66;0;0;55;37;61;11;89;88;0;0;13;31;72;60;48;36;0;0;90;86;27;15;0;0;32;18;29;46;0;0;20;0;0;24;54;0;0;17;83;10;73;59;51;50;52;49;0;0;57;8;0;0;67;41;71;82;45;0,ABC
6,pliki//100 lokacji//C101.txt,50,300,swap,False,2,36542,12339.307830541822,1346.4393301261596,5686.4291702895025,5306.43933012616,10940.651114229804,1521.1031848404864,3938.4447445488295,5481.103184840487,10,300384.1303,0;43;42;94;30;39;36;0;0;3;25;35;10;0;0;67;63;27;0;0;5;86;82;70;73;61;0;0;90;18;8;11;9;64;0;0;32;33;44;0;0;13;7;15;0;0;57;54;0;0;24;76;84;45;100;89;80;0;0;20;95;37;12;0,ABC
6,pliki//100 lokacji//C101.txt,50,300,swap,False,2,36543,12339.307830541822,1346.4393301261596,5686.4291702895025,5306.43933012616,11028.880797935324,1820.0900585213856,3428.700680892554,5780.090058521385,12,300781.1069,0;42;94;30;45;12;89;80;0;0;67;7;70;39;36;0;0;90;18;37;73;100;0;0;20;63;27;0;0;24;76;82;84;61;64;0;0;3;25;35;10;0;0;57;0;0;13;95;8;0;0;33;54;44;0;0;43;86;15;11;9;0;0;5;0;0;32;0,ABC
7,pliki//100 lokacji//C101.txt,50,300,swap,False,2,37542,18386.164738292548,1422.5551274305549,10861.054483431437,6102.555127430556,14028.881665283465,2099.7225779626783,5149.436509358108,6779.722577962679,12,300580.7844,0;86;7;8;92;6;0;0;5;18;94;73;61;64;89;0;0;20;70;37;46;0;0;67;0;0;57;41;71;82;9;0;0;43;25;74;0;0;24;83;15;11;36;26;1;0;0;13;0;0;98;31;35;77;59;4;49;0;0;90;76;30;58;48;0;0;42;95;10;84;0;0;32;54;44;0,ABC
7,pliki//100 lokacji//C101.txt,50,300,swap,False,2,37543,18386.164738292548,1422.5551274305549,10861.054483431437,6102.555127430556,13776.91975436914,2177.4795997695983,4741.960554829944,6857.479599769598,11,300702.996,0;5;76;15;36;26;0;0;24;95;83;58;0;0;43;94;70;6;59;0;0;32;74;0;0;20;54;10;30;0;0;42;25;35;37;0;0;67;18;44;11;77;4;1;49;0;0;13;7;8;0;0;90;31;92;46;48;0;0;98;41;82;73;61;64;89;0;0;57;86;71;84;9;0,ABC
8,pliki//100 lokacji//C101.txt,50,300,swap,False,2,38542,17349.541320495668,1333.4657420375613,10092.609836420546,5923.4657420375615,13315.200203882567,2089.805882886556,4545.588438109455,6679.805882886556,12,300440.2426,0;5;27;82;30;39;59;66;0;0;98;41;44;84;61;45;0;0;67;86;8;46;0;0;3;54;53;0;0;78;19;73;60;36;23;0;0;32;18;15;0;0;33;25;37;0;0;90;95;83;38;64;26;0;0;13;76;29;77;80;34;52;47;0;0;43;74;62;0;0;20;0;0;57;0,ABC
8,pliki//100 lokacji//C101.txt,50,300,swap,False,2,38543,17349.541320495668,1333.4657420375613,10092.609836420546,5923.4657420375615,13164.826364343116,2086.601711173673,4401.622941995771,6676.601711173673,11,300412.4195,0;13;62;74;0;0;90;27;44;46;30;0;0;67;78;37;77;26;34;52;47;0;0;98;41;82;61;64;0;0;33;83;29;60;80;66;0;0;3;54;15;0;0;32;76;84;73;59;36;23;0;0;5;86;53;38;39;45;0;0;43;25;0;0;20;95;8;0;0;57;18;19;0,ABC
9,pliki//100 lokacji//C101.txt,50,300,swap,False,2,39542,14135.230565892121,1347.5938269774867,6850.042911937147,5937.593826977487,12056.220100569228,1797.3886863577477,3871.4427278537314,6387.388686357748,10,300436.1654,0;90;41;29;37;28;68;51;0;0;20;7;8;44;30;34;0;0;43;86;94;92;61;6;89;0;0;5;63;71;73;9;0;0;67;18;10;16;0;0;98;96;19;93;59;99;69;0;0;13;25;27;11;0;0;32;31;62;0;0;57;54;0;0;24;76;46;85;77;80;0,ABC
9,pliki//100 lokacji//C101.txt,50,300,swap,False,2,39543,14135.230565892121,1347.5938269774867,6850.042911937147,5937.593826977487,12351.928676076106,1942.2153865448038,3877.497902986498,6532.215386544805,11,300224.3487,0;32;54;0;0;96;76;16;61;34;0;0;13;7;8;0;0;90;41;92;93;9;6;0;0;5;18;10;73;68;59;51;0;0;98;71;0;0;20;25;62;44;11;0;0;43;94;37;28;99;89;0;0;24;31;27;29;30;77;80;69;0;0;57;63;0;0;67;86;19;46;85;0,ABC
10,pliki//100 lokacji//C101.txt,50,300,swap,False,2,40542,18123.088390910845,1170.1631238299776,11282.762143250888,5670.163123829978,13798.902569191665,2112.9781724296377,5072.946224332391,6612.978172429636,12,300802.0469,0;90;18;56;61;45;59;0;0;57;31;10;0;0;83;41;92;30;9;22;68;0;0;98;37;97;0;0;43;95;29;48;36;12;91;52;0;0;32;54;0;0;13;25;0;0;24;7;53;46;0;0;20;86;27;11;39;50;4;0;0;5;63;0;0;55;8;44;93;64;0;0;67;0,ABC
10,pliki//100 lokacji//C101.txt,50,300,swap,False,2,40543,18123.088390910845,1170.1631238299776,11282.762143250888,5670.163123829978,13407.377863284946,2051.3029529835294,4804.7719573178865,6551.302952983529,11,300723.5407,0;57;27;93;0;0;43;63;0;0;67;95;56;30;48;50;0;0;13;86;37;61;45;0;0;5;54;0;0;98;53;44;46;0;0;24;7;8;10;97;0;0;20;41;83;39;9;12;0;0;90;31;92;36;64;4;91;0;0;32;25;0;0;55;18;29;11;59;22;68;52;0,ABC
11,pliki//100 lokacji//C101.txt,50,300,swap,False,2,41542,18133.252087390698,1340.907082316091,10771.437922758514,6020.907082316091,13557.080020139198,1887.670583437798,5101.738853263601,6567.670583437798,12,300137.4027,0;57;54;0;0;24;86;40;11;97;4;99;0;0;13;7;8;0;0;90;35;44;28;59;60;36;0;0;55;94;37;45;48;91;0;0;33;18;27;0;0;67;41;62;74;0;0;20;25;0;0;43;95;10;30;39;64;0;0;5;0;0;32;83;92;85;0;0;98;31;84;9;89;79;66;0,ABC
11,pliki//100 lokacji//C101.txt,50,300,swap,False,2,41543,18133.252087390698,1340.907082316091,10771.437922758514,6020.907082316091,13571.054284009806,2015.2383789939224,4860.5775260219625,6695.238378993922,11,300740.572,0;43;7;40;85;9;0;0;57;31;27;0;0;90;95;83;11;45;4;99;0;0;13;62;10;30;39;0;0;20;41;94;84;97;89;91;0;0;24;86;37;28;48;64;36;0;0;33;18;0;0;5;25;8;44;0;0;32;54;0;0;67;55;92;60;59;79;66;0;0;98;35;74;0,ABC
12,pliki//100 lokacji//C101.txt,50,300,swap,False,2,42542,18908.971953679757,1433.961725553596,11271.048502572565,6203.961725553595,14102.611229857172,2208.762923422757,4915.085383011658,6978.762923422757,11,300117.8454,0;13;41;15;0;0;71;19;73;36;99;1;75;0;0;67;31;40;30;61;59;22;0;0;3;54;10;11;9;26;0;0;5;95;29;37;0;0;32;25;0;0;57;18;72;85;0;0;90;35;92;48;4;89;0;0;20;86;14;82;12;23;66;52;0;0;43;63;83;0;0;98;7;8;0,ABC
12,pliki//100 lokacji//C101.txt,50,300,swap,False,2,42543,18908.971953679757,1433.961725553596,11271.048502572565,6203.961725553595,14125.53498380631,2239.902332275555,4875.730319255199,7009.902332275557,11,300601.8322,0;32;83;30;85;0;0;20;63;0;0;90;35;73;9;59;89;75;0;0;3;54;92;61;0;0;67;31;19;72;48;36;66;52;0;0;43;86;71;11;12;23;99;1;0;0;98;41;15;0;0;5;25;8;10;0;0;13;7;0;0;57;18;82;14;26;22;0;0;95;40;29;37;4;0,ABC
13,pliki//100 lokacji//C101.txt,50,300,swap,False,2,43542,18800.70150480002,1400.618333596473,11229.464837607075,6170.618333596473,14480.158737412092,2077.5411179995795,5555.076501412934,6847.541117999579,11,300298.6007,0;90;76;83;38;28;26;0;0;43;18;19;30;59;1;4;0;0;33;31;27;0;0;24;86;29;11;9;6;36;0;0;13;70;56;0;0;67;94;39;84;79;80;50;0;0;3;54;92;73;77;0;0;98;53;82;100;64;66;0;0;32;7;45;46;0;0;5;41;40;15;0;0;20;0,ABC
13,pliki//100 lokacji//C101.txt,50,300,swap,False,2,43543,18800.70150480002,1400.618333596473,11229.464837607075,6170.618333596473,14524.10865960284,2414.129687411867,4925.849284779108,7184.129687411866,11,300307.2776,0;98;40;70;84;77;0;0;5;18;53;46;0;0;20;0;0;90;7;94;11;59;64;50;0;0;3;41;92;45;6;0;0;13;86;15;0;0;32;54;38;0;0;76;27;29;9;100;1;4;0;0;67;31;82;39;28;36;0;0;24;33;83;30;79;66;0;0;43;19;56;73;26;80;0,ABC
14,pliki//100 lokacji//C101.txt,50,300,swap,False,2,44542,15211.71859121011,1336.4323934245178,8218.853804361075,5656.432393424517,11771.49694740355,2057.698612733384,3336.0997219367814,6377.698612733384,11,300863.149,0;67;25;35;37;0;0;96;53;16;45;60;0;0;43;7;94;92;84;0;0;57;54;0;0;5;41;10;73;23;36;49;0;0;32;95;44;0;0;20;63;62;0;0;98;18;8;38;0;0;24;76;82;30;39;0;0;13;86;71;9;14;22;0;0;90;31;70;72;0,ABC
14,pliki//100 lokacji//C101.txt,50,300,swap,False,2,44543,15211.71859121011,1336.4323934245178,8218.853804361075,5656.432393424517,11730.54164159773,1776.198670068893,3858.1443014599436,6096.198670068893,11,300385.3606,0;5;25;62;44;0;0;67;54;82;30;0;0;43;95;8;0;0;24;41;35;16;39;36;0;0;20;86;53;73;45;22;49;0;0;98;31;37;38;0;0;32;18;10;84;9;0;0;13;7;94;92;14;23;0;0;90;96;70;72;60;0;0;57;76;71;0;0;63;0,ABC
15,pliki//100 lokacji//C101.txt,50,300,swap,False,2,45542,14989.980586100504,1377.574613584888,8004.831358930728,5607.574613584888,11806.742899676516,1712.2288933060613,4152.285113064391,5942.228893306062,10,300735.652,0;3;27;40;37;60;59;0;0;67;25;35;30;9;0;0;20;63;62;0;0;5;41;83;38;89;79;66;0;0;43;95;29;46;48;26;0;0;98;7;94;92;11;0;0;13;86;10;61;6;0;0;90;31;53;28;0;0;32;8;70;73;0;0;57;54;0,ABC
15,pliki//100 lokacji//C101.txt,50,300,swap,False,2,45543,14989.980586100504,1377.574613584888,8004.831358930728,5607.574613584888,11911.38072831203,1860.7906981045585,3959.7993321029135,6090.790698104559,11,300673.8049,0;67;63;0;0;95;27;92;61;0;0;5;7;94;10;46;0;0;3;41;83;73;60;79;66;0;0;13;70;30;11;0;0;20;86;29;37;6;89;0;0;32;54;40;0;0;90;31;35;9;28;26;0;0;57;0;0;98;25;62;0;0;43;8;53;38;48;59;0,ABC
16,pliki//100 lokacji//C101.txt,50,300,swap,False,2,46542,15287.068770061745,1121.7853824909166,8543.498005079913,5621.785382490916,12701.938837728718,1939.1246924534157,4323.689452821886,6439.124692453415,12,300745.5751,0;54;83;29;88;26;0;0;90;95;19;58;59;0;0;32;33;0;0;98;86;40;44;46;0;0;5;18;82;72;60;79;80;0;0;43;25;62;0;0;24;41;8;15;0;0;57;27;35;84;9;0;0;3;53;10;73;77;99;89;0;0;13;56;37;30;0;0;67;63;0;0;20;0,ABC
16,pliki//100 lokacji//C101.txt,50,300,swap,False,2,46543,15287.068770061745,1121.7853824909166,8543.498005079913,5621.785382490916,12738.14653792457,1811.8902568648057,4614.366024194958,6311.890256864805,11,300228.7142,0;90;53;29;58;60;0;0;13;86;15;0;0;24;18;82;73;9;99;0;0;32;41;62;84;0;0;43;63;35;37;0;0;20;3;83;30;77;79;80;89;0;0;5;95;8;10;0;0;98;27;40;44;46;26;0;0;57;54;0;0;33;25;0;0;67;19;56;72;59;88;0,ABC
17,pliki//100 lokacji//C101.txt,50,300,swap,False,2,47542,17603.83822940423,1617.0713791742805,9419.695471055671,6567.07137917428,13464.573310903797,2248.9450550800498,4016.6832007436965,7198.94505508005,11,300784.2231,0;3;31;82;39;26;0;0;90;7;53;9;14;99;4;0;0;43;94;29;77;88;89;91;0;0;5;62;83;58;0;0;13;25;0;0;32;41;10;15;0;0;20;54;27;30;64;48;0;0;98;35;19;84;79;50;69;0;0;86;18;44;11;28;59;80;0;0;42;95;56;46;0;0;67;63;0,ABC
17,pliki//100 lokacji//C101.txt,50,300,swap,False,2,47543,17603.83822940423,1617.0713791742805,9419.695471055671,6567.07137917428,13616.828423349849,2230.039307892215,4206.749807565418,7180.039307892215,11,300370.8351,0;18;25;27;0;0;43;95;29;58;64;0;0;98;19;44;79;88;89;80;0;0;67;63;0;0;20;31;53;84;14;99;0;0;90;35;82;77;48;4;91;69;0;0;42;7;94;46;28;0;0;32;83;56;9;59;50;0;0;13;86;10;0;0;3;54;15;11;0;0;5;41;62;30;39;26;0,ABC
18,pliki//100 lokacji//C101.txt,50,300,swap,False,2,48542,20889.637957506093,1465.4261198490813,12558.785717807928,6865.426119849082,15641.206338587242,2231.782851610864,5777.640635365516,7631.782851610863,12,300550.6951,0;87;40;29;11;14;6;89;69;0;0;32;7;0;0;42;8;94;23;36;48;59;0;0;98;18;84;85;0;0;5;53;45;44;60;26;51;50;0;0;67;41;83;93;9;99;0;0;43;86;19;72;77;66;68;0;0;90;54;37;46;0;0;96;35;79;39;4;52;91;49;0;0;57;25;27;0;0;13;0;0;20;24;0,ABC
18,pliki//100 lokacji//C101.txt,50,300,swap,False,2,48543,20889.637957506093,1465.4261198490813,12558.785717807928,6865.426119849082,15624.627509480495,2260.4242980676872,5703.7789133451215,7660.424298067686,12,300397.7773,0;96;35;93;9;6;0;0;42;94;29;77;99;51;91;49;0;0;57;25;0;0;20;24;8;0;0;13;86;83;85;0;0;67;54;27;84;23;26;68;0;0;32;7;0;0;98;40;14;46;48;4;0;0;43;18;11;44;60;59;66;69;0;0;87;53;37;72;79;89;0;0;90;41;19;45;36;39;52;50;0;0;5;0,ABC
19,pliki//100 lokacji//C101.txt,50,300,swap,False,2,49542,15177.881718310593,1464.1393578083769,7389.603002693839,6324.139357808377,13272.363569419093,1923.4192273487467,4565.525114721599,6783.419227348747,10,300276.7433,0;65;7;8;10;11;14;26;0;0;90;96;83;39;60;89;69;23;0;0;5;41;53;70;36;59;52;0;0;67;86;94;84;46;45;48;0;0;13;31;35;92;6;0;0;43;95;82;93;77;0;0;32;18;27;61;28;0;0;98;63;0;0;57;54;62;0;0;20;76;74;30;64;0,ABC
19,pliki//100 lokacji//C101.txt,50,300,swap,False,2,49543,15177.881718310593,1464.1393578083769,7389.603002693839,6324.139357808377,13393.81931093935,2173.503688823795,4186.811933291758,7033.503688823796,11,300428.3654,0;96;53;92;39;48;23;0;0;13;76;10;46;36;59;52;0;0;5;63;62;0;0;20;7;27;0;0;90;18;77;14;6;89;69;0;0;67;95;83;93;0;0;57;54;35;11;0;0;43;8;94;84;61;45;0;0;32;86;82;30;28;26;0;0;65;31;70;64;60;0;0;98;41;74;0,ABC
20,pliki//100 lokacji//C101.txt,50,300,swap,False,2,50542,14887.271312275197,1498.9171640409297,7569.436984193338,5818.9171640409295,12410.747628486115,2145.4470482016513,3799.8535320828123,6465.447048201652,11,300786.4439,0;57;54;0;0;98;31;82;84;0;0;5;76;16;61;64;0;0;20;95;8;72;39;23;0;0;90;18;35;77;99;80;1;69;0;0;67;83;62;15;0;0;13;86;74;0;0;24;25;0;0;3;41;71;14;59;51;52;0;0;43;7;19;37;79;34;0;0;63;0,ABC
20,pliki//100 lokacji//C101.txt,50,300,swap,False,2,50543,14887.271312275197,1498.9171640409297,7569.436984193338,5818.9171640409295,12525.967042566921,2033.5741481007292,4138.818746365463,6353.57414810073,11,300731.9037,0;57;54;0;0;98;31;15;0;0;67;95;71;72;0;0;13;41;82;61;79;34;0;0;3;76;37;14;64;99;0;0;90;18;35;77;59;80;1;69;0;0;5;86;62;84;39;23;51;52;0;0;25;7;8;0;0;43;83;74;0;0;20;24;19;16;0;0;63;0,ABC
21,pliki//100 lokacji//C101.txt,50,300,swap,False,2,51542,14790.023852623515,1090.0876385808006,8379.848575461914,5320.087638580801,11451.277295366146,1780.5568331986985,3660.1636289687494,6010.556833198698,12,300187.0716,0;13;7;0;0;98;95;0;0;67;25;8;10;30;0;0;33;0;0;55;19;29;45;0;0;32;18;37;46;0;0;3;63;0;0;90;35;56;14;26;36;0;0;57;31;0;0;43;86;62;77;9;59;22;0;0;5;41;53;44;38;0;0;20;94;27;72;6;4;1;0,ABC
21,pliki//100 lokacji//C101.txt,50,300,swap,False,2,51543,14790.023852623515,1090.0876385808006,8379.848575461914,5320.087638580801,11252.01197703368,1786.987159143276,3448.037658747129,6016.987159143276,12,300250.2824,0;90;35;27;72;9;59;22;0;0;32;7;37;45;0;0;43;18;19;30;38;26;36;0;0;33;31;0;0;20;0;0;3;86;56;46;0;0;57;41;62;0;0;98;53;29;77;4;1;0;0;5;63;0;0;67;95;8;10;0;0;55;94;44;14;6;0;0;13;25;0,ABC
22,pliki//100 lokacji//C101.txt,50,300,swap,False,2,52542,16189.24690660763,1106.780747328854,9475.685411949922,5606.780747328855,13411.455167625967,1832.7084476805126,5246.038272264943,6332.708447680512,11,300526.8557,0;42;18;92;46;0;0;20;41;10;37;39;48;68;52;0;0;3;31;74;0;0;13;40;94;9;100;4;0;0;67;95;83;82;64;0;0;32;25;0;0;98;27;19;85;6;0;0;5;7;8;0;0;43;86;44;11;60;89;99;0;0;90;35;15;61;45;0;0;57;63;0,ABC
22,pliki//100 lokacji//C101.txt,50,300,swap,False,2,52543,16189.24690660763,1106.780747328854,9475.685411949922,5606.780747328855,13443.443080055262,1892.3850685051775,5158.672943044909,6392.385068505177,11,300626.9332,0;5;41;83;82;61;4;89;99;0;0;67;25;19;64;45;48;68;52;0;0;20;7;40;10;85;0;0;43;18;74;0;0;3;31;92;39;6;0;0;42;8;15;0;0;98;95;0;0;57;27;37;60;0;0;90;86;35;11;9;100;0;0;32;94;44;46;0;0;13;63;0,ABC
23,pliki//100 lokacji//C101.txt,50,300,swap,False,2,53542,20113.746267371058,1533.7597234957266,12096.226820379605,6483.759723495727,15037.016973103424,2312.6057822922976,5461.805408518829,7262.605782292298,12,300569.615,0;5;41;94;30;89;79;91;1;0;0;67;54;40;46;0;0;57;19;29;72;0;0;90;7;74;0;0;96;35;11;100;36;23;69;0;0;43;95;44;84;48;68;59;0;0;13;25;0;0;32;83;10;93;26;0;0;55;31;92;14;88;0;0;42;63;0;0;98;18;77;9;99;80;66;0;0;20;0,ABC
23,pliki//100 lokacji//C101.txt,50,300,swap,False,2,53543,20113.746267371058,1533.7597234957266,12096.226820379605,6483.759723495727,14799.076895749407,2299.1613838004287,5250.754128148552,7249.161383800428,12,300424.1655,0;13;25;0;0;20;0;0;43;7;74;0;0;57;54;10;0;0;98;63;92;72;0;0;67;95;40;46;9;0;0;90;18;44;100;48;68;69;0;0;55;19;29;84;88;36;0;0;5;41;94;30;26;79;80;0;0;96;35;93;14;99;23;91;1;0;0;32;83;11;77;89;59;66;0;0;42;31;0,ABC
24,pliki//100 lokacji//C101.txt,50,300,swap,False,2,54542,13966.959386460265,1364.8372043314898,7277.284977797287,5324.837204331489,10709.796283326692,1636.2688450106375,3477.2585933054174,5596.268845010637,11,300630.6533,0;13;95;82;11;0;0;65;63;0;0;24;54;56;0;0;57;18;19;30;0;0;90;31;15;0;0;32;41;53;46;0;0;5;86;44;70;73;48;0;0;98;76;16;14;28;0;0;20;25;8;0;0;43;83;62;37;45;59;79;0;0;67;7;40;0,ABC
24,pliki//100 lokacji//C101.txt,50,300,swap,False,2,54543,13966.959386460265,1364.8372043314898,7277.284977797287,5324.837204331489,10776.981652927992,1521.480080188742,3774.021492550508,5481.480080188741,11,300385.4552,0;5;95;83;37;0;0;43;63;62;0;0;98;76;82;46;28;48;0;0;32;25;0;0;24;41;53;70;73;0;0;90;18;15;30;0;0;67;86;19;16;14;0;0;20;54;56;0;0;13;40;44;11;45;59;79;0;0;65;7;8;0;0;57;31;0,ABC
25,pliki//100 lokacji//C101.txt,50,300,swap,False,2,55542,14383.887816840212,1363.179156583517,7697.529503673175,5323.179156583518,11993.465682677426,1810.9021746077703,4411.661333461883,5770.902174607772,11,300189.472,0;55;19;29;11;28;48;50;0;0;98;18;27;84;0;0;5;41;8;92;39;59;0;0;67;76;83;56;61;0;0;20;7;15;0;0;13;86;35;77;79;99;0;0;90;95;37;72;0;0;24;25;0;0;32;94;74;0;0;57;54;0;0;43;63;0,ABC
25,pliki//100 lokacji//C101.txt,50,300,swap,False,2,55543,14383.887816840212,1363.179156583517,7697.529503673175,5323.179156583518,11889.7729490887,1722.8733010264084,4484.026347035882,5682.873301026409,12,300041.2568,0;20;0;0;86;95;8;0;0;98;41;15;11;0;0;13;0;0;32;94;74;0;0;67;7;35;72;28;0;0;5;83;29;84;77;79;99;0;0;90;18;27;56;61;0;0;57;54;0;0;55;76;37;39;48;59;50;0;0;24;25;19;92;0;0;43;63;0,ABC
26,pliki//100 lokacji//C101.txt,50,300,swap,False,2,56542,17924.11261938991,1341.5388543844756,10471.034910620956,6111.5388543844765,13438.978116221779,2089.7905515097686,4489.397013202242,6859.790551509768,11,300165.5206,0;3;54;53;0;0;67;19;82;30;51;26;68;69;47;0;0;32;71;46;61;79;91;0;0;90;41;40;93;97;0;0;5;63;62;0;0;43;25;35;37;0;0;95;18;84;39;77;0;0;24;83;70;14;6;99;0;0;20;7;0;0;98;76;44;72;45;59;66;0;0;13;86;74;0,ABC
26,pliki//100 lokacji//C101.txt,50,300,swap,False,2,56543,17924.11261938991,1341.5388543844756,10471.034910620956,6111.5388543844765,13705.385698143877,2178.4279122749035,4578.529873594072,6948.427912274902,11,300442.6177,0;67;25;0;0;24;63;83;0;0;3;54;53;0;0;32;71;93;45;59;66;0;0;43;7;40;84;14;26;0;0;90;35;82;97;79;91;69;0;0;5;41;62;46;61;51;0;0;20;19;70;72;77;99;68;47;0;0;13;86;74;0;0;95;18;37;30;0;0;98;76;44;39;6;0,ABC
27,pliki//100 lokacji//C101.txt,50,300,swap,False,2,57542,14469.26345924336,1523.6611113316876,6921.941236579984,6023.661111331688,12036.345198186995,1965.9855714990636,3604.374055188867,6465.985571499064,11,300942.947,0;57;54;0;0;90;31;82;93;0;0;67;87;62;72;28;0;0;5;18;40;11;97;4;0;0;55;41;35;70;6;12;0;0;20;63;0;0;98;76;26;45;79;80;66;0;0;13;53;84;0;0;43;83;46;56;59;0;0;24;86;29;58;60;51;89;0;0;32;25;27;0,ABC
27,pliki//100 lokacji//C101.txt,50,300,swap,False,2,57543,14469.26345924336,1523.6611113316876,6921.941236579984,6023.661111331688,12348.21850526696,1953.6003570722323,3941.0177911224946,6453.600357072231,11,300020.7535,0;43;86;40;46;60;12;0;0;67;41;62;0;0;32;76;11;28;4;89;0;0;87;54;53;26;0;0;55;83;29;97;6;51;0;0;90;25;0;0;20;24;27;72;58;79;80;66;0;0;5;31;82;70;0;0;13;18;35;56;59;0;0;98;63;0;0;57;93;84;45;0,ABC
28,pliki//100 lokacji//C101.txt,50,300,swap,False,2,58542,14799.786963541814,1312.572192714467,7674.642578112878,5812.572192714468,13226.372722598466,2141.940738283036,4442.491246032395,6641.940738283036,11,300964.381,0;20;24;83;38;77;79;0;0;5;76;30;72;45;48;50;0;0;78;35;84;14;12;4;0;0;32;41;40;73;59;36;51;0;0;98;18;74;0;0;57;63;0;0;90;25;8;10;11;0;0;54;19;29;0;0;43;31;70;39;26;0;0;67;95;44;0;0;13;86;15;0,ABC
28,pliki//100 lokacji//C101.txt,50,300,swap,False,2,58543,14799.786963541814,1312.572192714467,7674.642578112878,5812.572192714468,13017.833298469606,2109.631113097759,4298.571072274086,6609.63111309776,11,300304.0042,0;32;86;44;11;59;0;0;43;31;40;10;38;26;0;0;90;18;73;14;12;4;0;0;67;95;8;0;0;13;76;30;77;79;51;50;0;0;5;54;70;0;0;24;41;74;0;0;20;25;83;84;72;0;0;78;19;29;39;45;48;36;0;0;98;35;15;0;0;57;63;0,ABC
29,pliki//100 lokacji//C101.txt,50,300,swap,False,2,59542,14908.467189558378,1458.924502675377,7400.618184207624,6048.924502675378,12929.345152409524,1912.4799327890187,4514.385286831486,6502.479932789019,11,300966.5892,0;5;41;53;56;61;0;0;67;25;40;44;0;0;98;37;72;60;59;64;0;0;20;7;35;97;88;0;0;13;18;27;0;0;55;19;77;36;34;51;66;0;0;90;31;93;0;0;43;86;94;30;28;100;99;0;0;32;83;74;0;0;57;95;46;11;9;0;0;24;63;62;0,ABC
29,pliki//100 lokacji//C101.txt,50,300,swap,False,2,59543,14908.467189558378,1458.924502675377,7400.618184207624,6048.924502675378,13104.887084569233,2075.2564898652086,4364.374104838817,6665.256489865207,12,300979.0002,0;90;31;77;61;88;0;0;24;95;94;30;60;59;51;66;0;0;98;53;74;0;0;7;63;0;0;32;83;56;100;99;0;0;55;19;72;93;0;0;57;27;44;46;0;0;43;86;35;11;36;34;0;0;20;25;0;0;5;18;40;97;9;64;0;0;67;41;62;37;28;0;0;13;0,ABC
30,pliki//100 lokacji//C101.txt,50,300,swap,False,2,60542,14316.937083256431,1043.750100553077,8269.436882150276,5003.750100553077,11231.22268721203,1864.1846387055914,3542.8534098008486,5824.184638705591,11,300490.239,0;32;25;0;0;57;8;19;11;0;0;43;18;27;58;0;0;5;63;0;0;67;95;10;72;9;23;34;0;0;13;62;74;0;0;20;86;37;61;6;4;99;0;0;98;35;56;14;26;0;0;3;41;15;0;0;33;54;0;0;90;31;92;28;59;0,ABC
30,pliki//100 lokacji//C101.txt,50,300,swap,False,2,60543,14316.937083256431,1043.750100553077,8269.436882150276,5003.750100553077,11327.52699015954,1791.7576211104276,3784.0117479386845,5751.757621110428,12,300226.6428,0;3;63;0;0;90;41;35;58;6;0;0;67;18;56;14;4;99;0;0;32;15;0;0;98;62;10;72;61;59;34;0;0;13;25;27;0;0;54;8;0;0;57;31;0;0;43;95;74;0;0;20;86;19;11;28;26;23;0;0;33;92;37;9;0;0;5;0,ABC
31,pliki//100 lokacji//C101.txt,50,300,swap,False,2,61542,16944.707763757306,1249.2486615139924,10036.210440729319,5659.248661513992,13230.850490118555,1935.1896981273283,4950.471093863899,6345.1896981273285,11,300147.9065,0;33;25;0;0;43;7;0;0;98;41;92;61;59;51;99;0;0;42;8;27;11;39;23;0;0;5;54;46;0;0;57;19;10;84;48;0;0;90;18;44;14;4;89;69;0;0;20;35;40;82;45;1;34;52;0;0;13;86;15;0;0;32;95;29;30;0;0;67;63;0,ABC
31,pliki//100 lokacji//C101.txt,50,300,swap,False,2,61543,16944.707763757306,1249.2486615139924,10036.210440729319,5659.248661513992,12792.032666894545,1781.6638709830706,4818.7049249284055,6191.6638709830695,11,300212.5131,0;33;86;10;11;0;0;5;63;0;0;67;18;15;0;0;57;54;27;0;0;13;7;0;0;42;95;82;84;0;0;90;35;92;45;89;4;99;0;0;20;8;40;39;30;23;51;1;0;0;32;25;0;0;98;41;29;46;61;59;0;0;43;19;44;14;48;34;69;52;0,ABC
32,pliki//100 lokacji//C101.txt,50,300,swap,False,2,62542,20631.980168274382,1428.08184132316,12735.81648562806,6468.08184132316,14873.406561441207,2412.376036615467,5008.654488210274,7452.376036615467,12,300840.7932,0;24;76;37;64;36;23;22;52;0;0;67;95;27;61;6;0;0;20;25;0;0;43;8;83;30;48;79;66;0;0;42;18;29;10;59;34;0;0;98;41;73;12;99;4;0;0;33;7;82;11;0;0;13;54;0;0;3;86;40;77;28;0;0;90;31;74;0;0;32;19;35;9;39;89;50;0;0;5;0,ABC
32,pliki//100 lokacji//C101.txt,50,300,swap,False,2,62543,20631.980168274382,1428.08184132316,12735.81648562806,6468.08184132316,14605.854569711253,2264.891438473757,5036.0716927637395,7304.891438473756,12,300524.0012,0;33;7;0;0;20;54;40;0;0;32;76;10;61;34;23;0;0;67;95;83;30;28;0;0;42;8;74;0;0;24;25;0;0;5;41;27;37;77;4;0;0;43;18;73;64;39;36;66;0;0;3;86;19;99;6;79;22;52;0;0;98;35;82;48;59;89;50;0;0;13;0;0;90;31;29;11;9;12;0,ABC
33,pliki//100 lokacji//C101.txt,50,300,swap,False,2,63542,17238.85688732388,1625.025892218137,8948.805102887607,6665.025892218137,14020.863115322536,2125.7037833713443,4729.455548579848,7165.703783371345,11,300176.8701,0;32;40;62;0;0;20;18;8;46;0;0;67;25;0;0;90;41;15;85;9;4;0;0;13;82;37;97;26;99;1;0;0;5;95;83;58;48;59;0;0;43;63;38;29;0;0;65;31;19;61;60;51;22;0;0;98;35;92;14;6;0;0;3;54;27;84;100;0;0;42;7;44;72;73;77;66;0,ABC
33,pliki//100 lokacji//C101.txt,50,300,swap,False,2,63543,17238.85688732388,1625.025892218137,8948.805102887607,6665.025892218137,14285.396625733696,2196.34085816749,4852.714909398716,7236.34085816749,11,300791.9905,0;98;18;27;85;9;26;0;0;32;83;37;14;6;0;0;65;63;15;29;0;0;5;41;40;46;0;0;3;31;92;84;97;0;0;20;95;8;72;48;59;66;0;0;67;54;62;44;61;0;0;13;73;38;60;51;22;0;0;42;7;19;77;100;0;0;90;35;82;58;4;99;1;0;0;43;25;0,ABC
34,pliki//100 lokacji//C101.txt,50,300,swap,False,2,64542,16632.187499023785,1434.2393771495297,8813.708744724725,6384.239377149529,13639.250359296151,2075.8190637922535,4537.612231711644,7025.819063792254,10,300986.8088,0;20;24;40;29;30;28;23;36;0;0;98;63;62;11;0;0;5;18;27;72;9;79;91;69;0;0;90;86;19;93;26;99;0;0;43;8;94;70;77;0;0;13;41;35;44;45;89;68;0;0;57;31;53;73;0;0;67;95;71;58;51;0;0;32;54;46;0;0;3;76;56;85;64;0,ABC
34,pliki//100 lokacji//C101.txt,50,300,swap,False,2,64543,16632.187499023785,1434.2393771495297,8813.708744724725,6384.239377149529,13649.138916617865,1973.7074681027407,4751.723980412384,6923.707468102741,10,300452.9476,0;67;41;35;29;30;26;23;68;69;0;0;3;63;53;72;0;0;98;86;62;44;45;99;89;91;0;0;20;24;40;93;77;79;0;0;43;95;94;46;0;0;13;18;27;73;28;0;0;57;31;19;11;9;0;0;90;54;71;58;64;0;0;32;8;70;0;0;5;76;56;85;51;36;0,ABC
35,pliki//100 lokacji//C101.txt,50,300,swap,False,2,65542,16387.373297611426,1332.2271296707374,8682.919038269953,6372.227129670738,14021.56582409119,2178.7473606218314,4624.071102847529,7218.74736062183,11,300840.8365,0;67;18;82;11;59;69;0;0;90;25;44;74;0;0;3;41;40;10;88;0;0;13;86;0;0;20;83;8;84;9;22;0;0;98;53;29;79;51;50;66;0;0;57;31;19;30;61;26;23;0;0;43;95;37;72;48;89;0;0;65;7;35;85;45;64;80;49;0;0;5;63;62;0;0;32;54;0,ABC
35,pliki//100 lokacji//C101.txt,50,300,swap,False,2,65543,16387.373297611426,1332.2271296707374,8682.919038269953,6372.227129670738,14051.567394564783,1955.6421160236982,5100.283162517387,6995.6421160237,11,300131.3716,0;20;41;62;74;0;0;5;25;8;10;11;0;0;67;3;35;85;59;80;50;49;0;0;98;63;0;0;32;83;29;79;22;26;0;0;65;31;40;84;88;0;0;18;53;82;72;51;0;0;90;7;19;37;9;89;23;0;0;43;86;30;61;45;48;64;69;66;0;0;13;95;44;0;0;57;54;0,ABC
36,pliki//100 lokacji//C101.txt,50,300,swap,False,2,66542,15813.944583028075,1410.357755327403,8313.229072373268,6090.3577553274035,12874.03699126643,1811.8226362751134,4570.391718716202,6491.822636275114,11,300563.4126,0;90;63;27;37;0;0;67;7;19;15;11;0;0;5;18;40;30;28;26;52;50;0;0;3;41;83;72;59;79;80;66;0;0;13;35;74;0;0;17;95;29;61;77;68;0;0;42;31;44;53;73;23;0;0;57;54;0;0;20;25;94;60;64;0;0;32;76;70;84;0;0;43;0,ABC
36,pliki//100 lokacji//C101.txt,50,300,swap,False,2,66543,15813.944583028075,1410.357755327403,8313.229072373268,6090.3577553274035,12791.347028379298,1713.5485511813342,4684.249926016629,6393.548551181335,11,300932.524,0;67;63;40;53;0;0;3;7;27;15;11;0;0;94;18;29;30;60;59;50;52;0;0;90;41;83;72;73;79;80;66;0;0;20;17;74;0;0;13;95;44;61;26;23;0;0;5;31;19;84;77;68;0;0;57;54;0;0;43;25;35;37;64;0;0;32;76;70;28;0;0;42;0,ABC
37,pliki//100 lokacji//C101.txt,50,300,swap,False,2,67542,15069.64195819485,1236.7799289710376,8366.082100252774,5466.779928971038,13182.523149009783,1846.902257016203,5258.718634977377,6076.902257016202,11,300784.426,0;98;18;11;73;79;68;89;0;0;20;17;27;10;0;0;42;7;94;16;0;0;3;63;70;0;0;67;31;82;9;100;99;23;0;0;32;25;0;0;57;8;46;0;0;43;86;37;30;88;0;0;13;62;92;45;64;51;0;0;5;95;19;15;0;0;90;54;0,ABC
37,pliki//100 lokacji//C101.txt,50,300,swap,False,2,67543,15069.64195819485,1236.7799289710376,8366.082100252774,5466.779928971038,13327.519004907901,1750.1069277170488,5597.305149473803,5980.106927717049,11,300459.3727,0;57;92;11;30;64;23;0;0;3;86;82;10;9;68;51;89;0;0;20;63;0;0;43;94;70;100;99;0;0;67;7;37;16;79;0;0;32;25;0;0;90;18;19;73;88;0;0;13;17;8;0;0;42;31;27;46;45;0;0;5;54;62;0;0;98;95;15;0,ABC
38,pliki//100 lokacji//C101.txt,50,300,swap,False,2,68542,14800.361428848439,1290.8321623780387,7808.69710409236,5700.832162378039,12488.62265623918,2008.0316046842652,4062.55944687065,6418.031604684265,11,300137.8175,0;24;86;83;16;0;0;98;27;70;64;23;0;0;13;71;44;9;59;0;0;57;54;0;0;90;41;74;0;0;32;63;0;0;43;7;62;45;46;0;0;5;18;19;14;73;77;68;69;0;0;31;94;29;84;50;36;89;0;0;20;95;53;72;39;0;0;67;25;8;0,ABC
38,pliki//100 lokacji//C101.txt,50,300,swap,False,2,68543,14800.361428848439,1290.8321623780387,7808.69710409236,5700.832162378039,12442.108530436986,1699.64283628274,4632.822857871505,6109.642836282741,10,300827.8944,0;90;41;62;74;0;0;24;86;83;70;73;50;89;0;0;5;25;27;46;0;0;20;18;8;45;64;68;0;0;43;7;71;72;77;59;69;0;0;98;95;94;14;84;0;0;32;63;53;0;0;13;31;29;9;39;0;0;67;19;44;16;23;36;0;0;57;54;0,ABC
39,pliki//100 lokacji//C101.txt,50,300,swap,False,2,69542,16779.24244628557,1382.7414505567067,9513.759545172157,5882.741450556707,12771.270945589175,1779.8769806928442,4711.5169842034875,6279.876980692843,11,300153.8135,0;43;86;35;77;34;66;50;47;49;0;0;5;83;8;29;16;36;0;0;98;41;40;37;45;48;0;0;25;0;0;32;54;53;0;0;67;63;0;0;3;7;19;72;9;0;0;65;95;10;30;28;0;0;90;18;60;38;26;0;0;13;62;82;61;0;0;20;42;27;85;0,ABC
39,pliki//100 lokacji//C101.txt,50,300,swap,False,2,69543,16779.24244628557,1382.7414505567067,9513.759545172157,5882.741450556707,12802.901546222842,1753.4233051551937,4796.054935912455,6253.423305155194,11,300867.3406,0;90;35;10;77;36;34;50;47;49;0;0;3;53;82;85;0;0;43;18;19;61;60;0;0;67;86;83;37;9;48;66;0;0;20;54;40;30;45;0;0;42;63;0;0;98;41;16;38;26;0;0;65;95;8;72;0;0;5;7;62;29;28;0;0;32;25;27;0;0;13;0,ABC
40,pliki//100 lokacji//C101.txt,50,300,swap,False,2,70542,16063.009847285963,1127.43739293188,9218.135061422203,5717.437392931881,13239.653517424194,1974.0756799760813,4701.50215747203,6564.075679976082,11,300827.7974,0;32;19;82;97;0;0;25;0;0;43;7;53;30;48;22;0;0;24;86;26;72;85;79;91;1;0;0;67;8;27;38;28;0;0;98;31;74;0;0;20;54;62;11;0;0;90;35;92;46;51;0;0;5;18;10;73;77;64;68;0;0;3;41;94;14;100;88;0;0;13;95;0,ABC
40,pliki//100 lokacji//C101.txt,50,300,swap,False,2,70543,16063.009847285963,1127.43739293188,9218.135061422203,5717.437392931881,12960.296589907848,2070.0486096454183,4230.1993706170115,6660.048609645419,11,300253.2527,0;43;41;19;77;100;1;22;0;0;90;18;92;28;48;51;0;0;67;8;27;38;85;0;0;5;95;35;11;26;68;0;0;32;94;73;97;79;91;0;0;20;54;82;72;0;0;24;62;74;0;0;3;86;53;30;14;88;0;0;98;31;10;46;64;0;0;25;0;0;13;7;0,ABC
41,pliki//100 lokacji//C101.txt,50,300,swap,False,2,71542,17650.717400113077,1214.3021370291897,10812.113126054699,5624.30213702919,13487.830586488712,2172.1550962045762,4733.520394079561,6582.155096204576,12,300205.3785,0;32;71;10;93;0;0;5;41;19;46;6;0;0;3;54;14;77;59;51;49;0;0;55;27;92;45;79;66;91;1;0;0;57;0;0;20;25;40;0;0;67;86;15;84;0;0;98;63;44;29;0;0;33;0;0;90;18;73;28;26;23;0;0;43;7;94;72;85;0;0;13;0,ABC
41,pliki//100 lokacji//C101.txt,50,300,swap,False,2,71543,17650.717400113077,1214.3021370291897,10812.113126054699,5624.30213702919,13391.672304313004,1930.363829970151,5120.944644372703,6340.363829970151,11,300245.2238,0;33;18;19;29;0;0;67;55;93;84;0;0;90;3;44;10;59;79;66;49;0;0;63;0;0;13;7;15;0;0;98;27;73;28;6;23;0;0;57;41;40;0;0;32;94;46;14;26;0;0;5;86;92;72;85;0;0;43;54;71;45;77;51;91;1;0;0;20;25;0,ABC
42,pliki//100 lokacji//C101.txt,50,300,swap,False,2,72542,14570.153396117765,1238.2145765705247,7683.724242976713,5648.214576570526,12517.820989171105,2105.0502809783916,3897.720427214321,6515.050280978392,11,300879.7294,0;43;76;39;11;64;59;68;0;0;17;71;29;48;77;99;69;1;0;0;90;41;40;16;9;0;0;67;86;35;73;26;23;0;0;5;63;0;0;32;18;82;0;0;98;19;70;85;0;0;20;33;10;30;0;0;13;25;0;0;65;95;83;61;88;100;0;0;57;54;0,ABC
42,pliki//100 lokacji//C101.txt,50,300,swap,False,2,72543,14570.153396117765,1238.2145765705247,7683.724242976713,5648.214576570526,12491.337069249646,2077.7356243863237,3925.865820477,6487.735624386324,12,300282.1756,0;57;41;83;61;0;0;17;71;11;39;26;23;0;0;5;63;0;0;65;54;40;0;0;20;0;0;90;18;16;0;0;95;19;82;9;48;99;69;0;0;43;76;30;73;64;59;68;1;0;0;32;33;0;0;98;35;70;88;77;0;0;67;86;10;29;85;100;0;0;13;25;0,ABC
43,pliki//100 lokacji//C101.txt,50,300,swap,False,2,73542,14664.124725412323,1287.4983907985363,7319.127943815251,6057.498390798536,12594.537373945052,1891.4400422706153,4041.657289403822,6661.440042270616,11,300838.0923,0;43;94;29;37;38;36;23;0;0;57;86;53;72;0;0;7;95;83;82;0;0;24;54;40;73;77;79;80;0;0;98;18;35;30;9;0;0;32;41;8;15;0;0;67;63;62;0;0;20;76;45;60;48;26;68;69;0;0;5;71;10;93;0;0;90;31;92;11;59;0;0;13;25;0,ABC
43,pliki//100 lokacji//C101.txt,50,300,swap,False,2,73543,14664.124725412323,1287.4983907985363,7319.127943815251,6057.498390798536,12669.64900754585,1953.1301831605604,3993.3886412247275,6723.130183160561,11,300202.9249,0;32;73;37;60;59;0;0;43;54;40;15;0;0;90;41;8;93;0;0;76;62;29;30;9;26;23;0;0;13;25;0;0;20;7;94;92;11;0;0;5;18;71;72;38;36;0;0;98;86;35;77;79;80;68;69;0;0;24;63;83;82;0;0;67;95;53;45;48;0;0;57;31;10;0,ABC
44,pliki//100 lokacji//C101.txt,50,300,swap,False,2,74542,16774.432080418712,1294.1599855092197,9686.112109400274,5794.159985509219,13721.357083920502,2003.510609035758,5214.335865848985,6503.5106090357585,10,300227.1963,0;98;86;83;10;45;4;48;50;0;0;24;41;71;58;60;0;0;90;87;35;84;85;0;0;20;25;8;38;0;0;67;95;94;16;0;0;32;54;72;0;0;5;53;73;14;80;22;52;0;0;57;18;70;77;36;0;0;13;62;27;46;59;66;0;0;43;42;74;0,ABC
44,pliki//100 lokacji//C101.txt,50,300,swap,False,2,74543,16774.432080418712,1294.1599855092197,9686.112109400274,5794.159985509219,13302.767203937354,2000.2938781976993,4802.179447541957,6500.293878197698,10,300416.7991,0;43;86;83;10;60;59;48;50;0;0;5;87;35;84;85;0;0;67;42;71;38;4;0;0;20;25;53;46;72;0;0;13;95;94;16;0;0;57;54;0;0;90;41;73;14;80;22;52;0;0;32;8;70;77;45;0;0;98;18;27;58;36;66;0;0;24;62;74;0,ABC
45,pliki//100 lokacji//C101.txt,50,300,swap,False,2,75542,16648.585773881026,1280.9710133474196,9496.643747186186,5870.97101334742,14045.98939018619,2057.7179058633205,5340.5535784595495,6647.717905863321,11,300123.6066,0;20;33;0;0;67;41;40;70;36;4;0;0;90;63;62;0;0;13;95;8;11;0;0;98;31;35;77;99;0;0;24;25;27;10;0;0;5;53;92;59;26;23;0;0;57;54;0;0;43;7;19;84;61;79;68;0;0;18;76;44;14;34;50;0;0;32;94;29;9;64;51;0,ABC
45,pliki//100 lokacji//C101.txt,50,300,swap,False,2,75543,16648.585773881026,1280.9710133474196,9496.643747186186,5870.97101334742,14034.646718249836,1777.1891622492333,5890.268393751369,6367.189162249234,12,300140.8182,0;33;0;0;90;19;29;84;77;79;68;0;0;67;41;40;70;0;0;13;76;11;61;59;51;50;0;0;98;95;8;0;0;43;94;10;14;36;34;23;0;0;53;31;92;9;64;0;0;5;7;27;0;0;20;18;35;44;26;99;4;0;0;32;25;0;0;57;54;0;0;24;63;62;0,ABC
46,pliki//100 lokacji//C101.txt,50,300,swap,False,2,76542,15637.160669891065,1189.430039052468,9118.300591786128,5329.430039052469,12203.059176189061,1723.9680210613728,4615.123134066317,5863.968021061372,12,300404.0796,0;43;86;71;9;85;0;0;90;18;56;58;0;0;17;53;82;48;4;22;0;0;98;40;29;46;45;0;0;5;25;27;0;0;13;7;8;0;0;42;63;62;0;0;20;0;0;32;54;38;0;0;33;41;74;72;0;0;24;83;19;60;26;89;52;47;0;0;67;0,ABC
46,pliki//100 lokacji//C101.txt,50,300,swap,False,2,76543,15637.160669891065,1189.430039052468,9118.300591786128,5329.430039052469,12240.49340740579,1777.876700249998,4544.740006905791,5917.876700249999,12,300741.3819,0;90;27;82;9;85;4;0;0;5;62;83;46;0;0;17;53;38;60;48;0;0;43;86;19;58;26;89;52;47;0;0;24;25;0;0;42;63;40;0;0;98;41;74;72;0;0;13;7;8;29;0;0;32;54;56;0;0;67;18;71;45;22;0;0;33;0;0;20;0,ABC
47,pliki//100 lokacji//C101.txt,50,300,swap,False,2,77542,13024.75363561296,1116.3677075098833,6742.018220593195,5166.367707509883,10927.436895355586,1564.2162399407716,3749.0044154740426,5614.216239940772,10,300481.9714,0;20;24;82;16;0;0;43;62;83;70;26;23;0;0;90;41;53;46;45;64;0;0;67;54;40;73;14;50;0;0;5;86;35;84;85;68;0;0;13;18;92;0;0;32;33;27;0;0;98;95;8;10;11;0;0;57;25;0;0;42;7;74;30;0,ABC
47,pliki//100 lokacji//C101.txt,50,300,swap,False,2,77543,13024.75363561296,1116.3677075098833,6742.018220593195,5166.367707509883,11192.961437536243,1572.8516710119663,3997.258095512312,5622.851671011966,12,300726.2718,0;42;95;92;11;0;0;43;24;27;46;84;64;68;0;0;5;40;35;16;14;0;0;57;25;0;0;90;8;70;73;45;0;0;18;62;74;0;0;20;86;83;10;85;0;0;98;54;53;0;0;13;0;0;32;41;82;30;26;23;50;0;0;33;7;0;0;67;0,ABC
48,pliki//100 lokacji//C101.txt,50,300,swap,False,2,78542,16251.394720695012,1224.4224593744348,9572.549801946143,5454.422459374435,12788.135969859819,2009.3088319275491,4539.51830600472,6239.308831927549,11,300509.2886,0;3;41;80;12;59;4;52;0;0;98;27;70;45;61;64;0;0;13;7;62;46;0;0;90;63;8;0;0;20;86;83;74;26;0;0;32;54;0;0;67;94;10;72;88;6;0;0;5;95;19;0;0;43;92;37;77;23;49;75;0;0;57;18;29;0;0;33;0,ABC
48,pliki//100 lokacji//C101.txt,50,300,swap,False,2,78543,16251.394720695012,1224.4224593744348,9572.549801946143,5454.422459374435,12481.234149761549,1955.6924357854436,4339.849278190663,6185.692435785443,11,300264.009,0;57;54;0;0;90;18;29;46;45;61;0;0;43;7;94;72;26;6;0;0;98;27;70;12;0;0;5;63;0;0;13;41;74;0;0;67;86;19;80;64;23;49;0;0;3;95;62;88;0;0;20;83;37;77;59;4;52;75;0;0;32;8;10;92;0;0;33;0,ABC
49,pliki//100 lokacji//C101.txt,50,300,swap,False,2,79542,18033.25338465968,1448.3710428644463,10546.511298930789,6038.371042864446,13305.755439720982,2224.3596769155456,4267.03608588989,6814.359676915546,12,300299.5292,0;98;53;29;9;68;59;0;0;32;54;37;73;0;0;76;27;70;39;51;22;0;0;43;95;56;46;0;0;57;41;40;0;0;67;18;74;0;0;24;25;0;0;5;31;19;84;85;6;0;0;90;35;82;61;48;80;1;69;0;0;20;86;94;11;14;12;34;0;0;13;0;0;63;0,ABC
49,pliki//100 lokacji//C101.txt,50,300,swap,False,2,79543,18033.25338465968,1448.3710428644463,10546.511298930789,6038.371042864446,13613.78261965828,2237.5697846533963,4548.643050351487,6827.569784653397,11,300200.3965,0;98;35;73;85;51;22;0;0;57;31;70;9;0;0;32;41;94;14;48;59;0;0;24;76;11;84;39;34;1;69;0;0;43;18;74;0;0;20;95;29;37;12;0;0;25;54;53;0;0;90;19;82;46;6;0;0;5;86;40;56;61;68;80;0;0;13;0;0;67;63;27;0,ABC
0,pliki//100 lokacji//C201.txt,50,300,swap,False,2,30542,111240.9002225963,986.6639984288113,105037.5722257387,5216.663998428811,98516.90444411655,1957.5626108373426,90371.77922244187,6187.562610837343,10,300056.7019,0;22;2;72;8;69;0;0;20;74;0;0;62;75;25;0;0;93;0;0;27;79;52;100;55;90;21;0;0;67;17;61;11;66;10;41;77;47;43;0;0;38;78;30;65;42;0;0;56;1;31;96;37;48;0;0;5;24;53;99;49;87;68;0;0;63;0,ABC
0,pliki//100 lokacji//C201.txt,50,300,swap,False,2,30543,111240.9002225963,986.6639984288113,105037.5722257387,5216.663998428811,98436.0571524338,1921.9429569976235,90362.17123843856,6151.942956997624,10,300180.1469,0;63;0;0;79;30;77;17;55;10;96;47;48;0;0;5;53;100;52;87;68;0;0;62;2;69;21;0;0;1;56;99;66;38;65;43;0;0;20;24;74;0;0;22;75;25;0;0;67;27;72;11;49;90;42;41;0;0;78;37;61;31;8;0;0;93;0,ABC
1,pliki//100 lokacji//C201.txt,50,300,swap,False,2,31542,110124.844000897,1141.309165395619,103522.22567010576,5461.309165395619,92749.00101050679,1858.2090314249879,84712.58294765682,6178.209031424987,10,300278.3951,0;5;35;77;29;49;3;50;10;41;0;0;22;54;69;0;0;63;74;0;0;62;27;87;31;66;0;0;55;75;61;39;83;52;90;47;48;0;0;25;2;0;0;67;24;1;37;96;68;43;0;0;81;6;8;0;0;20;72;30;64;11;42;21;0;0;93;0,ABC
1,pliki//100 lokacji//C201.txt,50,300,swap,False,2,31543,110124.844000897,1141.309165395619,103522.22567010576,5461.309165395619,93130.95583913726,1857.7461081500862,85095.4636228371,6177.746108150087,10,300170.888,0;24;83;30;55;11;49;10;41;48;0;0;20;75;72;35;77;68;21;43;0;0;39;96;29;64;3;50;90;47;0;0;63;74;0;0;31;2;8;0;0;22;54;6;0;0;5;61;1;37;66;87;52;0;0;67;27;81;42;69;0;0;62;25;0;0;93;0,ABC
2,pliki//100 lokacji//C201.txt,50,300,swap,False,2,32542,106728.8253702411,943.6334704336696,100431.55842937375,5353.63347043367,92718.40902798329,1824.7090698567697,84658.99088826976,6234.709069856768,10,300156.4231,0;62;33;69;21;0;0;65;12;64;31;66;48;0;0;55;27;61;29;87;52;43;0;0;67;24;72;28;90;51;41;47;0;0;93;0;0;20;63;25;0;0;22;75;2;0;0;32;74;0;0;5;6;1;68;8;0;0;35;99;30;49;36;96;44;11;50;10;0,ABC
2,pliki//100 lokacji//C201.txt,50,300,swap,False,2,32543,106728.8253702411,943.6334704336696,100431.55842937375,5353.63347043367,92521.86953363652,1794.026902984333,84523.81572766785,6204.026902984334,10,300073.2976,0;62;30;64;12;65;10;48;0;0;67;28;72;6;68;69;0;0;5;55;99;44;11;35;96;36;50;47;0;0;93;0;0;63;31;21;29;0;0;20;75;2;0;0;24;61;33;66;8;0;0;49;27;1;51;90;52;41;43;0;0;22;87;25;0;0;32;74;0,ABC
3,pliki//100 lokacji//C201.txt,50,300,swap,False,2,33542,108471.97043043507,1249.5890303673477,101652.79236970037,5569.589030367348,94061.02712787228,1989.9402430877603,85761.14664169676,6309.94024308776,10,300078.3707,0;93;0;0;24;2;25;0;0;99;72;1;39;96;9;48;0;0;37;75;66;92;68;21;0;0;67;15;8;0;0;73;36;4;35;7;50;90;47;41;0;0;22;62;27;61;87;69;0;0;5;79;29;100;52;89;65;10;43;0;0;63;0;0;20;74;42;0,ABC
3,pliki//100 lokacji//C201.txt,50,300,swap,False,2,33543,108471.97043043507,1249.5890303673477,101652.79236970037,5569.589030367348,94043.16758248126,2055.058373495388,85613.05083549049,6375.058373495389,10,300325.5248,0;20;2;0;0;5;72;1;39;66;21;43;0;0;93;74;0;0;35;73;29;79;9;65;89;52;90;47;0;0;22;62;25;0;0;24;96;36;4;50;7;41;10;0;0;15;27;8;0;0;67;75;61;92;42;48;0;0;37;99;68;100;69;87;0;0;63;0,ABC
4,pliki//100 lokacji//C201.txt,50,300,swap,False,2,34542,113072.64262119032,1226.2740528942395,106300.09451540184,5546.2740528942395,96980.56033940388,1967.6918290565343,88725.1766812908,6287.691829056534,10,300409.6501,0;80;26;61;11;96;10;52;91;47;48;0;0;38;72;6;69;21;0;0;67;27;77;39;68;8;41;0;0;62;2;87;0;0;1;35;4;37;90;36;89;43;0;0;22;25;0;0;24;75;64;29;66;33;65;0;0;20;5;81;42;0;0;63;0;0;93;0,ABC
4,pliki//100 lokacji//C201.txt,50,300,swap,False,2,34543,113072.64262119032,1226.2740528942395,106300.09451540184,5546.2740528942395,97155.52995835812,2009.1437888929645,88817.24238057219,6329.143788892965,10,300436.4535,0;22;62;42;0;0;25;2;0;0;5;38;96;26;65;10;43;0;0;20;75;37;87;69;0;0;80;36;77;35;4;52;91;47;90;48;0;0;24;81;29;89;41;21;0;0;27;72;39;61;11;68;8;0;0;93;0;0;67;33;1;64;6;66;0;0;63;0,ABC
5,pliki//100 lokacji//C201.txt,50,300,swap,False,2,35542,118225.84199969406,1065.1100268499354,111235.62194599421,5925.110026849936,101761.90975963467,2085.1244471507257,92731.66086533322,6945.124447150724,10,300514.5949,0;99;72;30;49;9;65;89;43;90;0;0;77;27;83;31;3;50;91;52;96;10;0;0;20;62;29;66;68;42;0;0;93;88;0;0;61;24;86;6;4;55;11;45;41;0;0;67;1;38;87;47;48;0;0;32;2;8;0;0;63;75;0;0;22;74;0;0;5;81;21;64;69;0,ABC
5,pliki//100 lokacji//C201.txt,50,300,swap,False,2,35543,118225.84199969406,1065.1100268499354,111235.62194599421,5925.110026849936,100718.73723035668,2122.7096726397667,91613.31788507714,6982.709672639766,10,300506.2892,0;65;99;31;3;50;4;41;11;96;48;0;0;20;74;88;0;0;5;49;1;45;86;47;90;42;0;0;22;2;32;0;0;67;24;81;66;87;69;0;0;93;75;0;0;62;38;64;21;0;0;72;29;61;10;6;68;8;0;0;27;77;30;55;9;83;52;91;43;89;0;0;63;0,ABC
6,pliki//100 lokacji//C201.txt,50,300,swap,False,2,36542,99319.84055413966,1081.303864331453,93017.23282547676,5221.303864331454,87716.8954885545,1801.5470710673694,79973.80134641976,5941.547071067369,9,300090.8654,0;22;75;25;0;0;20;33;72;34;68;0;0;81;37;64;42;0;0;24;62;2;6;69;0;0;67;38;77;50;89;47;43;0;0;79;27;61;29;49;10;41;21;0;0;5;44;1;35;66;11;65;90;48;0;0;63;32;8;0;0;93;74;0,ABC
6,pliki//100 lokacji//C201.txt,50,300,swap,False,2,36543,99319.84055413966,1081.303864331453,93017.23282547676,5221.303864331454,87978.71170862963,1785.9916326826813,80266.72844326428,5925.9916326826815,10,300168.2608,0;20;37;72;29;68;8;0;0;22;62;6;21;0;0;25;0;0;38;79;35;77;50;90;41;0;0;63;2;32;0;0;93;0;0;67;27;49;11;44;89;65;10;43;0;0;81;33;64;66;0;0;5;24;1;61;34;69;47;48;0;0;75;74;42;0,ABC
7,pliki//100 lokacji//C201.txt,50,300,swap,False,2,37542,105277.9597235631,1152.6481753317573,98832.66337289957,5292.648175331758,90284.16350898304,1809.7791029443667,82524.60530309431,5949.779102944367,10,300054.2504,0;22;81;29;66;69;0;0;2;75;0;0;62;38;87;8;0;0;100;72;30;61;3;50;90;48;0;0;67;27;80;34;77;9;96;11;41;43;0;0;13;74;21;0;0;20;33;42;0;0;5;24;1;35;94;68;65;10;47;0;0;93;0;0;63;0,ABC
7,pliki//100 lokacji//C201.txt,50,300,swap,False,2,37543,105277.9597235631,1152.6481753317573,98832.66337289957,5292.648175331758,90471.30753416699,1891.7056707585418,82547.8961926499,6031.705670758542,10,300163.313,0;62;38;61;13;0;0;20;81;29;90;66;69;0;0;27;80;30;65;94;50;11;96;10;43;0;0;67;1;35;77;34;3;47;9;48;0;0;2;74;0;0;75;33;0;0;5;24;72;100;41;68;8;0;0;22;87;42;21;0;0;63;0;0;93;0,ABC
8,pliki//100 lokacji//C201.txt,50,300,swap,False,2,38542,126689.24930975314,1319.439558772303,119010.37019220855,6359.439558772303,108230.55996736659,2501.11171783922,98188.33653168815,7541.11171783922,10,300022.2607,0;22;61;1;64;8;42;0;0;27;77;30;87;34;69;10;43;0;0;93;0;0;20;74;13;0;0;38;2;25;0;0;67;99;29;66;31;78;48;0;0;79;35;80;23;49;9;96;36;86;47;0;0;5;72;39;91;55;11;65;21;0;0;62;24;98;37;89;68;90;41;0;0;63;75;0,ABC
8,pliki//100 lokacji//C201.txt,50,300,swap,False,2,38543,126689.24930975314,1319.439558772303,119010.37019220855,6359.439558772303,108374.90898403255,2475.4540052401467,98384.00097355226,7515.454005240146,10,300338.63,0;20;87;13;42;0;0;22;62;37;86;68;10;48;0;0;79;35;99;55;23;49;9;41;89;47;0;0;5;72;1;64;34;91;65;21;43;0;0;80;29;61;39;98;69;8;0;0;63;75;0;0;38;2;25;0;0;67;27;74;31;66;0;0;24;78;30;77;36;96;11;90;0;0;93;0,ABC
9,pliki//100 lokacji//C201.txt,50,300,swap,False,2,39542,125244.95965390053,1165.8803542912071,118323.19894531812,5755.8803542912065,109421.01744873163,2011.4333358622773,100808.15077700706,6601.433335862277,10,300478.9121,0;88;74;0;0;93;0;0;67;27;61;100;42;48;0;0;20;84;25;0;0;1;55;9;66;34;10;68;8;47;0;0;24;80;29;86;51;89;45;90;52;0;0;63;75;21;0;0;22;2;54;64;0;0;96;30;72;19;65;69;11;41;91;43;0;0;5;62;13;87;0,ABC
9,pliki//100 lokacji//C201.txt,50,300,swap,False,2,39543,125244.95965390053,1165.8803542912071,118323.19894531812,5755.8803542912065,110852.07615901025,2057.243319521406,102147.58951996743,6647.243319521405,10,300487.1171,0;55;1;66;34;91;52;89;45;90;43;0;0;13;74;0;0;63;88;0;0;5;24;87;29;68;21;0;0;30;80;19;96;9;65;11;41;48;0;0;62;27;54;8;0;0;67;100;51;84;47;69;0;0;20;75;61;25;64;0;0;22;2;72;10;86;42;0;0;93;0,ABC
10,pliki//100 lokacji//C201.txt,50,300,swap,False,2,40542,111357.91240500183,1284.3747535320226,104469.16289793777,5604.374753532023,97409.77989969627,1986.9835489711877,89115.8128017539,6306.983548971189,10,300483.3873,0;94;30;79;23;78;9;65;90;48;0;0;33;2;0;0;99;27;72;29;98;68;8;0;0;5;62;74;21;0;0;22;77;17;64;11;69;41;0;0;63;0;0;75;37;1;45;66;10;47;0;0;67;24;61;92;43;87;96;0;0;93;0;0;20;81;25;0,ABC
10,pliki//100 lokacji//C201.txt,50,300,swap,False,2,40543,111357.91240500183,1284.3747535320226,104469.16289793777,5604.374753532023,97268.02184181777,1977.7949015158001,88992.43203878618,6297.794901515801,10,300284.893,0;5;27;72;1;64;87;8;0;0;63;0;0;62;24;78;37;66;69;0;0;79;30;68;94;45;77;9;47;48;0;0;22;81;29;21;0;0;93;0;0;33;2;0;0;20;92;65;98;41;11;43;0;0;67;99;61;17;96;23;90;10;0;0;74;75;25;0,ABC
11,pliki//100 lokacji//C201.txt,50,300,swap,False,2,41542,115240.54194194228,1067.3807259548448,108965.78049003259,5207.380725954846,99887.27817663198,1813.188000367236,92120.9021758975,5953.188000367236,10,300479.9476,0;22;62;74;0;0;78;75;61;9;66;48;0;0;20;97;2;0;0;5;55;1;35;90;41;10;8;0;0;81;27;72;29;77;11;65;52;47;0;0;67;17;64;100;42;69;0;0;93;0;0;79;30;87;6;96;43;0;0;24;54;21;0;0;63;0,ABC
11,pliki//100 lokacji//C201.txt,50,300,swap,False,2,41543,115240.54194194228,1067.3807259548448,108965.78049003259,5207.380725954846,99059.63994012488,1888.665830043088,91142.3082800387,6028.665830043088,10,300054.8557,0;5;64;1;55;10;96;41;90;0;0;78;27;61;17;69;48;0;0;22;62;6;21;0;0;97;54;0;0;24;79;35;100;65;9;77;47;43;0;0;2;74;0;0;93;0;0;20;75;72;11;81;52;8;0;0;67;30;87;29;66;42;0;0;63;0,ABC
12,pliki//100 lokacji//C201.txt,50,300,swap,False,2,42542,116066.00524107236,961.5736381253485,110182.85796482165,4921.573638125348,100761.9998601093,1877.027822650581,93047.94421480814,5837.027822650581,9,300329.2308,0;5;62;97;66;21;0;0;93;0;0;24;79;35;78;9;41;90;48;0;0;67;27;54;8;0;0;20;81;30;77;11;68;10;0;0;1;72;25;87;42;69;0;0;73;36;99;52;4;47;89;43;96;0;0;22;75;2;0;0;63;0,ABC
12,pliki//100 lokacji//C201.txt,50,300,swap,False,2,42543,116066.00524107236,961.5736381253485,110182.85796482165,4921.573638125348,100595.25953979464,1825.7507218354071,92983.75809612383,5785.750721835408,9,300336.6513,0;67;1;42;4;41;90;21;0;0;22;54;25;0;0;93;0;0;5;27;72;97;66;68;69;0;0;2;75;0;0;63;62;0;0;73;35;99;52;77;47;89;43;10;0;0;24;79;36;78;9;96;11;48;0;0;20;81;30;87;8;0,ABC
13,pliki//100 lokacji//C201.txt,50,300,swap,False,2,43542,127696.79824564027,1115.5954704686274,121235.60730470301,5345.595470468627,107639.34664547785,1984.131225627882,99441.0841942221,6214.1312256278825,9,300050.6935,0;20;81;21;87;0;0;67;5;61;1;66;11;45;10;43;0;0;75;42;97;64;69;0;0;72;24;71;36;77;35;90;47;41;0;0;93;62;78;8;0;0;33;2;0;0;22;74;27;29;0;0;79;30;80;9;50;91;52;96;48;0;0;63;0,ABC
13,pliki//100 lokacji//C201.txt,50,300,swap,False,2,43543,127696.79824564027,1115.5954704686274,121235.60730470301,5345.595470468627,107166.25056287549,1979.5994170650995,98977.0517287453,6209.599417065101,9,300190.3159,0;27;79;9;96;11;45;10;41;43;0;0;67;81;30;87;8;0;0;33;2;0;0;72;24;80;36;77;35;91;50;90;48;0;0;93;74;0;0;5;62;97;61;52;69;0;0;20;75;64;1;42;21;0;0;22;71;29;78;66;47;0;0;63;0,ABC
14,pliki//100 lokacji//C201.txt,50,300,swap,False,2,44542,88360.1637568942,1091.7245942994186,82126.71456829536,5141.724594299419,76055.28308059803,1849.7953950296876,68305.69229053865,5899.795395029688,9,300098.8329,0;63;13;61;69;0;0;22;32;42;0;0;97;27;95;41;10;0;0;75;24;87;6;21;0;0;33;2;0;0;20;62;100;29;66;8;0;0;67;1;72;19;65;9;44;11;48;0;0;5;80;30;99;35;94;47;96;43;0;0;93;74;0,ABC
14,pliki//100 lokacji//C201.txt,50,300,swap,False,2,44543,88360.1637568942,1091.7245942994186,82126.71456829536,5141.724594299419,76243.01738876573,1801.269572263254,68590.47824423923,5851.269572263254,10,300108.4133,0;67;13;95;69;0;0;33;0;0;24;100;6;61;10;42;0;0;20;62;32;21;0;0;93;0;0;97;27;30;87;66;0;0;5;72;1;44;94;47;65;11;43;0;0;22;74;8;0;0;63;75;2;0;0;35;99;29;80;19;96;9;41;48;0,ABC
15,pliki//100 lokacji//C201.txt,50,300,swap,False,2,45542,99892.11278776792,1122.0101955564403,93778.09239665503,4992.010195556439,85001.09459934568,1786.7870690509208,77557.52046124385,5656.787069050922,9,300153.2289,0;67;24;92;64;11;96;8;0;0;5;70;6;69;21;0;0;22;62;2;100;0;0;78;27;1;42;87;43;0;0;20;99;61;29;73;68;9;77;47;10;0;0;93;0;0;80;30;72;97;66;90;48;0;0;74;75;0;0;63;0,ABC
15,pliki//100 lokacji//C201.txt,50,300,swap,False,2,45543,99892.11278776792,1122.0101955564403,93778.09239665503,4992.010195556439,85130.79631921632,1711.6974204932544,77837.40147822982,5581.697420493255,9,300304.9675,0;73;30;64;92;68;11;21;0;0;67;27;70;97;69;66;0;0;5;24;78;6;87;90;0;0;80;29;99;61;9;77;47;10;43;48;0;0;20;75;2;42;96;0;0;93;0;0;62;1;72;100;8;0;0;22;74;0;0;63;0,ABC
16,pliki//100 lokacji//C201.txt,50,300,swap,False,2,46542,102934.51862592345,1080.9124631759232,96542.69369957161,5310.912463175923,87832.51559776475,1845.6532340541328,79911.20912965649,6075.6532340541335,9,300390.4935,0;63;75;0;0;62;39;87;29;34;0;0;67;24;91;35;66;10;41;48;0;0;27;73;36;94;51;11;96;52;47;0;0;5;64;30;100;45;69;21;0;0;22;72;99;55;9;65;68;8;43;0;0;20;97;32;42;0;0;2;74;0;0;93;0,ABC
16,pliki//100 lokacji//C201.txt,50,300,swap,False,2,46543,102934.51862592345,1080.9124631759232,96542.69369957161,5310.912463175923,87799.01144144998,1870.6252663644768,79827.76090872104,6100.625266364477,9,300322.4311,0;36;73;29;96;9;68;10;45;47;0;0;5;64;30;87;35;69;48;0;0;93;0;0;67;24;97;34;66;52;0;0;63;75;0;0;32;2;21;0;0;20;99;55;100;65;11;51;8;43;0;0;22;62;74;0;0;94;27;72;39;91;42;41;0,ABC
17,pliki//100 lokacji//C201.txt,50,300,swap,False,2,47542,122957.6715364181,1144.8812609376196,116707.90901454286,5104.881260937619,110226.88906023858,1862.6281970150915,102541.6326662084,5822.628197015092,10,300184.5082,0;20;78;99;42;21;0;0;67;38;77;10;66;48;0;0;5;49;1;51;11;65;8;41;0;0;93;0;0;73;27;79;9;96;52;87;43;90;0;0;22;72;100;31;69;47;0;0;74;0;0;62;2;13;0;0;75;24;81;25;0;0;63;0,ABC
17,pliki//100 lokacji//C201.txt,50,300,swap,False,2,47543,122957.6715364181,1144.8812609376196,116707.90901454286,5104.881260937619,110087.50271222714,1808.2240846587533,102511.05454290964,5768.224084658754,10,300349.9035,0;73;27;99;49;9;79;52;90;41;0;0;5;72;1;31;96;65;48;0;0;22;78;21;77;47;43;0;0;67;24;100;51;11;69;10;8;0;0;81;25;42;0;0;93;0;0;74;62;0;0;20;75;87;13;66;0;0;38;2;0;0;63;0,ABC
18,pliki//100 lokacji//C201.txt,50,300,swap,False,2,48542,121077.36065998834,1015.3629850617542,115266.63468986482,4795.3629850617535,108782.58662120903,1619.9381624238476,101762.71029636134,5399.938162423849,9,300007.248,0;67;24;78;21;46;47;0;0;22;62;2;8;0;0;93;74;0;0;13;25;0;0;70;27;81;48;0;0;63;0;0;20;75;64;15;69;0;0;5;61;1;45;90;42;96;10;0;0;51;99;66;11;79;52;77;50;41;43;0,ABC
18,pliki//100 lokacji//C201.txt,50,300,swap,False,2,48543,121077.36065998834,1015.3629850617542,115266.63468986482,4795.3629850617535,108615.08018579279,1583.7181206723847,101667.643944448,5363.718120672385,9,300197.3103,0;5;78;21;61;10;46;0;0;93;62;2;8;0;0;70;27;81;66;69;0;0;77;24;79;52;96;50;11;42;47;43;0;0;22;74;0;0;20;1;45;99;51;90;41;48;0;0;15;13;0;0;63;0;0;67;75;64;25;0,ABC
19,pliki//100 lokacji//C201.txt,50,300,swap,False,2,49542,118455.02443384819,1090.6103800911587,111953.80367366588,5410.610380091159,100037.29890312268,2094.6545988561265,91527.98970541042,6414.654598856127,10,300321.2041,0;67;27;61;6;87;68;0;0;5;35;99;64;9;55;11;96;47;43;0;0;20;80;30;66;10;49;8;41;0;0;22;75;15;0;0;62;2;38;69;0;0;70;29;91;42;21;0;0;24;79;39;78;31;90;52;48;0;0;93;54;0;0;74;0;0;63;0,ABC
19,pliki//100 lokacji//C201.txt,50,300,swap,False,2,49543,118455.02443384819,1090.6103800911587,111953.80367366588,5410.610380091159,100147.08451631316,2118.8473422009965,91589.38983191116,6438.8473422009965,10,300444.2424,0;20;75;54;0;0;22;62;15;42;0;0;5;80;35;79;31;91;52;90;47;48;0;0;99;55;30;64;9;49;8;43;0;0;67;24;78;29;66;11;41;21;0;0;63;27;87;0;0;70;39;61;10;96;69;0;0;93;0;0;38;2;6;68;0;0;74;0,ABC
20,pliki//100 lokacji//C201.txt,50,300,swap,False,2,50542,101759.63616105178,1095.6408888337685,95518.35438338424,5145.640888833768,86241.35783724226,1821.8979170203,78547.56200320167,5871.897917020301,9,300037.812,0;67;99;61;29;66;31;41;0;0;22;75;72;21;0;0;24;81;30;87;68;69;0;0;93;0;0;20;62;33;0;0;5;37;64;39;65;8;0;0;49;27;78;6;90;52;48;0;0;94;35;77;36;96;9;40;10;47;43;0;0;63;0,ABC
20,pliki//100 lokacji//C201.txt,50,300,swap,False,2,50543,101759.63616105178,1095.6408888337685,95518.35438338424,5145.640888833768,85883.2083009915,1857.6444644710498,78117.91937204941,5907.644464471049,9,300098.372,0;20;72;39;64;8;69;48;0;0;35;94;29;77;36;96;9;40;10;52;0;0;5;49;99;31;90;65;47;0;0;93;0;0;62;24;78;6;21;0;0;22;81;30;66;41;0;0;67;27;61;37;87;68;43;0;0;75;33;0;0;63;0,ABC
21,pliki//100 lokacji//C201.txt,50,300,swap,False,2,51542,127180.01097984484,1301.5791996082012,120076.85258062845,5801.579199608201,111433.78805151682,2123.125454825471,102687.53714186589,6623.125454825472,10,300025.1776,0;22;75;87;21;0;0;81;8;0;0;72;27;1;64;9;65;10;48;0;0;5;35;99;37;66;11;41;43;0;0;93;74;0;0;67;24;79;29;77;23;49;42;0;0;80;26;78;69;36;86;52;90;47;0;0;63;0;0;20;62;30;61;25;68;0;0;15;2;0,ABC
21,pliki//100 lokacji//C201.txt,50,300,swap,False,2,51543,127180.01097984484,1301.5791996082012,120076.85258062845,5801.579199608201,112584.10170705026,1996.454575656971,104091.19255573631,6496.454575656971,10,300042.5798,0;63;75;21;0;0;20;62;74;0;0;93;0;0;27;79;26;78;35;86;52;9;11;0;0;72;25;61;10;69;65;43;0;0;67;2;30;64;87;68;0;0;5;49;99;37;66;23;42;0;0;22;81;48;0;0;24;80;1;29;77;36;90;47;41;0;0;15;8;0,ABC
22,pliki//100 lokacji//C201.txt,50,300,swap,False,2,52542,107191.83284778624,872.8535173517919,101306.12581308266,5012.853517351792,92652.16850371029,1677.586565001038,85156.99537370821,5817.586565001039,9,300372.3919,0;75;64;11;6;21;0;0;72;27;61;13;66;52;0;0;22;74;42;0;0;59;99;30;77;10;44;89;47;96;43;0;0;20;33;8;0;0;5;62;1;68;88;69;90;48;0;0;93;2;0;0;67;24;84;29;87;51;91;41;0;0;63;0,ABC
22,pliki//100 lokacji//C201.txt,50,300,swap,False,2,52543,107191.83284778624,872.8535173517919,101306.12581308266,5012.853517351792,92560.89708985107,1646.579882736104,85127.73732437888,5786.579882736104,9,300354.5657,0;75;33;21;0;0;93;2;0;0;20;74;6;0;0;84;24;87;29;66;8;0;0;5;59;1;51;89;41;11;43;48;0;0;67;13;64;88;68;69;0;0;22;77;30;61;52;42;0;0;62;27;72;99;44;10;96;47;91;90;0;0;63;0,ABC
23,pliki//100 lokacji//C201.txt,50,300,swap,False,2,53542,130492.77784033318,1239.5414188919185,123423.69500254933,5829.5414188919185,111357.9950541273,2301.1600674661813,102165.67491919495,6891.160067466182,9,300086.3214,0;97;32;90;65;69;0;0;22;95;72;34;41;0;0;67;75;42;8;87;0;0;81;27;99;51;66;48;0;0;93;0;0;5;61;1;80;35;79;9;49;10;96;47;0;0;20;78;29;94;50;77;21;0;0;24;73;39;4;36;91;45;11;43;0;0;63;62;0,ABC
23,pliki//100 lokacji//C201.txt,50,300,swap,False,2,53543,130492.77784033318,1239.5414188919185,123423.69500254933,5829.5414188919185,111900.05220060179,2329.9207862022386,102650.21062819731,6919.920786202238,9,300396.8068,0;39;73;36;79;35;96;9;45;91;11;0;0;93;62;8;0;0;20;61;99;66;95;41;90;0;0;67;24;1;49;97;69;48;0;0;5;72;27;78;51;4;47;43;0;0;81;34;42;0;0;80;29;77;50;94;65;10;21;0;0;22;75;32;87;0;0;63;0,ABC
24,pliki//100 lokacji//C201.txt,50,300,swap,False,2,54542,105213.04689223738,1136.0973628180466,98710.85216660128,5366.097362818046,90183.43236400085,1934.761988367599,82083.90838726566,6164.7619883676,10,300372.709,0;79;30;78;31;94;49;10;48;0;0;5;61;1;29;77;68;11;8;0;0;93;0;0;63;2;42;0;0;24;99;55;100;65;89;41;96;43;0;0;67;75;6;87;66;0;0;20;62;13;64;47;0;0;22;74;0;0;56;27;72;21;69;0;0;25;0,ABC
24,pliki//100 lokacji//C201.txt,50,300,swap,False,2,54543,105213.04689223738,1136.0973628180466,98710.85216660128,5366.097362818046,90284.66255598796,1844.4797646521488,82365.70302668367,6074.479764652148,10,300265.7122,0;5;49;1;6;96;42;43;0;0;13;78;29;64;8;0;0;20;56;30;61;21;0;0;22;75;2;0;0;67;24;72;100;66;87;0;0;62;27;79;11;68;69;47;0;0;55;99;65;94;31;77;10;41;89;48;0;0;63;74;0;0;25;0;0;93;0,ABC
25,pliki//100 lokacji//C201.txt,50,300,swap,False,2,55542,109908.15660048307,1162.3427306650003,103083.47113915307,5662.342730665001,94645.45652604493,2181.0801980988062,85783.29612984732,6681.080198098806,10,300265.7261,0;81;25;66;21;0;0;22;74;0;0;99;39;1;55;14;49;23;90;48;0;0;20;75;27;78;11;69;10;0;0;54;2;68;8;0;0;93;15;0;0;67;30;64;29;91;37;9;43;0;0;62;24;61;6;42;0;0;5;59;12;87;31;89;36;41;0;0;63;0,ABC
25,pliki//100 lokacji//C201.txt,50,300,swap,False,2,55543,109908.15660048307,1162.3427306650003,103083.47113915307,5662.342730665001,94699.50315105515,2145.980556736772,85907.5420375816,6645.980556736773,10,300410.3212,0;5;55;1;29;68;12;87;23;89;0;0;67;24;81;21;66;48;0;0;78;39;64;25;69;0;0;93;74;0;0;59;99;31;90;14;42;9;43;0;0;62;27;54;8;0;0;22;75;15;0;0;20;49;30;61;36;91;41;11;10;0;0;37;2;6;0;0;63;0,ABC
26,pliki//100 lokacji//C201.txt,50,300,swap,False,2,56542,127331.58873201703,1309.5916003796533,119762.40553125771,6259.591600379653,114873.5516920097,2318.145607105028,105287.26047779963,7268.145607105028,11,300014.6997,0;93;0;0;5;62;100;6;4;42;0;0;22;74;0;0;20;75;72;99;55;11;43;21;0;0;77;37;61;36;65;9;52;47;0;0;67;2;27;32;0;0;24;81;29;66;69;0;0;1;30;78;17;68;10;48;0;0;63;25;0;0;15;87;8;0;0;80;28;64;26;49;23;96;50;41;0,ABC
26,pliki//100 lokacji//C201.txt,50,300,swap,False,2,56543,127331.58873201703,1309.5916003796533,119762.40553125771,6259.591600379653,114893.69024190953,2420.887975021371,105101.9142918668,7370.887975021371,11,300367.3117,0;63;75;0;0;24;100;55;11;68;21;47;0;0;22;62;15;69;0;0;1;72;30;87;52;8;0;0;25;74;0;0;93;0;0;67;28;78;36;96;42;0;0;37;99;61;23;65;10;77;43;0;0;6;81;29;66;48;0;0;5;80;26;64;17;49;9;50;4;41;0;0;20;2;27;32;0,ABC
27,pliki//100 lokacji//C201.txt,50,300,swap,False,2,57542,96947.54138775016,880.5822023296852,91316.3769830908,4750.582202329686,84176.29280496167,1698.086515521532,76910.11977391862,5568.086515521532,9,300034.7664,0;1;24;72;9;55;4;45;90;43;0;0;20;70;29;79;8;68;48;0;0;5;49;30;66;11;42;10;41;0;0;67;25;54;47;0;0;93;0;0;81;27;61;21;65;69;0;0;2;74;0;0;63;0;0;22;62;75;64;87;0,ABC
27,pliki//100 lokacji//C201.txt,50,300,swap,False,2,57543,96947.54138775016,880.5822023296852,91316.3769830908,4750.582202329686,83279.23478488381,1673.3312909182919,76062.57220304724,5543.331290918292,9,300289.4588,0;70;27;55;8;68;41;0;0;2;74;0;0;22;79;29;90;45;11;65;10;48;0;0;5;54;30;87;21;0;0;67;75;64;25;0;0;62;24;81;42;66;69;0;0;20;72;1;61;9;49;4;47;43;0;0;63;0;0;93;0,ABC
28,pliki//100 lokacji//C201.txt,50,300,swap,False,2,58542,92287.80205025659,957.629940139239,86592.5421699781,4737.62994013924,79355.98567430057,1647.1971088401988,72281.59145662017,5427.1971088402,8,300290.5055,0;22;62;30;68;21;0;0;20;100;43;29;8;0;0;37;99;35;4;69;17;91;47;0;0;67;27;1;64;25;86;41;10;90;48;0;0;93;75;13;0;0;24;95;31;66;0;0;5;78;39;98;51;42;0;0;63;0,ABC
28,pliki//100 lokacji//C201.txt,50,300,swap,False,2,58543,92287.80205025659,957.629940139239,86592.5421699781,4737.62994013924,79012.85294034476,1696.8172984595212,71839.21834342573,5476.817298459521,8,300170.1618,0;93;0;0;37;98;42;8;69;0;0;63;75;21;0;0;24;78;31;4;41;10;0;0;22;62;30;100;66;0;0;20;95;29;13;0;0;5;35;99;64;39;86;51;91;25;48;0;0;67;27;1;68;17;90;47;43;0,ABC
29,pliki//100 lokacji//C201.txt,50,300,swap,False,2,59542,104326.13708289537,1105.8875162493803,98244.36205039661,4975.8875162493805,90401.14097602617,1912.2645102282318,82706.61195556972,5782.264510228232,10,300125.8511,0;22;73;30;78;37;77;41;48;0;0;20;75;27;66;21;43;0;0;81;2;49;33;8;0;0;54;32;0;0;5;38;1;31;11;69;0;0;67;24;80;36;96;35;90;47;10;0;0;62;13;87;29;0;0;63;0;0;93;0;0;74;0,ABC
29,pliki//100 lokacji//C201.txt,50,300,swap,False,2,59543,104326.13708289537,1105.8875162493803,98244.36205039661,4975.8875162493805,90188.26785332411,1867.8833001531345,82582.50125301785,5737.883300153135,9,300265.3207,0;38;87;30;66;8;0;0;49;1;35;80;11;69;10;96;0;0;93;75;2;0;0;22;62;13;21;0;0;20;54;32;0;0;67;27;73;29;78;36;77;47;48;0;0;5;37;81;33;90;41;43;0;0;24;74;31;0;0;63;0,ABC
30,pliki//100 lokacji//C201.txt,50,300,swap,False,2,60542,98441.51246014501,991.4330837318229,92318.64629268135,5131.433083731823,84361.00730447892,1731.430503203813,76758.1462980713,5871.430503203813,9,300038.1152,0;20;74;0;0;78;30;92;68;3;43;10;0;0;72;97;61;6;21;0;0;75;42;1;64;11;96;89;0;0;93;0;0;5;65;99;50;94;47;83;48;77;90;0;0;67;27;100;29;87;69;41;0;0;22;24;2;66;8;0;0;63;62;0,ABC
30,pliki//100 lokacji//C201.txt,50,300,swap,False,2,60543,98441.51246014501,991.4330837318229,92318.64629268135,5131.433083731823,84857.21571183737,1768.7103263683166,77179.79505910075,5908.710326368316,9,300259.3089,0;97;72;29;87;69;10;0;0;20;22;74;0;0;63;62;0;0;92;27;61;8;21;0;0;67;75;64;100;68;89;96;0;0;5;24;2;42;66;0;0;94;50;99;65;3;47;83;41;90;48;0;0;78;30;1;6;77;11;43;0;0;93;0,ABC
31,pliki//100 lokacji//C201.txt,50,300,swap,False,2,61542,118007.82830357728,1207.7192361864293,111362.38983120442,5437.719236186429,102308.49079155619,1795.3125328916053,94487.86572577298,6025.312532891605,10,300365.7674,0;72;27;61;31;87;10;68;47;0;0;67;2;13;0;0;63;0;0;73;29;1;51;77;9;49;90;45;48;0;0;5;24;71;66;11;96;52;41;0;0;22;78;30;64;8;65;43;0;0;75;42;25;0;0;20;62;17;69;21;0;0;93;0;0;74;0,ABC
31,pliki//100 lokacji//C201.txt,50,300,swap,False,2,61543,118007.82830357728,1207.7192361864293,111362.38983120442,5437.719236186429,102213.78998293761,1790.136737944004,94403.5165070496,6020.1367379440035,10,300291.2907,0;78;27;77;31;87;52;49;45;43;0;0;67;17;72;8;69;68;0;0;20;71;30;64;10;96;47;0;0;93;0;0;73;29;61;9;65;11;51;90;41;48;0;0;5;62;13;21;0;0;63;0;0;22;25;0;0;2;24;1;42;66;0;0;75;74;0,ABC
32,pliki//100 lokacji//C201.txt,50,300,swap,False,2,62542,114349.50546051149,1136.9642189851784,107665.57702254114,5546.9642189851775,98355.03845183902,2026.2159831967058,89892.60648544562,6436.2159831967065,10,300313.5247,0;78;27;1;6;21;0;0;20;75;37;87;66;0;0;67;24;73;36;55;11;52;90;48;0;0;22;72;29;100;68;47;0;0;25;2;0;0;74;62;0;0;5;53;14;64;91;35;77;50;10;41;0;0;81;30;61;9;69;8;43;0;0;63;42;0;0;93;0,ABC
32,pliki//100 lokacji//C201.txt,50,300,swap,False,2,62543,114349.50546051149,1136.9642189851784,107665.57702254114,5546.9642189851775,98794.78468263282,1934.7879211230968,90515.20884038664,6344.787921123097,10,300398.429,0;93;0;0;22;100;61;6;68;0;0;5;67;30;53;66;8;43;0;0;63;62;0;0;73;37;1;55;11;36;10;52;0;0;20;24;72;9;64;90;42;48;0;0;81;29;77;35;91;69;14;41;50;47;0;0;75;74;0;0;25;2;0;0;78;27;87;21;0,ABC
33,pliki//100 lokacji//C201.txt,50,300,swap,False,2,63542,114093.34927711093,1208.7716600564847,107625.80595699795,5258.771660056485,96615.1970945298,1901.0092759965064,88763.17854253679,5951.009275996508,9,300200.7642,0;62;24;64;37;42;0;0;5;55;99;36;78;47;43;0;0;20;2;8;0;0;79;30;80;9;77;11;49;89;41;96;0;0;67;1;54;100;69;21;0;0;81;27;72;10;65;90;48;0;0;22;75;6;87;66;0;0;93;0;0;63;0,ABC
33,pliki//100 lokacji//C201.txt,50,300,swap,False,2,63543,114093.34927711093,1208.7716600564847,107625.80595699795,5258.771660056485,95388.9281135728,1911.302947580006,87516.32221841278,5961.302947580007,8,300151.5666,0;5;62;1;64;8;41;69;0;0;93;24;2;0;0;79;30;80;9;55;11;49;89;47;90;0;0;81;27;99;65;77;21;48;0;0;67;37;72;36;96;10;43;0;0;20;75;78;6;42;0;0;22;54;100;66;87;0;0;63;0,ABC
34,pliki//100 lokacji//C201.txt,50,300,swap,False,2,64542,105880.8569255412,1029.498223512913,99951.86047851537,4899.498223512914,92883.49055415236,1682.9975386263793,85647.4954768996,5552.9975386263795,9,300256.4152,0;77;37;99;64;3;44;90;41;48;0;0;20;27;2;34;42;0;0;67;24;78;29;4;69;10;50;0;0;75;13;21;0;0;81;30;72;26;87;47;0;0;5;62;14;66;11;68;8;43;0;0;22;74;0;0;63;0;0;93;0,ABC
34,pliki//100 lokacji//C201.txt,50,300,swap,False,2,64543,105880.8569255412,1029.498223512913,99951.86047851537,4899.498223512914,92871.47290904922,1674.3188837283844,85652.83514159246,5544.318883728385,9,300180.8443,0;13;87;30;8;0;0;5;72;26;77;37;3;50;90;48;0;0;22;2;21;0;0;93;75;0;0;67;24;78;29;4;42;47;0;0;81;34;64;10;66;69;0;0;20;74;0;0;62;27;99;44;14;68;11;41;43;0;0;63;0,ABC
35,pliki//100 lokacji//C201.txt,50,300,swap,False,2,65542,119810.54342896197,996.4551953703894,113677.63303822119,5136.455195370389,104826.75382173853,1767.6383179031318,97151.47718593228,5907.638317903133,10,300240.9332,0;93;0;0;81;27;100;64;69;0;0;22;87;13;21;0;0;74;75;0;0;92;72;17;66;11;78;48;0;0;5;24;77;29;96;9;68;47;43;0;0;20;62;1;42;25;0;0;67;30;79;99;65;10;41;91;90;0;0;63;0;0;15;2;8;0,ABC
35,pliki//100 lokacji//C201.txt,50,300,swap,False,2,65543,119810.54342896197,996.4551953703894,113677.63303822119,5136.455195370389,105729.31705623769,1839.703574252176,97909.90990773334,5979.703574252177,10,300033.8254,0;63;75;0;0;22;74;0;0;92;27;90;25;21;0;0;81;2;8;0;0;93;0;0;62;15;42;66;0;0;20;78;17;100;41;69;0;0;79;30;72;99;65;9;96;11;43;91;0;0;5;64;1;29;87;47;48;0;0;67;24;77;13;68;10;0,ABC
36,pliki//100 lokacji//C201.txt,50,300,swap,False,2,66542,83533.20944988923,890.9560051395162,78061.2974396102,4580.956005139516,68203.48262617816,1630.4674481398147,61252.54772989852,5320.467448139814,8,300006.2531,0;92;37;99;36;77;52;3;47;43;0;0;93;74;0;0;20;87;6;21;0;0;22;62;30;61;90;8;0;0;33;2;0;0;63;75;66;0;0;5;24;97;50;98;69;0;0;67;27;72;29;94;49;11;41;48;0,ABC
36,pliki//100 lokacji//C201.txt,50,300,swap,False,2,66543,83533.20944988923,890.9560051395162,78061.2974396102,4580.956005139516,68592.07286176278,1598.655813425365,61704.761234912046,5288.6558134253655,9,300296.7969,0;67;24;87;21;69;0;0;22;62;98;6;48;0;0;92;30;72;36;94;49;11;41;47;0;0;93;75;2;0;0;20;74;0;0;97;27;61;99;66;8;0;0;5;29;77;37;3;50;90;52;43;0;0;63;0;0;33;0,ABC
37,pliki//100 lokacji//C201.txt,50,300,swap,False,2,67542,113379.34373962125,978.3379970707122,107822.66774547982,4578.337997070712,94962.37245779963,1546.1817564903267,88270.00894481897,5146.181756490328,8,300061.9043,0;22;62;25;0;0;73;27;79;9;81;52;89;50;90;47;0;0;67;24;78;29;66;87;41;0;0;20;77;30;96;21;68;8;0;0;5;72;11;64;10;69;43;48;0;0;63;75;2;0;0;74;0;0;93;0,ABC
37,pliki//100 lokacji//C201.txt,50,300,swap,False,2,67543,113379.34373962125,978.3379970707122,107822.66774547982,4578.337997070712,96030.26134359297,1584.84578785002,89260.56976789293,5184.845787850019,8,300263.1604,0;63;75;0;0;93;0;0;67;20;72;29;87;69;21;0;0;73;30;79;9;68;11;41;89;48;0;0;24;78;27;81;52;77;50;90;47;0;0;5;64;10;66;8;96;43;0;0;62;2;25;0;0;22;74;0,ABC
38,pliki//100 lokacji//C201.txt,50,300,swap,False,2,68542,89721.11451992398,947.8941092665299,84135.32630139092,4637.89410926653,74336.13958812549,1569.5258291848627,67507.08792975577,5259.525829184862,9,300023.6773,0;67;100;72;32;42;0;0;5;61;29;99;68;94;50;90;47;48;0;0;73;27;1;64;26;69;9;45;10;43;0;0;20;62;2;21;0;0;24;81;30;41;8;0;0;93;0;0;13;75;66;0;0;63;74;0;0;22;0,ABC
38,pliki//100 lokacji//C201.txt,50,300,swap,False,2,68543,89721.11451992398,947.8941092665299,84135.32630139092,4637.89410926653,74743.90757315289,1544.3513441920763,67965.20488476873,5234.351344192076,8,300082.203,0;93;75;0;0;20;81;1;64;8;41;0;0;24;100;42;29;0;0;5;62;30;66;32;48;0;0;63;74;0;0;67;27;72;99;45;69;21;0;0;22;13;2;0;0;73;26;61;9;68;94;50;90;47;10;43;0,ABC
39,pliki//100 lokacji//C201.txt,50,300,swap,False,2,69542,122227.89051354928,1062.3642160412874,115783.16208146671,5382.364216041287,108661.1302295796,1955.9395086750187,100429.25121222957,6275.939508675017,10,300052.281,0;67;75;64;8;66;21;0;0;79;6;80;9;78;10;47;43;0;0;93;0;0;38;77;36;3;65;11;40;96;41;0;0;22;0;0;63;74;0;0;5;24;72;37;87;52;48;0;0;81;28;61;42;0;0;2;27;25;0;0;20;62;30;71;68;69;90;0,ABC
39,pliki//100 lokacji//C201.txt,50,300,swap,False,2,69543,122227.89051354928,1062.3642160412874,115783.16208146671,5382.364216041287,108364.77860137477,1994.0450923187432,100056.68841673728,6314.045092318743,9,300141.2077,0;75;61;30;64;90;69;21;0;0;63;74;0;0;67;37;87;8;68;42;0;0;20;2;25;0;0;71;24;72;28;96;40;47;0;0;5;38;78;36;3;65;11;41;43;0;0;22;81;6;66;0;0;79;27;80;9;77;52;10;48;0;0;93;62;0,ABC
40,pliki//100 lokacji//C201.txt,50,300,swap,False,2,70542,128602.7781025598,1172.0715209108712,121488.63506073804,5942.071520910871,110691.24853061794,2214.7125143870358,101491.82350184387,6984.712514387037,10,300162.1521,0;67;37;65;29;6;0;0;22;74;0;0;20;75;81;50;21;0;0;5;72;100;51;87;52;96;47;0;0;55;24;64;25;41;8;0;0;80;30;79;36;77;35;90;45;11;43;48;0;0;99;27;1;49;17;68;10;0;0;93;0;0;63;2;0;0;62;39;66;9;42;69;0,ABC
40,pliki//100 lokacji//C201.txt,50,300,swap,False,2,70543,128602.7781025598,1172.0715209108712,121488.63506073804,5942.071520910871,110212.29594055781,2173.391773653308,101095.5123932512,6943.391773653309,10,300060.2915,0;65;2;6;42;0;0;35;79;29;80;36;77;50;10;47;43;0;0;67;75;37;64;8;0;0;5;49;30;96;39;68;11;41;0;0;20;62;17;25;0;0;93;0;0;22;74;0;0;63;24;21;0;0;81;27;100;69;66;87;0;0;72;1;51;99;52;55;9;45;90;48;0,ABC
41,pliki//100 lokacji//C201.txt,50,300,swap,False,2,71542,113265.59002669575,1178.834062609521,106767.92190147671,5318.8340626095205,99902.07070905683,1890.7729861633277,91980.52473673018,6030.772986163328,9,300111.7456,0;67;30;61;9;78;47;41;0;0;93;74;0;0;20;62;1;35;80;11;65;90;48;0;0;24;79;29;77;69;10;87;43;0;0;63;75;0;0;22;81;42;0;0;32;2;25;0;0;70;27;72;6;96;68;0;0;5;64;15;66;8;21;0,ABC
41,pliki//100 lokacji//C201.txt,50,300,swap,False,2,71543,113265.59002669575,1178.834062609521,106767.92190147671,5318.8340626095205,98897.92151963402,1935.7370864887046,90886.44734665661,6075.737086488704,10,300235.7461,0;70;30;61;25;69;0;0;93;0;0;67;15;78;21;0;0;5;24;1;64;6;68;8;43;0;0;22;75;32;0;0;20;77;27;80;11;65;10;87;48;0;0;35;79;29;66;9;96;47;90;41;0;0;81;74;0;0;62;2;72;42;0;0;63;0,ABC
42,pliki//100 lokacji//C201.txt,50,300,swap,False,2,72542,124502.0780163061,1552.710878672183,116356.65625896174,6592.710878672184,107964.5810468266,2302.0660303482528,98320.44898613008,7342.066030348253,10,300613.1453,0;60;89;29;64;8;65;68;0;0;20;75;58;21;0;0;93;22;24;2;0;0;94;59;99;40;23;96;51;86;50;10;48;0;0;5;62;12;61;45;69;0;0;67;1;30;78;52;90;42;47;0;0;72;27;91;6;66;41;43;0;0;80;26;49;100;44;11;87;0;0;74;0;0;63;0,ABC
42,pliki//100 lokacji//C201.txt,50,300,swap,False,2,72543,124502.0780163061,1552.710878672183,116356.65625896174,6592.710878672184,107707.42241458419,2349.020618390997,97969.3811778022,7389.020618390996,10,300008.0871,0;75;60;12;66;8;0;0;59;1;30;80;26;49;86;51;96;50;41;0;0;20;99;40;94;44;89;45;90;48;0;0;62;2;29;21;0;0;78;24;61;11;65;91;47;0;0;5;72;23;87;6;69;52;0;0;93;22;27;64;43;0;0;67;100;58;10;68;42;0;0;63;0;0;74;0,ABC
43,pliki//100 lokacji//C201.txt,50,300,swap,False,2,73542,122885.4142681655,1179.4548058336632,115846.50465649817,5859.454805833664,107833.79932637878,2049.934001099164,99053.93132418046,6729.934001099164,11,300029.1869,0;25;75;0;0;5;61;97;29;66;68;0;0;35;99;40;94;51;4;52;89;41;43;0;0;20;2;6;90;64;69;0;0;77;24;72;9;65;11;96;10;48;0;0;81;27;1;45;8;50;0;0;74;0;0;67;13;87;21;0;0;63;0;0;22;62;30;78;47;42;0;0;93;0,ABC
43,pliki//100 lokacji//C201.txt,50,300,swap,False,2,73543,122885.4142681655,1179.4548058336632,115846.50465649817,5859.454805833664,107869.50731869557,2006.8916926667032,99175.72393336217,6686.891692666703,11,300241.4157,0;35;1;40;94;51;4;45;11;41;48;0;0;20;87;6;89;21;0;0;99;27;72;29;78;10;65;47;0;0;22;81;30;77;52;96;68;0;0;62;24;61;8;42;69;0;0;67;5;64;9;66;90;50;43;0;0;97;13;0;0;74;0;0;25;0;0;93;75;2;0;0;63;0,ABC
44,pliki//100 lokacji//C201.txt,50,300,swap,False,2,74542,120417.57309827725,1261.7983245169398,113213.97644924336,5941.79832451694,106735.48744963511,2157.4835691307107,97740.5203113737,6837.483569130711,10,300518.2278,0;24;99;50;7;66;42;0;0;67;30;72;29;98;21;0;0;20;71;6;64;11;69;41;0;0;5;27;81;31;87;47;0;0;2;62;97;8;0;0;79;39;80;9;77;51;96;45;43;0;0;63;0;0;93;0;0;22;75;74;0;0;35;61;1;68;10;65;90;52;48;0,ABC
44,pliki//100 lokacji//C201.txt,50,300,swap,False,2,74543,120417.57309827725,1261.7983245169398,113213.97644924336,5941.79832451694,106955.52956135041,2244.0149231234836,97787.49971510345,6924.014923123485,10,300479.4962,0;22;81;29;64;52;43;0;0;75;62;8;31;0;0;2;74;21;0;0;71;27;61;99;68;11;42;0;0;67;24;97;6;66;69;0;0;72;1;45;98;41;7;0;0;5;65;9;80;39;87;51;90;47;0;0;20;79;30;77;35;96;10;50;48;0;0;63;0;0;93;0,ABC
45,pliki//100 lokacji//C201.txt,50,300,swap,False,2,75542,102833.15541766812,1046.8115644968443,96599.53228867443,5186.811564496845,88616.4195611275,1792.8763396976321,80890.66688173225,5932.876339697633,9,300452.3394,0;63;74;0;0;67;2;61;42;0;0;20;80;1;44;9;77;47;90;41;48;0;0;5;72;100;66;3;68;8;52;0;0;24;92;6;98;69;0;0;95;27;87;21;0;0;78;30;99;64;10;65;96;43;0;0;93;62;0;0;22;75;25;0,ABC
45,pliki//100 lokacji//C201.txt,50,300,swap,False,2,75543,102833.15541766812,1046.8115644968443,96599.53228867443,5186.811564496845,88901.52502853937,1723.043444762439,81315.43813901448,5863.043444762439,9,300127.1153,0;99;72;30;61;90;52;77;47;48;0;0;95;2;6;0;0;22;98;42;21;0;0;20;80;1;44;3;68;8;96;41;0;0;93;74;0;0;63;62;0;0;100;27;66;9;78;10;65;43;0;0;5;24;92;64;87;69;0;0;67;75;25;0,ABC
46,pliki//100 lokacji//C201.txt,50,300,swap,False,2,76542,134465.15882069373,1255.8093915594595,127903.54003757481,5305.80939155946,118944.06081823765,1774.0056243651632,111346.04956950732,5824.005624365163,9,300407.0335,0;63;74;0;0;22;62;25;0;0;20;15;13;0;0;81;75;61;21;0;0;5;79;30;64;11;51;90;47;41;0;0;73;18;80;17;77;52;42;48;0;0;67;27;72;9;69;10;96;43;0;0;93;2;0;0;78;24;1;66;87;8;0,ABC
46,pliki//100 lokacji//C201.txt,50,300,swap,False,2,76543,134465.15882069373,1255.8093915594595,127903.54003757481,5305.80939155946,119798.26559474552,1814.6981356824992,112118.86932338052,5864.6981356825,9,300121.5424,0;20;81;30;87;69;10;0;0;24;80;1;64;9;96;52;43;0;0;73;27;79;18;77;51;90;47;41;0;0;67;15;72;11;42;48;0;0;5;61;13;25;0;0;74;62;0;0;93;75;0;0;63;2;21;0;0;22;78;17;66;8;0,ABC
47,pliki//100 lokacji//C201.txt,50,300,swap,False,2,77542,114763.20062664241,901.1712080471034,108820.8582105482,5041.1712080471025,98945.69010223848,1796.5863671474895,91212.5173679435,5936.586367147489,9,300287.1577,0;20;62;84;68;89;69;0;0;5;72;30;77;9;49;4;41;48;0;0;67;24;86;52;90;65;11;8;0;0;70;27;82;42;0;0;80;29;83;45;87;10;96;47;43;0;0;93;74;0;0;63;0;0;54;2;0;0;22;75;61;21;66;0,ABC
47,pliki//100 lokacji//C201.txt,50,300,swap,False,2,77543,114763.20062664241,901.1712080471034,108820.8582105482,5041.1712080471025,99320.8099549198,1794.830983389091,91591.1479881416,5934.830983389092,9,300376.4648,0;22;61;30;82;52;87;96;0;0;62;24;77;41;10;69;8;0;0;5;72;9;68;4;45;89;43;48;0;0;93;74;0;0;67;75;70;29;66;0;0;20;84;42;21;0;0;54;2;0;0;80;27;49;11;65;83;47;86;90;0;0;63;0,ABC
48,pliki//100 lokacji//C201.txt,50,300,swap,False,2,78542,115986.07486425867,1139.9037988214554,109386.26726661576,5459.903798821455,101560.12801018919,1939.250593710156,93361.62682276889,6259.250593710155,10,300172.2846,0;5;45;99;64;9;77;43;21;0;0;63;62;87;0;0;67;24;72;29;98;42;48;0;0;93;0;0;1;61;30;73;51;94;41;3;90;0;0;100;2;6;0;0;22;74;0;0;20;75;13;69;0;0;81;27;80;11;66;10;96;47;0;0;95;32;8;0,ABC
48,pliki//100 lokacji//C201.txt,50,300,swap,False,2,78543,115986.07486425867,1139.9037988214554,109386.26726661576,5459.903798821455,101410.25939757323,1969.4839382916916,93151.29152098983,6289.483938291692,10,300405.2755,0;93;0;0;27;80;11;64;98;41;90;10;0;0;67;24;13;21;0;0;22;74;0;0;75;32;100;0;0;20;95;72;6;66;0;0;62;1;30;61;3;42;96;48;0;0;5;81;9;87;8;69;0;0;73;29;99;51;94;45;77;47;43;0;0;63;2;0,ABC
49,pliki//100 lokacji//C201.txt,50,300,swap,False,2,79542,106200.39688151088,947.0025720487736,100436.39173741333,4817.002572048772,93372.95172834407,1681.1711412146112,86140.60944591484,5551.171141214611,10,300087.3971,0;79;27;86;50;4;49;11;41;8;0;0;75;31;25;0;0;20;78;30;96;69;42;0;0;62;24;61;13;66;87;0;0;5;81;9;64;10;68;0;0;22;2;21;0;0;67;99;72;32;77;43;48;0;0;63;0;0;74;0;0;93;0,ABC
49,pliki//100 lokacji//C201.txt,50,300,swap,False,2,79543,106200.39688151088,947.0025720487736,100436.39173741333,4817.002572048772,92408.77836747837,1677.8588485924427,85183.06067029349,5547.858848592443,10,300131.6888,0;5;72;30;61;9;68;11;43;0;0;79;24;99;49;4;50;86;41;96;0;0;81;27;77;64;66;10;48;0;0;20;78;32;69;42;0;0;25;2;0;0;22;62;13;21;0;0;67;75;31;87;8;0;0;74;0;0;63;0;0;93;0,ABC
0,pliki//100 lokacji//R101.txt,50,300,swap,False,2,30542,7717.607056232313,764.7450409922892,5748.116974247734,1204.7450409922894,4145.641473706241,1126.6224338583095,1452.396605989622,1566.6224338583095,8,300120.1697,0;31;12;84;37;13;0;0;52;2;53;94;0;0;95;69;57;26;74;80;0;0;41;18;24;68;77;70;0;0;90;40;55;56;25;58;0;0;28;27;87;6;20;1;0;0;66;17;97;91;100;93;0;0;82;73;48;60;89;0,ABC
0,pliki//100 lokacji//R101.txt,50,300,swap,False,2,30543,7717.607056232313,764.7450409922892,5748.116974247734,1204.7450409922894,4080.0289076274753,1042.950956117183,1554.1269953931094,1482.950956117183,8,300044.5541,0;82;73;55;24;68;1;70;0;0;28;27;0;0;95;69;57;26;74;100;0;0;41;18;84;97;13;60;89;0;0;87;12;40;25;91;93;0;0;31;17;6;94;0;0;2;90;66;20;77;80;58;0;0;52;56;53;37;48;0,ABC
1,pliki//100 lokacji//R101.txt,50,300,swap,False,2,31542,8682.495015149316,811.4369442722749,6549.621126604767,1321.4369442722748,4577.2888346542695,1167.7536110371575,1731.7816125799548,1677.7536110371575,9,300782.6186,0;30;12;40;57;74;13;0;0;95;35;66;68;80;70;0;0;62;69;24;3;50;1;0;0;52;98;16;84;46;17;93;91;100;0;0;20;76;53;54;56;25;58;0;0;87;0;0;90;94;26;60;89;0;0;27;28;29;37;97;96;0;0;32;6;55;4;77;0,ABC
1,pliki//100 lokacji//R101.txt,50,300,swap,False,2,31543,8682.495015149316,811.4369442722749,6549.621126604767,1321.4369442722748,4579.810382388665,1167.7394127146727,1734.3315569593199,1677.7394127146727,9,300792.7759,0;90;55;24;54;68;80;77;0;0;16;87;6;53;26;0;0;66;37;17;93;91;100;58;0;0;32;94;50;1;0;0;98;30;97;96;13;0;0;52;27;40;3;20;35;70;0;0;29;12;76;0;0;28;62;57;74;56;25;4;0;0;95;69;84;46;60;89;0,ABC
2,pliki//100 lokacji//R101.txt,50,300,swap,False,2,32542,8048.599034256292,780.532317638798,6037.534398978695,1230.532317638798,4144.315930432261,1143.0827267144148,1408.1504770034308,1593.0827267144148,8,300384.5348,0;43;10;32;66;77;0;0;9;87;84;17;58;0;0;28;88;40;97;68;24;80;0;0;69;98;86;6;1;70;89;0;0;44;53;94;26;0;0;79;52;57;91;37;100;93;0;0;27;95;81;25;74;0;0;19;76;96;60;13;0,ABC
2,pliki//100 lokacji//R101.txt,50,300,swap,False,2,32543,8048.599034256292,780.532317638798,6037.534398978695,1230.532317638798,4101.11497681663,1116.5120138027778,1418.0909492110738,1566.5120138027778,8,300351.0307,0;44;53;43;74;58;0;0;27;66;81;79;0;0;88;76;94;26;25;77;0;0;69;98;87;10;1;70;89;0;0;95;19;84;91;37;13;0;0;9;40;6;68;24;80;0;0;32;57;17;60;93;100;0;0;52;28;86;96;97;0,ABC
3,pliki//100 lokacji//R101.txt,50,300,swap,False,2,33542,8304.235584372953,816.5946181569332,6151.046348059087,1336.5946181569332,4729.113139550268,1291.6022704815318,1625.9085985872043,1811.6022704815318,9,300661.8157,0;95;20;51;3;32;70;0;0;69;27;57;40;4;25;80;77;0;0;34;94;97;48;0;0;9;85;6;96;37;0;0;31;87;8;46;17;89;0;0;84;30;10;91;60;93;0;0;81;18;50;26;1;0;0;28;62;99;74;100;58;0;0;52;12;76;53;43;13;0,ABC
3,pliki//100 lokacji//R101.txt,50,300,swap,False,2,33543,8304.235584372953,816.5946181569332,6151.046348059087,1336.5946181569332,4787.023401466251,1252.445666898594,1762.1320676690625,1772.445666898594,9,300473.4153,0;28;27;81;97;80;77;0;0;95;69;18;8;46;17;60;93;0;0;34;87;96;100;37;0;0;51;84;85;43;91;0;0;62;52;40;74;26;25;58;0;0;4;9;3;32;1;70;0;0;31;12;99;6;13;0;0;30;94;53;50;0;0;57;76;10;20;48;89;0,ABC
4,pliki//100 lokacji//R101.txt,50,300,swap,False,2,34542,8119.1987363112585,836.2057463534978,5976.7872436042635,1306.205746353498,4113.602236384708,1043.1165971503797,1557.3690420839487,1513.11659715038,8,300217.3582,0;20;94;43;97;100;91;93;0;0;46;99;6;96;37;13;26;0;0;50;85;18;10;0;0;95;8;7;66;35;80;77;0;0;98;52;40;53;17;60;58;0;0;69;12;88;3;68;1;70;0;0;28;27;76;0;0;30;57;84;48;89;0,ABC
4,pliki//100 lokacji//R101.txt,50,300,swap,False,2,34543,8119.1987363112585,836.2057463534978,5976.7872436042635,1306.205746353498,4106.2878951900175,1038.8047648837726,1558.6783654224726,1508.8047648837726,8,300453.412,0;57;76;37;13;97;89;0;0;27;12;7;8;46;17;91;100;93;0;0;20;40;96;48;60;58;0;0;28;85;53;0;0;95;69;88;3;50;0;0;98;30;35;66;70;0;0;43;94;18;10;1;80;77;0;0;84;52;99;6;68;26;0,ABC
5,pliki//100 lokacji//R101.txt,50,300,swap,False,2,35542,8037.493321236325,789.6764656017845,5988.140390032756,1259.6764656017845,4138.34398574228,1178.322185198389,1311.6996153455018,1648.3221851983888,8,300456.5556,0;16;40;50;26;91;93;0;0;7;76;84;43;100;58;0;0;27;11;94;53;74;0;0;52;87;20;35;1;70;0;0;28;66;10;37;17;89;0;0;95;88;18;6;48;60;0;0;30;69;99;8;96;13;0;0;98;12;57;97;68;80;0,ABC
5,pliki//100 lokacji//R101.txt,50,300,swap,False,2,35543,8037.493321236325,789.6764656017845,5988.140390032756,1259.6764656017845,4063.810090988364,1086.403362375432,1421.0033662375001,1556.403362375432,8,300314.7608,0;20;94;53;43;91;93;0;0;52;69;6;7;8;48;17;100;0;0;66;76;50;35;1;70;0;0;98;88;84;97;37;60;89;58;0;0;28;11;18;10;68;80;0;0;95;12;87;96;0;0;30;99;26;0;0;27;16;40;57;74;13;0,ABC
6,pliki//100 lokacji//R101.txt,50,300,swap,False,2,36542,8154.669296975366,808.989946767822,6066.689403439721,1278.9899467678222,3991.451004274534,1001.7911563808505,1517.8686915128333,1471.7911563808502,7,300722.5482,0;31;98;96;53;26;24;80;0;0;95;28;12;35;25;74;0;0;8;76;79;50;1;60;89;0;0;52;46;85;3;77;70;0;0;7;21;17;37;100;91;93;0;0;16;6;94;40;55;56;58;0;0;69;27;88;57;43;97;13;0,ABC
6,pliki//100 lokacji//R101.txt,50,300,swap,False,2,36543,8154.669296975366,808.989946767822,6066.689403439721,1278.9899467678222,3955.559025801828,976.9253539697752,1531.7083178622777,1446.9253539697752,7,300415.0435,0;16;21;57;96;97;13;0;0;98;12;37;17;100;91;93;0;0;27;28;40;76;35;24;70;0;0;8;52;7;6;1;58;0;0;46;85;53;26;60;89;0;0;31;69;88;79;50;3;77;80;0;0;95;43;94;56;55;25;74;0,ABC
7,pliki//100 lokacji//R101.txt,50,300,swap,False,2,37542,8462.385890306274,949.6627579921849,6033.060374321904,1479.6627579921849,4344.616865177772,1176.425088033357,1461.766689111057,1706.425088033357,9,300096.7596,0;49;51;50;24;77;80;0;0;16;25;54;55;4;58;0;0;20;40;94;37;17;100;93;0;0;92;88;34;35;1;70;0;0;52;12;76;6;97;96;60;89;0;0;30;69;18;53;26;0;0;95;27;99;10;48;0;0;28;98;84;85;0;0;59;31;7;46;91;13;0,ABC
7,pliki//100 lokacji//R101.txt,50,300,swap,False,2,37543,8462.385890306274,949.6627579921849,6033.060374321904,1479.6627579921849,4409.920950309968,1177.1407146781896,1525.6395209535895,1707.1407146781896,9,300163.0779,0;16;54;50;26;1;0;0;34;30;46;48;70;0;0;52;28;76;10;20;35;77;0;0;59;95;98;99;6;55;25;24;80;0;0;49;7;53;37;89;0;0;31;27;0;0;92;88;85;94;96;17;0;0;51;18;84;97;91;13;58;0;0;12;69;40;4;60;100;93;0,ABC
8,pliki//100 lokacji//R101.txt,50,300,swap,False,2,38542,8540.125443788515,772.5885151718394,6514.948413444836,1252.5885151718394,4213.492641405224,1135.481754503308,1462.5291323986087,1615.4817545033077,8,300616.5728,0;12;84;18;97;17;91;100;93;0;0;82;61;20;48;60;0;0;31;27;76;53;10;0;0;95;69;99;26;54;0;0;46;4;68;24;77;80;0;0;52;28;30;35;50;1;70;0;0;90;40;6;37;96;89;0;0;21;8;94;74;13;58;0,ABC
8,pliki//100 lokacji//R101.txt,50,300,swap,False,2,38543,8540.125443788515,772.5885151718394,6514.948413444836,1252.5885151718394,4185.549774678911,1110.2700293843304,1485.0097159102497,1590.2700293843304,8,300601.2918,0;8;40;18;60;17;91;100;93;0;0;61;35;20;1;70;0;0;95;90;26;68;24;0;0;52;21;84;97;37;96;13;58;0;0;30;31;99;10;89;0;0;82;69;94;6;50;48;0;0;46;74;54;4;77;80;0;0;28;27;12;76;53;0,ABC
9,pliki//100 lokacji//R101.txt,50,300,swap,False,2,39542,8532.706589086341,806.3246298519689,6430.0573293824045,1296.324629851969,4664.363197137656,1226.6958486975338,1720.9714997425885,1716.6958486975336,9,300569.6804,0;32;87;43;37;93;0;0;20;22;25;4;74;58;0;0;62;56;3;24;77;80;0;0;2;68;6;97;1;0;0;95;27;12;40;0;0;52;28;76;94;96;0;0;69;57;50;10;48;70;0;0;30;53;8;17;60;91;100;0;0;55;18;26;13;89;0,ABC
9,pliki//100 lokacji//R101.txt,50,300,swap,False,2,39543,8532.706589086341,806.3246298519689,6430.0573293824045,1296.324629851969,4684.658314166512,1246.955489418457,1700.7473353295977,1736.955489418457,9,300403.6722,0;12;52;53;6;17;60;89;0;0;28;62;87;3;0;0;22;8;97;37;13;58;0;0;95;69;56;26;4;74;0;0;27;55;18;10;48;70;0;0;32;57;43;91;93;100;0;0;30;40;50;20;1;0;0;2;76;94;0;0;25;96;68;24;77;80;0,ABC
10,pliki//100 lokacji//R101.txt,50,300,swap,False,2,40542,7716.593044634023,642.8032876858617,6010.9864692623,1062.8032876858617,3807.0983472770395,888.126780550213,1610.844786176613,1308.1267805502132,7,300293.3754,0;32;40;26;100;60;58;0;0;3;27;94;56;74;4;0;0;28;16;25;55;68;80;77;0;0;82;52;53;50;97;13;0;0;69;12;7;46;48;1;70;0;0;99;76;6;96;37;91;17;93;89;0;0;95;0,ABC
10,pliki//100 lokacji//R101.txt,50,300,swap,False,2,40543,7716.593044634023,642.8032876858617,6010.9864692623,1062.8032876858617,3862.290381046444,1008.2979754948176,1425.694430056809,1428.2979754948174,7,300070.583,0;46;40;26;97;91;100;93;89;0;0;95;27;76;17;60;13;0;0;82;12;53;55;4;0;0;99;52;74;48;58;0;0;16;56;3;77;1;70;0;0;69;28;7;94;37;96;0;0;32;6;50;68;80;25;0,ABC
11,pliki//100 lokacji//R101.txt,50,300,swap,False,2,41542,8386.521619186795,776.279656411968,6363.96230636286,1246.279656411968,4155.320057026376,1135.8622157906711,1413.5956254450336,1605.8622157906711,8,300590.9613,0;66;76;50;35;70;77;0;0;24;18;46;48;60;93;58;0;0;16;53;3;54;4;25;80;0;0;95;52;81;17;100;91;0;0;12;27;7;37;96;89;0;0;28;88;40;20;1;0;0;61;51;26;74;13;0;0;5;69;6;94;97;0,ABC
11,pliki//100 lokacji//R101.txt,50,300,swap,False,2,41543,8386.521619186795,776.279656411968,6363.96230636286,1246.279656411968,4167.119664311212,1054.8240939450661,1587.471476421079,1524.8240939450664,8,300219.0065,0;51;7;18;50;1;48;0;0;61;52;53;94;13;0;0;27;16;6;26;4;74;25;0;0;81;69;76;3;20;35;70;0;0;95;88;46;96;17;100;58;0;0;28;0;0;24;12;40;37;97;54;80;77;0;0;5;66;89;60;91;93;0,ABC
12,pliki//100 lokacji//R101.txt,50,300,swap,False,2,42542,8456.977408336406,765.0033202715539,6456.9707677932975,1235.003320271554,4513.520594635688,1051.189189898877,1941.1422148379343,1521.189189898877,8,300534.229,0;95;76;40;50;54;80;77;0;0;86;24;74;4;58;0;0;61;12;3;68;0;0;31;43;85;91;1;70;0;0;28;10;57;97;37;100;60;93;0;0;69;27;52;18;94;6;0;0;17;53;87;26;13;0;0;7;99;8;96;48;89;0,ABC
12,pliki//100 lokacji//R101.txt,50,300,swap,False,2,42543,8456.977408336406,765.0033202715539,6456.9707677932975,1235.003320271554,4565.181780499537,1123.06631619767,1849.0491481041975,1593.06631619767,9,300392.2609,0;28;85;7;50;0;0;74;61;99;24;68;77;0;0;86;3;54;1;70;0;0;76;52;94;18;13;0;0;69;43;87;96;48;60;0;0;27;0;0;10;12;53;37;17;100;93;0;0;95;31;57;97;91;89;0;0;8;40;6;26;4;80;58;0,ABC
13,pliki//100 lokacji//R101.txt,50,300,swap,False,2,43542,8454.842150870338,778.7788774203221,6427.284396029693,1248.778877420322,4390.331595085587,1140.5833097948112,1639.1649754959635,1610.5833097948116,8,300180.7283,0;95;76;53;0;0;98;52;40;3;1;48;0;0;82;54;26;37;17;100;0;0;88;73;41;96;74;13;58;0;0;69;27;61;10;60;89;0;0;12;46;84;97;91;93;0;0;8;35;20;32;70;77;0;0;94;28;99;6;68;55;80;0,ABC
13,pliki//100 lokacji//R101.txt,50,300,swap,False,2,43543,8454.842150870338,778.7788774203221,6427.284396029693,1248.778877420322,4359.687116600511,1054.5920285289335,1780.5030595426435,1524.5920285289335,8,300453.1228,0;95;69;40;53;26;0;0;46;35;20;32;70;0;0;76;61;6;54;68;0;0;27;82;73;3;1;80;77;0;0;88;55;74;97;96;93;13;0;0;98;41;84;48;60;89;0;0;52;28;12;94;0;0;10;99;8;17;37;91;100;58;0,ABC
14,pliki//100 lokacji//R101.txt,50,300,swap,False,2,44542,8797.660137392346,767.5796477217957,6802.500841948755,1227.5796477217957,4357.129013806434,1099.4330397545211,1698.2629342973917,1559.433039754521,8,300105.0144,0;32;99;97;68;77;80;0;0;22;8;84;96;60;91;100;93;0;0;82;69;87;94;37;0;0;46;54;26;74;13;58;0;0;95;12;21;53;17;89;0;0;44;10;1;48;70;0;0;28;27;52;31;0;0;86;40;6;4;55;25;0,ABC
14,pliki//100 lokacji//R101.txt,50,300,swap,False,2,44543,8797.660137392346,767.5796477217957,6802.500841948755,1227.5796477217957,4422.9522559629795,1165.4885862079916,1631.9750835469963,1625.4885862079916,8,300151.8978,0;8;22;54;26;1;70;0;0;82;68;53;96;60;89;0;0;46;40;37;17;100;93;58;0;0;69;28;84;10;48;0;0;31;27;21;94;0;0;95;52;87;99;97;55;25;0;0;12;44;6;74;4;80;77;0;0;86;32;91;13;0,ABC
15,pliki//100 lokacji//R101.txt,50,300,swap,False,2,45542,8466.421805631564,773.831151554933,6428.759502521699,1263.8311515549328,4166.6484218961505,1153.2664056807102,1370.1156105347297,1643.2664056807105,8,300717.8163,0;2;28;7;97;37;13;0;0;27;15;73;53;26;50;1;70;0;0;30;40;3;54;55;25;80;0;0;51;57;68;24;77;58;0;0;12;69;81;10;32;0;0;82;52;41;96;60;89;0;0;95;76;43;17;93;100;0;0;66;6;94;74;4;0,ABC
15,pliki//100 lokacji//R101.txt,50,300,swap,False,2,45543,8466.421805631564,773.831151554933,6428.759502521699,1263.8311515549328,4277.778191159066,1144.203571323141,1499.3710485127845,1634.203571323141,8,300592.3086,0;41;51;26;68;77;0;0;95;12;40;57;4;1;70;0;0;15;3;60;17;93;100;0;0;30;73;94;96;37;89;0;0;69;27;52;7;10;32;50;0;0;82;76;97;43;13;0;0;2;28;6;53;54;24;80;0;0;66;81;74;55;25;58;0,ABC
16,pliki//100 lokacji//R101.txt,50,300,swap,False,2,46542,7968.141118280616,725.3710206995466,6077.399076881523,1165.3710206995468,4021.105845359428,1006.0732349023119,1568.9593755548042,1446.073234902312,7,300307.8895,0;27;8;6;84;91;97;13;100;0;0;76;28;18;43;74;58;0;0;86;68;55;25;0;0;98;69;94;26;24;80;77;0;0;16;54;3;50;70;1;0;0;52;46;57;96;48;93;0;0;95;12;53;40;17;60;89;0,ABC
16,pliki//100 lokacji//R101.txt,50,300,swap,False,2,46543,7968.141118280616,725.3710206995466,6077.399076881523,1165.3710206995468,4012.6040329225234,985.2259256120263,1602.1521816984705,1425.2259256120262,7,300286.4698,0;86;6;50;24;80;93;0;0;69;98;18;8;97;13;89;0;0;76;27;53;40;57;74;25;77;0;0;95;12;3;96;91;100;17;0;0;43;16;60;48;70;1;0;0;46;68;55;54;58;0;0;52;28;84;94;26;0,ABC
17,pliki//100 lokacji//R101.txt,50,300,swap,False,2,47542,8996.993479052535,764.9017678449603,6997.189943362614,1234.9017678449604,4470.190789099885,1108.4632785066033,1783.2642320866778,1578.4632785066033,8,300571.7451,0;78;43;97;13;89;0;0;32;24;79;3;26;0;0;35;55;50;68;0;0;61;52;7;48;37;91;60;58;0;0;95;69;40;53;96;17;93;100;0;0;76;84;85;20;1;70;0;0;46;87;94;74;80;77;0;0;28;27;12;99;6;0,ABC
17,pliki//100 lokacji//R101.txt,50,300,swap,False,2,47543,8996.993479052535,764.9017678449603,6997.189943362614,1234.9017678449604,4349.391314279519,1135.2652570758225,1608.8608001278735,1605.2652570758225,8,300524.7131,0;28;84;40;6;37;13;89;0;0;78;87;20;32;70;0;0;12;7;50;74;26;58;0;0;85;52;43;17;93;100;0;0;95;27;99;46;48;1;0;0;61;76;96;97;91;60;0;0;79;69;94;53;0;0;35;55;3;68;24;80;77;0,ABC
18,pliki//100 lokacji//R101.txt,50,300,swap,False,2,48542,7882.677914654487,781.3448938947289,5829.98812686503,1271.3448938947286,4091.4607277985815,1033.3218335002082,1534.817060798165,1523.3218335002082,8,300439.7674,0;98;76;20;77;68;80;24;0;0;83;69;6;26;60;13;58;0;0;88;52;99;53;40;74;25;4;0;0;5;43;10;70;1;89;0;0;28;19;37;96;91;93;17;100;0;0;31;12;94;97;0;0;27;61;18;3;50;54;0;0;59;95;85;0,ABC
18,pliki//100 lokacji//R101.txt,50,300,swap,False,2,48543,7882.677914654487,781.3448938947289,5829.98812686503,1271.3448938947286,4204.341787315479,1191.2569921971588,1331.8278029211617,1681.256992197159,9,300440.7554,0;5;3;20;10;1;70;0;0;69;28;99;26;93;17;100;0;0;95;88;85;37;74;58;0;0;24;18;50;77;80;89;0;0;27;31;61;53;96;60;0;0;19;52;94;43;91;13;0;0;83;76;6;68;54;0;0;98;12;40;97;25;4;0;0;59;0,ABC
19,pliki//100 lokacji//R101.txt,50,300,swap,False,2,49542,8988.149845691385,799.4891859496909,6909.171473792003,1279.489185949691,4858.357984152903,1140.998170736489,2096.3616426799244,1620.9981707364893,9,300148.9908,0;85;76;40;26;0;0;78;12;68;97;96;17;0;0;95;69;53;3;50;80;0;0;30;99;87;56;24;77;0;0;66;8;10;1;70;0;0;94;28;0;0;52;27;48;84;6;0;0;61;7;74;13;60;93;89;0;0;20;18;37;43;91;100;58;0,ABC
19,pliki//100 lokacji//R101.txt,50,300,swap,False,2,49543,8988.149845691385,799.4891859496909,6909.171473792003,1279.489185949691,4671.682487502626,1192.4381307952387,1806.8062259121484,1672.4381307952387,9,300339.7775,0;78;8;84;96;91;100;93;58;0;0;95;69;94;50;20;70;0;0;43;18;37;48;17;0;0;30;85;56;80;0;0;28;27;61;99;40;26;0;0;7;76;87;97;74;13;0;0;66;6;68;24;77;0;0;53;0;0;12;52;3;10;1;60;89;0,ABC
20,pliki//100 lokacji//R101.txt,50,300,swap,False,2,50542,8133.517616902902,795.8767191823601,6041.764178538182,1295.8767191823604,4398.728759541654,1168.80829182638,1561.1121758888942,1668.8082918263797,9,300780.3106,0;8;79;10;32;70;0;0;20;57;68;24;54;0;0;82;31;18;6;0;0;2;88;43;37;91;93;100;0;0;81;87;94;17;60;89;0;0;12;90;26;50;1;77;80;0;0;28;27;52;76;53;0;0;95;3;40;97;96;0;0;62;69;84;74;13;58;0,ABC
20,pliki//100 lokacji//R101.txt,50,300,swap,False,2,50543,8133.517616902902,795.8767191823601,6041.764178538182,1295.8767191823604,4375.741192831141,1075.8570541860988,1724.0270844589431,1575.8570541860988,9,300192.7575,0;52;40;81;79;3;50;0;0;2;12;18;74;54;58;0;0;32;43;37;91;93;100;0;0;88;68;57;97;96;0;0;27;62;31;8;84;17;60;70;0;0;95;69;24;26;89;13;0;0;82;53;87;94;6;0;0;90;76;20;10;1;77;80;0;0;28;0,ABC
21,pliki//100 lokacji//R101.txt,50,300,swap,False,2,51542,7712.415092108925,681.2464468350347,5919.922198438856,1111.2464468350345,3600.3307249624568,1003.515681939564,1163.2993610833287,1433.5156819395643,7,300205.8256,0;31;27;94;53;0;0;57;51;3;32;70;1;0;0;28;52;12;10;24;77;0;0;30;41;55;4;74;58;0;0;95;69;87;97;26;25;80;0;0;98;40;6;54;13;91;100;0;0;44;88;96;17;60;93;89;0,ABC
21,pliki//100 lokacji//R101.txt,50,300,swap,False,2,51543,7712.415092108925,681.2464468350347,5919.922198438856,1111.2464468350345,3651.997660142234,1030.846361738135,1160.3049366659643,1460.846361738135,7,300011.954,0;98;32;54;24;77;80;0;0;12;88;53;55;74;58;0;0;30;6;10;13;0;0;31;28;57;41;25;4;0;0;51;69;87;97;96;17;91;100;0;0;95;52;40;94;26;70;1;0;0;27;44;3;60;93;89;0,ABC
22,pliki//100 lokacji//R101.txt,50,300,swap,False,2,52542,8649.293065231275,742.0509738911373,6685.1911174490015,1222.0509738911371,4575.078517596563,1181.434387173172,1732.2097432502185,1661.4343871731721,8,300530.7414,0;99;50;87;26;80;77;0;0;88;40;35;68;1;70;0;0;12;52;7;18;25;24;58;0;0;34;57;96;37;13;100;0;0;81;94;8;97;89;0;0;46;85;54;4;74;0;0;28;27;31;53;3;0;0;95;69;76;6;91;17;60;93;0,ABC
22,pliki//100 lokacji//R101.txt,50,300,swap,False,2,52543,8649.293065231275,742.0509738911373,6685.1911174490015,1222.0509738911371,4690.237110853747,1231.6789790406124,1746.8791527725225,1711.6789790406124,8,300347.4696,0;81;91;68;1;70;0;0;87;69;57;96;97;13;0;0;52;28;85;8;37;60;17;0;0;27;95;76;46;89;100;0;0;94;35;54;4;80;77;0;0;12;7;34;24;25;58;0;0;88;99;50;3;74;93;0;0;31;18;53;40;6;26;0,ABC
23,pliki//100 lokacji//R101.txt,50,300,swap,False,2,53542,8300.51904674277,890.0309489880632,6070.4571487666435,1340.030948988063,4328.919068687134,1066.5733598576692,1745.7723489717962,1516.573359857669,8,300034.9996,0;69;2;48;10;1;0;0;57;18;53;37;17;93;100;0;0;87;94;0;0;27;35;74;4;25;58;0;0;46;82;50;32;20;70;0;0;12;8;6;26;13;0;0;84;52;40;96;68;77;80;0;0;28;95;88;97;60;89;91;0,ABC
23,pliki//100 lokacji//R101.txt,50,300,swap,False,2,53543,8300.51904674277,890.0309489880632,6070.4571487666435,1340.030948988063,4165.591477359395,1090.3838030540726,1534.8238712512502,1540.3838030540721,8,300213.082,0;82;40;53;10;89;91;100;0;0;95;69;96;46;48;60;0;0;87;88;18;50;68;0;0;2;52;57;26;1;77;80;0;0;12;94;8;20;35;70;0;0;32;84;97;37;17;93;0;0;28;27;0;0;25;6;4;74;13;58;0,ABC
24,pliki//100 lokacji//R101.txt,50,300,swap,False,2,54542,7814.052680974894,836.2132369770195,5671.626207020855,1306.2132369770195,4094.6608669480684,1173.2405675574767,1278.1797318331155,1643.2405675574767,8,300437.9691,0;49;50;1;10;70;89;0;0;99;69;8;37;97;13;0;0;52;28;12;6;35;77;0;0;95;76;79;55;26;0;0;30;85;57;17;91;60;0;0;46;3;96;93;100;58;0;0;27;98;51;20;66;80;0;0;82;53;40;94;43;74;0,ABC
24,pliki//100 lokacji//R101.txt,50,300,swap,False,2,54543,7814.052680974894,836.2132369770195,5671.626207020855,1306.2132369770195,4139.030386206119,1085.4235017057663,1498.1833827945861,1555.4235017057663,8,300208.9623,0;51;12;20;50;1;0;0;95;69;53;66;70;0;0;76;52;10;3;35;80;77;0;0;82;6;40;57;37;97;96;89;60;0;0;28;27;85;99;0;0;49;94;26;100;0;0;79;30;8;46;17;91;93;0;0;43;98;55;74;13;58;0,ABC
25,pliki//100 lokacji//R101.txt,50,300,swap,False,2,55542,8817.481959089357,816.8451189953573,6673.7917210986425,1326.8451189953573,4376.406342910363,1128.5544352562843,1609.2974723977943,1638.5544352562843,8,300800.4452,0;78;74;26;91;93;58;0;0;95;12;18;46;13;0;0;56;51;20;32;48;0;0;28;16;61;53;55;54;25;0;0;73;79;94;97;96;60;0;0;30;52;6;84;17;100;37;89;0;0;69;99;40;50;68;1;70;0;0;76;27;4;3;24;80;77;0,ABC
25,pliki//100 lokacji//R101.txt,50,300,swap,False,2,55543,8817.481959089357,816.8451189953573,6673.7917210986425,1326.8451189953573,4568.880735499443,1193.4553830275486,1671.9699694443464,1703.4553830275481,9,300250.6482,0;51;94;74;56;4;80;77;0;0;32;79;55;24;1;58;0;0;27;20;18;46;17;60;89;0;0;16;50;97;100;37;0;0;73;69;53;3;68;54;25;0;0;99;12;40;6;26;13;0;0;30;61;84;48;70;0;0;95;52;78;96;91;93;0;0;76;28;0,ABC
26,pliki//100 lokacji//R101.txt,50,300,swap,False,2,56542,8679.306439708003,794.026143295577,6631.25415311685,1254.0261432955772,4362.934661335868,1078.7758778791874,1745.3829055774936,1538.7758778791872,8,300394.0248,0;95;85;0;0;4;84;13;26;55;25;0;0;88;76;18;68;24;80;0;0;69;27;40;46;60;48;0;0;35;10;17;91;93;100;58;0;0;52;28;7;94;74;0;0;12;98;3;50;70;1;77;0;0;32;53;6;37;97;96;89;0,ABC
26,pliki//100 lokacji//R101.txt,50,300,swap,False,2,56543,8679.306439708003,794.026143295577,6631.25415311685,1254.0261432955772,4361.667463967269,1078.5749787632028,1744.5175064408634,1538.5749787632026,8,300093.7299,0;32;18;4;24;80;0;0;95;76;40;3;50;1;70;0;0;98;12;94;6;13;0;0;35;53;68;55;25;77;0;0;69;27;85;0;0;46;88;84;37;96;60;93;58;0;0;48;74;97;91;17;100;0;0;52;28;7;10;26;89;0,ABC
27,pliki//100 lokacji//R101.txt,50,300,swap,False,2,57542,7798.788434906479,724.2985126844776,5910.191409537523,1164.2985126844774,3831.8298646445846,1001.3480527542066,1389.1337591361714,1441.3480527542065,8,300048.3962,0;62;57;87;6;60;17;93;0;0;43;40;94;46;48;70;0;0;98;12;54;53;26;0;0;50;52;90;97;91;100;58;0;0;27;0;0;85;3;56;77;80;0;0;99;69;19;32;1;89;0;0;28;95;88;84;37;96;13;0,ABC
27,pliki//100 lokacji//R101.txt,50,300,swap,False,2,57543,7798.788434906479,724.2985126844776,5910.191409537523,1164.2985126844774,3809.2633379396907,1002.9475862144367,1363.3681655108173,1442.9475862144368,8,300253.6263,0;95;69;87;43;91;17;93;0;0;12;52;40;53;26;0;0;46;32;90;48;60;100;0;0;88;57;94;6;37;96;89;0;0;27;3;99;54;77;1;70;0;0;19;85;84;56;80;0;0;98;62;50;97;13;58;0;0;28;0,ABC
28,pliki//100 lokacji//R101.txt,50,300,swap,False,2,58542,7608.568247798001,670.5423202407532,5807.483607316495,1130.5423202407533,3932.5759711402006,1119.8447128990915,1232.8865453420176,1579.8447128990915,8,300324.7632,0;86;3;25;68;80;0;0;28;27;98;74;55;54;26;0;0;62;21;10;32;70;0;0;88;76;94;0;0;31;61;4;24;77;0;0;95;69;85;43;37;91;100;0;0;52;16;53;17;60;13;58;0;0;90;40;6;97;96;48;89;0,ABC
28,pliki//100 lokacji//R101.txt,50,300,swap,False,2,58543,7608.568247798001,670.5423202407532,5807.483607316495,1130.5423202407533,3899.4502694864427,1092.152389463311,1255.1454905598207,1552.152389463311,8,300177.0747,0;31;61;4;54;24;80;0;0;62;40;53;10;32;70;0;0;52;28;85;6;0;0;95;76;43;74;13;58;0;0;16;88;17;60;48;89;0;0;90;94;55;25;68;0;0;69;27;98;3;77;26;0;0;86;21;96;97;37;91;100;0,ABC
29,pliki//100 lokacji//R101.txt,50,300,swap,False,2,59542,8384.02613365102,844.6382459172364,6184.749641816547,1354.6382459172364,4461.840607066387,1152.9946411334358,1645.851324799515,1662.9946411334358,9,300046.4381,0;95;52;40;43;74;100;0;0;90;3;66;32;1;70;0;0;88;27;41;26;4;80;77;0;0;7;35;50;68;25;54;0;0;28;0;0;98;12;94;37;96;91;0;0;31;57;87;84;17;60;89;0;0;10;69;76;6;97;13;0;0;62;53;18;46;93;58;0,ABC
29,pliki//100 lokacji//R101.txt,50,300,swap,False,2,59543,8384.02613365102,844.6382459172364,6184.749641816547,1354.6382459172364,4539.346488511805,1203.12474176648,1623.0970049788446,1713.12474176648,9,300789.5925,0;18;12;46;17;91;100;93;0;0;10;57;43;96;13;58;0;0;90;7;6;26;4;54;25;0;0;27;95;35;32;1;0;0;88;87;53;50;66;70;0;0;98;41;40;84;60;89;0;0;69;52;76;94;37;97;77;0;0;28;62;3;74;68;80;0;0;31;0,ABC
30,pliki//100 lokacji//R101.txt,50,300,swap,False,2,60542,7834.966820778658,746.2675593474773,5892.431702083703,1196.2675593474773,3907.2089171052958,904.5844565217823,1648.0400040617312,1354.5844565217822,8,300235.7321,0;61;32;10;96;89;0;0;95;69;79;78;50;13;58;0;0;98;53;87;94;0;0;25;40;57;37;97;91;100;93;0;0;43;86;84;46;17;60;48;0;0;12;52;85;6;26;0;0;76;28;88;18;1;70;80;77;0;0;27;0,ABC
30,pliki//100 lokacji//R101.txt,50,300,swap,False,2,60543,7834.966820778658,746.2675593474773,5892.431702083703,1196.2675593474773,4028.286186801097,964.870657483843,1648.5448718334108,1414.8706574838427,8,300436.124,0;57;32;50;1;70;48;0;0;69;28;84;6;17;13;89;0;0;88;12;76;79;78;25;80;77;0;0;46;43;37;96;100;93;58;0;0;61;26;40;87;97;91;60;0;0;95;27;52;18;0;0;10;85;94;0;0;86;98;53;0,ABC
31,pliki//100 lokacji//R101.txt,50,300,swap,False,2,61542,7936.66090763341,735.7457906135149,6025.16932640638,1175.7457906135148,3801.760891252524,1028.7489820715557,1304.2629271094124,1468.7489820715555,7,300183.9724,0;46;81;68;1;0;0;27;17;40;94;43;93;58;0;0;50;28;52;79;35;20;70;0;0;69;98;53;6;13;26;80;77;0;0;95;12;18;55;25;24;0;0;86;57;84;97;60;89;0;0;61;76;96;91;37;100;0,ABC
31,pliki//100 lokacji//R101.txt,50,300,swap,False,2,61543,7936.66090763341,735.7457906135149,6025.16932640638,1175.7457906135148,3733.7658080563847,989.0705489079854,1315.6247102404143,1429.070548907985,7,300342.09,0;69;86;68;55;80;0;0;28;57;18;46;17;60;89;0;0;12;52;40;26;50;20;70;1;0;0;95;27;84;6;96;97;37;13;0;0;61;79;81;25;24;77;0;0;98;76;53;94;0;0;35;91;43;100;93;58;0,ABC
32,pliki//100 lokacji//R101.txt,50,300,swap,False,2,62542,8247.958522864299,731.272109753485,6315.414303357329,1201.272109753485,4241.674550879802,1121.2786523392751,1529.117246201252,1591.2786523392751,8,300247.1252,0;85;73;6;74;56;25;58;0;0;95;69;40;53;26;0;0;3;99;84;37;96;60;17;93;0;0;88;34;97;91;13;100;0;0;28;22;90;10;32;1;70;0;0;42;79;35;68;89;0;0;76;52;87;94;0;0;12;27;43;80;77;0,ABC
32,pliki//100 lokacji//R101.txt,50,300,swap,False,2,62543,8247.958522864299,731.272109753485,6315.414303357329,1201.272109753485,4019.107378618822,1043.9210628080612,1461.2652530026999,1513.9210628080614,8,300525.4015,0;35;53;74;56;13;58;0;0;28;90;79;26;25;0;0;76;27;40;87;0;0;43;3;34;68;80;77;0;0;95;88;6;10;32;1;70;0;0;69;85;99;94;0;0;12;52;22;97;96;60;89;0;0;42;73;84;37;91;17;93;100;0,ABC
33,pliki//100 lokacji//R101.txt,50,300,swap,False,2,63542,8667.58654928288,756.7612349692365,6664.064079344406,1246.7612349692365,4383.508453021979,1140.762831727995,1611.9827895659894,1630.762831727995,8,300015.283,0;52;73;50;20;32;70;1;0;0;46;53;37;96;60;48;0;0;12;27;84;94;26;0;0;8;81;3;4;24;80;0;0;95;41;40;6;68;77;0;0;31;55;91;100;89;13;0;0;69;28;61;22;74;25;0;0;78;76;18;97;17;93;58;0,ABC
33,pliki//100 lokacji//R101.txt,50,300,swap,False,2,63543,8667.58654928288,756.7612349692365,6664.064079344406,1246.7612349692365,4447.115540725712,1115.5169589403347,1726.0816228450421,1605.5169589403347,9,300565.2069,0;78;40;22;97;37;100;91;0;0;12;52;73;55;25;80;77;0;0;20;8;6;17;93;13;58;0;0;81;69;3;96;60;89;0;0;28;27;0;0;32;84;46;48;1;70;0;0;31;76;18;94;0;0;41;61;26;68;24;0;0;95;50;53;74;4;0,ABC
34,pliki//100 lokacji//R101.txt,50,300,swap,False,2,64542,7928.885457020038,736.1543879597266,6016.576681100585,1176.1543879597266,3800.9253040725725,1003.0318967850923,1354.8615105023878,1443.0318967850924,7,300033.1708,0;90;61;96;37;91;17;100;93;0;0;7;73;40;20;1;77;0;0;66;53;26;97;13;0;0;52;28;27;43;4;74;58;0;0;44;98;6;94;87;56;25;24;0;0;95;69;84;46;60;89;0;0;31;21;10;70;0,ABC
34,pliki//100 lokacji//R101.txt,50,300,swap,False,2,64543,7928.885457020038,736.1543879597266,6016.576681100585,1176.1543879597266,3719.587532461981,1036.7189844745517,1206.1495635128776,1476.7189844745515,7,300100.4882,0;44;40;94;26;13;0;0;95;28;6;87;43;97;0;0;52;21;66;20;70;1;58;0;0;98;90;10;96;60;89;93;0;0;31;27;46;37;91;17;100;0;0;69;61;53;74;56;4;25;0;0;73;7;84;24;77;0,ABC
35,pliki//100 lokacji//R101.txt,50,300,swap,False,2,65542,8870.500558507303,829.3867098191241,6661.727138869054,1379.3867098191242,4663.350385612155,1228.7618074675838,1655.8267706769873,1778.7618074675836,9,300426.0291,0;22;18;68;70;1;0;0;86;3;50;24;80;77;0;0;76;31;8;54;25;0;0;15;40;41;57;43;93;91;100;0;0;69;27;2;53;56;74;4;58;0;0;99;52;85;87;0;0;95;28;88;46;48;17;0;0;73;84;94;6;97;37;60;89;0;0;12;82;26;96;13;0,ABC
35,pliki//100 lokacji//R101.txt,50,300,swap,False,2,65543,8870.500558507303,829.3867098191241,6661.727138869054,1379.3867098191242,4837.619620547286,1236.4629222459334,1814.6937760554197,1786.4629222459334,9,300316.4763,0;8;22;37;97;13;0;0;82;52;73;43;74;100;0;0;31;28;94;53;0;0;69;27;57;26;68;24;1;0;0;15;3;50;48;70;0;0;2;40;85;46;96;93;91;0;0;95;76;87;6;54;80;77;0;0;86;99;84;18;17;60;89;0;0;88;12;41;56;25;4;58;0,ABC
36,pliki//100 lokacji//R101.txt,50,300,swap,False,2,66542,8615.178747284226,847.5879678259134,6400.0028116324,1367.5879678259134,4446.886668998828,1171.285363228913,1584.3159425410022,1691.285363228913,9,300037.9749,0;85;88;84;37;97;0;0;30;61;46;17;48;89;0;0;62;99;18;60;10;70;1;0;0;31;12;40;0;0;98;54;53;43;91;100;93;0;0;28;27;49;6;96;0;0;7;69;94;26;24;80;77;0;0;52;95;79;3;50;0;0;76;8;4;55;25;13;58;0,ABC
36,pliki//100 lokacji//R101.txt,50,300,swap,False,2,66543,8615.178747284226,847.5879678259134,6400.0028116324,1367.5879678259134,4372.612527215058,1170.259037215,1512.0944527850577,1690.2590372150003,9,300456.0496,0;30;43;60;48;89;0;0;95;79;76;55;24;80;77;0;0;52;28;99;94;26;0;0;31;27;18;3;50;0;0;88;69;12;53;0;0;49;84;6;96;17;13;58;0;0;98;7;40;37;97;91;100;93;0;0;62;61;54;4;25;0;0;46;85;8;10;70;1;0,ABC
37,pliki//100 lokacji//R101.txt,50,300,swap,False,2,67542,8419.429066803967,866.7083502721251,6186.012366259716,1366.708350272125,4547.179611909073,1243.79348451905,1559.5926428709727,1743.7934845190503,9,300213.0227,0;34;40;97;74;58;13;0;0;30;94;6;4;77;0;0;27;44;53;37;17;93;0;0;95;12;41;26;1;0;0;52;28;85;89;0;0;31;69;43;96;100;91;60;0;0;98;51;3;20;35;0;0;79;88;50;10;32;70;0;0;38;25;55;24;68;80;0,ABC
37,pliki//100 lokacji//R101.txt,50,300,swap,False,2,67543,8419.429066803967,866.7083502721251,6186.012366259716,1366.708350272125,4541.129768978359,1183.7873186425177,1673.5551316933236,1683.7873186425177,9,300367.4106,0;38;94;6;26;74;58;0;0;52;28;55;3;91;93;100;0;0;98;79;51;20;32;70;0;0;31;85;53;0;0;35;4;24;25;68;80;0;0;12;30;88;10;89;0;0;95;69;40;50;77;1;0;0;27;34;97;96;17;60;0;0;44;41;37;43;13;0,ABC
38,pliki//100 lokacji//R101.txt,50,300,swap,False,2,68542,8204.614144109717,834.6628504166349,6045.288443276447,1324.662850416635,4199.675122509786,1138.4881527445775,1432.6988170206305,1628.4881527445775,8,300724.7823,0;27;87;81;54;55;25;0;0;90;88;18;97;37;17;60;89;0;0;46;3;50;26;13;58;0;0;31;28;53;34;35;0;0;61;40;24;96;93;91;100;0;0;52;29;10;48;70;1;0;0;12;69;84;6;68;80;77;0;0;95;76;94;43;0,ABC
38,pliki//100 lokacji//R101.txt,50,300,swap,False,2,68543,8204.614144109717,834.6628504166349,6045.288443276447,1324.662850416635,4220.855710913545,1091.9051958237696,1547.0453192660063,1581.9051958237694,8,300420.9223,0;43;61;50;13;93;91;100;0;0;76;28;35;3;68;0;0;52;27;90;81;54;80;58;0;0;88;12;87;37;97;96;0;0;34;53;25;55;24;77;0;0;69;95;40;94;6;26;0;0;29;18;46;48;70;1;0;0;31;84;10;17;60;89;0,ABC
39,pliki//100 lokacji//R101.txt,50,300,swap,False,2,69542,8691.320770942377,887.5750118251932,6416.170747291991,1387.5750118251933,4771.465366788864,1170.0225524853322,1931.4202618182,1670.0225524853322,9,300173.7568,0;95;52;81;10;1;0;0;27;30;87;94;6;0;0;7;69;51;25;68;77;80;0;0;46;88;84;48;60;89;0;0;98;76;53;17;93;13;0;0;28;43;18;96;37;91;100;58;0;0;8;40;85;97;0;0;20;12;34;32;70;0;0;35;24;3;26;0,ABC
39,pliki//100 lokacji//R101.txt,50,300,swap,False,2,69543,8691.320770942377,887.5750118251932,6416.170747291991,1387.5750118251933,4662.460604819603,1153.5564459685206,1855.3477128825616,1653.5564459685204,9,300336.2953,0;98;81;3;26;0;0;76;46;8;10;32;70;0;0;30;40;84;37;93;13;0;0;52;25;34;24;68;77;80;0;0;35;53;94;17;89;0;0;51;12;48;1;0;0;27;28;88;7;18;0;0;20;87;97;43;91;100;58;0;0;95;69;85;6;96;60;0,ABC
40,pliki//100 lokacji//R101.txt,50,300,swap,False,2,70542,8489.988275089188,788.5160920606992,6402.95609096779,1298.5160920606995,4453.436380274532,1159.7055708050414,1624.0252386644493,1669.7055708050416,8,300753.1153,0;76;21;53;84;97;37;91;89;0;0;35;74;56;13;100;93;0;0;27;44;40;22;77;0;0;52;28;17;94;60;48;0;0;86;18;6;96;26;4;25;0;0;95;12;78;3;55;24;80;58;0;0;31;98;20;32;70;0;0;79;69;7;10;50;1;0,ABC
40,pliki//100 lokacji//R101.txt,50,300,swap,False,2,70543,8489.988275089188,788.5160920606992,6402.95609096779,1298.5160920606995,4624.252629281622,1141.0096416867448,1832.2333459081315,1651.009641686745,8,300453.7356,0;21;31;7;10;50;1;70;0;0;27;95;18;56;55;4;25;80;0;0;94;69;53;6;20;48;0;0;44;40;22;74;26;0;0;12;28;86;84;96;97;0;0;98;35;3;24;77;58;0;0;52;79;76;60;17;91;100;93;0;0;32;78;37;13;89;0,ABC
41,pliki//100 lokacji//R101.txt,50,300,swap,False,2,71542,8385.934221376017,779.763499378522,6376.407222618974,1229.763499378522,4374.819338119906,950.5019770435413,2023.8153840328239,1400.5019770435413,8,300064.9674,0;52;27;12;3;97;13;0;0;66;18;50;68;77;0;0;69;28;94;40;53;0;0;48;25;55;54;26;0;0;30;31;0;0;46;88;8;37;96;91;100;93;0;0;35;76;20;32;10;70;1;0;0;24;6;87;60;17;89;58;0,ABC
41,pliki//100 lokacji//R101.txt,50,300,swap,False,2,71543,8385.934221376017,779.763499378522,6376.407222618974,1229.763499378522,4190.732140431186,990.5798484577277,1759.5724435157308,1440.5798484577278,7,300313.0353,0;66;94;37;13;0;0;52;3;8;46;17;91;100;93;0;0;31;87;20;35;1;0;0;27;18;30;24;54;55;25;58;0;0;12;69;40;48;10;70;0;0;53;28;32;97;96;60;89;0;0;76;88;6;26;50;68;77;0,ABC
42,pliki//100 lokacji//R101.txt,50,300,swap,False,2,72542,8271.121794782066,797.4600905987293,6186.201613584609,1287.460090598729,4214.187475438517,1129.3316537308829,1465.5241679767516,1619.3316537308829,8,300108.856,0;55;94;87;26;0;0;62;69;40;50;32;1;70;0;0;95;76;8;91;100;89;0;0;2;52;18;10;60;17;93;58;0;0;88;12;99;37;96;13;0;0;31;27;35;54;24;80;77;0;0;84;73;6;48;0;0;28;90;53;56;74;4;25;0,ABC
42,pliki//100 lokacji//R101.txt,50,300,swap,False,2,72543,8271.121794782066,797.4600905987293,6186.201613584609,1287.460090598729,4051.7764304561097,1141.1820917207588,1279.4122470145921,1631.1820917207585,8,300519.852,0;35;56;54;24;80;77;0;0;8;73;48;60;89;0;0;2;12;94;53;0;0;62;52;40;10;32;1;70;0;0;95;69;18;84;37;91;17;93;0;0;90;31;87;26;13;0;0;28;27;76;99;6;74;4;25;0;0;55;88;50;96;100;58;0,ABC
43,pliki//100 lokacji//R101.txt,50,300,swap,False,2,73542,8516.416334198062,882.2872360654071,6231.841862067248,1402.2872360654071,4642.528809572332,1235.3249386577731,1651.8789322567854,1755.3249386577731,9,300090.8646,0;78;6;84;97;91;100;93;58;0;0;12;52;53;94;96;0;0;51;57;55;80;68;77;0;0;99;76;20;66;35;1;70;0;0;95;30;7;60;89;13;0;0;69;28;43;37;17;48;0;0;46;40;54;26;0;0;88;73;34;24;25;0;0;27;2;18;74;56;0,ABC
43,pliki//100 lokacji//R101.txt,50,300,swap,False,2,73543,8516.416334198062,882.2872360654071,6231.841862067248,1402.2872360654071,4636.266716207175,1224.4651503927564,1667.3364154216622,1744.465150392756,9,300749.9872,0;78;57;55;80;68;77;0;0;46;26;34;35;70;0;0;51;18;7;20;1;0;0;66;60;96;97;13;89;0;0;95;28;12;0;0;73;76;56;54;24;25;58;0;0;30;99;6;84;48;0;0;69;27;52;53;40;43;74;0;0;2;88;94;37;91;17;93;100;0,ABC
44,pliki//100 lokacji//R101.txt,50,300,swap,False,2,74542,7972.422096552639,784.2929878334742,5903.83612088569,1284.2929878334742,4213.254825504061,1124.6556663497986,1463.9434928044636,1624.6556663497986,8,300604.1889,0;22;20;3;26;89;0;0;27;62;57;56;97;100;93;0;0;69;52;73;53;24;54;80;77;0;0;2;86;61;10;1;70;0;0;35;76;91;13;58;0;0;95;31;88;18;37;60;17;0;0;12;28;99;6;50;4;74;0;0;43;40;87;94;96;0,ABC
44,pliki//100 lokacji//R101.txt,50,300,swap,False,2,74543,7972.422096552639,784.2929878334742,5903.83612088569,1284.2929878334742,4106.4892257813935,1086.4357906303483,1433.617644520697,1586.4357906303483,8,300640.9667,0;86;6;3;24;54;80;77;0;0;69;28;57;87;94;0;0;2;18;56;26;4;74;0;0;52;95;88;20;10;70;0;0;31;12;35;50;1;58;0;0;61;40;73;37;43;100;93;0;0;76;27;99;53;60;96;97;89;0;0;62;22;13;91;17;0,ABC
45,pliki//100 lokacji//R101.txt,50,300,swap,False,2,75542,7668.0444856241975,714.5593583064679,5798.925769011263,1154.5593583064679,3827.3324844852705,939.7509031542028,1507.8306781768651,1379.7509031542027,7,300491.7544,0;43;86;46;17;48;0;0;61;79;96;60;89;0;0;69;90;8;84;91;37;13;100;93;0;0;28;98;40;57;97;74;58;0;0;10;88;52;94;6;0;0;27;95;76;24;26;55;80;0;0;82;12;53;3;1;70;0,ABC
45,pliki//100 lokacji//R101.txt,50,300,swap,False,2,75543,7668.0444856241975,714.5593583064679,5798.925769011263,1154.5593583064679,3812.1277990548474,954.75873104389,1462.6103369670677,1394.7587310438898,7,300128.5083,0;69;98;8;84;46;48;0;0;10;12;40;74;26;1;70;0;0;86;94;53;3;0;0;61;95;88;91;37;13;58;0;0;90;76;79;55;24;80;0;0;28;82;57;60;17;100;93;0;0;52;27;43;6;97;96;89;0,ABC
46,pliki//100 lokacji//R101.txt,50,300,swap,False,2,76542,8218.592918426739,857.0698402328206,5904.453237961098,1457.0698402328203,4667.962624552711,1351.7642917201579,1364.4340411123947,1951.7642917201579,10,300084.2097,0;59;52;85;6;1;0;0;19;76;55;24;54;80;77;0;0;75;7;8;91;89;0;0;95;69;73;22;56;25;74;0;0;46;53;43;60;93;100;0;0;62;31;40;96;97;13;0;0;27;28;2;99;94;26;0;0;88;12;84;37;17;48;0;0;82;83;18;57;41;4;58;0;0;5;21;50;10;70;0,ABC
46,pliki//100 lokacji//R101.txt,50,300,swap,False,2,76543,8218.592918426739,857.0698402328206,5904.453237961098,1457.0698402328203,4751.516369439085,1399.0234683270007,1353.4694327850834,1999.0234683270007,10,300813.5218,0;62;57;43;96;13;89;0;0;2;19;25;54;0;0;31;27;73;26;50;1;0;0;82;53;41;97;37;17;100;0;0;75;12;6;4;74;58;0;0;95;52;76;55;70;48;0;0;59;69;46;91;60;93;0;0;5;83;88;7;8;10;0;0;94;28;99;85;84;0;0;18;21;40;22;56;24;80;77;0,ABC
47,pliki//100 lokacji//R101.txt,50,300,swap,False,2,77542,8565.117071092447,786.3447623864301,6492.427546319587,1286.34476238643,4672.728405623244,1247.933334410588,1676.8617368020673,1747.933334410588,9,300007.348,0;90;87;96;91;17;100;93;0;0;95;12;40;53;0;0;69;28;46;37;97;89;0;0;27;62;6;74;60;13;58;0;0;79;10;78;54;4;25;0;0;61;34;68;26;0;0;85;52;35;32;70;0;0;16;88;3;24;80;77;0;0;31;57;94;1;48;0,ABC
47,pliki//100 lokacji//R101.txt,50,300,swap,False,2,77543,8565.117071092447,786.3447623864301,6492.427546319587,1286.34476238643,4610.717094043202,1216.0240254872397,1678.6690430687227,1716.02402548724,9,300212.6394,0;79;46;26;100;93;0;0;61;52;53;24;68;80;0;0;62;85;1;10;70;0;0;90;69;87;97;37;91;60;13;0;0;95;88;74;4;54;25;58;0;0;12;6;40;32;48;0;0;94;28;57;17;96;89;0;0;16;3;78;34;35;77;0;0;31;27;0,ABC
48,pliki//100 lokacji//R101.txt,50,300,swap,False,2,78542,8950.944815337833,832.9838563807537,6784.977102576325,1332.9838563807537,4927.02653257148,1283.9632042876692,1859.1001239961415,1783.9632042876692,9,300461.9972,0;73;76;18;97;17;91;100;0;0;98;12;53;94;96;0;0;61;3;48;1;70;0;0;20;87;68;80;24;25;0;0;95;27;34;74;13;0;0;69;28;52;85;0;0;35;40;56;4;77;58;0;0;51;6;50;54;26;0;0;7;22;43;37;93;60;89;0,ABC
48,pliki//100 lokacji//R101.txt,50,300,swap,False,2,78543,8950.944815337833,832.9838563807537,6784.977102576325,1332.9838563807537,4672.594024549411,1165.1487360618548,1842.2965524257015,1665.148736061855,8,300433.9518,0;20;85;26;1;70;0;0;27;98;53;94;56;74;0;0;95;52;76;34;3;80;24;77;0;0;51;22;68;60;89;0;0;28;43;50;54;4;25;0;0;12;69;7;18;96;48;0;0;35;6;17;93;13;58;0;0;61;73;40;87;97;37;91;100;0,ABC
49,pliki//100 lokacji//R101.txt,50,300,swap,False,2,79542,7749.074444884104,814.9490736719184,5679.176297540268,1254.9490736719183,3961.3993135537085,988.4172328208045,1544.5648479120996,1428.4172328208044,7,300099.6722,0;2;76;53;56;100;91;58;0;0;30;48;6;74;4;0;0;81;22;57;37;93;60;0;0;12;62;88;26;54;24;25;0;0;28;55;40;94;97;13;0;0;95;10;3;32;1;70;0;0;52;27;69;43;96;17;89;0,ABC
49,pliki//100 lokacji//R101.txt,50,300,swap,False,2,79543,7749.074444884104,814.9490736719184,5679.176297540268,1254.9490736719183,3830.4092635323323,977.9032700746932,1434.6027233829461,1417.9032700746932,7,300191.3972,0;12;97;24;54;55;4;25;0;0;62;76;81;10;1;0;0;27;22;53;74;13;17;89;0;0;28;43;94;6;26;0;0;69;2;40;57;96;60;48;0;0;56;88;37;91;93;100;58;0;0;95;52;30;3;32;70;0,ABC
0,pliki//100 lokacji//R201.txt,50,300,swap,False,2,30542,50015.18890207701,1167.375474782194,47010.43795251262,1837.3754747821943,28543.5904394628,2600.70318901405,22672.184061434702,3270.70318901405,10,300287.4841,0;5;30;73;52;12;40;0;0;92;29;16;78;99;3;6;50;57;26;0;0;72;88;28;18;94;0;0;85;93;0;0;59;68;27;0;0;62;95;69;97;13;0;0;43;90;25;46;55;8;22;70;74;1;17;77;91;60;80;0;0;15;64;56;7;41;24;84;4;96;89;0;0;45;54;83;76;100;58;0;0;11;75;31;21;53;0,ABC
0,pliki//100 lokacji//R201.txt,50,300,swap,False,2,30543,50015.18890207701,1167.375474782194,47010.43795251262,1837.3754747821943,27704.841776163044,2597.3609552726534,21840.11986561774,3267.3609552726534,10,300466.7193,0;68;31;28;0;0;43;78;16;3;99;90;41;84;74;50;96;80;0;0;72;11;22;7;73;1;97;6;0;0;59;85;0;0;15;30;57;88;4;76;40;0;0;92;64;25;46;55;8;56;70;100;24;17;77;60;91;58;0;0;62;93;27;13;0;0;45;29;52;54;89;53;0;0;5;12;95;94;0;0;83;75;69;21;18;26;0,ABC
1,pliki//100 lokacji//R201.txt,50,300,swap,False,2,31542,54384.76775714335,1147.261358572394,51420.24503999856,1817.2613585723939,31209.92573684011,2508.2770279170427,25523.37168100602,3178.2770279170427,10,300450.7694,0;56;36;55;46;78;43;20;37;3;91;89;17;60;1;80;25;70;0;0;42;32;41;10;57;50;97;6;96;0;0;4;7;21;69;87;99;0;0;5;68;28;88;0;0;72;95;13;0;0;48;12;27;52;0;0;92;29;93;54;18;76;40;0;0;59;31;94;0;0;22;62;26;58;0;0;35;84;24;8;73;90;74;100;53;77;0,ABC
1,pliki//100 lokacji//R201.txt,50,300,swap,False,2,31543,54384.76775714335,1147.261358572394,51420.24503999856,1817.2613585723939,31950.45483724747,2660.118289957181,25960.218257333112,3330.118289957181,11,300063.9053,0;5;12;28;0;0;72;10;73;52;26;0;0;92;29;84;24;100;78;93;6;96;53;0;0;22;62;40;69;94;0;0;4;31;13;0;0;59;68;58;0;0;32;21;88;76;99;50;18;0;0;42;36;55;7;41;90;57;35;97;70;74;17;1;77;0;0;46;25;8;56;20;43;3;91;80;37;54;60;89;0;0;48;87;27;0;0;95;0,ABC
2,pliki//100 lokacji//R201.txt,50,300,swap,False,2,32542,49057.226327523866,1059.4375938362107,46328.35113985144,1669.437593836211,28637.619160494196,2311.9268452214396,23403.76547005132,2921.926845221439,10,300083.1697,0;93;79;97;69;52;26;0;0;49;2;88;21;50;99;40;0;0;4;85;13;0;0;5;31;27;0;0;23;83;51;91;3;18;53;0;0;25;46;55;7;78;43;90;56;17;24;96;70;60;89;80;58;0;0;92;29;19;75;10;73;6;74;1;77;0;0;72;95;28;94;0;0;59;0;0;48;12;100;76;0,ABC
2,pliki//100 lokacji//R201.txt,50,300,swap,False,2,32543,49057.226327523866,1059.4375938362107,46328.35113985144,1669.437593836211,28739.960663308517,2302.169593239916,23525.621476828685,2912.169593239916,10,300500.7303,0;31;85;95;0;0;3;83;76;93;13;0;0;51;92;77;100;10;4;96;6;0;0;75;79;97;94;0;0;5;12;28;27;0;0;19;23;52;73;88;26;0;0;72;48;21;18;53;0;0;59;0;0;49;2;69;74;7;40;70;50;0;0;46;29;99;78;43;90;56;17;55;91;24;89;25;1;60;58;80;0,ABC
3,pliki//100 lokacji//R201.txt,50,300,swap,False,2,33542,54261.0249173852,1219.3154712688947,51142.393974847415,1899.3154712688947,32819.29662623288,2745.0481119938213,26649.20040224524,3425.0481119938217,11,300654.7446,0;72;31;28;0;0;35;91;78;43;88;41;20;96;24;37;80;60;100;0;0;32;95;27;76;0;0;92;34;17;55;19;56;84;57;90;74;1;97;70;0;0;85;94;0;0;16;48;13;0;0;29;86;69;8;12;18;40;0;0;5;77;2;52;93;58;0;0;83;79;61;3;99;50;53;0;0;45;25;46;22;7;26;51;6;89;0;0;59;0,ABC
3,pliki//100 lokacji//R201.txt,50,300,swap,False,2,33543,54261.0249173852,1219.3154712688947,51142.393974847415,1899.3154712688947,33051.884009279136,2628.849426782825,27114.185155713487,3308.849426782825,11,300780.6626,0;48;2;93;94;0;0;5;35;61;79;7;26;53;0;0;95;0;0;92;34;86;51;37;3;97;6;0;0;41;32;57;77;18;58;0;0;72;19;12;89;0;0;59;76;31;27;0;0;85;83;28;0;0;45;24;52;22;96;13;0;0;29;16;69;56;88;99;50;40;0;0;46;78;43;90;25;8;55;84;20;74;1;60;70;100;91;17;80;0,ABC
4,pliki//100 lokacji//R201.txt,50,300,swap,False,2,34542,56170.65962631592,1333.0582101436246,52824.54320602868,2013.0582101436246,34741.807087799025,2781.745405567221,28498.31627666458,3461.745405567221,10,300168.1635,0;35;37;78;57;7;87;50;97;58;0;0;85;27;95;0;0;48;56;52;54;26;0;0;19;29;84;34;8;76;96;18;0;0;59;5;79;28;0;0;64;15;69;43;90;55;46;24;17;1;91;80;89;60;25;100;0;0;10;74;31;77;13;0;0;92;20;2;3;93;68;40;0;0;66;22;11;4;70;6;53;0;0;72;62;12;94;0,ABC
4,pliki//100 lokacji//R201.txt,50,300,swap,False,2,34543,56170.65962631592,1333.0582101436246,52824.54320602868,2013.0582101436246,35953.8664356337,2836.581175801954,29600.704084029796,3516.581175801954,11,300804.9837,0;25;46;56;90;43;3;6;80;37;77;96;0;0;34;91;66;57;7;54;18;1;0;0;62;85;94;0;0;8;29;93;69;40;79;53;0;0;10;87;68;26;0;0;48;4;31;52;76;0;0;92;35;15;64;22;20;84;24;17;55;60;58;89;0;0;5;12;13;28;0;0;11;2;19;74;70;100;78;97;50;0;0;72;95;27;0;0;59;0,ABC
5,pliki//100 lokacji//R201.txt,50,300,swap,False,2,35542,52721.94677564175,1115.5955739272808,49820.755627787184,1785.5955739272806,32421.229284310277,2681.6945416265953,26387.840201057086,3351.6945416265953,10,300392.4716,0;32;15;50;37;21;13;0;0;5;81;2;69;58;0;0;48;4;52;12;0;0;67;7;75;88;55;18;74;96;6;0;0;17;25;46;56;90;57;78;43;20;60;24;91;70;89;80;77;0;0;92;29;8;22;30;93;26;40;0;0;23;10;41;1;97;99;0;0;66;100;76;84;73;94;0;0;72;27;95;53;0;0;59;31;28;0,ABC
5,pliki//100 lokacji//R201.txt,50,300,swap,False,2,35543,52721.94677564175,1115.5955739272808,49820.755627787184,1785.5955739272806,32302.455475076626,2662.059352407341,26308.336770261943,3332.059352407341,10,300160.6937,0;59;31;27;0;0;29;84;4;93;77;99;53;0;0;67;8;22;10;41;20;91;37;96;0;0;66;15;50;21;18;94;0;0;72;48;13;0;0;43;32;57;69;75;7;40;6;26;0;0;30;95;12;28;0;0;23;88;2;76;73;58;0;0;5;81;97;52;0;0;92;24;46;25;17;78;100;90;56;60;55;1;74;70;80;89;0,ABC
6,pliki//100 lokacji//R201.txt,50,300,swap,False,2,36542,55485.475099730524,1284.5249222783086,52216.425255173905,1984.5249222783088,29743.439452858933,2864.665390849814,23314.108671159305,3564.665390849814,10,300613.2171,0;54;62;68;52;40;0;0;36;56;90;41;19;78;6;20;43;55;70;74;17;91;1;58;0;0;48;22;88;21;26;0;0;72;95;31;0;0;25;46;24;84;35;57;51;37;80;60;4;89;0;0;92;32;73;69;93;12;96;0;0;5;27;0;0;64;75;7;29;100;50;97;53;0;0;42;11;98;76;99;77;18;13;0;0;59;10;28;94;0,ABC
6,pliki//100 lokacji//R201.txt,50,300,swap,False,2,36543,55485.475099730524,1284.5249222783086,52216.425255173905,1984.5249222783088,30157.99150546156,2881.617541302502,23694.756422856557,3581.617541302502,10,300689.9697,0;42;32;98;12;88;40;96;0;0;36;25;64;41;90;56;46;55;17;70;91;80;89;1;77;0;0;22;62;21;69;48;0;0;11;74;52;4;7;54;53;0;0;43;35;100;20;73;84;24;60;50;97;0;0;92;29;19;57;51;99;78;37;6;26;58;0;0;5;68;18;13;0;0;59;95;0;0;72;31;27;28;0;0;75;10;93;76;94;0,ABC
7,pliki//100 lokacji//R201.txt,50,300,swap,False,2,37542,53257.87965676263,1003.1619146183506,50591.555827525925,1663.1619146183505,31848.365109605762,2521.2614106176115,26145.84228837054,3181.2614106176115,11,300677.3953,0;90;41;19;56;84;78;43;70;74;1;17;80;60;91;89;0;0;59;0;0;68;87;95;0;0;85;0;0;100;29;93;12;18;53;0;0;75;7;22;52;21;6;40;13;0;0;48;4;28;69;0;0;92;20;15;10;25;46;57;24;37;50;96;77;0;0;42;55;8;73;99;76;97;94;0;0;23;31;2;58;0;0;72;5;27;26;0,ABC
7,pliki//100 lokacji//R201.txt,50,300,swap,False,2,37543,53257.87965676263,1003.1619146183506,50591.555827525925,1663.1619146183505,31903.26398876676,2462.5183504143597,26318.227287938043,3122.518350414359,11,300054.5317,0;5;12;93;13;0;0;72;31;27;28;0;0;68;94;0;0;46;41;20;43;78;84;56;8;74;1;37;80;60;91;77;70;0;0;29;92;69;75;52;73;89;26;6;0;0;42;24;19;25;18;22;99;53;40;0;0;85;58;0;0;15;50;100;76;4;21;0;0;17;23;7;2;90;57;10;55;96;97;0;0;48;87;95;0;0;59;0,ABC
8,pliki//100 lokacji//R201.txt,50,300,swap,False,2,38542,54442.936710794194,1308.8158497216475,51135.305011350894,1998.8158497216475,31238.958426446326,2702.8082734236905,25143.34187959895,3392.80827342369,10,300594.3316,0;59;75;28;27;0;0;48;95;94;0;0;67;69;2;77;12;0;0;34;98;9;99;52;4;84;40;80;0;0;43;78;41;51;74;8;56;6;54;96;26;97;0;0;92;24;36;25;46;55;60;3;57;10;37;70;91;1;17;58;0;0;81;100;31;21;89;0;0;90;23;7;73;18;50;87;53;0;0;72;93;22;76;0;0;5;68;13;0,ABC
8,pliki//100 lokacji//R201.txt,50,300,swap,False,2,38543,54442.936710794194,1308.8158497216475,51135.305011350894,1998.8158497216475,32927.56516237611,2767.8558877131395,26701.853386949828,3457.8558877131395,11,300171.9051,0;68;98;69;2;94;0;0;36;41;34;17;78;91;3;37;70;4;60;54;1;0;0;22;9;100;50;73;18;40;0;0;23;90;75;7;56;84;77;57;26;0;0;5;12;27;13;0;0;72;31;28;0;0;92;24;46;25;8;55;6;80;43;10;97;89;58;0;0;67;52;74;76;87;96;0;0;81;93;51;99;21;53;0;0;48;95;0;0;59;0,ABC
9,pliki//100 lokacji//R201.txt,50,300,swap,False,2,39542,50472.46509214054,1094.8301012147924,47632.804889710955,1744.8301012147922,31120.375674743304,2520.805892460733,25428.76388982184,3170.805892460733,11,300047.6743,0;72;27;22;87;0;0;86;4;13;0;0;25;61;3;100;50;96;40;0;0;15;31;75;52;12;6;53;0;0;83;54;98;77;21;26;0;0;92;90;56;46;55;84;78;43;35;37;60;97;24;91;17;80;58;0;0;34;44;69;74;70;57;1;89;0;0;5;23;18;2;76;99;0;0;59;0;0;39;95;28;93;0;0;68;94;0,ABC
9,pliki//100 lokacji//R201.txt,50,300,swap,False,2,39543,50472.46509214054,1094.8301012147924,47632.804889710955,1744.8301012147922,30966.40586289527,2510.410542396339,25295.58477810259,3160.41054239634,11,300649.3177,0;59;68;27;28;0;0;86;76;98;26;0;0;75;31;94;0;0;39;83;21;52;87;0;0;35;92;78;84;24;6;25;46;56;37;74;60;91;1;17;70;80;0;0;43;34;44;54;18;57;53;0;0;72;61;4;89;0;0;5;12;93;13;0;0;15;90;55;99;3;100;50;97;58;0;0;23;69;2;77;96;22;40;0;0;95;0,ABC
10,pliki//100 lokacji//R201.txt,50,300,swap,False,2,40542,54250.18279326499,1288.5773160134522,50943.028161238086,2018.5773160134522,31483.618403761368,2885.1397661335586,24983.338871494252,3615.1397661335586,11,300732.4173,0;3;83;12;31;52;0;0;59;27;13;0;0;92;35;15;70;43;78;84;55;17;74;24;60;1;80;58;0;0;90;41;69;21;88;73;7;100;50;6;96;0;0;36;56;47;25;91;20;57;8;77;37;97;0;0;10;87;76;99;89;0;0;45;29;62;22;18;4;53;0;0;42;30;2;46;54;48;40;26;0;0;72;82;28;93;0;0;5;68;94;0;0;95;0,ABC
10,pliki//100 lokacji//R201.txt,50,300,swap,False,2,40543,54250.18279326499,1288.5773160134522,50943.028161238086,2018.5773160134522,31623.986480438045,2878.2764021582943,25137.433676121454,3608.276402158294,10,300162.3464,0;47;41;82;69;99;3;96;26;0;0;15;62;57;29;7;87;89;0;0;5;27;94;28;0;0;92;78;17;24;46;56;84;20;37;54;91;4;1;60;97;0;0;72;83;12;52;76;0;0;73;48;2;50;93;53;0;0;42;30;100;77;18;13;0;0;45;21;31;40;88;58;0;0;59;68;95;0;0;36;35;43;90;22;10;6;74;8;55;70;25;80;0,ABC
11,pliki//100 lokacji//R201.txt,50,300,swap,False,2,41542,53689.93679532049,1121.2343170388722,50787.46816124275,1781.234317038872,34504.91095619356,2531.4629129183545,28781.98513035685,3191.462912918355,11,300240.738,0;48;21;69;87;26;0;0;72;83;12;2;13;0;0;25;8;55;84;24;100;20;74;96;37;89;0;0;5;68;28;0;0;23;10;73;50;99;53;0;0;92;29;46;78;43;35;91;80;17;54;97;70;1;60;0;0;85;31;27;0;0;33;41;49;56;81;57;40;18;6;0;0;79;95;76;94;0;0;75;52;4;93;58;0;0;59;0,ABC
11,pliki//100 lokacji//R201.txt,50,300,swap,False,2,41543,53689.93679532049,1121.2343170388722,50787.46816124275,1781.234317038872,34652.79573630546,2600.955572692221,28790.88459092102,3260.955572692221,10,300375.3545,0;49;21;69;37;50;96;76;0;0;25;83;55;46;73;17;81;6;20;4;60;89;0;0;54;85;27;26;0;0;5;28;95;13;0;0;75;48;12;58;0;0;33;92;29;84;68;99;40;0;0;59;79;2;10;97;18;0;0;41;35;43;78;8;56;70;57;24;91;74;1;100;80;0;0;23;52;87;94;0;0;72;31;93;53;0,ABC
12,pliki//100 lokacji//R201.txt,50,300,swap,False,2,42542,56003.74027346886,1416.1721904340632,52441.395892600725,2146.1721904340634,30460.59179359135,2993.701809913713,23743.188173763923,3723.701809913713,11,300725.5654,0;83;68;93;13;0;0;75;36;56;46;73;8;54;6;1;89;0;0;66;16;4;88;37;18;53;0;0;42;35;15;90;41;7;57;50;43;55;60;74;91;77;58;0;0;44;76;61;69;99;26;40;0;0;14;32;98;12;94;0;0;72;31;27;0;0;48;2;62;52;0;0;5;28;95;87;0;0;92;29;38;78;17;25;84;24;97;70;100;80;96;0;0;59;0,ABC
12,pliki//100 lokacji//R201.txt,50,300,swap,False,2,42543,56003.74027346886,1416.1721904340632,52441.395892600725,2146.1721904340634,30235.990315333678,2920.577738454858,23664.834838423965,3650.577738454858,11,300242.8468,0;62;87;52;13;0;0;44;66;98;76;99;40;0;0;14;88;4;7;73;18;89;0;0;83;54;84;12;61;94;0;0;72;95;26;28;0;0;92;32;75;69;16;50;57;6;53;0;0;35;42;78;38;24;46;25;97;55;60;74;96;77;58;0;0;5;68;93;2;0;0;59;48;27;0;0;36;15;29;43;90;41;8;56;1;37;80;91;17;70;100;0;0;31;0,ABC
13,pliki//100 lokacji//R201.txt,50,300,swap,False,2,43542,50232.6673386006,1250.8896744378117,47050.88798972497,1930.8896744378117,29424.28457890473,2570.989212111684,23602.306154681366,3250.989212111684,11,300633.6345,0;75;48;21;96;89;0;0;59;31;87;0;0;54;61;80;18;97;58;0;0;72;19;28;73;53;0;0;68;95;94;0;0;42;29;46;41;7;57;78;8;25;17;74;1;93;60;0;0;16;27;85;0;0;92;90;15;88;55;84;22;70;56;50;37;24;91;13;0;0;5;0;0;36;4;98;76;100;26;99;6;0;0;23;69;2;52;12;40;0,ABC
13,pliki//100 lokacji//R201.txt,50,300,swap,False,2,43543,50232.6673386006,1250.8896744378117,47050.88798972497,1930.8896744378117,30052.21052290829,2525.1324526117323,24321.94561768483,3205.132452611732,11,300807.6515,0;4;95;12;100;96;0;0;5;87;28;0;0;23;52;2;69;21;53;0;0;16;78;84;68;99;89;0;0;75;36;25;61;7;73;1;74;6;26;0;0;42;90;41;46;24;57;8;56;17;55;37;70;60;91;54;80;0;0;19;15;88;22;18;40;58;0;0;85;31;27;0;0;72;48;94;0;0;92;29;98;50;93;76;97;13;0;0;59;0,ABC
14,pliki//100 lokacji//R201.txt,50,300,swap,False,2,44542,54412.799329626825,1213.2508020719044,51316.29772548302,1883.2508020719044,32229.98384152495,2732.5224264444955,26094.93898863596,3402.5224264444955,10,300172.2587,0;22;19;54;85;51;96;40;0;0;48;12;28;0;0;11;75;52;55;18;74;6;50;57;1;0;0;92;90;43;69;25;8;78;91;35;100;24;60;80;77;17;0;0;72;27;95;53;0;0;59;31;94;0;0;36;56;46;4;7;41;70;37;3;97;26;0;0;5;68;58;0;0;79;87;62;13;0;0;84;29;93;76;99;73;89;0,ABC
14,pliki//100 lokacji//R201.txt,50,300,swap,False,2,44543,54412.799329626825,1213.2508020719044,51316.29772548302,1883.2508020719044,32713.04584323593,2565.383072485232,26912.27969826547,3235.383072485232,11,300723.1363,0;59;0;0;11;100;12;97;94;0;0;19;56;52;4;18;40;99;13;0;0;22;46;29;84;3;93;6;53;0;0;48;27;0;0;62;41;51;85;50;73;89;0;0;35;92;90;43;78;17;55;70;91;24;60;37;26;25;80;77;0;0;54;95;76;87;0;0;72;31;58;0;0;5;68;28;0;0;36;75;7;69;57;79;8;74;1;96;0,ABC
15,pliki//100 lokacji//R201.txt,50,300,swap,False,2,45542,51801.36139959948,1104.6686561143545,48962.024087370766,1734.6686561143545,31084.628905799087,2306.999006223204,25840.63089335268,2936.999006223204,10,300040.5959,0;59;5;94;0;0;61;28;87;12;0;0;86;54;52;89;0;0;38;3;16;76;8;41;60;97;6;0;0;48;31;0;0;42;24;46;43;78;84;55;57;70;56;17;1;91;77;37;58;0;0;72;27;95;13;0;0;15;20;2;69;100;50;99;26;53;0;0;92;80;83;25;7;74;18;40;93;96;0;0;85;68;0,ABC
15,pliki//100 lokacji//R201.txt,50,300,swap,False,2,45543,51801.36139959948,1104.6686561143545,48962.024087370766,1734.6686561143545,31778.478108309046,2380.9237872190906,26386.630533870866,3010.923787219091,10,300607.568,0;78;38;20;43;70;41;6;74;60;97;91;89;0;0;85;54;13;0;0;68;95;31;0;0;16;77;61;76;100;58;0;0;59;5;0;0;42;50;15;69;57;7;99;26;93;53;0;0;86;27;28;18;0;0;92;24;46;25;8;55;17;3;84;56;96;1;37;80;0;0;83;12;87;94;0;0;72;48;2;52;40;0,ABC
16,pliki//100 lokacji//R201.txt,50,300,swap,False,2,46542,49093.22645845732,959.6998969325019,46523.82666459232,1609.6998969325023,27684.835490521986,2403.8013478917896,22227.232794738407,3053.8013478917896,10,300758.4053,0;92;25;62;74;61;3;96;70;50;1;0;0;59;31;28;0;0;72;48;12;52;0;0;16;27;30;57;88;40;18;0;0;83;76;87;94;0;0;5;68;95;53;0;0;85;13;0;0;11;15;90;41;46;78;6;24;84;55;97;56;91;80;100;60;89;0;0;43;29;98;51;99;77;17;26;37;0;0;86;69;2;93;58;0,ABC
16,pliki//100 lokacji//R201.txt,50,300,swap,False,2,46543,49093.22645845732,959.6998969325019,46523.82666459232,1609.6998969325023,27338.271676466044,2449.2706400109864,21789.73039644407,3099.2706400109873,10,300444.9198,0;62;15;30;57;88;97;58;0;0;72;83;28;94;52;0;0;85;68;0;0;59;31;27;0;0;5;77;93;69;99;96;0;0;48;95;13;0;0;92;90;41;11;25;46;55;84;24;37;56;91;70;60;100;80;89;0;0;16;78;98;3;18;87;40;0;0;86;76;2;12;53;0;0;17;29;61;51;43;50;6;74;1;26;0,ABC
17,pliki//100 lokacji//R201.txt,50,300,swap,False,2,47542,54399.62773031626,1288.6176444993228,51142.39244131761,1968.6176444993225,32328.469283409315,2713.035935844274,26222.39741172077,3393.035935844274,10,300632.9616,0;92;29;16;51;97;76;89;0;0;4;83;12;87;0;0;5;54;27;18;0;0;81;93;28;13;0;0;62;95;50;99;52;0;0;59;77;94;53;0;0;15;36;55;98;35;57;90;74;20;37;24;60;91;70;25;80;17;0;0;32;22;31;73;88;40;0;0;42;78;46;56;8;41;84;68;6;1;96;0;0;3;100;69;82;26;58;0,ABC
17,pliki//100 lokacji//R201.txt,50,300,swap,False,2,47543,54399.62773031626,1288.6176444993228,51142.39244131761,1968.6176444993225,32380.29671425299,2650.3612630409943,26399.574188171,3330.3612630409943,10,300213.2967,0;32;73;83;12;18;40;0;0;5;68;27;28;0;0;54;95;13;0;0;81;16;76;98;53;0;0;22;82;4;99;26;0;0;92;29;46;51;100;88;57;50;1;0;0;36;15;90;41;8;25;17;24;96;80;37;70;74;58;0;0;42;35;91;78;84;56;20;6;55;97;3;93;60;0;0;62;87;31;69;52;0;0;59;77;94;89;0,ABC
18,pliki//100 lokacji//R201.txt,50,300,swap,False,2,48542,53925.29056802787,1151.899487698053,50961.49159263177,1811.8994876980532,33134.67127305171,2534.595002080395,27405.481268890922,3194.595002080395,11,300408.1118,0;83;12;100;21;52;58;0;0;39;95;87;0;0;8;23;31;73;51;13;0;0;72;48;27;0;0;59;0;0;41;46;55;17;78;43;35;96;24;56;1;91;74;70;60;80;25;0;0;79;84;76;2;50;40;89;0;0;49;75;92;20;37;77;53;0;0;5;22;28;69;26;0;0;85;94;0;0;90;57;9;99;3;97;7;6;18;0,ABC
18,pliki//100 lokacji//R201.txt,50,300,swap,False,2,48543,53925.29056802787,1151.899487698053,50961.49159263177,1811.8994876980532,33297.96649912557,2585.7060032042114,27466.554492717147,3245.7060032042114,10,300128.8956,0;48;75;18;13;0;0;92;35;43;90;55;84;78;17;24;91;1;89;74;60;25;80;0;0;39;95;85;0;0;59;12;94;0;0;79;37;31;21;52;58;0;0;23;83;69;100;50;26;0;0;72;5;28;27;0;0;9;2;70;73;77;87;6;0;0;41;49;56;7;57;51;40;46;97;96;0;0;20;22;8;3;99;76;53;0,ABC
19,pliki//100 lokacji//R201.txt,50,300,swap,False,2,49542,51647.34211067457,1136.2324812080778,48704.87714825842,1806.2324812080776,29991.279052604732,2558.2769708801266,24204.725110844476,3228.2769708801266,11,300195.827,0;93;51;87;52;89;0;0;42;29;98;3;97;1;18;53;0;0;36;4;88;57;76;84;50;37;6;96;0;0;14;70;2;7;26;61;94;0;0;83;77;16;12;99;40;0;0;78;92;90;43;46;56;8;55;91;24;17;74;60;80;25;100;58;0;0;86;68;13;0;0;5;69;95;28;0;0;72;48;31;0;0;44;27;85;0;0;59;0,ABC
19,pliki//100 lokacji//R201.txt,50,300,swap,False,2,49543,51647.34211067457,1136.2324812080778,48704.87714825842,1806.2324812080776,30846.27876407733,2551.2445092802786,25073.789745516777,3221.244509280278,11,300779.6886,0;85;95;0;0;92;29;83;76;16;99;26;96;0;0;36;2;90;57;51;84;4;8;74;1;0;0;42;69;44;3;61;40;53;0;0;48;12;18;0;0;14;78;98;55;88;97;50;94;6;0;0;59;27;87;13;0;0;5;68;28;0;0;86;31;93;52;89;0;0;17;24;46;25;7;43;70;56;91;80;37;77;100;60;58;0;0;72;0,ABC
20,pliki//100 lokacji//R201.txt,50,300,swap,False,2,50542,53503.477381765006,1129.7620840532456,50523.95321365851,1849.7620840532456,31061.07457889449,2834.515958071679,24672.042662751133,3554.515958071679,10,300760.4518,0;42;11;41;10;74;8;80;84;58;97;0;0;62;25;7;22;51;6;79;91;96;0;0;5;12;87;31;0;0;88;15;69;44;50;99;40;53;0;0;14;20;57;76;73;18;94;0;0;48;95;28;93;52;0;0;4;83;26;82;89;0;0;59;68;27;0;0;92;29;17;78;43;90;56;46;55;37;77;60;1;70;24;100;0;0;49;54;98;21;13;0,ABC
20,pliki//100 lokacji//R201.txt,50,300,swap,False,2,50543,53503.477381765006,1129.7620840532456,50523.95321365851,1849.7620840532456,31346.107142269586,2815.0101937109475,24996.086754847693,3535.0101937109475,11,300088.3716,0;5;68;0;0;14;51;98;76;87;58;0;0;20;15;31;57;88;54;6;8;18;0;0;44;12;95;69;13;0;0;92;29;43;90;56;7;55;96;24;97;77;89;0;0;83;79;99;82;40;53;0;0;42;62;22;10;100;94;0;0;48;4;28;27;0;0;46;25;11;41;78;84;50;91;70;17;74;37;60;1;80;0;0;49;73;52;21;93;26;0;0;59;0,ABC
21,pliki//100 lokacji//R201.txt,50,300,swap,False,2,51542,52376.15714764172,1132.344529475628,49431.46808869046,1812.344529475628,30618.271223207248,2688.306864735882,24561.657493735485,3368.3068647358823,11,300215.3085,0;49;87;94;0;0;39;16;12;21;0;0;5;79;93;31;0;0;92;35;61;29;8;54;6;50;74;89;0;0;59;48;95;0;0;43;90;75;7;78;99;18;26;53;0;0;36;2;69;97;9;96;40;13;0;0;51;100;76;52;4;58;0;0;46;25;82;57;20;37;24;84;55;91;56;60;1;17;80;77;0;0;72;83;27;28;0;0;85;0,ABC
21,pliki//100 lokacji//R201.txt,50,300,swap,False,2,51543,52376.15714764172,1132.344529475628,49431.46808869046,1812.344529475628,31689.99614515293,2744.1719293440474,25521.652286464836,3424.171929344047,11,300017.0355,0;55;36;56;90;61;51;84;24;37;1;74;13;0;0;9;100;31;97;76;0;0;49;75;69;18;89;0;0;39;83;12;58;0;0;82;25;7;43;20;40;4;6;53;96;0;0;5;54;52;2;50;94;0;0;48;21;93;26;0;0;92;35;16;29;99;78;8;57;46;80;91;77;60;17;0;0;79;95;28;87;0;0;59;0;0;72;85;27;0,ABC
22,pliki//100 lokacji//R201.txt,50,300,swap,False,2,52542,52329.34186306735,1209.9600827924282,49229.42169748249,1889.960082792428,32637.74194219015,2785.60605801523,26386.52982615969,3465.6060580152302,10,300140.1325,0;45;20;22;19;55;99;50;89;0;0;41;90;92;78;46;25;8;24;60;74;70;96;80;100;77;0;0;49;75;88;73;94;0;0;32;2;35;91;51;17;3;6;1;58;0;0;68;95;69;13;0;0;72;10;87;30;97;0;0;83;29;82;21;7;40;18;53;0;0;48;4;28;26;0;0;59;12;31;27;0;0;5;9;93;52;76;0,ABC
22,pliki//100 lokacji//R201.txt,50,300,swap,False,2,52543,52329.34186306735,1209.9600827924282,49229.42169748249,1889.960082792428,32589.29328433635,2725.3755239990205,26458.542236338308,3405.3755239990205,11,300661.1131,0;45;51;21;82;22;18;53;0;0;68;31;0;0;59;0;0;92;35;46;78;91;20;100;10;74;17;24;60;70;80;58;0;0;49;2;69;94;26;0;0;48;95;28;27;0;0;72;83;29;52;3;99;50;97;0;0;5;4;93;12;0;0;30;87;76;13;0;0;32;75;90;73;88;40;1;89;0;0;9;41;19;25;7;55;8;77;6;96;0,ABC
23,pliki//100 lokacji//R201.txt,50,300,swap,False,2,53542,52877.8908873262,1191.2254613703587,49795.43996458549,1891.2254613703585,31755.723266741792,2777.9358973409835,25499.851472059825,3477.9358973409835,11,300189.0556,0;4;31;2;93;53;0;0;78;15;69;17;24;84;77;37;50;96;26;0;0;25;11;75;8;56;7;41;70;74;89;0;0;59;72;95;0;0;23;52;87;12;0;0;5;76;99;21;13;0;0;85;28;27;0;0;35;92;20;43;90;22;46;55;60;80;91;1;97;58;0;0;29;100;68;19;73;40;0;0;42;62;54;98;88;57;18;6;0;0;94;0,ABC
23,pliki//100 lokacji//R201.txt,50,300,swap,False,2,53543,52877.8908873262,1191.2254613703587,49795.43996458549,1891.2254613703585,30304.038471573545,2646.930381952604,24310.17770766834,3346.930381952604,11,300749.4357,0;87;27;95;28;0;0;20;42;11;56;7;57;24;96;26;97;0;0;8;54;98;12;94;40;0;0;92;35;15;78;43;90;55;46;25;60;74;91;17;1;70;80;58;0;0;19;75;52;41;88;22;93;6;0;0;72;31;2;13;0;0;23;50;100;77;53;0;0;4;18;68;69;21;0;0;5;85;0;0;84;29;62;73;99;76;37;89;0;0;59;0,ABC
24,pliki//100 lokacji//R201.txt,50,300,swap,False,2,54542,55008.163674035415,1254.7453813157445,51778.67291140392,1974.7453813157447,30751.580488977634,2913.0439971071073,24205.49249476342,3633.0439971071073,10,300089.8485,0;85;28;95;0;0;72;48;31;0;0;22;82;73;90;100;50;6;40;18;0;0;92;62;15;12;98;76;13;0;0;5;4;27;2;94;0;0;63;41;29;7;25;8;55;84;54;97;26;96;0;0;35;44;78;17;24;46;56;10;74;1;91;70;60;80;58;0;0;83;75;69;21;52;99;53;0;0;43;34;61;32;57;77;37;89;0;0;59;68;93;0,ABC
24,pliki//100 lokacji//R201.txt,50,300,swap,False,2,54543,55008.163674035415,1254.7453813157445,51778.67291140392,1974.7453813157447,30699.647469192932,2912.9699104034808,24153.70764838597,3632.9699104034803,10,300051.4518,0;48;27;83;12;89;0;0;35;61;78;8;55;17;34;91;24;37;77;1;60;80;0;0;75;62;73;18;21;6;53;0;0;15;82;22;52;57;50;97;96;0;0;4;95;69;2;93;40;0;0;92;63;41;90;56;7;25;46;74;10;43;70;100;58;0;0;5;68;13;0;0;59;31;94;0;0;72;85;28;0;0;32;44;29;98;76;99;54;84;26;0,ABC
25,pliki//100 lokacji//R201.txt,50,300,swap,False,2,55542,55791.511470248006,1209.817867409308,52681.87573542939,1899.817867409308,32955.23669928801,2702.4971853907,26860.24232850661,3392.4971853907,11,300225.712,0;83;3;61;2;76;57;26;0;0;92;20;67;16;24;84;40;53;37;6;0;0;23;27;22;69;13;0;0;36;56;46;55;8;78;43;35;17;74;60;91;1;25;80;77;70;0;0;75;7;4;18;21;58;0;0;38;9;41;10;73;96;89;0;0;5;12;95;31;0;0;100;50;97;94;0;0;86;79;93;52;99;0;0;72;48;28;0;0;59;0,ABC
25,pliki//100 lokacji//R201.txt,50,300,swap,False,2,55543,55791.511470248006,1209.817867409308,52681.87573542939,1899.817867409308,33526.15356394148,2766.875447723134,27302.402668495215,3456.875447723134,11,300625.9423,0;41;36;25;46;55;17;56;70;74;60;4;89;13;0;0;8;23;10;75;18;99;0;0;59;5;94;0;0;67;16;69;73;7;97;40;0;0;86;12;28;31;0;0;72;48;27;0;0;38;9;57;76;22;96;0;0;61;79;93;26;53;0;0;92;35;43;20;84;78;6;24;91;50;37;80;1;77;0;0;2;83;3;100;52;21;58;0;0;95;0,ABC
26,pliki//100 lokacji//R201.txt,50,300,swap,False,2,56542,52942.81419949095,1125.686930291569,50021.44033890782,1795.686930291569,33555.09826895007,2567.145790830023,27750.806687290024,3237.145790830023,11,300019.7704,0;15;20;57;10;74;96;40;58;0;0;56;83;4;52;73;89;0;0;72;32;2;1;26;0;0;75;18;21;93;13;0;0;92;24;46;41;90;43;34;84;55;97;80;17;25;70;77;91;0;0;29;100;27;31;69;0;0;68;94;0;0;59;0;0;5;3;95;76;99;53;0;0;45;23;88;98;51;37;50;60;6;0;0;54;87;12;28;0,ABC
26,pliki//100 lokacji//R201.txt,50,300,swap,False,2,56543,52942.81419949095,1125.686930291569,50021.44033890782,1795.686930291569,34364.43747355367,2648.4592617228377,28397.518950107995,3318.459261722838,11,300226.9246,0;87;28;27;0;0;15;69;75;1;100;50;73;0;0;23;31;2;76;97;0;0;59;0;0;32;95;12;94;0;0;45;3;93;21;89;40;0;0;5;68;53;0;0;92;80;98;10;57;88;54;18;96;0;0;25;46;55;52;56;90;6;34;84;24;60;74;70;91;58;0;0;29;17;51;43;20;41;77;37;13;0;0;72;83;4;99;26;0,ABC
27,pliki//100 lokacji//R201.txt,50,300,swap,False,2,57542,49222.951036005616,1093.545848632104,46415.859338741415,1713.545848632104,31759.737349171493,2413.1737105079674,26313.38992815556,3033.1737105079674,10,300254.268,0;59;48;13;0;0;10;87;12;96;53;0;0;15;32;41;8;54;94;1;6;0;0;92;78;84;22;51;57;70;40;97;26;0;0;5;68;27;0;0;72;31;2;18;52;0;0;81;100;69;4;58;0;0;85;28;95;0;0;46;55;11;74;90;43;20;37;24;60;77;91;17;25;0;0;62;73;88;93;76;89;0,ABC
27,pliki//100 lokacji//R201.txt,50,300,swap,False,2,57543,49222.951036005616,1093.545848632104,46415.859338741415,1713.545848632104,30968.908750845694,2354.574918048227,25639.75891474924,2974.574918048227,10,300764.0163,0;59;5;87;0;0;48;26;27;58;0;0;15;32;74;11;4;96;40;6;0;0;92;81;93;77;97;53;0;0;78;46;55;8;41;90;57;84;24;60;54;17;91;1;70;25;0;0;43;20;2;10;22;18;13;0;0;100;68;37;52;0;0;51;95;28;31;69;0;0;85;12;94;0;0;72;62;73;88;76;89;0,ABC
28,pliki//100 lokacji//R201.txt,50,300,swap,False,2,58542,50549.621851417294,1183.8308999438257,47521.96005152965,1843.830899943826,29736.055266998188,2528.9131038143864,24018.229059369416,3188.9131038143864,11,300553.4901,0;85;95;0;0;59;77;93;69;73;53;0;0;8;22;62;41;79;37;40;6;0;0;23;1;87;76;0;0;39;83;74;18;12;97;0;0;5;0;0;24;92;35;43;78;84;56;46;55;60;25;89;91;17;70;80;58;0;0;72;31;28;27;0;0;100;29;2;52;54;96;26;0;0;42;90;15;7;4;99;50;57;13;0;0;48;94;0,ABC
28,pliki//100 lokacji//R201.txt,50,300,swap,False,2,58543,50549.621851417294,1183.8308999438257,47521.96005152965,1843.830899943826,30297.67083587361,2421.906606248754,24793.8576233761,3081.9066062487536,11,300038.6141,0;39;8;4;37;73;58;0;0;72;62;54;52;89;0;0;15;31;74;87;53;0;0;85;95;0;0;94;0;0;42;83;55;46;78;43;90;57;50;56;60;77;17;91;25;80;70;0;0;35;100;29;84;24;18;41;6;26;97;0;0;92;79;93;69;22;7;40;96;0;0;23;1;2;76;99;13;0;0;59;5;12;28;0;0;48;27;0,ABC
29,pliki//100 lokacji//R201.txt,50,300,swap,False,2,59542,52507.14528161665,1172.1855425723882,49482.774196471866,1852.1855425723882,31680.823540071844,2711.236252811121,25578.3510344496,3391.236252811121,10,300399.0362,0;72;31;95;52;0;0;9;57;62;73;1;94;0;0;92;20;41;88;4;18;50;89;0;0;35;15;69;75;8;55;6;77;58;0;0;11;2;48;21;96;76;0;0;59;68;27;0;0;67;19;56;51;99;40;53;0;0;46;25;7;78;43;90;22;84;24;97;17;74;60;91;80;70;0;0;79;13;28;12;0;0;5;3;37;54;26;0,ABC
29,pliki//100 lokacji//R201.txt,50,300,swap,False,2,59543,52507.14528161665,1172.1855425723882,49482.774196471866,1852.1855425723882,31291.59563047801,2732.466489664637,25146.662651148737,3412.4664896646364,11,300245.4582,0;75;31;22;52;58;0;0;5;12;27;28;0;0;92;35;43;78;17;51;41;20;37;55;1;24;60;91;70;80;0;0;11;56;19;25;7;74;96;26;0;0;46;3;15;9;73;8;77;6;53;0;0;59;0;0;79;95;0;0;67;84;69;21;76;13;0;0;48;54;18;89;0;0;90;2;62;4;88;57;50;97;40;0;0;72;99;68;94;0,ABC
30,pliki//100 lokacji//R201.txt,50,300,swap,False,2,60542,56133.96420985061,1205.221868929895,53023.520471990814,1905.2218689298948,34061.484101760434,2767.6054215653717,27826.273258629688,3467.605421565372,11,300331.8451,0;83;4;31;52;58;0;0;48;68;28;0;0;59;0;0;100;62;2;12;94;0;0;14;32;57;88;73;13;0;0;41;51;44;76;61;3;96;6;0;0;82;22;27;69;18;53;0;0;92;66;16;77;99;26;40;0;0;46;25;90;43;78;91;24;84;80;37;1;74;60;17;70;93;0;0;42;35;98;29;7;56;8;55;97;50;89;0;0;85;95;0,ABC
30,pliki//100 lokacji//R201.txt,50,300,swap,False,2,60543,56133.96420985061,1205.221868929895,53023.520471990814,1905.2218689298948,35069.48044594464,2823.135778714549,28723.20888851554,3523.1357787145485,11,300579.8404,0;44;29;84;24;91;3;8;74;89;26;0;0;14;69;61;12;13;0;0;48;95;28;27;0;0;41;62;25;99;50;100;40;18;0;0;42;77;83;2;88;4;94;0;0;66;92;51;22;7;73;1;6;97;0;0;32;16;76;96;58;0;0;82;68;31;52;0;0;43;35;98;78;57;90;56;46;55;60;37;80;17;70;93;0;0;59;0;0;85;53;0,ABC
31,pliki//100 lokacji//R201.txt,50,300,swap,False,2,61542,54019.446419714935,1157.8591070214536,51053.72820567203,1807.8591070214534,34257.079560937134,2581.189522756223,28444.70051542469,3231.189522756223,10,300592.0014,0;19;2;51;57;70;4;18;6;0;0;29;100;79;93;76;53;0;0;35;43;34;17;3;91;10;56;97;80;74;0;0;48;54;94;69;0;0;68;83;27;58;0;0;5;28;95;13;0;0;72;92;55;52;12;87;26;0;0;49;22;31;40;88;50;0;0;15;78;46;25;90;41;20;37;24;96;77;1;60;89;0;0;59;0,ABC
31,pliki//100 lokacji//R201.txt,50,300,swap,False,2,61543,54019.446419714935,1157.8591070214536,51053.72820567203,1807.8591070214534,33128.07375196339,2634.613846036327,27208.846059890737,3284.613846036327,10,300355.778,0;54;83;12;13;53;0;0;59;0;0;72;31;95;58;0;0;51;22;3;52;26;18;40;0;0;5;68;28;27;0;0;4;48;87;69;0;0;35;100;34;17;78;93;24;96;74;97;0;0;43;20;15;88;57;50;37;77;6;1;0;0;49;2;79;94;76;0;0;92;29;46;25;19;41;90;56;10;55;91;70;80;89;60;0,ABC
32,pliki//100 lokacji//R201.txt,50,300,swap,False,2,62542,53214.395310752465,1240.444435890675,50063.50643897111,1910.4444358906749,33694.75513070675,2662.7453099036834,27699.26451089938,3332.7453099036834,11,300522.8009,0;85;95;0;0;100;77;99;69;21;53;0;0;32;87;27;94;0;0;72;31;28;58;0;0;59;0;0;5;76;86;13;0;0;23;83;2;52;73;89;40;0;0;75;18;12;93;0;0;92;35;61;25;7;56;90;41;10;4;60;24;17;91;0;0;15;78;84;74;70;37;54;6;50;26;0;0;38;20;43;80;16;55;46;57;1;97;96;0,ABC
32,pliki//100 lokacji//R201.txt,50,300,swap,False,2,62543,53214.395310752465,1240.444435890675,50063.50643897111,1910.4444358906749,32433.934837092933,2595.07551272387,26573.783811645193,3265.075512723869,10,300765.4723,0;5;12;93;40;13;0;0;43;35;61;78;84;55;46;74;24;60;56;17;70;91;80;77;0;0;23;83;54;16;58;0;0;38;10;57;76;87;18;0;0;32;15;69;4;7;73;96;0;0;72;85;27;0;0;59;26;95;94;0;0;75;31;21;99;53;0;0;92;25;90;41;20;100;50;6;1;37;97;0;0;86;28;2;52;89;0,ABC
33,pliki//100 lokacji//R201.txt,50,300,swap,False,2,63542,52900.042962525185,1245.7393015181667,49718.56435948885,1935.7393015181667,30044.83698729386,2738.3074733541366,23878.222040585588,3428.3074733541366,11,300626.159,0;29;93;50;94;89;0;0;68;95;27;0;0;59;0;0;54;83;79;61;77;8;40;0;0;73;31;13;69;26;0;0;92;78;15;90;41;7;57;51;74;20;91;25;60;17;100;70;80;0;0;36;55;46;34;43;35;6;24;37;10;58;1;0;0;72;18;28;52;12;0;0;81;84;3;97;76;96;0;0;16;30;2;88;99;53;0;0;5;85;0,ABC
33,pliki//100 lokacji//R201.txt,50,300,swap,False,2,63543,52900.042962525185,1245.7393015181667,49718.56435948885,1935.7393015181667,30039.342257083295,2731.362405088904,23886.617446905486,3421.362405088904,11,300845.6719,0;5;76;61;69;53;0;0;85;54;27;0;0;68;31;0;0;72;93;12;13;0;0;83;29;16;55;7;57;50;97;58;0;0;81;95;28;52;0;0;35;92;90;43;78;17;3;91;34;37;24;100;1;70;80;0;0;15;10;73;88;79;99;40;18;6;0;0;51;2;30;94;26;0;0;36;25;84;20;41;8;74;46;77;60;96;89;0;0;59;0,ABC
34,pliki//100 lokacji//R201.txt,50,300,swap,False,2,64542,54674.930257148284,1147.2992334640492,51730.33179022018,1797.2992334640492,35790.52711549376,2698.7226144409774,29743.081886611802,3348.7226144409774,10,300154.7838,0;25;11;41;90;6;20;37;70;97;1;96;0;0;34;92;29;46;55;84;74;10;100;58;0;0;35;43;9;17;78;57;32;91;24;60;80;89;0;0;3;83;12;52;87;0;0;19;4;82;69;94;40;0;0;66;95;51;18;77;53;0;0;5;79;28;31;0;0;62;22;88;93;50;76;0;0;59;0;0;48;26;27;13;0,ABC
34,pliki//100 lokacji//R201.txt,50,300,swap,False,2,64543,54674.930257148284,1147.2992334640492,51730.33179022018,1797.2992334640492,35354.84657777719,2676.5869363395327,29351.67270509813,3326.5869363395323,10,300543.0203,0;19;25;46;78;100;20;84;24;37;70;1;0;0;92;90;41;51;97;3;6;50;40;96;0;0;59;9;93;12;0;0;48;77;27;13;0;0;5;32;22;69;94;88;0;0;83;4;82;76;58;53;0;0;35;43;11;55;17;34;57;10;91;80;60;74;89;0;0;79;95;28;62;52;0;0;66;87;29;18;26;0;0;31;0,ABC
35,pliki//100 lokacji//R201.txt,50,300,swap,False,2,65542,54271.806271008594,1195.9864828126483,51219.8333053833,1855.9864828126479,33483.004512325926,2606.8127442835653,27609.379023758796,3266.8127442835653,11,300456.1182,0;62;41;30;57;51;40;78;6;89;0;0;25;8;9;37;3;97;26;0;0;4;31;94;0;0;100;29;99;54;18;76;53;0;0;85;0;0;32;95;81;52;88;0;0;5;33;93;69;12;0;0;35;43;20;22;50;13;58;0;0;92;90;56;46;55;84;34;17;74;70;96;24;60;91;1;77;80;0;0;59;79;27;28;0;0;68;0,ABC
35,pliki//100 lokacji//R201.txt,50,300,swap,False,2,65543,54271.806271008594,1195.9864828126483,51219.8333053833,1855.9864828126479,33456.73401446645,2610.594886999559,27575.54424046733,3270.594886999559,11,300633.2862,0;59;31;94;0;0;30;95;27;28;69;0;0;92;35;57;62;56;90;55;6;24;43;74;17;80;91;60;1;25;0;0;32;13;79;52;89;0;0;78;41;20;22;51;37;34;46;54;70;96;0;0;9;84;29;93;50;97;40;0;0;33;100;81;18;26;0;0;5;3;99;76;58;0;0;4;8;77;88;12;53;0;0;85;0;0;68;0,ABC
36,pliki//100 lokacji//R201.txt,50,300,swap,False,2,66542,53519.365900968696,1229.9052959980618,50389.55530897257,1899.9052959980618,30573.689500596985,2689.7572565164587,24524.174987564067,3359.7572565164587,10,300441.6435,0;59;27;13;0;0;5;68;28;0;0;95;94;0;0;29;93;76;87;58;0;0;42;35;92;66;57;78;96;3;37;1;0;0;20;15;19;54;84;50;6;53;0;0;43;90;41;11;25;46;55;17;24;74;70;60;77;80;91;100;0;0;61;34;2;62;22;7;40;89;0;0;72;8;56;52;12;88;97;18;0;0;86;31;26;69;0,ABC
36,pliki//100 lokacji//R201.txt,50,300,swap,False,2,66543,53519.365900968696,1229.9052959980618,50389.55530897257,1899.9052959980618,31335.921396728834,2641.359360923803,25383.20267488123,3311.359360923803,10,300528.0673,0;35;15;29;7;25;6;54;40;53;97;0;0;3;61;68;96;12;0;0;2;19;87;69;52;76;18;0;0;42;20;43;78;8;55;84;56;46;24;17;70;1;60;91;80;77;0;0;86;27;58;0;0;62;95;28;88;26;0;0;59;72;13;0;0;5;94;0;0;92;34;100;31;37;50;89;0;0;41;66;57;11;22;90;74;93;0,ABC
37,pliki//100 lokacji//R201.txt,50,300,swap,False,2,67542,55046.74871259075,1248.5210067397225,51879.70669911131,1918.5210067397225,31780.085078966546,2775.604631395243,25558.87581617606,3445.604631395243,10,300388.9643,0;72;48;12;52;40;0;0;66;93;62;76;13;0;0;42;32;4;7;26;53;0;0;11;43;34;99;20;97;3;96;0;0;68;95;94;0;0;59;0;0;15;35;2;51;84;78;8;55;60;24;91;70;17;77;58;0;0;85;31;27;28;0;0;29;100;69;57;50;87;18;0;0;92;25;64;41;90;56;46;6;74;1;37;80;89;0,ABC
37,pliki//100 lokacji//R201.txt,50,300,swap,False,2,67543,55046.74871259075,1248.5210067397225,51879.70669911131,1918.5210067397225,32221.36468848269,2761.0903537700146,26029.18398094266,3431.0903537700146,10,300755.8106,0;66;85;29;97;89;0;0;64;4;46;34;57;50;6;26;0;0;87;31;27;0;0;92;78;15;11;41;7;40;8;55;60;70;37;80;74;77;0;0;59;94;0;0;90;2;35;17;25;84;24;43;3;56;91;1;58;0;0;42;32;100;51;99;76;18;0;0;48;12;93;69;13;0;0;20;95;68;52;0;0;72;62;28;96;53;0,ABC
38,pliki//100 lokacji//R201.txt,50,300,swap,False,2,68542,52375.738376597415,1193.004731636413,49309.72891332459,1873.0047316364135,30906.205095813155,2810.8602586755615,24604.48457846203,3490.860258675561,11,300511.1392,0;35;61;29;46;78;100;50;37;77;96;70;0;0;62;67;7;57;20;6;3;74;53;0;0;19;68;27;31;0;0;81;95;28;83;52;0;0;34;16;1;22;88;73;40;0;0;11;54;82;79;58;0;0;59;0;0;47;56;69;93;26;99;0;0;85;12;13;0;0;92;24;36;25;8;41;90;55;17;80;97;4;60;89;91;0;0;5;94;0,ABC
38,pliki//100 lokacji//R201.txt,50,300,swap,False,2,68543,52375.738376597415,1193.004731636413,49309.72891332459,1873.0047316364135,31645.967918040664,2798.6675420555225,25368.63283392962,3478.6675420555225,11,300369.8667,0;25;82;55;46;78;37;90;4;17;24;60;77;91;89;0;0;47;95;28;27;0;0;59;0;0;81;83;31;26;0;0;92;35;16;20;41;8;57;70;50;13;0;0;5;85;0;0;29;61;79;99;3;97;6;53;0;0;22;19;12;58;0;0;11;73;62;52;40;94;0;0;67;36;56;88;74;7;54;96;80;1;0;0;34;100;69;93;68;0,ABC
39,pliki//100 lokacji//R201.txt,50,300,swap,False,2,69542,54333.02121370839,1194.211091360307,51224.59903098777,1914.211091360307,31320.80030700241,2909.4815526050456,24781.83720179232,3629.4815526050456,11,300070.9651,0;43;29;84;79;100;26;53;0;0;5;35;2;48;3;97;89;0;0;72;8;28;87;12;0;0;23;19;21;99;76;0;0;25;64;41;90;57;78;46;55;91;24;96;1;60;17;70;77;80;0;0;59;31;83;95;0;0;92;34;82;56;7;22;18;40;6;0;0;86;69;73;52;94;0;0;49;15;51;37;50;58;0;0;27;0;0;11;75;88;74;93;13;0,ABC
39,pliki//100 lokacji//R201.txt,50,300,swap,False,2,69543,54333.02121370839,1194.211091360307,51224.59903098777,1914.211091360307,31024.15380978369,2946.871746350461,24410.410317082766,3666.871746350461,11,300628.7303,0;35;15;90;22;7;57;18;87;89;0;0;11;56;19;74;8;50;97;96;0;0;72;95;31;28;0;0;43;51;100;78;99;3;6;40;58;0;0;5;79;93;76;53;0;0;23;83;27;12;0;0;49;21;52;94;0;0;59;0;0;92;64;25;46;55;17;41;34;91;24;37;1;60;70;77;80;0;0;82;75;69;2;48;13;0;0;86;29;84;73;88;26;0,ABC
40,pliki//100 lokacji//R201.txt,50,300,swap,False,2,70542,52071.74606722888,1133.019472254304,49165.707122720276,1773.0194722543038,30794.685392544026,2435.686216573826,25283.31295939637,3075.6862165738266,10,300573.8041,0;59;54;27;31;0;0;72;83;4;52;88;0;0;19;21;8;26;94;53;0;0;11;2;29;99;3;93;77;1;0;0;9;92;76;48;18;0;0;35;43;30;57;51;97;6;40;96;0;0;5;12;13;28;0;0;100;50;95;69;87;0;0;41;90;56;46;55;17;78;74;70;24;37;25;91;80;58;89;60;0;0;68;0,ABC
40,pliki//100 lokacji//R201.txt,50,300,swap,False,2,70543,52071.74606722888,1133.019472254304,49165.707122720276,1773.0194722543038,30535.897112392413,2451.980645272249,24991.935821847917,3091.9806452722487,10,300595.892,0;4;31;94;0;0;59;5;0;0;100;9;99;50;88;53;0;0;92;55;11;41;51;74;18;3;97;96;0;0;68;95;58;0;0;90;25;46;24;17;78;57;35;37;70;91;1;93;80;89;60;0;0;48;21;27;69;12;0;0;54;83;28;87;76;0;0;72;30;2;52;13;0;0;43;29;19;56;8;77;6;40;26;0,ABC
41,pliki//100 lokacji//R201.txt,50,300,swap,False,2,71542,54195.72713824177,1249.9487447661538,51015.82964870946,1929.948744766154,31845.160221365688,2677.4966651133022,25810.16689113908,3357.4966651133022,11,300771.3846,0;5;76;93;12;0;0;85;27;0;0;23;62;21;18;89;0;0;92;35;6;56;90;57;9;84;24;96;77;60;13;0;0;83;3;2;69;87;53;0;0;31;95;52;94;0;0;29;48;41;20;99;1;26;0;0;36;34;43;7;25;46;55;17;50;91;70;37;80;58;0;0;100;78;8;4;88;74;40;73;97;0;0;72;68;28;0;0;59;0,ABC
41,pliki//100 lokacji//R201.txt,50,300,swap,False,2,71543,54195.72713824177,1249.9487447661538,51015.82964870946,1929.948744766154,30872.177348971054,2673.735891423861,24844.70556612333,3353.7358914238607,11,300627.6352,0;72;48;2;52;0;0;5;3;93;69;53;0;0;36;25;90;41;9;6;57;50;37;1;26;0;0;92;34;46;78;43;20;55;84;24;91;77;17;70;60;100;80;0;0;23;18;76;97;89;0;0;68;95;12;28;0;0;8;74;62;21;88;73;58;40;0;0;87;31;94;0;0;35;83;29;99;56;7;4;96;13;0;0;59;0;0;85;27;0,ABC
42,pliki//100 lokacji//R201.txt,50,300,swap,False,2,72542,54369.09978736832,1285.8071866727732,51127.485414022776,1955.807186672773,33156.895655319306,2663.649978804678,27159.595697709952,3333.649978804678,10,300816.8525,0;43;51;100;3;19;40;76;1;0;0;32;57;9;87;88;89;0;0;81;83;29;48;77;0;0;59;68;27;0;0;5;62;58;28;0;0;85;95;94;0;0;36;55;46;79;41;90;74;20;37;26;60;24;70;91;80;0;0;66;97;31;82;52;0;0;11;56;69;99;12;18;53;0;0;92;35;17;25;84;78;6;50;93;13;96;0,ABC
42,pliki//100 lokacji//R201.txt,50,300,swap,False,2,72543,54369.09978736832,1285.8071866727732,51127.485414022776,1955.807186672773,32860.05653259867,2745.3023822446753,26699.45176810932,3415.3023822446753,11,300028.494,0;11;87;32;97;88;40;0;0;66;99;69;13;53;0;0;36;25;17;78;19;56;46;55;60;1;96;24;70;80;58;91;0;0;90;41;20;100;9;37;50;94;0;0;5;68;0;0;92;35;43;51;57;18;76;6;77;89;0;0;81;95;27;28;0;0;79;85;12;0;0;59;0;0;29;84;3;48;26;93;0;0;83;74;62;31;82;52;0,ABC
43,pliki//100 lokacji//R201.txt,50,300,swap,False,2,73542,55355.604661038036,1290.0590561370418,52105.486548763954,1960.0590561370418,34974.775914622325,2720.9709290245255,28862.834056573272,3390.970929024525,10,300486.5206,0;32;15;90;56;18;50;6;26;0;0;86;76;95;69;96;0;0;41;10;4;7;77;37;13;0;0;85;12;28;0;0;5;48;27;0;0;72;30;58;31;0;0;35;92;29;8;78;57;24;46;55;60;74;1;91;70;93;80;0;0;59;20;2;52;40;88;94;0;0;54;83;68;100;53;0;0;66;43;51;99;25;17;3;97;89;0,ABC
43,pliki//100 lokacji//R201.txt,50,300,swap,False,2,73543,55355.604661038036,1290.0590561370418,52105.486548763954,1960.0590561370418,34307.02138464365,2694.6175516044186,28247.786281434815,3364.617551604418,11,300537.4839,0;86;68;31;0;0;10;4;52;54;18;58;0;0;92;35;43;90;41;51;17;3;60;24;37;1;91;70;93;0;0;48;12;28;0;0;32;2;30;13;0;0;59;76;95;26;53;0;0;15;66;100;69;40;89;0;0;25;46;55;7;78;57;20;96;80;97;77;50;0;0;5;72;85;0;0;83;29;8;56;88;74;99;6;94;0;0;27;0,ABC
44,pliki//100 lokacji//R201.txt,50,300,swap,False,2,74542,50063.64310760882,1181.6112348606246,47050.42063788757,1831.6112348606246,29572.50187523478,2412.91637500744,24096.669125219898,3062.9163750074404,10,300116.4003,0;10;57;52;21;18;97;13;0;0;22;48;58;53;0;0;42;78;92;24;16;80;7;37;50;96;89;0;0;36;75;90;56;8;55;46;6;25;60;74;1;17;70;77;91;0;0;86;27;31;0;0;79;61;76;100;88;73;40;0;0;81;95;26;94;0;0;5;12;87;2;0;0;59;72;28;0;0;23;69;84;3;93;99;0,ABC
44,pliki//100 lokacji//R201.txt,50,300,swap,False,2,74543,50063.64310760882,1181.6112348606246,47050.42063788757,1831.6112348606246,28743.891251279754,2474.3117215103794,23145.267808259,3124.3117215103794,10,300191.6147,0;23;52;2;12;26;0;0;84;24;99;79;96;77;18;53;0;0;86;3;100;21;40;0;0;42;90;75;7;73;76;93;94;0;0;59;31;27;0;0;92;78;61;69;22;88;57;89;97;6;0;0;36;25;46;55;8;56;10;37;50;60;74;1;17;70;91;80;0;0;5;28;16;58;0;0;81;95;13;0;0;72;48;87;0,ABC
45,pliki//100 lokacji//R201.txt,50,300,swap,False,2,75542,54762.16579198056,1141.3091537866014,51799.54748440736,1821.3091537866014,34366.96687891332,2607.280826396092,28472.40522612114,3287.2808263960915,11,300063.076,0;78;61;9;57;19;55;60;1;96;26;0;0;29;45;4;18;76;99;40;0;0;68;31;27;0;0;81;83;50;62;52;0;0;92;24;46;25;8;56;84;90;37;20;91;70;74;17;80;77;0;0;59;0;0;47;95;28;13;0;0;32;93;94;0;0;79;82;12;58;0;0;10;43;51;98;88;97;7;6;89;0;0;5;3;100;69;87;53;0,ABC
45,pliki//100 lokacji//R201.txt,50,300,swap,False,2,75543,54762.16579198056,1141.3091537866014,51799.54748440736,1821.3091537866014,34713.0854667597,2755.326363154888,28522.432740449927,3435.326363154888,11,300503.6255,0;61;29;98;79;57;10;99;0;0;45;68;89;0;0;83;81;93;53;0;0;5;32;27;62;26;0;0;47;56;52;87;51;97;40;0;0;46;25;17;24;84;55;90;43;20;91;1;74;70;60;80;58;0;0;8;4;7;12;88;50;18;0;0;19;28;82;76;94;0;0;9;92;69;100;78;37;3;6;77;96;0;0;59;31;13;0;0;95;0,ABC
46,pliki//100 lokacji//R201.txt,50,300,swap,False,2,76542,47240.88079311749,1086.1928592306647,44428.49507465616,1726.192859230665,28846.16741686358,2300.5336151757037,23605.100186512173,2940.5336151757037,10,300153.0794,0;87;82;95;58;0;0;62;43;69;86;76;97;6;0;0;92;29;61;3;100;1;57;26;0;0;14;90;15;88;22;18;84;96;0;0;48;94;28;0;0;79;98;31;93;53;0;0;42;34;16;24;7;41;8;55;37;46;74;60;91;17;80;77;0;0;5;54;99;40;13;0;0;59;68;27;0;0;83;12;85;52;89;0,ABC
46,pliki//100 lokacji//R201.txt,50,300,swap,False,2,76543,47240.88079311749,1086.1928592306647,44428.49507465616,1726.192859230665,29865.275436681663,2355.7664251165234,24513.742586448618,2995.766425116524,11,300173.3766,0;48;12;98;13;0;0;92;34;46;43;90;57;8;24;17;74;60;1;91;89;80;0;0;83;22;82;52;84;58;0;0;5;54;27;28;0;0;61;77;100;31;40;18;0;0;59;62;87;26;0;0;29;86;76;93;53;0;0;42;7;55;16;79;37;3;6;97;96;0;0;14;69;15;88;41;99;94;0;0;68;0;0;85;95;0,ABC
47,pliki//100 lokacji//R201.txt,50,300,swap,False,2,77542,55772.86914619894,1302.9590670635546,52456.95101207183,2012.9590670635546,31738.441608661975,2900.860399376053,25226.72080990987,3610.860399376053,11,300521.8538,0;62;22;69;97;50;89;0;0;19;92;51;100;12;57;7;41;6;3;37;96;0;0;14;77;18;13;53;0;0;85;31;0;0;42;34;98;78;43;90;56;20;91;24;93;80;17;70;0;0;5;4;52;87;76;0;0;36;29;44;35;84;25;46;55;60;74;1;58;0;0;48;95;94;0;0;16;54;8;73;88;40;26;0;0;68;83;27;28;0;0;59;0,ABC
47,pliki//100 lokacji//R201.txt,50,300,swap,False,2,77543,55772.86914619894,1302.9590670635546,52456.95101207183,2012.9590670635546,32076.930649559097,2908.279834843085,25550.37097987293,3618.279834843085,11,300420.3944,0;44;29;98;50;87;53;0;0;92;35;91;78;43;90;37;20;97;70;60;74;93;58;0;0;51;83;54;84;76;4;7;18;0;0;14;69;95;52;73;88;40;0;0;42;62;22;89;12;13;0;0;5;31;94;27;0;0;48;28;0;0;19;41;34;16;3;96;26;6;0;0;36;25;46;24;57;8;55;17;80;100;1;56;77;0;0;59;0;0;85;68;0,ABC
48,pliki//100 lokacji//R201.txt,50,300,swap,False,2,78542,54387.13515173702,1171.4292312491866,51364.27668923864,1851.4292312491864,33549.482805943,2745.2379053855493,27379.0069951719,3425.2379053855493,11,300728.6441,0;59;31;95;27;0;0;41;64;25;16;51;57;1;37;58;0;0;29;92;78;38;90;56;46;24;43;96;91;80;17;89;60;70;0;0;44;20;100;69;97;88;40;6;0;0;79;83;76;13;0;0;45;55;8;22;7;74;18;26;0;0;4;10;73;52;12;94;0;0;48;87;0;0;28;0;0;61;77;93;50;53;0;0;5;3;84;68;99;0,ABC
48,pliki//100 lokacji//R201.txt,50,300,swap,False,2,78543,54387.13515173702,1171.4292312491866,51364.27668923864,1851.4292312491864,33034.34748035572,2667.9042279625423,27018.539024430636,3347.9042279625423,11,300671.2681,0;79;93;13;0;0;25;64;41;10;74;96;57;6;94;0;0;59;0;0;45;55;8;4;99;3;40;53;0;0;61;28;83;27;26;0;0;92;29;38;78;84;24;46;56;1;91;80;37;17;77;60;70;0;0;5;31;87;0;0;51;44;69;52;50;18;58;0;0;16;20;22;88;76;97;73;0;0;43;90;100;12;7;68;89;0;0;48;95;0,ABC
49,pliki//100 lokacji//R201.txt,50,300,swap,False,2,79542,51819.61791508323,1219.9624163465162,48659.69308239019,1939.962416346516,28913.029841846586,2913.243879283527,22366.54208327953,3633.2438792835273,11,300140.517,0;49;2;82;12;76;0;0;14;31;85;52;0;0;72;83;22;1;99;18;0;0;59;0;0;16;29;93;13;0;0;35;43;19;57;51;8;97;84;89;0;0;41;64;21;46;25;17;55;70;37;24;60;74;100;80;58;0;0;5;28;95;27;0;0;92;34;42;90;44;78;7;6;77;91;26;96;0;0;62;38;69;61;50;94;0;0;11;73;48;40;87;53;0,ABC
49,pliki//100 lokacji//R201.txt,50,300,swap,False,2,79543,51819.61791508323,1219.9624163465162,48659.69308239019,1939.962416346516,28111.466822676106,2965.216640520006,21461.033541636094,3685.216640520006,11,300370.32,0;5;27;13;0;0;11;22;82;12;76;0;0;49;2;69;85;99;0;0;72;48;94;0;0;29;38;51;84;73;7;96;89;0;0;14;31;57;52;93;40;0;0;44;78;61;21;19;87;18;6;0;0;92;62;25;64;55;8;80;91;77;37;26;60;58;0;0;42;35;43;90;41;46;34;17;24;97;70;74;100;1;0;0;83;28;95;50;16;53;0;0;59;0,ABC
0,pliki//100 lokacji//RC101.txt,50,300,swap,False,2,30542,7075.520332074665,941.4533415432932,4702.613648988078,1431.4533415432932,4041.4457613723935,1355.6481090704272,840.1495432315393,1845.6481090704272,10,300242.5966,0;52;41;35;70;68;0;0;51;99;54;96;0;0;92;69;87;86;74;0;0;44;61;90;1;4;100;0;0;83;71;43;37;93;80;0;0;95;88;53;55;13;60;0;0;34;94;84;56;0;0;82;67;57;24;66;0;0;98;76;85;89;91;0;0;65;64;81;0,ABC
0,pliki//100 lokacji//RC101.txt,50,300,swap,False,2,30543,7075.520332074665,941.4533415432932,4702.613648988078,1431.4533415432932,3948.83794500823,1275.84475945502,907.1484260981899,1765.8447594550198,10,300333.9524,0;92;88;99;86;74;0;0;71;87;13;60;70;100;0;0;44;81;94;55;91;80;0;0;51;67;34;56;0;0;61;98;41;43;96;93;0;0;64;82;90;37;35;54;0;0;89;76;85;84;0;0;95;52;1;4;68;0;0;83;69;53;57;24;66;0;0;65;0,ABC
1,pliki//100 lokacji//RC101.txt,50,300,swap,False,2,31542,7599.874645586691,998.6686051500571,5072.5374352865765,1528.6686051500574,4181.384986055778,1358.1600257705666,935.0649345146455,1888.1600257705666,10,301009.5566,0;37;84;54;96;93;91;80;0;0;65;69;98;88;90;0;0;89;32;50;100;70;0;0;95;83;64;85;56;66;0;0;82;61;99;55;68;0;0;44;81;94;43;35;0;0;76;67;0;0;62;53;78;10;13;0;0;71;9;87;74;58;77;0;0;92;63;51;18;20;48;24;0,ABC
1,pliki//100 lokacji//RC101.txt,50,300,swap,False,2,31543,7599.874645586691,998.6686051500571,5072.5374352865765,1528.6686051500574,4243.527882166665,1330.621434807842,1052.285012550981,1860.621434807842,10,300044.2903,0;37;67;94;54;68;100;0;0;95;98;90;43;35;70;0;0;92;9;87;13;10;0;0;83;88;61;81;0;0;78;82;99;56;0;0;65;71;74;58;77;24;0;0;69;64;85;32;50;0;0;62;76;51;84;0;0;63;89;18;48;20;66;0;0;44;53;55;96;93;91;80;0,ABC
2,pliki//100 lokacji//RC101.txt,50,300,swap,False,2,32542,7640.151902965898,984.5275154967537,5171.0968719723905,1484.5275154967537,3982.939532896006,1279.1719695310849,924.5955938338367,1779.1719695310844,9,300446.5711,0;82;95;99;66;56;93;80;0;0;44;53;60;55;68;0;0;83;61;90;10;17;0;0;67;81;94;41;96;91;0;0;92;69;88;0;0;64;78;13;74;58;77;0;0;52;98;57;20;25;24;48;0;0;65;71;43;37;35;54;0;0;51;86;1;70;100;0,ABC
2,pliki//100 lokacji//RC101.txt,50,300,swap,False,2,32543,7640.151902965898,984.5275154967537,5171.0968719723905,1484.5275154967537,4097.696405430325,1292.450343662053,1012.79571810622,1792.4503436620528,9,300123.0137,0;98;83;52;99;94;54;0;0;44;53;60;55;68;0;0;64;82;88;66;56;91;0;0;92;78;17;1;70;100;0;0;51;43;37;35;93;80;0;0;71;86;20;25;24;48;0;0;65;61;81;90;74;58;77;0;0;67;57;13;10;0;0;95;69;41;96;0,ABC
3,pliki//100 lokacji//RC101.txt,50,300,swap,False,2,33542,7391.270306633028,1129.6300939617677,4612.010118709492,1649.6300939617677,4335.039155754974,1448.4990306384766,918.0410944780207,1968.4990306384761,10,300450.7348,0;92;88;78;53;17;0;0;52;82;41;4;60;100;0;0;83;61;84;55;70;0;0;44;94;50;56;0;0;51;64;85;54;96;0;0;62;57;48;25;20;91;80;0;0;95;69;99;74;66;0;0;65;71;81;90;68;0;0;32;49;22;58;0;0;98;67;43;35;37;93;0,ABC
3,pliki//100 lokacji//RC101.txt,50,300,swap,False,2,33543,7391.270306633028,1129.6300939617677,4612.010118709492,1649.6300939617677,4349.584525679879,1441.6222220391794,946.3400816015203,1961.6222220391794,10,300907.8478,0;4;88;90;0;0;71;49;57;74;58;91;0;0;78;43;41;54;0;0;62;64;53;17;60;0;0;65;69;85;50;32;93;0;0;95;44;96;68;55;0;0;92;99;94;84;48;25;0;0;83;82;61;81;56;66;0;0;98;51;37;35;70;100;0;0;52;67;22;20;80;0,ABC
4,pliki//100 lokacji//RC101.txt,50,300,swap,False,2,34542,6987.154500958751,922.9514486243991,4651.251603709953,1412.951448624399,3751.463169007255,1232.9817825163136,795.499603974628,1722.9817825163136,10,300465.9262,0;85;41;43;37;35;93;80;0;0;64;83;76;74;24;0;0;92;98;90;81;94;96;0;0;97;78;66;0;0;73;88;10;13;60;55;0;0;52;82;99;53;54;68;0;0;95;44;46;1;70;100;0;0;61;57;84;56;91;0;0;65;62;51;22;0;0;69;0,ABC
4,pliki//100 lokacji//RC101.txt,50,300,swap,False,2,34543,6987.154500958751,922.9514486243991,4651.251603709953,1412.951448624399,3822.9416217659696,1289.0213919589876,754.8988378479945,1779.0213919589874,10,300361.816,0;98;64;53;1;70;100;0;0;44;61;94;35;93;80;0;0;65;73;97;74;24;0;0;22;78;46;55;0;0;83;88;99;56;91;0;0;92;95;62;85;51;84;66;0;0;76;10;13;60;0;0;52;82;90;81;41;54;96;0;0;57;43;37;68;0;0;69;0,ABC
5,pliki//100 lokacji//RC101.txt,50,300,swap,False,2,35542,7016.549386697378,964.2455040223714,4608.058378652636,1444.2455040223713,3911.840387878909,1245.315856778674,941.208674321561,1725.315856778674,9,300040.376,0;82;71;81;94;0;0;65;69;98;88;53;0;0;51;67;57;93;91;80;0;0;52;41;37;35;1;0;0;95;61;90;56;96;54;0;0;17;99;13;74;58;77;0;0;92;86;84;68;55;0;0;83;50;85;20;66;0;0;62;64;9;60;100;70;0,ABC
5,pliki//100 lokacji//RC101.txt,50,300,swap,False,2,35543,7016.549386697378,964.2455040223714,4608.058378652636,1444.2455040223713,3830.4201227739068,1216.285626597547,917.848869578813,1696.285626597547,9,300286.0715,0;83;67;85;84;56;66;0;0;52;61;41;35;93;91;80;0;0;9;81;94;50;0;0;51;37;96;54;0;0;92;69;90;0;0;65;71;1;60;55;0;0;88;98;82;99;20;74;58;77;0;0;95;86;57;17;13;0;0;62;64;53;68;100;70;0,ABC
6,pliki//100 lokacji//RC101.txt,50,300,swap,False,2,36542,6454.103403439021,969.4344717733157,3985.2344598923896,1499.4344717733156,3903.7036582512574,1353.7058975006557,666.291863249946,1883.7058975006557,10,300881.5998,0;82;61;88;3;55;70;100;0;0;65;69;99;57;49;0;0;39;38;90;0;0;31;30;96;54;0;0;92;29;50;94;68;0;0;95;71;85;34;32;0;0;83;98;84;20;48;25;24;0;0;62;67;81;56;66;91;93;80;0;0;52;64;37;35;0;0;51;86;53;17;60;0,ABC
6,pliki//100 lokacji//RC101.txt,50,300,swap,False,2,36543,6454.103403439021,969.4344717733157,3985.2344598923896,1499.4344717733156,3848.4935137230577,1317.8117960073962,682.8699217082651,1847.8117960073962,10,300975.0639,0;82;83;88;3;55;0;0;62;38;35;37;54;93;0;0;29;31;50;20;91;0;0;95;49;51;85;25;48;24;0;0;98;52;99;86;57;17;0;0;65;61;81;0;0;64;53;90;96;68;0;0;30;84;66;60;70;100;0;0;92;69;94;56;0;0;39;71;67;34;32;80;0,ABC
7,pliki//100 lokacji//RC101.txt,50,300,swap,False,2,37542,7144.678789685365,909.9208028811618,4864.837183923041,1369.9208028811615,3857.448746283898,1279.0987425556295,839.2512611726387,1739.0987425556298,9,300142.8596,0;86;51;48;20;91;0;0;82;44;10;13;17;60;0;0;64;78;56;68;0;0;65;98;99;90;0;0;67;88;53;96;54;0;0;92;83;46;55;93;80;0;0;95;69;81;94;66;0;0;79;87;77;74;0;0;62;61;35;37;43;100;70;0,ABC
7,pliki//100 lokacji//RC101.txt,50,300,swap,False,2,37543,7144.678789685365,909.9208028811618,4864.837183923041,1369.9208028811615,3908.589923099161,1313.0149642704453,822.5599945582707,1773.0149642704453,9,300454.5692,0;44;78;10;74;0;0;83;98;69;90;20;48;80;0;0;51;81;60;13;17;0;0;77;94;96;91;0;0;62;88;43;100;70;0;0;79;53;46;55;68;0;0;65;95;67;35;37;54;93;0;0;92;61;99;56;66;0;0;82;64;86;87;0,ABC
8,pliki//100 lokacji//RC101.txt,50,300,swap,False,2,38542,7011.982498318964,1071.7443107425206,4348.4938768339225,1591.7443107425204,4290.806981838264,1400.8399139360683,969.1271539661275,1920.8399139360683,10,300326.919,0;52;61;35;43;68;0;0;62;88;13;17;60;0;0;92;44;37;41;54;96;0;0;77;57;20;48;24;91;80;0;0;95;98;99;53;55;0;0;83;69;32;34;93;0;0;85;67;81;4;100;0;0;78;84;50;0;0;64;82;90;94;66;56;0;0;65;71;46;1;70;0,ABC
8,pliki//100 lokacji//RC101.txt,50,300,swap,False,2,38543,7011.982498318964,1071.7443107425206,4348.4938768339225,1591.7443107425204,4373.419738642766,1435.433436855521,982.5528649317233,1955.433436855521,10,300472.1173,0;99;67;81;1;70;100;0;0;64;37;41;60;0;0;95;82;78;53;13;17;0;0;62;46;4;55;0;0;83;35;43;68;0;0;92;88;94;54;96;0;0;71;57;77;48;24;0;0;65;98;61;90;66;20;0;0;69;44;84;56;91;0;0;52;85;50;32;34;93;80;0,ABC
9,pliki//100 lokacji//RC101.txt,50,300,swap,False,2,39542,6722.029199604675,970.5358486756775,4320.95750225332,1430.5358486756775,3517.4309985772725,1181.0398810202214,695.3512365368294,1641.0398810202214,9,300682.1554,0;83;35;43;37;100;70;0;0;88;44;40;32;93;80;0;0;62;86;56;66;91;0;0;92;98;87;74;58;17;0;0;52;61;81;94;54;96;0;0;82;50;84;20;48;0;0;67;95;64;99;55;68;0;0;65;12;90;53;60;0;0;69;0,ABC
9,pliki//100 lokacji//RC101.txt,50,300,swap,False,2,39543,6722.029199604675,970.5358486756775,4320.95750225332,1430.5358486756775,3559.516905624689,1190.9257031055658,717.665499413558,1650.9257031055654,9,300511.9467,0;12;86;53;55;0;0;52;64;84;20;48;66;91;0;0;65;95;87;74;58;17;0;0;92;98;99;90;60;100;70;0;0;88;69;0;0;44;61;50;96;0;0;40;81;54;32;93;80;0;0;83;67;43;35;37;0;0;82;62;94;56;68;0,ABC
10,pliki//100 lokacji//RC101.txt,50,300,swap,False,2,40542,7164.00365641433,991.3901832556397,4671.223289903051,1501.3901832556396,3783.0253470300177,1363.6692587334107,545.686829563196,1873.6692587334107,10,301015.0397,0;36;94;54;0;0;95;44;46;60;70;100;0;0;67;99;53;55;68;0;0;52;61;40;96;91;80;0;0;92;82;41;37;43;93;0;0;62;64;85;24;58;74;0;0;65;69;98;88;57;0;0;39;84;56;66;0;0;72;86;20;48;25;77;0;0;83;71;81;90;0,ABC
10,pliki//100 lokacji//RC101.txt,50,300,swap,False,2,40543,7164.00365641433,991.3901832556397,4671.223289903051,1501.3901832556396,3626.8466550032063,1213.8781401361466,689.0903747309126,1723.878140136147,9,300417.0159,0;39;81;37;96;91;80;93;0;0;72;71;40;41;43;0;0;36;44;46;60;55;0;0;62;57;56;54;70;100;0;0;65;95;67;85;84;66;0;0;61;98;99;86;20;48;74;0;0;83;69;88;90;0;0;92;52;53;58;77;25;24;0;0;64;82;94;68;0,ABC
11,pliki//100 lokacji//RC101.txt,50,300,swap,False,2,41542,6557.284217072889,881.7479670839668,4313.788282904956,1361.7479670839668,3724.832443407259,1188.832409547971,867.1676243113164,1668.832409547971,9,300420.7448,0;62;64;85;56;66;0;0;83;71;46;1;4;0;0;65;51;20;57;86;74;0;0;82;69;67;94;0;0;44;61;40;43;68;0;0;52;88;53;10;13;60;0;0;92;98;84;54;0;0;95;99;90;41;93;80;91;0;0;48;81;96;55;70;100;0,ABC
11,pliki//100 lokacji//RC101.txt,50,300,swap,False,2,41543,6557.284217072889,881.7479670839668,4313.788282904956,1361.7479670839668,3670.7366413577042,1235.3778657595578,719.9809098385886,1715.3778657595578,9,300670.7249,0;67;61;81;94;0;0;44;53;46;4;60;0;0;92;95;71;41;96;0;0;83;98;99;86;74;66;0;0;51;52;57;13;10;80;0;0;40;84;20;48;91;0;0;65;69;85;56;68;0;0;62;88;1;55;70;100;0;0;64;82;90;43;54;93;0,ABC
12,pliki//100 lokacji//RC101.txt,50,300,swap,False,2,42542,5895.022181067465,816.6522203954969,3811.717740276471,1266.6522203954971,3344.870882224105,1149.5751797767186,595.7205226706682,1599.5751797767186,9,300759.3113,0;92;69;88;53;0;0;52;83;85;84;56;66;0;0;65;61;41;40;37;0;0;73;98;81;96;54;68;0;0;82;62;35;43;93;80;0;0;44;78;4;55;0;0;87;94;60;100;70;0;0;95;99;86;24;74;91;0;0;19;64;90;0,ABC
12,pliki//100 lokacji//RC101.txt,50,300,swap,False,2,42543,5895.022181067465,816.6522203954969,3811.717740276471,1266.6522203954971,3336.327978302919,1142.662613230692,601.0027518415349,1592.662613230692,9,300013.8603,0;98;64;81;94;96;0;0;83;61;66;55;68;0;0;65;19;90;0;0;92;69;88;53;0;0;73;86;24;74;91;80;0;0;87;52;99;4;60;0;0;78;41;35;43;93;0;0;95;44;40;37;54;0;0;82;62;85;84;56;100;70;0,ABC
13,pliki//100 lokacji//RC101.txt,50,300,swap,False,2,43542,6696.17954144607,1087.5009941967103,4011.17755305265,1597.5009941967103,3970.511571450462,1283.25795677076,893.9956579089418,1793.25795677076,10,300311.6751,0;71;51;84;94;0;0;85;86;87;97;13;0;0;99;73;9;54;70;100;0;0;52;61;96;55;68;0;0;83;41;43;37;35;0;0;69;95;64;90;0;0;82;67;50;26;32;93;0;0;92;98;81;56;66;0;0;65;62;49;20;77;24;91;80;0;0;11;88;53;0,ABC
13,pliki//100 lokacji//RC101.txt,50,300,swap,False,2,43543,6696.17954144607,1087.5009941967103,4011.17755305265,1597.5009941967103,3949.2022224498537,1248.769510962719,941.6632005244155,1758.7695109627189,10,300944.4054,0;26;96;68;0;0;92;95;41;43;37;35;0;0;65;69;98;88;90;0;0;73;11;87;77;66;0;0;49;64;85;56;20;24;80;0;0;62;86;97;13;70;100;0;0;71;61;81;0;0;9;84;94;54;0;0;83;82;52;99;53;55;0;0;51;67;32;50;93;91;0,ABC
14,pliki//100 lokacji//RC101.txt,50,300,swap,False,2,44542,7148.721390349305,1092.669654514996,4433.382081319312,1622.669654514996,4058.164033759655,1442.0444809346452,644.075071890365,1972.044480934645,10,300125.4549,0;98;44;96;37;70;100;0;0;95;69;99;53;68;0;0;42;6;3;55;60;0;0;52;64;86;13;93;80;0;0;65;88;84;20;24;74;0;0;72;61;57;58;77;25;0;0;40;81;90;66;0;0;92;83;85;50;32;91;0;0;82;71;38;35;54;0;0;39;67;94;56;0,ABC
14,pliki//100 lokacji//RC101.txt,50,300,swap,False,2,44543,7148.721390349305,1092.669654514996,4433.382081319312,1622.669654514996,4118.191938425172,1394.1582416192914,799.8754551865895,1924.1582416192914,10,300768.305,0;72;85;50;96;0;0;39;81;94;56;66;0;0;52;64;37;54;70;100;0;0;61;98;35;68;55;0;0;67;99;86;58;77;74;0;0;40;38;44;3;0;0;42;57;24;20;25;91;0;0;92;95;71;84;32;93;80;0;0;65;82;6;53;13;60;0;0;83;69;88;90;0,ABC
15,pliki//100 lokacji//RC101.txt,50,300,swap,False,2,45542,7484.519608115741,959.2877867538274,5045.944034608086,1479.2877867538273,4263.177059541158,1391.5007527535558,960.1755540340465,1911.5007527535554,10,300667.5787,0;62;58;10;17;0;0;82;87;22;57;0;0;92;98;88;99;56;0;0;52;67;32;50;100;70;0;0;65;95;51;84;94;80;0;0;86;64;20;74;77;24;0;0;40;8;46;4;0;0;69;44;81;66;55;60;0;0;83;85;90;96;54;93;91;0;0;38;61;53;68;0,ABC
15,pliki//100 lokacji//RC101.txt,50,300,swap,False,2,45543,7484.519608115741,959.2877867538274,5045.944034608086,1479.2877867538273,4327.938144073581,1459.4417423484397,889.0546593767012,1979.4417423484394,11,300867.5774,0;83;98;81;68;0;0;95;69;8;46;4;0;0;82;61;74;58;77;24;0;0;65;44;38;55;0;0;87;99;22;66;0;0;40;53;54;100;70;0;0;92;88;57;20;56;0;0;62;64;90;94;96;80;0;0;52;67;32;50;93;91;0;0;85;17;10;60;0;0;86;51;84;0,ABC
16,pliki//100 lokacji//RC101.txt,50,300,swap,False,2,46542,7277.963117252949,933.4370262738647,4941.089064705219,1403.4370262738648,3884.4605374000103,1238.2241520078474,938.0122333843151,1708.2241520078476,9,300076.609,0;92;98;86;56;91;0;0;51;99;57;66;0;0;83;88;94;96;0;0;64;61;53;55;68;0;0;69;82;85;20;74;80;0;0;65;84;46;60;100;70;0;0;52;81;41;35;37;54;93;0;0;44;90;25;48;24;0;0;95;78;9;13;17;0,ABC
16,pliki//100 lokacji//RC101.txt,50,300,swap,False,2,46543,7277.963117252949,933.4370262738647,4941.089064705219,1403.4370262738648,3921.7066834564303,1329.820689264284,792.0653049278626,1799.820689264284,9,300162.0415,0;52;61;94;96;0;0;64;78;74;13;17;0;0;92;98;99;53;54;91;80;0;0;51;9;20;48;0;0;65;44;41;55;68;0;0;85;90;57;25;24;0;0;95;88;86;60;100;70;0;0;69;46;81;35;37;93;0;0;83;82;84;66;56;0,ABC
17,pliki//100 lokacji//RC101.txt,50,300,swap,False,2,47542,6290.066650925452,1105.190881897167,3559.6848871311186,1625.190881897167,3713.904391571102,1327.1715059101248,539.5613797508526,1847.1715059101248,10,300143.4582,0;92;88;35;37;43;0;0;44;34;50;91;80;0;0;65;82;98;69;90;20;48;0;0;63;76;85;51;56;68;0;0;52;64;18;49;77;74;0;0;67;99;86;57;66;0;0;19;53;96;93;0;0;95;78;1;55;100;70;0;0;62;71;84;0;0;83;61;81;94;54;0,ABC
17,pliki//100 lokacji//RC101.txt,50,300,swap,False,2,47543,6290.066650925452,1105.190881897167,3559.6848871311186,1625.190881897167,3640.4241603634996,1285.3873751221106,549.6494101192786,1805.3873751221104,10,300183.8595,0;63;67;34;50;93;0;0;44;84;96;68;55;0;0;71;62;35;37;43;0;0;78;98;88;90;0;0;19;85;51;49;20;0;0;76;64;66;56;0;0;92;82;86;57;77;74;0;0;65;61;53;1;70;100;0;0;95;52;99;18;48;91;80;0;0;83;69;81;94;54;0,ABC
18,pliki//100 lokacji//RC101.txt,50,300,swap,False,2,48542,6685.503485984779,842.4719430889489,4550.559599806881,1292.4719430889488,3660.6450310925775,1216.4008015234524,777.8434280456723,1666.4008015234526,9,300165.4626,0;71;99;90;0;0;85;67;51;56;24;91;80;0;0;92;98;34;50;93;0;0;64;97;86;66;0;0;95;88;13;74;58;77;0;0;65;82;69;81;94;0;0;83;61;53;68;55;100;0;0;87;84;54;96;0;0;52;41;35;43;70;0,ABC
18,pliki//100 lokacji//RC101.txt,50,300,swap,False,2,48543,6685.503485984779,842.4719430889489,4550.559599806881,1292.4719430889488,3771.0193634505013,1263.3937287373742,794.231905975753,1713.3937287373742,9,300640.417,0;41;51;84;66;0;0;69;83;64;87;13;0;0;65;61;85;96;80;0;0;34;90;55;68;0;0;52;81;50;56;93;91;0;0;88;71;94;54;0;0;82;67;35;43;100;70;0;0;92;98;86;24;74;0;0;95;53;99;97;58;77;0,ABC
19,pliki//100 lokacji//RC101.txt,50,300,swap,False,2,49542,6980.611276744796,916.0671065901768,4638.477063564442,1426.0671065901765,3995.280668917627,1324.7625756751142,835.7555175673983,1834.762575675114,10,300787.9777,0;79;99;57;66;55;0;0;92;44;35;41;68;0;0;98;64;53;13;17;0;0;65;83;61;74;58;77;0;0;9;81;37;43;93;0;0;63;90;94;54;96;0;0;73;88;78;46;100;70;0;0;62;71;67;85;20;24;80;0;0;95;82;51;84;56;91;0;0;69;0,ABC
19,pliki//100 lokacji//RC101.txt,50,300,swap,False,2,49543,6980.611276744796,916.0671065901768,4638.477063564442,1426.0671065901765,3881.8191223606336,1332.278428381596,707.2622655974413,1842.278428381596,10,300082.9817,0;9;37;43;35;93;0;0;83;82;90;81;94;0;0;95;79;46;55;100;70;0;0;63;41;54;96;0;0;44;51;84;56;91;0;0;92;69;88;0;0;64;73;78;17;13;80;0;0;65;98;61;53;68;0;0;71;99;57;24;20;66;0;0;85;62;67;74;58;77;0,ABC
20,pliki//100 lokacji//RC101.txt,50,300,swap,False,2,50542,7124.079698382871,1036.4769134543235,4521.1258714742235,1566.4769134543235,4274.593257156863,1399.4502715688677,945.692714019127,1929.450271568868,10,300079.3184,0;44;85;89;91;80;0;0;82;69;98;3;17;0;0;12;40;55;70;0;0;65;92;67;62;84;56;0;0;78;90;94;54;68;0;0;53;52;99;57;20;49;48;77;0;0;79;81;43;37;35;93;0;0;38;61;41;60;100;0;0;83;95;64;51;66;0;0;88;71;50;96;0,ABC
20,pliki//100 lokacji//RC101.txt,50,300,swap,False,2,50543,7124.079698382871,1036.4769134543235,4521.1258714742235,1566.4769134543235,4095.3261791084196,1368.9135502822182,827.499078543983,1898.9135502822182,10,301075.5639,0;12;84;89;91;80;0;0;83;98;53;3;55;60;0;0;38;17;100;70;0;0;71;62;67;85;50;96;93;0;0;92;69;88;90;0;0;52;82;99;57;20;49;48;77;0;0;44;61;81;35;37;43;54;0;0;64;78;66;56;0;0;65;95;51;94;0;0;79;41;40;68;0,ABC
21,pliki//100 lokacji//RC101.txt,50,300,swap,False,2,51542,6703.260488620303,1049.3584166564688,4074.5436553073646,1579.3584166564688,3893.827616792115,1329.4216215478496,704.9843736964154,1859.4216215478498,10,301028.8761,0;39;81;94;0;0;65;73;7;6;3;1;0;0;98;67;85;84;56;0;0;83;71;66;96;68;0;0;72;61;90;57;20;91;0;0;64;62;10;55;70;0;0;36;50;32;93;80;0;0;82;69;38;37;54;0;0;95;88;53;13;17;60;100;0;0;92;52;99;86;77;74;0,ABC
21,pliki//100 lokacji//RC101.txt,50,300,swap,False,2,51543,6703.260488620303,1049.3584166564688,4074.5436553073646,1579.3584166564688,3887.3069290513995,1206.3576856962136,944.5915576589726,1736.3576856962134,9,300109.4481,0;95;6;96;54;93;80;0;0;82;69;81;10;55;0;0;65;98;90;64;66;56;20;0;0;52;83;99;86;57;74;77;0;0;92;71;62;67;94;68;0;0;72;7;3;1;70;0;0;61;88;73;13;17;60;100;0;0;53;85;84;50;32;91;0;0;36;39;38;37;0,ABC
22,pliki//100 lokacji//RC101.txt,50,300,swap,False,2,52542,6734.914274193841,906.6844879530393,4421.545298287763,1406.6844879530393,3742.693170904048,1275.0664422647674,692.5602863745132,1775.0664422647674,9,300147.9616,0;40;90;60;68;0;0;85;81;41;37;35;43;0;0;83;62;20;66;96;93;0;0;44;10;17;13;74;0;0;67;71;84;24;48;91;0;0;52;82;88;53;46;1;70;100;0;0;95;61;38;54;56;80;0;0;65;98;64;94;55;0;0;92;69;99;57;0,ABC
22,pliki//100 lokacji//RC101.txt,50,300,swap,False,2,52543,6734.914274193841,906.6844879530393,4421.545298287763,1406.6844879530393,3564.140034753089,1235.1697817027152,593.8004713476586,1735.169781702715,9,300552.3705,0;92;62;10;17;60;0;0;64;61;81;37;35;43;0;0;52;85;94;54;96;93;80;0;0;95;82;99;74;66;56;91;0;0;65;44;40;41;0;0;83;69;57;13;0;0;88;71;90;55;68;0;0;98;67;84;20;24;48;0;0;38;53;46;1;70;100;0,ABC
23,pliki//100 lokacji//RC101.txt,50,300,swap,False,2,53542,6726.697996141305,954.4821633483066,4387.733669444693,1384.4821633483066,3430.8550360293184,1074.7901781566977,851.2746797159233,1504.7901781566975,8,300032.0031,0;65;95;99;20;48;24;74;0;0;67;88;78;68;0;0;82;98;84;94;55;0;0;87;53;10;66;96;93;0;0;92;41;61;81;54;43;0;0;85;13;17;60;70;100;0;0;69;64;90;0;0;83;32;50;56;91;80;0,ABC
23,pliki//100 lokacji//RC101.txt,50,300,swap,False,2,53543,6726.697996141305,954.4821633483066,4387.733669444693,1384.4821633483066,3316.237308435496,1107.6412996548584,670.954709125779,1537.6412996548584,8,300297.3389,0;85;53;54;96;68;70;0;0;92;98;99;20;48;24;74;0;0;87;88;13;17;60;100;0;0;65;69;81;90;0;0;82;67;84;50;0;0;83;61;41;43;55;0;0;32;94;66;56;91;93;80;0;0;95;64;78;10;0,ABC
24,pliki//100 lokacji//RC101.txt,50,300,swap,False,2,54542,7005.876718251864,955.9994628605823,4613.8777925307,1435.9994628605823,3678.40396562184,1291.9867773516758,614.4304109184885,1771.9867773516758,9,300678.9528,0;92;88;57;25;77;74;0;0;65;61;53;55;43;80;0;0;94;69;81;90;0;0;95;86;99;20;24;56;0;0;52;26;34;91;0;0;83;82;50;32;93;0;0;62;41;35;37;68;0;0;38;67;84;66;60;100;0;0;98;64;51;85;96;54;0,ABC
24,pliki//100 lokacji//RC101.txt,50,300,swap,False,2,54543,7005.876718251864,955.9994628605823,4613.8777925307,1435.9994628605823,3778.1754023412423,1318.1247233018435,661.9259557375548,1798.1247233018437,10,300770.7731,0;64;82;51;20;24;0;0;85;57;86;25;77;74;0;0;62;99;90;66;56;91;0;0;38;84;96;68;0;0;83;61;41;37;43;54;0;0;92;88;32;26;80;0;0;52;98;34;93;0;0;35;81;53;55;60;100;0;0;65;95;67;50;94;0;0;69;0,ABC
25,pliki//100 lokacji//RC101.txt,50,300,swap,False,2,55542,7143.825272111002,949.7385798698476,4774.348112371306,1419.7385798698476,3892.9935114094337,1260.351663999998,902.2901834094379,1730.351663999998,9,300072.6694,0;44;53;100;55;1;70;0;0;65;95;81;57;74;13;0;0;92;69;0;0;52;88;90;68;96;54;0;0;82;64;85;84;20;77;80;0;0;86;43;37;35;0;0;62;99;9;10;60;0;0;98;97;87;56;66;0;0;83;61;94;34;93;91;0,ABC
25,pliki//100 lokacji//RC101.txt,50,300,swap,False,2,55543,7143.825272111002,949.7385798698476,4774.348112371306,1419.7385798698476,3981.6921865156587,1266.9492148765953,977.7937567624679,1736.9492148765953,9,300109.7005,0;34;81;56;66;91;0;0;9;88;90;0;0;65;69;85;84;96;0;0;44;53;10;74;13;0;0;52;64;57;20;54;93;80;0;0;62;95;99;60;1;100;70;0;0;61;86;87;97;77;0;0;83;98;94;68;55;0;0;92;82;43;37;35;0,ABC
26,pliki//100 lokacji//RC101.txt,50,300,swap,False,2,56542,6503.80241685759,824.9992339041085,4413.803949049374,1264.9992339041085,3213.102577402885,1109.0732974880939,554.955982426697,1549.0732974880939,8,300113.0733,0;62;86;57;66;0;0;92;49;9;13;60;100;70;0;0;30;94;84;56;91;0;0;52;64;46;55;0;0;65;98;82;90;41;68;0;0;88;51;85;50;96;0;0;83;61;81;43;54;93;0;0;95;69;99;87;74;77;80;0,ABC
26,pliki//100 lokacji//RC101.txt,50,300,swap,False,2,56543,6503.80241685759,824.9992339041085,4413.803949049374,1264.9992339041085,3173.0863269464744,1092.4156440294914,548.2550388874914,1532.4156440294914,8,300597.8414,0;62;86;9;13;60;0;0;65;30;84;56;66;91;0;0;83;82;64;49;57;0;0;52;61;43;54;68;0;0;92;69;88;0;0;95;51;99;87;74;77;0;0;41;81;90;46;55;100;70;0;0;98;85;94;50;96;93;80;0,ABC
27,pliki//100 lokacji//RC101.txt,50,300,swap,False,2,57542,6807.887262143036,1032.3591619374133,4243.16893826821,1532.3591619374133,4047.6066207220592,1318.9043928737392,909.797834974581,1818.9043928737392,10,300686.8808,0;40;81;13;60;0;0;83;82;86;99;66;0;0;65;62;22;56;91;0;0;95;52;78;55;100;70;68;0;0;34;67;32;50;93;0;0;92;98;53;90;0;0;44;57;24;25;48;0;0;71;51;84;20;74;80;0;0;61;69;37;35;54;0;0;64;88;94;96;0,ABC
27,pliki//100 lokacji//RC101.txt,50,300,swap,False,2,57543,6807.887262143036,1032.3591619374133,4243.16893826821,1532.3591619374133,4045.911125231082,1300.4606305968155,944.9898640374515,1800.4606305968155,10,300092.9798,0;83;62;34;96;54;0;0;88;86;51;20;74;0;0;92;71;67;37;35;93;80;0;0;22;52;53;25;48;24;0;0;64;98;99;57;66;56;0;0;44;78;13;60;100;70;0;0;65;69;0;0;40;81;90;0;0;82;61;84;50;91;0;0;95;32;94;55;68;0,ABC
28,pliki//100 lokacji//RC101.txt,50,300,swap,False,2,58542,6188.122462465082,895.3859104788665,3917.3506415073493,1375.3859104788664,3233.98454696464,1146.6462523118896,460.6920423408606,1626.6462523118896,9,300787.1488,0;42;90;94;56;91;0;0;92;88;57;20;48;24;0;0;72;99;53;60;100;70;0;0;52;71;43;35;93;80;0;0;83;69;61;46;68;0;0;39;44;41;81;55;0;0;65;62;67;85;96;0;0;95;38;40;37;54;0;0;98;82;64;84;66;0,ABC
28,pliki//100 lokacji//RC101.txt,50,300,swap,False,2,58543,6188.122462465082,895.3859104788665,3917.3506415073493,1375.3859104788664,3278.0127468113787,1167.7315870538896,462.54957270359955,1647.7315870538896,9,300274.4381,0;52;67;85;84;56;91;0;0;82;69;71;81;96;0;0;42;57;20;48;24;80;0;0;95;83;64;46;60;0;0;65;98;99;90;66;0;0;62;40;37;100;68;70;0;0;39;94;43;35;93;0;0;72;61;88;53;55;0;0;92;44;38;41;54;0,ABC
29,pliki//100 lokacji//RC101.txt,50,300,swap,False,2,59542,6837.947657104066,931.6785501312069,4464.590556841652,1441.6785501312067,3972.5444356833427,1365.25295852032,732.0385186427026,1875.2529585203201,10,300256.3956,0;99;69;53;58;24;20;0;0;83;61;81;94;56;70;100;0;0;65;71;90;54;96;0;0;62;38;3;1;60;0;0;98;64;0;0;67;86;57;66;0;0;88;50;30;32;91;0;0;52;37;43;35;93;80;0;0;92;82;87;22;77;74;0;0;95;44;41;68;55;0,ABC
29,pliki//100 lokacji//RC101.txt,50,300,swap,False,2,59543,6837.947657104066,931.6785501312069,4464.590556841652,1441.6785501312067,4006.966585017258,1309.1893398899153,878.5879052374266,1819.1893398899156,10,300019.9903,0;87;22;58;74;77;0;0;52;82;99;90;66;56;0;0;62;43;37;1;70;100;0;0;92;69;98;0;0;44;94;41;35;93;80;0;0;86;53;3;60;55;0;0;65;71;67;50;32;91;0;0;83;88;57;20;24;0;0;38;61;81;68;0;0;64;95;30;96;54;0,ABC
30,pliki//100 lokacji//RC101.txt,50,300,swap,False,2,60542,6273.567949822111,921.7133673724647,3970.141215077181,1381.7133673724647,3588.486492333036,1162.2633165795673,803.9598591739011,1622.2633165795673,9,300141.5953,0;85;67;94;66;0;0;32;84;56;20;91;80;0;0;95;88;78;68;54;0;0;38;44;61;81;0;0;64;53;87;13;60;70;100;0;0;92;82;90;4;55;0;0;83;98;99;97;74;0;0;65;71;41;96;0;0;52;69;43;35;37;93;0,ABC
30,pliki//100 lokacji//RC101.txt,50,300,swap,False,2,60543,6273.567949822111,921.7133673724647,3970.141215077181,1381.7133673724647,3666.4725523321636,1160.3217214491408,885.8291094338823,1620.3217214491406,9,300212.389,0;71;99;20;55;70;100;0;0;38;85;32;91;80;0;0;78;98;87;97;74;0;0;67;95;64;84;66;56;0;0;13;53;88;4;60;0;0;44;94;35;37;54;93;0;0;65;52;82;81;96;0;0;92;69;90;0;0;83;61;41;43;68;0,ABC
31,pliki//100 lokacji//RC101.txt,50,300,swap,False,2,61542,7210.447076953619,970.4915719558293,4769.46393304196,1470.4915719558294,4099.33337409544,1373.317006903322,852.6993602887962,1873.317006903322,10,300928.2665,0;98;67;34;56;0;0;32;85;84;24;48;25;0;0;62;71;9;13;100;70;0;0;95;61;81;3;1;55;0;0;92;88;94;96;0;0;52;41;43;68;0;0;65;44;50;93;91;80;0;0;64;82;99;53;90;0;0;83;69;87;57;66;0;0;86;35;37;54;0,ABC
31,pliki//100 lokacji//RC101.txt,50,300,swap,False,2,61543,7210.447076953619,970.4915719558293,4769.46393304196,1470.4915719558294,4061.1731114770982,1322.0885980129797,916.9959154511387,1822.0885980129794,10,300705.3536,0;64;88;53;57;66;0;0;86;67;94;96;0;0;43;34;32;93;80;0;0;83;41;3;1;55;0;0;95;71;85;50;56;91;0;0;52;82;9;99;90;0;0;62;87;13;68;100;70;0;0;44;84;48;24;25;0;0;65;69;61;81;0;0;92;98;35;37;54;0,ABC
32,pliki//100 lokacji//RC101.txt,50,300,swap,False,2,62542,6759.057095714628,1002.9133531083994,4263.2303894978295,1492.9133531083992,3933.8706114213037,1378.2595417942114,687.3515278328808,1868.2595417942114,10,300493.1447,0;40;61;53;68;91;80;0;0;44;34;32;50;93;0;0;52;67;84;56;66;0;0;30;51;74;60;70;0;0;64;82;81;37;35;0;0;92;69;87;10;0;0;99;88;90;0;0;95;98;94;96;54;0;0;83;12;3;55;100;0;0;65;62;57;77;48;24;0,ABC
32,pliki//100 lokacji//RC101.txt,50,300,swap,False,2,62543,6759.057095714628,1002.9133531083994,4263.2303894978295,1492.9133531083992,3879.5787474283597,1250.2151357467287,889.1484759349023,1740.2151357467287,9,300243.1747,0;82;34;54;96;0;0;99;69;98;88;53;0;0;30;32;67;94;68;0;0;64;52;84;56;66;0;0;51;57;87;77;48;24;0;0;83;12;90;10;74;0;0;44;61;81;50;91;80;0;0;65;95;62;37;35;93;70;0;0;92;40;3;55;100;60;0,ABC
33,pliki//100 lokacji//RC101.txt,50,300,swap,False,2,63542,7065.698853608463,1081.851168572703,4391.996516463057,1591.851168572703,3970.637715940201,1289.392853795519,881.8520083491633,1799.392853795519,9,300533.5431,0;9;98;53;78;1;100;0;0;32;43;35;37;70;0;0;72;71;61;81;56;66;0;0;92;64;67;84;74;91;80;0;0;86;88;90;96;54;93;0;0;79;41;68;0;0;62;95;94;57;24;48;25;0;0;65;69;52;99;10;55;0;0;83;82;77;97;13;0,ABC
33,pliki//100 lokacji//RC101.txt,50,300,swap,False,2,63543,7065.698853608463,1081.851168572703,4391.996516463057,1591.851168572703,4042.419613446617,1351.9748846005741,828.4698442454687,1861.9748846005741,10,300491.0258,0;79;37;35;93;91;80;0;0;64;67;77;48;25;24;0;0;83;71;41;43;1;0;0;82;98;52;99;57;56;0;0;32;84;96;54;0;0;95;90;53;78;13;10;0;0;62;94;0;0;72;86;97;74;0;0;65;61;9;66;100;70;0;0;92;69;88;81;68;55;0,ABC
34,pliki//100 lokacji//RC101.txt,50,300,swap,False,2,64542,7187.315370920039,1082.7152213794457,4501.8849281611465,1602.715221379446,4242.561503033115,1379.868200164229,962.8251027046567,1899.868200164229,10,300578.7027,0;78;82;99;74;13;17;0;0;92;53;86;57;0;0;40;61;66;56;0;0;95;88;90;4;60;0;0;65;69;98;94;81;0;0;51;41;35;37;43;0;0;44;32;50;93;91;80;0;0;52;67;55;100;70;68;0;0;83;89;96;54;0;0;62;64;84;20;48;77;24;0,ABC
34,pliki//100 lokacji//RC101.txt,50,300,swap,False,2,64543,7187.315370920039,1082.7152213794457,4501.8849281611465,1602.715221379446,4194.47753538277,1426.8661816180106,820.745172146748,1946.8661816180106,10,300046.9776,0;95;88;53;4;100;70;0;0;51;64;99;77;48;24;0;0;83;98;41;37;35;43;0;0;44;84;89;91;0;0;78;82;57;66;0;0;92;61;94;67;96;0;0;65;69;20;74;13;17;0;0;52;32;50;54;93;80;0;0;62;86;56;68;0;0;40;81;90;55;60;0,ABC
35,pliki//100 lokacji//RC101.txt,50,300,swap,False,2,65542,6561.596867416023,959.2376151943309,4173.121637027361,1429.2376151943308,3733.1443283381823,1198.6860826604395,865.7721630173031,1668.6860826604395,10,300213.6819,0;92;95;71;40;37;54;0;0;64;98;81;43;35;93;0;0;11;52;99;0;0;15;77;10;13;17;0;0;67;61;41;55;68;91;80;0;0;44;53;4;100;70;0;0;83;82;57;20;66;0;0;69;85;84;94;56;0;0;73;88;90;96;0;0;65;0,ABC
35,pliki//100 lokacji//RC101.txt,50,300,swap,False,2,65543,6561.596867416023,959.2376151943309,4173.121637027361,1429.2376151943308,3545.1525998796,1181.646301438952,711.8599970016965,1651.6463014389517,9,300407.2053,0;11;84;20;77;0;0;92;44;41;4;68;0;0;85;71;35;37;54;93;80;0;0;95;61;40;43;100;70;0;0;73;57;66;56;91;0;0;64;82;52;99;53;55;0;0;65;83;98;81;96;0;0;15;90;10;13;17;0;0;88;69;67;94;0,ABC
36,pliki//100 lokacji//RC101.txt,50,300,swap,False,2,66542,7026.4140169896555,970.8784582920009,4584.657100405654,1470.878458292001,4028.587156337459,1293.2200408851631,942.1470745671327,1793.2200408851631,10,300722.5015,0;71;53;66;91;56;93;80;0;0;44;78;55;68;0;0;86;32;50;0;0;64;61;81;94;96;54;0;0;95;38;41;0;0;52;90;84;49;48;24;25;0;0;62;85;67;35;37;70;100;0;0;65;82;69;0;0;83;98;99;87;13;0;0;92;88;57;58;74;0,ABC
36,pliki//100 lokacji//RC101.txt,50,300,swap,False,2,66543,7026.4140169896555,970.8784582920009,4584.657100405654,1470.878458292001,3989.362229851343,1274.2394131890987,940.8834034731454,1774.2394131890987,10,300132.2156,0;44;71;41;96;54;0;0;64;32;50;84;56;0;0;92;82;88;35;37;93;0;0;38;61;81;94;66;0;0;67;99;90;0;0;52;69;53;78;55;68;0;0;95;98;57;13;70;100;0;0;85;86;49;48;25;0;0;65;83;0;0;62;87;58;74;24;91;80;0,ABC
37,pliki//100 lokacji//RC101.txt,50,300,swap,False,2,67542,6278.861202637546,915.695572553871,3977.4700575298034,1385.6955725538708,3578.788989311644,1174.6000354707621,759.5889183701198,1644.6000354707621,9,300439.1875,0;83;32;34;56;0;0;69;82;52;86;90;0;0;98;85;51;49;20;24;66;0;0;92;64;94;81;55;0;0;65;71;84;50;91;0;0;62;40;43;68;0;0;88;61;74;58;48;80;0;0;95;78;96;54;93;0;0;44;53;17;60;100;70;0,ABC
37,pliki//100 lokacji//RC101.txt,50,300,swap,False,2,67543,6278.861202637546,915.695572553871,3977.4700575298034,1385.6955725538708,3521.3267883781255,1227.2460452416035,596.8346978949185,1697.2460452416035,9,300312.188,0;65;40;91;56;0;0;71;51;49;74;58;66;0;0;92;64;81;43;68;0;0;95;61;94;20;48;24;80;0;0;44;84;50;32;93;0;0;62;86;17;60;100;70;0;0;34;85;96;54;0;0;69;52;82;90;0;0;83;98;88;78;53;55;0,ABC
38,pliki//100 lokacji//RC101.txt,50,300,swap,False,2,68542,7116.725611040648,954.4962012712986,4777.733208498051,1384.4962012712988,3680.205062905944,1164.5837142181708,921.037634469603,1594.5837142181706,8,300380.6772,0;51;99;57;20;91;0;0;44;53;17;1;100;0;0;95;88;74;66;0;0;64;61;90;54;96;0;0;85;84;78;60;55;70;0;0;92;82;81;94;68;0;0;83;67;37;43;35;80;0;0;65;69;98;77;24;56;93;0,ABC
38,pliki//100 lokacji//RC101.txt,50,300,swap,False,2,68543,7116.725611040648,954.4962012712986,4777.733208498051,1384.4962012712988,3495.784871008886,1085.0340483065895,895.716774395707,1515.0340483065895,8,300159.3046,0;99;69;0;0;44;78;17;60;55;0;0;92;98;57;74;77;24;80;0;0;95;61;94;43;1;100;0;0;65;67;51;20;56;91;0;0;85;81;37;35;54;93;0;0;83;82;90;84;68;70;0;0;64;53;88;96;66;0,ABC
39,pliki//100 lokacji//RC101.txt,50,300,swap,False,2,69542,6612.514878506157,967.631076136443,4197.2527262332715,1447.631076136443,3753.303550670059,1249.4180016773694,774.4675473153202,1729.4180016773694,9,300160.2468,0;65;62;67;84;56;66;0;0;64;61;90;81;54;68;0;0;83;69;99;53;55;0;0;82;17;3;43;93;0;0;92;98;57;49;74;0;0;95;88;86;58;91;80;0;0;71;38;44;46;60;100;0;0;72;94;41;96;0;0;52;35;37;1;70;0,ABC
39,pliki//100 lokacji//RC101.txt,50,300,swap,False,2,69543,6612.514878506157,967.631076136443,4197.2527262332715,1447.631076136443,3579.7859203105145,1201.6605001514858,696.464920007543,1681.6605001514858,9,300165.4694,0;38;81;94;0;0;44;46;17;60;70;0;0;92;52;86;99;0;0;98;82;41;3;1;100;0;0;83;69;88;90;53;55;0;0;65;62;35;37;43;68;0;0;71;64;49;58;74;91;0;0;72;84;57;66;56;93;0;0;95;61;67;96;54;80;0,ABC
40,pliki//100 lokacji//RC101.txt,50,300,swap,False,2,70542,7107.327218080932,952.8606583190444,4751.605901442843,1402.8606583190442,3857.972012761826,1190.5945008769236,1026.7830110079785,1640.594500876924,9,300554.7549,0;32;85;84;20;24;74;0;0;51;9;53;55;68;80;93;0;0;92;98;88;66;56;0;0;83;61;40;35;37;0;0;82;64;81;94;1;100;0;0;17;90;54;96;0;0;95;50;41;43;91;0;0;67;99;57;60;70;0;0;65;69;0,ABC
40,pliki//100 lokacji//RC101.txt,50,300,swap,False,2,70543,7107.327218080932,952.8606583190444,4751.605901442843,1402.8606583190442,3831.554486600544,1221.3831405302287,938.7882055400867,1671.3831405302287,9,300507.3683,0;82;41;50;56;91;93;0;0;40;61;81;0;0;98;51;57;20;24;74;0;0;32;84;66;0;0;92;69;9;53;17;0;0;65;83;64;90;60;55;0;0;95;99;94;54;96;0;0;88;67;37;35;68;80;0;0;85;43;1;100;70;0,ABC
41,pliki//100 lokacji//RC101.txt,50,300,swap,False,2,71542,6684.303370644199,960.2295811126912,4273.844208418816,1450.2295811126914,3757.690452772291,1308.57003759571,650.5503775808709,1798.57003759571,10,300753.143,0;82;40;41;68;0;0;95;86;49;20;77;25;0;0;38;57;66;91;0;0;52;67;94;54;96;0;0;83;69;88;90;0;0;92;44;81;37;35;0;0;64;61;50;32;93;80;0;0;85;99;53;55;60;0;0;98;51;84;56;0;0;65;71;43;1;70;100;0,ABC
41,pliki//100 lokacji//RC101.txt,50,300,swap,False,2,71543,6684.303370644199,960.2295811126912,4273.844208418816,1450.2295811126914,3785.805711981877,1289.0794845282887,717.6467429252996,1779.0794845282887,10,300671.7779,0;32;94;37;35;93;0;0;83;40;1;60;0;0;82;67;85;84;56;66;0;0;95;88;90;50;91;80;0;0;64;44;54;96;0;0;71;57;53;55;100;70;0;0;98;38;43;41;68;0;0;51;86;49;20;77;25;0;0;65;69;61;81;0;0;92;52;99;0,ABC
42,pliki//100 lokacji//RC101.txt,50,300,swap,False,2,72542,6605.267828667822,897.3744760375504,4350.518876592721,1357.3744760375503,3550.569796836591,1165.6992845802365,759.171227676118,1625.6992845802367,9,300377.7741,0;62;64;50;0;0;85;81;94;54;96;0;0;83;71;41;37;35;93;0;0;95;99;53;90;56;66;91;80;0;0;34;67;43;100;70;0;0;65;69;98;88;0;0;52;51;86;74;60;0;0;82;61;46;55;68;0;0;92;78;57;20;24;0,ABC
42,pliki//100 lokacji//RC101.txt,50,300,swap,False,2,72543,6605.267828667822,897.3744760375504,4350.518876592721,1357.3744760375503,3554.2655560340045,1177.1067384738928,740.0520790862187,1637.1067384738928,9,300521.2921,0;62;64;43;35;70;0;0;34;67;20;24;66;0;0;78;81;94;68;0;0;71;99;86;74;0;0;95;53;46;55;100;60;0;0;98;52;51;57;56;91;0;0;65;82;85;50;96;0;0;92;69;88;90;0;0;83;61;41;37;54;93;80;0,ABC
43,pliki//100 lokacji//RC101.txt,50,300,swap,False,2,73542,6804.857872027788,919.4786456535693,4465.9005807206495,1419.4786456535692,3890.7842312746416,1239.6524294377064,911.4793723992289,1739.6524294377066,11,300281.3822,0;87;84;96;93;91;80;0;0;76;57;74;48;25;77;0;0;51;64;85;56;66;0;0;82;69;0;0;52;98;90;94;54;68;0;0;62;61;81;1;4;0;0;18;86;20;24;0;0;92;0;0;95;71;41;40;43;0;0;65;83;88;53;0;0;67;99;10;55;70;100;0,ABC
43,pliki//100 lokacji//RC101.txt,50,300,swap,False,2,73543,6804.857872027788,919.4786456535693,4465.9005807206495,1419.4786456535692,3924.843152151593,1268.4653270057133,887.9124981401663,1768.4653270057136,10,300903.0113,0;41;10;55;68;0;0;71;67;85;84;96;93;54;0;0;76;18;57;24;74;0;0;51;43;70;0;0;64;83;52;99;86;0;0;87;53;90;56;66;91;80;0;0;95;88;20;48;25;77;0;0;92;69;98;0;0;62;40;1;4;100;0;0;65;82;61;81;94;0,ABC
44,pliki//100 lokacji//RC101.txt,50,300,swap,False,2,74542,6903.940012812402,858.2673163130809,4747.40538018624,1298.2673163130808,3615.7476026808886,1121.5724328001393,932.60273708061,1561.5724328001393,8,300466.623,0;10;61;81;35;37;93;0;0;92;17;13;91;80;70;0;0;95;98;94;96;0;0;65;88;99;90;24;74;0;0;64;82;41;43;68;0;0;69;62;67;84;54;0;0;83;73;78;53;60;55;100;0;0;57;85;50;56;66;0,ABC
44,pliki//100 lokacji//RC101.txt,50,300,swap,False,2,74543,6903.940012812402,858.2673163130809,4747.40538018624,1298.2673163130808,3478.7247442382186,1162.7957287783886,713.1332866814412,1602.7957287783888,9,300372.7734,0;73;41;43;37;35;93;0;0;65;98;67;96;0;0;78;99;57;53;60;0;0;92;82;81;90;54;68;0;0;64;61;10;13;74;0;0;95;88;94;66;91;0;0;83;62;85;84;24;56;80;0;0;50;17;55;100;70;0;0;69;0,ABC
45,pliki//100 lokacji//RC101.txt,50,300,swap,False,2,75542,7160.148987718103,1009.6938591822925,4640.7612693535175,1509.6938591822927,3925.407697636799,1248.8262569076753,927.7551838214487,1748.826256907675,9,300630.5655,0;82;69;81;53;13;0;0;89;55;68;70;0;0;65;95;51;85;49;20;24;48;0;0;83;67;41;37;35;93;80;0;0;32;94;56;66;91;0;0;92;61;84;96;54;0;0;52;98;99;57;74;77;25;0;0;62;88;78;17;60;100;0;0;86;64;90;0,ABC
45,pliki//100 lokacji//RC101.txt,50,300,swap,False,2,75543,7160.148987718103,1009.6938591822925,4640.7612693535175,1509.6938591822927,3926.138723756404,1296.9604865475658,832.2177506612727,1796.9604865475658,9,300471.7234,0;52;88;86;77;74;0;0;62;99;57;49;20;24;0;0;78;41;96;0;0;92;98;90;53;13;17;60;0;0;69;83;64;94;0;0;82;67;81;56;91;54;93;80;0;0;65;51;85;37;35;0;0;32;84;89;48;25;0;0;95;61;66;55;68;70;100;0,ABC
46,pliki//100 lokacji//RC101.txt,50,300,swap,False,2,76542,6981.009468000334,896.9940543298283,4717.021359340678,1366.9940543298283,4062.431384775715,1238.0959027969448,1116.2395791818253,1708.0959027969448,9,300834.786,0;52;67;84;66;96;0;0;65;69;98;88;0;0;4;53;99;74;13;0;0;87;94;56;93;91;80;0;0;95;86;57;55;60;0;0;83;82;90;9;10;0;0;61;62;43;68;70;100;0;0;41;71;81;35;37;54;0;0;92;64;50;77;24;0,ABC
46,pliki//100 lokacji//RC101.txt,50,300,swap,False,2,76543,6981.009468000334,896.9940543298283,4717.021359340678,1366.9940543298283,3972.5901690864744,1358.5831059335278,785.4239572194188,1828.5831059335278,9,300445.8784,0;62;9;56;80;91;0;0;52;69;81;43;37;35;0;0;82;64;10;93;96;0;0;92;98;41;60;70;100;0;0;4;87;74;13;0;0;95;90;99;57;66;54;0;0;83;71;67;94;55;68;0;0;65;61;84;50;0;0;86;88;53;24;77;0,ABC
47,pliki//100 lokacji//RC101.txt,50,300,swap,False,2,77542,7126.726180280593,1098.4212242225692,4349.883731835455,1678.421224222569,4220.06931659096,1491.2932852265892,657.4827461377816,2071.293285226589,11,300741.4169,0;2;88;90;0;0;71;99;66;24;56;91;0;0;39;84;94;54;0;0;83;67;85;51;48;77;25;0;0;92;44;40;41;0;0;5;61;37;43;93;80;0;0;65;52;64;49;20;57;74;0;0;72;8;3;4;60;100;0;0;95;38;96;35;70;0;0;62;81;46;55;0;0;82;69;98;73;53;68;0,ABC
47,pliki//100 lokacji//RC101.txt,50,300,swap,False,2,77543,7126.726180280593,1098.4212242225692,4349.883731835455,1678.421224222569,4261.521323895624,1450.1459686686687,781.2293865582872,2030.1459686686685,11,301573.6649,0;39;61;41;68;0;0;92;95;90;73;4;100;70;0;0;67;62;49;57;25;77;0;0;82;85;51;84;66;0;0;52;64;53;74;56;80;0;0;65;3;8;43;35;0;0;2;88;94;96;0;0;5;40;37;54;93;0;0;83;98;99;20;48;24;91;0;0;69;71;81;0;0;72;38;44;46;60;55;0,ABC
48,pliki//100 lokacji//RC101.txt,50,300,swap,False,2,78542,6769.924848165478,1045.9986660239342,4107.927516117609,1615.998666023934,4231.722110083725,1448.660479414678,764.401151254369,2018.660479414678,11,301352.6263,0;63;86;58;74;24;0;0;44;10;17;13;0;0;82;67;41;43;54;0;0;83;71;61;68;0;0;52;64;81;37;35;93;80;0;0;99;69;88;90;0;0;95;78;60;0;0;98;62;85;84;56;66;91;0;0;65;73;53;1;70;100;55;0;0;92;87;57;77;25;48;20;0;0;72;51;94;96;0,ABC
48,pliki//100 lokacji//RC101.txt,50,300,swap,False,2,78543,6769.924848165478,1045.9986660239342,4107.927516117609,1615.998666023934,4241.848089234203,1356.4203378665693,959.0074135010643,1926.4203378665695,10,300613.0497,0;87;88;68;0;0;65;69;52;99;57;74;77;48;0;0;83;98;90;86;24;91;0;0;72;51;25;58;0;0;92;95;64;81;94;96;0;0;62;71;43;37;35;54;93;80;0;0;20;78;73;60;100;55;0;0;67;53;10;17;13;0;0;82;63;85;84;56;66;0;0;44;61;41;1;70;0,ABC
49,pliki//100 lokacji//RC101.txt,50,300,swap,False,2,79542,6835.812643351234,952.6622757399607,4460.4880918713125,1422.6622757399607,3916.755841665725,1272.3685812612466,902.0186791432319,1742.3685812612464,9,300475.4818,0;52;64;99;66;0;0;86;82;48;20;56;80;0;0;4;57;77;74;0;0;83;61;10;13;17;0;0;44;81;84;96;0;0;67;88;53;60;55;100;70;0;0;78;98;43;35;37;0;0;65;95;90;94;54;68;0;0;92;69;85;32;91;93;0,ABC
49,pliki//100 lokacji//RC101.txt,50,300,swap,False,2,79543,6835.812643351234,952.6622757399607,4460.4880918713125,1422.6622757399607,3905.9038037717773,1201.9646326590778,1031.9745384536213,1671.964632659078,9,300571.8173,0;44;61;90;66;68;100;70;0;0;83;82;78;53;0;0;64;94;86;77;74;0;0;67;98;13;10;17;60;0;0;92;48;57;20;56;91;0;0;99;69;81;0;0;65;52;4;55;54;0;0;32;85;84;96;80;0;0;95;88;37;35;43;93;0,ABC
0,pliki//100 lokacji//RC201.txt,50,300,swap,False,2,30542,38997.49009213614,1257.4604339979435,35932.56922414026,1807.4604339979435,24999.48656078122,2645.93293133587,19157.620698109484,3195.93293133587,10,300140.6399,0;38;86;70;0;0;92;2;64;68;0;0;95;88;50;98;66;0;0;89;7;67;87;84;90;0;0;62;6;51;61;94;0;0;78;83;69;0;0;29;52;100;85;53;32;13;54;77;55;91;93;0;0;65;41;57;82;99;0;0;63;46;76;60;20;81;80;0;0;49;40;24;96;56;0,ABC
0,pliki//100 lokacji//RC201.txt,50,300,swap,False,2,30543,38997.49009213614,1257.4604339979435,35932.56922414026,1807.4604339979435,25474.110498861155,2627.6134790616898,19668.883540737777,3177.6134790616898,10,300278.2078,0;60;95;82;50;99;0;0;89;61;87;67;53;56;90;0;0;38;86;57;0;0;63;7;29;13;81;84;54;66;0;0;49;40;51;55;96;0;0;76;65;62;98;85;88;94;0;0;78;69;0;0;32;52;41;77;46;20;100;24;93;91;0;0;6;83;70;80;0;0;92;2;64;68;0,ABC
1,pliki//100 lokacji//RC201.txt,50,300,swap,False,2,31542,43867.63781258097,1157.3264525852433,41022.984907410486,1687.3264525852433,30578.60462640221,2648.0206713000443,24752.563283802123,3178.0206713000443,10,300088.7153,0;50;4;64;88;0;0;35;85;73;32;13;93;74;54;100;80;0;0;34;98;41;57;55;0;0;37;77;44;87;43;20;91;0;0;11;95;60;68;0;0;70;82;0;0;25;1;84;53;56;81;90;0;0;9;40;52;61;99;66;0;0;38;86;96;0;0;65;92;12;94;69;0,ABC
1,pliki//100 lokacji//RC201.txt,50,300,swap,False,2,31543,43867.63781258097,1157.3264525852433,41022.984907410486,1687.3264525852433,30665.139288440685,2573.8737708613053,24987.391746718076,3103.8737708613053,10,300453.7558,0;86;94;0;0;35;52;44;20;96;68;0;0;65;38;82;98;69;0;0;95;1;25;41;90;81;0;0;92;11;70;0;0;40;57;61;64;66;0;0;87;43;9;85;53;54;56;0;0;4;50;88;99;0;0;34;12;84;60;80;0;0;73;32;13;37;77;93;74;91;55;100;0,ABC
2,pliki//100 lokacji//RC201.txt,50,300,swap,False,2,32542,43696.92263596669,1267.7431998347538,40561.43623629719,1867.7431998347536,28066.521930299492,2914.5503901036755,21637.42115009214,3514.550390103675,10,300052.8568,0;38;57;69;0;0;12;51;68;64;91;0;0;92;10;84;94;0;0;49;3;85;7;50;53;55;0;0;34;16;61;9;66;0;0;17;95;98;67;99;70;90;0;0;65;40;82;96;0;0;87;62;52;37;77;43;13;24;100;74;93;80;0;0;21;41;86;71;60;81;0;0;83;44;48;88;20;54;56;0,ABC
2,pliki//100 lokacji//RC201.txt,50,300,swap,False,2,32543,43696.92263596669,1267.7431998347538,40561.43623629719,1867.7431998347536,28449.665617037983,2939.17310169181,21971.319413654364,3539.17310169181,10,300760.5403,0;21;40;24;61;94;81;0;0;65;43;57;70;0;0;92;10;96;82;0;0;48;3;85;17;37;74;93;13;91;100;80;0;0;16;50;7;20;90;66;0;0;87;62;98;64;88;51;55;0;0;49;95;12;67;99;86;0;0;34;60;71;53;68;0;0;38;83;69;54;0;0;77;44;52;41;9;84;56;0,ABC
3,pliki//100 lokacji//RC201.txt,50,300,swap,False,2,33542,45018.505505462614,1291.2716067299402,41825.96229200273,1901.27160672994,27056.07156497286,3047.304145753845,20351.463273465168,3657.304145753845,10,300092.0215,0;32;99;44;49;7;90;91;80;0;0;63;47;30;73;85;46;24;70;77;93;48;100;0;0;62;52;37;87;41;74;55;68;0;0;76;86;83;0;0;29;13;50;53;54;94;0;0;92;2;64;69;0;0;40;57;67;88;81;0;0;25;98;95;6;66;0;0;51;43;82;96;61;0;0;65;1;84;71;56;0,ABC
3,pliki//100 lokacji//RC201.txt,50,300,swap,False,2,33543,45018.505505462614,1291.2716067299402,41825.96229200273,1901.27160672994,26656.561911081208,3182.32182549982,19681.918260081566,3792.32182549982,11,300366.3418,0;64;0;0;30;13;44;87;54;49;55;80;0;0;1;83;41;57;94;0;0;50;6;51;81;0;0;7;92;98;67;88;84;90;0;0;25;61;52;71;99;66;0;0;77;37;62;46;85;53;24;68;91;0;0;65;40;95;69;0;0;63;47;29;73;32;74;43;48;70;93;100;0;0;76;2;82;56;0;0;86;96;0,ABC
4,pliki//100 lokacji//RC201.txt,50,300,swap,False,2,34542,43561.04320661403,1305.503812783456,40350.035581047116,1905.5038127834557,26839.615498563366,3015.487828056678,20208.63984245001,3615.487828056678,10,300339.2035,0;11;95;12;94;99;0;0;35;13;71;88;81;0;0;51;1;64;98;55;0;0;87;43;84;6;66;0;0;30;8;85;3;20;46;48;60;24;93;100;0;0;38;86;82;96;0;0;92;9;70;69;0;0;25;37;52;61;49;90;74;54;80;0;0;21;2;62;73;67;53;56;91;0;0;65;40;83;68;0,ABC
4,pliki//100 lokacji//RC201.txt,50,300,swap,False,2,34543,43561.04320661403,1305.503812783456,40350.035581047116,1905.5038127834557,26820.337575840025,2906.897235443433,20406.543104953158,3506.897235443433,10,300245.1852,0;6;83;71;64;55;0;0;48;2;62;46;56;96;0;0;40;87;38;61;91;0;0;92;65;88;0;0;52;35;12;67;99;66;0;0;43;86;82;98;68;0;0;25;95;9;37;20;53;54;0;0;73;30;8;85;3;74;93;13;24;60;80;100;0;0;11;51;69;94;0;0;21;1;49;70;90;81;84;0,ABC
5,pliki//100 lokacji//RC201.txt,50,300,swap,False,2,35542,37439.191849312185,1121.2532724545952,34616.68530440299,1701.2532724545954,22140.82268735092,2754.61944747493,16051.583792401063,3334.6194474749295,10,300553.5607,0;36;57;96;0;0;42;87;62;73;84;60;55;0;0;29;7;77;61;85;13;37;74;93;100;80;0;0;63;44;49;53;67;90;70;66;0;0;65;6;95;82;98;68;0;0;43;83;69;56;0;0;72;79;64;71;99;81;91;0;0;92;39;52;35;20;54;94;0;0;86;38;12;88;0;0;11;0,ABC
5,pliki//100 lokacji//RC201.txt,50,300,swap,False,2,35543,37439.191849312185,1121.2532724545952,34616.68530440299,1701.2532724545954,22435.79956916131,2752.576562167325,16350.646444826663,3332.5765621673245,10,300538.0928,0;79;84;6;54;61;0;0;42;52;44;87;67;81;85;55;80;0;0;35;13;29;73;20;37;77;74;93;91;0;0;92;82;95;38;98;56;0;0;65;68;0;0;39;83;7;71;99;96;0;0;63;12;62;88;94;60;0;0;36;57;70;0;0;72;86;43;49;53;90;100;66;0;0;11;64;69;0,ABC
6,pliki//100 lokacji//RC201.txt,50,300,swap,False,2,36542,39927.15894970998,1311.2369050860286,36724.68513953792,1891.2369050860284,23057.619484136787,2863.671059845305,16750.277364446174,3443.671059845305,10,300607.9251,0;65;2;57;98;69;0;0;22;70;95;64;0;0;35;52;67;21;61;49;55;66;0;0;32;17;71;87;81;54;0;0;92;7;62;88;84;94;0;0;50;6;82;68;0;0;31;12;85;99;96;0;0;11;0;0;33;83;43;24;60;56;90;0;0;73;29;53;30;8;20;37;48;91;100;93;80;0,ABC
6,pliki//100 lokacji//RC201.txt,50,300,swap,False,2,36543,39927.15894970998,1311.2369050860286,36724.68513953792,1891.2369050860284,23148.38402468476,2894.176715475207,16780.030593734347,3474.176715475207,10,300646.6619,0;30;73;85;8;49;37;48;55;24;100;93;80;0;0;32;98;20;43;84;54;90;0;0;22;83;0;0;65;92;11;69;0;0;7;95;82;50;61;81;0;0;87;29;60;94;53;57;91;0;0;31;52;71;99;96;0;0;35;21;88;67;68;0;0;17;62;12;56;70;0;0;33;2;64;6;66;0,ABC
7,pliki//100 lokacji//RC201.txt,50,300,swap,False,2,37542,47006.95450573703,1368.121878794478,43690.71074814806,1948.121878794478,30404.09450999897,3006.372546801949,23811.349416395075,3586.372546801949,10,300180.6806,0;32;6;56;60;55;0;0;38;86;96;0;0;65;70;69;0;0;92;2;64;99;0;0;39;52;35;25;41;20;66;0;0;26;73;85;46;24;3;91;68;0;0;8;48;43;77;37;13;93;74;100;80;0;0;87;72;98;67;10;54;90;0;0;58;44;62;61;53;94;81;0;0;40;57;82;88;0,ABC
7,pliki//100 lokacji//RC201.txt,50,300,swap,False,2,37543,47006.95450573703,1368.121878794478,43690.71074814806,1948.121878794478,30384.69322863797,2938.681268389476,23927.33069185902,3518.681268389476,10,300411.5649,0;65;2;69;0;0;92;57;94;0;0;26;8;62;3;90;60;66;0;0;40;64;88;55;0;0;25;6;67;10;68;0;0;52;43;82;70;99;56;0;0;38;86;98;96;0;0;32;87;44;77;41;85;13;37;74;93;100;0;0;73;72;48;61;20;46;24;91;80;0;0;39;58;35;53;54;81;0,ABC
8,pliki//100 lokacji//RC201.txt,50,300,swap,False,2,38542,38123.56461395176,1397.6651837949557,34758.234246361855,1967.665183794956,23450.558145600276,2649.509476918134,17581.539191764008,3219.509476918134,10,300058.4052,0;63;98;44;57;71;53;85;90;91;0;0;72;52;30;3;32;60;48;37;74;24;93;100;0;0;39;83;70;56;80;0;0;40;92;4;55;0;0;11;86;0;0;65;5;84;88;94;0;0;76;1;64;68;0;0;36;82;69;0;0;42;95;38;66;54;81;0;0;43;12;62;61;67;99;96;0,ABC
8,pliki//100 lokacji//RC201.txt,50,300,swap,False,2,38543,38123.56461395176,1397.6651837949557,34758.234246361855,1967.665183794956,22896.379753943787,2649.816147900905,17026.747458141977,3219.816147900905,10,300408.1404,0;76;70;99;68;0;0;36;69;0;0;42;52;95;88;71;57;81;0;0;40;86;54;0;0;38;83;11;0;0;92;39;64;72;55;56;80;0;0;12;63;82;44;67;60;43;90;100;0;0;30;98;62;3;85;53;32;74;37;48;24;93;91;0;0;65;1;94;66;0;0;5;84;4;61;96;0,ABC
9,pliki//100 lokacji//RC201.txt,50,300,swap,False,2,39542,39615.18097852387,1279.0820936685514,36457.016791186776,1879.0820936685514,23828.4120823413,2989.7944144184,17248.8232535045,3589.7944144183994,11,300184.3944,0;63;5;49;81;99;80;0;0;72;12;67;61;71;56;0;0;83;39;87;37;57;70;90;66;0;0;30;82;62;9;41;91;96;0;0;36;95;98;88;0;0;26;60;84;94;0;0;42;52;40;74;50;54;0;0;77;44;20;3;85;53;32;55;35;100;93;0;0;92;65;43;64;68;0;0;38;22;0;0;69;0,ABC
9,pliki//100 lokacji//RC201.txt,50,300,swap,False,2,39543,39615.18097852387,1279.0820936685514,36457.016791186776,1879.0820936685514,23895.148586043768,2971.980586416847,17351.187413210075,3571.9805864168466,10,300406.3701,0;44;9;35;57;54;90;0;0;42;12;50;61;68;0;0;65;22;69;0;0;49;72;52;37;99;96;80;0;0;83;36;20;41;53;55;0;0;26;98;62;60;81;94;0;0;39;87;30;3;85;43;77;93;74;91;100;0;0;92;5;64;38;0;0;32;82;71;88;84;66;0;0;63;40;95;70;67;56;0,ABC
10,pliki//100 lokacji//RC201.txt,50,300,swap,False,2,40542,38016.71962135785,1068.3688047999794,35359.982011757886,1588.3688047999797,22874.202407527562,2371.6403029232906,17610.921801680983,2891.6403029232906,10,300491.8378,0;86;41;82;55;99;0;0;65;62;6;56;9;54;81;0;0;92;10;94;0;0;7;95;78;61;90;68;0;0;38;22;0;0;52;33;73;85;53;37;20;100;24;60;91;93;80;0;0;63;8;49;1;74;70;66;0;0;4;57;88;0;0;2;83;98;64;96;0;0;69;0,ABC
10,pliki//100 lokacji//RC201.txt,50,300,swap,False,2,40543,38016.71962135785,1068.3688047999794,35359.982011757886,1588.3688047999797,23281.273076270554,2362.3461310041944,18036.580814262168,2882.3461310041944,10,300156.4459,0;63;7;49;61;56;81;66;55;0;0;65;4;96;98;0;0;33;6;52;78;94;0;0;22;10;0;0;1;95;9;54;53;91;90;0;0;86;41;57;99;0;0;62;73;85;8;20;37;74;100;24;60;93;80;0;0;92;2;64;82;68;0;0;38;83;70;88;0;0;69;0,ABC
11,pliki//100 lokacji//RC201.txt,50,300,swap,False,2,41542,44502.8826266907,1376.0094933550645,41180.86363998057,1946.0094933550645,28585.406850551793,2801.415775590163,22412.57529937147,3371.415775590163,10,300440.5357,0;50;88;96;0;0;65;92;69;0;0;40;76;64;0;0;72;13;35;74;54;53;20;56;0;0;39;25;98;94;68;0;0;43;51;12;71;91;0;0;42;83;41;84;81;0;0;46;48;60;67;70;66;0;0;73;89;8;85;3;77;37;24;100;93;80;0;0;1;95;82;62;78;61;55;90;0,ABC
11,pliki//100 lokacji//RC201.txt,50,300,swap,False,2,41543,44502.8826266907,1376.0094933550645,41180.86363998057,1946.0094933550645,27985.09084915575,2902.8515805069705,21609.38768814181,3472.8515805069696,10,300185.9647,0;35;12;71;60;91;0;0;95;73;67;78;94;56;0;0;39;83;50;68;0;0;40;64;69;0;0;37;77;1;85;3;48;43;74;100;93;80;0;0;72;82;8;62;46;20;81;13;54;66;0;0;65;92;88;0;0;42;89;98;84;55;0;0;25;41;24;61;53;51;90;0;0;76;70;96;0,ABC
12,pliki//100 lokacji//RC201.txt,50,300,swap,False,2,42542,43232.61515265908,1115.5274606656053,40411.56023132787,1705.5274606656055,25675.26676073698,3018.078346014354,19049.110068708273,3608.078346014353,10,300275.3512,0;16;37;52;40;74;66;0;0;25;2;64;88;71;0;0;46;95;98;62;6;24;94;55;0;0;29;73;85;8;32;1;77;100;13;91;93;80;0;0;87;38;99;61;96;0;0;30;7;57;54;81;0;0;31;17;67;70;68;0;0;92;65;83;0;0;58;44;12;50;53;90;0;0;4;56;82;69;0,ABC
12,pliki//100 lokacji//RC201.txt,50,300,swap,False,2,42543,43232.61515265908,1115.5274606656053,40411.56023132787,1705.5274606656055,26415.772804965913,2948.11534598058,19929.542113004754,3538.1153459805805,10,300494.9142,0;25;38;98;67;74;53;91;0;0;8;29;73;32;46;37;77;1;13;100;80;93;0;0;17;50;82;71;66;0;0;58;40;87;85;24;90;0;0;31;83;61;57;88;81;0;0;30;12;44;56;96;0;0;92;6;52;54;55;0;0;16;62;7;94;99;68;0;0;65;2;69;0;0;4;95;70;64;0,ABC
13,pliki//100 lokacji//RC201.txt,50,300,swap,False,2,43542,46397.367893554445,1376.2789316473052,43034.81003025983,1986.278931647305,29127.973058193387,3116.1053998970606,22285.762258399267,3726.1053998970606,10,300258.2893,0;25;43;51;70;54;0;0;79;50;88;67;81;0;0;13;71;52;41;99;56;0;0;92;11;64;98;69;0;0;40;83;0;0;65;44;22;61;96;0;0;37;77;38;46;20;3;66;91;0;0;34;7;49;55;94;53;90;0;0;1;95;82;62;60;84;68;0;0;63;73;30;8;85;17;35;24;100;93;80;0,ABC
13,pliki//100 lokacji//RC201.txt,50,300,swap,False,2,43543,46397.367893554445,1376.2789316473052,43034.81003025983,1986.278931647305,28944.74795789652,3035.820670369501,22263.10661715752,3645.8206703695014,10,300150.5174,0;63;3;24;41;99;90;53;94;66;0;0;73;35;77;37;49;46;20;13;93;80;0;0;30;79;62;8;85;60;54;100;91;0;0;25;43;84;88;68;0;0;40;83;98;52;96;0;0;17;38;22;61;70;0;0;95;1;67;7;51;55;0;0;92;56;0;0;65;50;82;64;69;0;0;34;11;71;44;81;0,ABC
14,pliki//100 lokacji//RC201.txt,50,300,swap,False,2,44542,40317.237625347414,1142.8452319148366,37491.547161517745,1682.8452319148369,26486.215426895476,2658.704625091891,20628.806176711696,3198.704625091891,10,300464.7806,0;34;10;71;88;0;0;30;73;67;13;43;53;54;70;0;0;44;98;62;78;56;81;90;80;0;0;92;69;0;0;1;83;41;66;0;0;52;37;24;8;85;46;32;60;91;100;93;0;0;50;2;94;0;0;65;38;82;96;0;0;4;95;79;61;68;0;0;35;64;6;99;55;0,ABC
14,pliki//100 lokacji//RC201.txt,50,300,swap,False,2,44543,40317.237625347414,1142.8452319148366,37491.547161517745,1682.8452319148369,26900.175704926252,2619.050633841228,21122.0744372438,3159.050633841228,10,300130.722,0;6;50;98;71;94;0;0;4;95;78;44;80;81;0;0;65;92;83;96;0;0;30;79;67;13;43;53;93;100;91;0;0;2;64;88;68;0;0;34;46;62;60;56;90;0;0;10;41;82;61;66;0;0;35;52;38;99;54;0;0;73;32;8;85;1;24;37;55;70;0;0;69;0,ABC
15,pliki//100 lokacji//RC201.txt,50,300,swap,False,2,45542,41672.13763351451,1432.4237626522736,38217.29010820996,2022.4237626522736,24050.67483992289,2748.67216462847,17963.330510665946,3338.67216462847,10,300192.1752,0;38;82;54;69;98;0;0;11;94;96;0;0;50;9;71;88;61;68;0;0;52;41;73;67;99;85;53;56;66;0;0;65;22;12;0;0;4;83;86;0;0;75;44;77;46;20;37;13;48;91;24;100;93;0;0;63;1;62;60;49;90;57;80;0;0;92;16;64;70;0;0;40;87;95;8;81;55;0,ABC
15,pliki//100 lokacji//RC201.txt,50,300,swap,False,2,45543,41672.13763351451,1432.4237626522736,38217.29010820996,2022.4237626522736,25060.332353856924,2887.8070481642867,18694.71825752835,3477.8070481642867,11,300233.7077,0;77;44;9;67;81;66;68;90;0;0;1;83;82;94;96;0;0;65;38;12;64;0;0;63;73;85;52;41;53;20;100;56;60;93;80;0;0;16;50;98;88;0;0;86;0;0;92;40;87;71;99;0;0;4;11;0;0;95;13;62;8;48;46;24;70;91;0;0;75;37;49;61;57;54;55;0;0;22;69;0,ABC
16,pliki//100 lokacji//RC201.txt,50,300,swap,False,2,46542,41744.13397768896,1444.4044243000687,38255.32512908882,2044.4044243000687,25071.62992520428,2923.3538728374497,18624.92217952938,3523.353872837449,11,300516.0333,0;39;52;43;49;81;20;55;80;0;0;63;7;67;12;94;66;0;0;17;62;73;51;41;56;91;0;0;40;95;98;84;61;90;0;0;34;83;64;0;0;78;50;88;68;0;0;65;72;86;82;57;0;0;76;70;69;0;0;42;87;38;99;96;0;0;37;77;44;85;53;32;60;74;54;24;93;100;0;0;92;0,ABC
16,pliki//100 lokacji//RC201.txt,50,300,swap,False,2,46543,41744.13397768896,1444.4044243000687,38255.32512908882,2044.4044243000687,25766.372353716437,2924.2103074816782,19317.951738753083,3524.2103074816782,11,300390.791,0;17;95;86;41;88;81;0;0;63;73;62;12;50;55;96;0;0;65;34;98;68;0;0;87;72;52;61;99;67;90;24;91;0;0;42;51;38;84;80;0;0;39;49;7;32;53;56;66;0;0;76;78;64;94;0;0;40;57;82;0;0;92;70;83;0;0;77;44;20;43;85;60;37;74;54;100;93;0;0;69;0,ABC
17,pliki//100 lokacji//RC201.txt,50,300,swap,False,2,47542,42098.00485626752,1206.3597202583796,39135.28541575077,1756.3597202583794,28014.82332077381,2634.369991061224,22196.083338651362,3184.369991061224,10,300552.3417,0;6;50;88;91;0;0;17;95;9;96;80;0;0;31;12;41;60;90;0;0;38;83;55;98;0;0;87;43;64;61;99;94;0;0;62;73;85;7;20;81;53;74;93;13;70;0;0;35;86;82;56;0;0;48;37;49;1;51;100;24;66;54;0;0;65;92;69;0;0;84;2;57;68;0,ABC
17,pliki//100 lokacji//RC201.txt,50,300,swap,False,2,47543,42098.00485626752,1206.3597202583796,39135.28541575077,1756.3597202583794,27323.16319245642,2665.308843021537,21442.54550641335,3215.308843021537,10,300484.6349,0;38;83;56;0;0;17;41;57;55;0;0;87;35;74;37;66;90;80;0;0;6;95;98;54;86;91;0;0;65;96;88;0;0;50;60;82;94;64;0;0;31;12;84;70;99;0;0;49;1;20;61;9;81;68;0;0;62;73;85;7;51;53;48;43;13;93;24;100;0;0;92;2;69;0,ABC
18,pliki//100 lokacji//RC201.txt,50,300,swap,False,2,48542,42614.23163504019,1299.380247712,39465.471139616195,1849.380247712,27137.217816646044,2630.2427165965687,21326.73238345291,3180.2427165965687,10,300361.2956,0;38;86;82;61;0;0;41;83;88;66;0;0;12;50;98;67;68;0;0;92;87;70;57;64;0;0;77;44;52;43;48;54;20;74;80;0;0;65;94;96;0;0;33;16;71;99;56;0;0;35;58;37;91;55;81;90;0;0;17;95;8;62;3;85;53;49;100;24;13;93;0;0;69;0,ABC
18,pliki//100 lokacji//RC201.txt,50,300,swap,False,2,48543,42614.23163504019,1299.380247712,39465.471139616195,1849.380247712,26573.96499782697,2646.7801429719334,20730.404711883104,3196.7801429719334,10,300575.3182,0;65;0;0;38;83;98;82;99;0;0;16;95;43;58;54;53;55;0;0;33;8;62;3;85;13;37;74;100;24;93;80;0;0;49;44;52;61;57;50;90;0;0;71;12;94;66;0;0;77;35;48;70;81;20;91;0;0;92;17;67;88;68;0;0;86;96;69;0;0;87;41;64;56;0,ABC
19,pliki//100 lokacji//RC201.txt,50,300,swap,False,2,49542,44588.50060247351,1250.5300204209382,41487.44056163163,1850.5300204209384,27309.367929031665,3020.051480152114,20669.26496872744,3620.051480152114,10,300334.1732,0;92;86;69;0;0;39;77;37;74;81;53;54;68;0;0;76;2;82;67;66;0;0;65;43;95;70;91;0;0;35;48;3;85;8;49;100;24;60;93;80;0;0;72;73;62;7;20;46;56;55;0;0;38;83;98;96;0;0;87;44;51;88;94;0;0;40;64;6;71;90;0;0;25;41;52;61;84;99;0,ABC
19,pliki//100 lokacji//RC201.txt,50,300,swap,False,2,49543,44588.50060247351,1250.5300204209382,41487.44056163163,1850.5300204209384,26647.940482706195,2963.8308941072623,20120.278694491673,3563.8308941072623,10,300675.362,0;86;69;0;0;37;87;71;24;55;56;90;0;0;72;52;8;62;6;48;3;91;60;54;0;0;92;2;95;98;70;0;0;35;77;44;73;85;53;49;46;74;100;93;80;0;0;65;40;20;88;67;81;0;0;51;43;82;68;0;0;39;25;41;99;94;0;0;38;83;61;64;66;0;0;76;7;84;96;0,ABC
20,pliki//100 lokacji//RC201.txt,50,300,swap,False,2,50542,42392.259428695004,1512.3142983733956,38757.63083194822,2122.3142983733956,25369.298301450297,3096.9437128160516,18565.410875818194,3706.9437128160516,11,300316.7854,0;36;82;62;70;61;0;0;38;95;69;0;0;39;52;1;67;57;54;90;0;0;25;40;51;66;0;0;33;73;85;8;89;37;48;100;60;93;80;0;0;92;4;64;56;0;0;5;21;41;24;55;91;0;0;65;72;83;88;84;68;0;0;42;76;98;71;99;94;0;0;44;77;35;49;53;81;20;43;0;0;96;0,ABC
20,pliki//100 lokacji//RC201.txt,50,300,swap,False,2,50543,42392.259428695004,1512.3142983733956,38757.63083194822,2122.3142983733956,24597.888866571157,3128.2970874425678,17731.294691686024,3738.297087442567,11,300668.5419,0;39;77;35;49;37;60;56;80;0;0;33;73;62;8;85;1;48;100;24;93;91;0;0;92;0;0;76;72;52;71;53;70;0;0;40;83;88;96;0;0;65;38;64;98;54;0;0;21;44;20;43;57;81;55;0;0;42;25;61;99;41;84;90;0;0;5;89;68;67;66;0;0;36;95;82;51;94;0;0;4;69;0,ABC
21,pliki//100 lokacji//RC201.txt,50,300,swap,False,2,51542,42712.299615634016,1317.363021216902,39477.573573200214,1917.3630212169019,26541.688096889375,2873.5326917394013,20194.622713410572,3473.5326917394013,11,300458.9369,0;40;9;82;66;0;0;63;73;32;8;85;46;48;80;77;91;93;100;0;0;4;96;0;0;92;52;38;64;41;56;0;0;37;87;44;51;53;94;68;0;0;79;95;7;84;61;0;0;13;62;88;71;99;54;81;0;0;65;35;78;98;55;0;0;43;83;6;67;60;74;90;0;0;3;86;2;70;0;0;69;0,ABC
21,pliki//100 lokacji//RC201.txt,50,300,swap,False,2,51543,42712.299615634016,1317.363021216902,39477.573573200214,1917.3630212169019,26062.151152614497,2966.4670793691917,19529.216993876114,3566.467079369192,11,300200.8282,0;63;7;84;70;55;0;0;65;92;78;96;0;0;3;51;8;67;6;66;90;0;0;9;38;98;56;61;0;0;43;74;71;13;41;81;0;0;44;52;62;73;85;46;32;37;48;80;60;93;100;0;0;79;95;2;94;0;0;77;35;87;54;53;91;68;0;0;40;83;82;64;88;0;0;4;86;99;0;0;69;0,ABC
22,pliki//100 lokacji//RC201.txt,50,300,swap,False,2,52542,44679.285545605744,1387.7429867825817,41333.799572040574,1957.742986782582,31194.393817270746,2690.079489347388,25244.234838575972,3260.0794893473876,11,300036.223,0;77;35;87;54;90;53;80;0;0;4;88;0;0;85;73;37;49;81;74;93;13;20;68;24;100;0;0;43;83;98;84;64;0;0;92;11;94;56;0;0;51;60;62;10;91;0;0;48;61;86;96;99;0;0;65;38;57;82;0;0;69;0;0;17;95;41;52;71;9;66;0;0;18;1;67;70;55;0,ABC
22,pliki//100 lokacji//RC201.txt,50,300,swap,False,2,52543,44679.285545605744,1387.7429867825817,41333.799572040574,1957.742986782582,30962.78737060132,2754.737282672946,24883.312805255424,3324.737282672946,11,300092.4683,0;86;41;82;88;0;0;43;57;94;55;0;0;48;70;67;10;81;0;0;49;38;51;61;99;90;0;0;92;11;83;69;0;0;65;0;0;77;35;52;71;13;93;20;68;0;0;18;1;84;53;91;66;0;0;9;95;60;64;56;0;0;4;96;98;0;0;85;73;62;17;37;87;54;74;100;24;80;0,ABC
23,pliki//100 lokacji//RC201.txt,50,300,swap,False,2,53542,40926.91496506091,1207.0936661977673,37942.727632665374,1777.0936661977676,25825.43795113671,2782.359065504148,19690.719820128415,3352.359065504147,11,300515.5138,0;34;4;64;80;0;0;50;98;62;70;61;0;0;12;95;57;69;0;0;77;44;87;71;13;54;90;55;0;0;35;15;94;96;0;0;38;86;68;0;0;92;60;83;99;82;0;0;63;40;52;41;85;81;66;0;0;29;73;32;53;48;37;74;43;91;100;93;0;0;16;67;88;84;56;0;0;65;0,ABC
23,pliki//100 lokacji//RC201.txt,50,300,swap,False,2,53543,40926.91496506091,1207.0936661977673,37942.727632665374,1777.0936661977676,26431.275218811643,2795.2056377792837,20270.863943253076,3365.2056377792837,10,300374.5652,0;65;38;57;96;0;0;15;62;98;71;99;56;0;0;63;43;82;84;70;66;0;0;4;50;88;0;0;40;83;54;94;0;0;92;86;69;0;0;29;73;34;87;37;55;80;0;0;48;35;64;16;81;53;74;90;0;0;77;44;85;60;67;13;32;100;93;91;0;0;41;52;95;12;61;68;0,ABC
24,pliki//100 lokacji//RC201.txt,50,300,swap,False,2,54542,40806.27765204668,1198.2128270626242,37849.851997921425,1758.2128270626245,25013.38109161867,2684.344548204941,19084.691995208785,3244.344548204941,10,300553.851,0;35;52;44;66;43;53;55;0;0;19;1;64;80;0;0;92;79;56;70;81;0;0;23;7;88;94;0;0;63;8;77;41;17;90;60;54;0;0;65;2;0;0;4;83;99;98;82;0;0;87;38;12;61;68;0;0;95;6;62;73;85;46;37;20;3;13;93;100;91;0;0;78;96;69;0,ABC
24,pliki//100 lokacji//RC201.txt,50,300,swap,False,2,54543,40806.27765204668,1198.2128270626242,37849.851997921425,1758.2128270626245,24804.227990593732,2777.4150292367285,18689.39793212028,3337.4150292367285,10,300242.6757,0;7;64;6;99;61;54;0;0;63;1;52;35;17;66;0;0;92;79;95;78;94;0;0;73;62;8;85;46;81;3;20;37;13;93;100;80;0;0;19;70;69;0;0;77;44;12;41;53;90;60;68;0;0;65;2;0;0;4;83;96;0;0;87;38;98;88;91;0;0;23;43;82;56;55;0,ABC
25,pliki//100 lokacji//RC201.txt,50,300,swap,False,2,55542,42930.61599260708,1332.2780298016876,39716.05993300371,1882.2780298016871,25079.010168330708,2644.830737680805,19239.3486929691,3194.830737680805,10,300344.102,0;35;52;61;87;81;90;53;68;0;0;63;73;62;3;77;37;13;32;74;24;100;93;80;0;0;11;95;82;55;0;0;79;51;98;84;99;0;0;76;70;22;64;0;0;89;46;57;88;66;0;0;78;94;69;0;0;21;1;85;8;56;54;91;0;0;92;65;0;0;50;86;83;96;0,ABC
25,pliki//100 lokacji//RC201.txt,50,300,swap,False,2,55543,42930.61599260708,1332.2780298016876,39716.05993300371,1882.2780298016871,25625.20146967002,2649.9325504612293,19775.336368747565,3199.932550461229,10,300323.3178,0;94;0;0;35;83;62;52;50;99;81;0;0;65;22;69;0;0;76;78;64;61;87;90;0;0;92;86;54;55;0;0;63;8;21;37;77;3;32;74;93;24;100;80;0;0;1;51;98;91;70;88;0;0;57;96;84;82;0;0;79;95;11;68;0;0;89;73;85;46;56;53;13;66;0,ABC
26,pliki//100 lokacji//RC201.txt,50,300,swap,False,2,56542,44908.57938478797,1246.3531384593177,41815.87310786934,1846.3531384593175,28590.52644248362,2950.1186571143094,22090.289128255004,3550.11865711431,10,300319.7906,0;32;73;85;43;77;37;74;55;24;100;93;0;0;95;16;51;61;94;0;0;4;64;98;69;0;0;40;22;44;86;99;0;0;65;70;83;96;0;0;63;87;35;20;81;84;91;0;0;38;12;71;68;0;0;48;1;62;60;49;80;66;0;0;29;52;50;88;67;53;90;56;0;0;92;17;54;82;57;0,ABC
26,pliki//100 lokacji//RC201.txt,50,300,swap,False,2,56543,44908.57938478797,1246.3531384593177,41815.87310786934,1846.3531384593175,28633.51296960267,2964.9034532885435,22103.706063025587,3564.9034532885435,11,300284.515,0;38;83;69;0;0;29;73;67;87;37;74;32;55;24;93;0;0;95;17;62;12;56;99;91;0;0;65;0;0;35;86;54;61;81;0;0;16;50;82;57;0;0;63;1;48;43;85;60;20;100;80;0;0;40;22;98;68;0;0;51;88;64;94;0;0;77;44;52;70;84;90;53;66;0;0;92;4;49;71;96;0,ABC
27,pliki//100 lokacji//RC201.txt,50,300,swap,False,2,57542,43991.539401488924,1265.5094163999227,40930.52056868908,1795.5094163999227,29397.777545826953,2709.4352947951647,23448.906956236628,3239.4352947951643,10,300372.9046,0;58;40;12;91;0;0;16;38;98;86;0;0;89;46;67;13;37;77;100;74;93;80;0;0;92;44;82;41;99;56;90;0;0;25;88;50;55;0;0;32;73;85;61;87;81;53;24;54;60;0;0;11;96;0;0;4;94;0;0;65;70;95;69;0;0;15;62;17;84;68;66;0,ABC
27,pliki//100 lokacji//RC201.txt,50,300,swap,False,2,57543,43991.539401488924,1265.5094163999227,40930.52056868908,1795.5094163999227,29453.46282745266,2572.7573146295654,23777.948198193528,3102.757314629565,10,300440.7533,0;89;98;67;88;99;55;0;0;77;46;85;15;32;13;37;74;93;60;100;0;0;11;96;0;0;92;12;68;69;0;0;38;95;82;50;61;0;0;65;4;0;0;58;44;25;73;24;56;66;0;0;40;87;70;81;90;0;0;16;62;17;94;53;54;80;0;0;86;41;84;91;0,ABC
28,pliki//100 lokacji//RC201.txt,50,300,swap,False,2,58542,40153.93533782804,1242.7279515605792,37108.47943470689,1802.727951560579,26175.345309022796,2585.7838892504383,20443.777530521922,3145.783889250438,10,300451.1853,0;11;95;88;68;0;0;35;52;61;57;96;80;0;0;72;9;62;98;84;66;0;0;85;3;49;44;24;37;17;93;100;91;0;0;86;70;69;0;0;40;10;82;0;0;74;39;13;71;46;20;53;54;55;0;0;92;6;51;64;94;0;0;65;2;83;56;0;0;38;87;41;99;81;90;0,ABC
28,pliki//100 lokacji//RC201.txt,50,300,swap,False,2,58543,40153.93533782804,1242.7279515605792,37108.47943470689,1802.727951560579,25585.51505037365,2621.8735414049243,19781.767967563806,3181.8735414049243,10,300168.3029,0;35;87;62;46;57;81;53;66;0;0;52;44;49;3;85;37;13;54;24;93;74;100;0;0;39;86;71;99;55;90;0;0;65;10;69;0;0;72;9;96;98;80;0;0;41;83;2;68;0;0;51;6;20;61;17;91;0;0;11;95;70;64;0;0;92;38;56;88;0;0;40;84;82;94;0,ABC
29,pliki//100 lokacji//RC201.txt,50,300,swap,False,2,59542,42116.81326622609,1261.3969400297933,39014.0193861665,1841.3969400297933,25761.920108283244,2839.1021484672456,19503.715811348753,3419.1021484672456,11,300284.7121,0;40;86;94;0;0;1;64;70;98;81;0;0;92;4;88;0;0;21;41;62;60;84;53;96;0;0;13;95;73;85;46;49;37;74;93;91;77;80;100;0;0;65;0;0;35;52;43;57;56;0;0;8;51;55;67;99;54;90;0;0;16;38;87;61;20;68;0;0;11;69;0;0;83;44;82;71;12;66;0,ABC
29,pliki//100 lokacji//RC201.txt,50,300,swap,False,2,59543,42116.81326622609,1261.3969400297933,39014.0193861665,1841.3969400297933,26226.571457138234,2836.7621959317016,19973.047065274834,3416.7621959317016,11,300608.0045,0;4;83;68;0;0;40;57;54;67;0;0;12;95;98;64;94;0;0;11;69;0;0;85;73;21;41;13;37;74;46;93;60;80;100;0;0;1;49;8;84;81;56;0;0;38;86;70;0;0;92;65;0;0;52;35;82;51;61;99;91;90;0;0;77;44;87;43;20;53;66;55;0;0;62;16;71;88;96;0,ABC
30,pliki//100 lokacji//RC201.txt,50,300,swap,False,2,60542,42593.44045751353,1123.763148152268,39785.91416120899,1683.7631481522683,28107.351818512463,2584.869965966954,22377.611886578554,3144.869965966954,10,300167.636,0;92;70;83;55;0;0;65;94;86;64;82;0;0;32;98;52;67;60;57;91;0;0;34;7;85;53;51;81;90;0;0;35;25;61;99;80;0;0;50;78;84;68;0;0;87;95;88;96;66;0;0;72;21;41;9;54;56;0;0;39;49;73;62;77;37;48;93;20;74;24;100;0;0;69;0,ABC
30,pliki//100 lokacji//RC201.txt,50,300,swap,False,2,60543,42593.44045751353,1123.763148152268,39785.91416120899,1683.7631481522683,27965.794409525148,2641.7193710876245,22122.3556673499,3201.719371087624,10,300563.0066,0;21;35;77;37;49;100;48;93;24;74;0;0;51;70;64;66;0;0;34;73;85;53;25;90;54;80;0;0;72;87;62;98;84;55;56;0;0;39;95;82;50;9;99;0;0;78;94;52;61;68;0;0;65;96;83;69;0;0;32;7;67;60;20;81;91;0;0;86;41;57;88;0;0;92;0,ABC
31,pliki//100 lokacji//RC201.txt,50,300,swap,False,2,61542,44699.70640055649,1184.570450949358,41770.56549865777,1744.5704509493585,29606.813640470085,2808.606800912026,23429.600038646036,3368.606800912026,11,300327.0042,0;21;72;77;61;48;37;74;93;24;100;80;0;0;23;96;82;55;0;0;32;13;85;3;20;81;53;56;60;0;0;18;43;52;54;9;90;0;0;78;62;10;84;68;0;0;76;70;86;91;0;0;4;0;0;25;35;87;94;99;0;0;58;95;98;64;88;66;0;0;65;92;57;83;0;0;69;0,ABC
31,pliki//100 lokacji//RC201.txt,50,300,swap,False,2,61543,44699.70640055649,1184.570450949358,41770.56549865777,1744.5704509493585,30647.95302953048,2789.0746349188826,24509.803759692717,3349.074634918883,10,300067.9189,0;18;70;10;61;56;0;0;85;52;37;58;81;90;20;80;91;0;0;23;43;57;0;0;77;35;13;32;53;93;74;54;24;100;0;0;92;78;83;69;0;0;76;4;0;0;65;72;82;64;60;94;0;0;87;62;98;84;88;99;66;0;0;21;3;48;68;9;55;0;0;25;95;86;96;0,ABC
32,pliki//100 lokacji//RC201.txt,50,300,swap,False,2,62542,44311.977380596094,1354.6062522293207,41012.76487613745,1944.6062522293207,29025.28752576865,2886.2123369981978,22662.862851772257,3476.2123369981978,10,300111.0197,0;39;52;71;87;41;53;24;91;0;0;35;86;54;99;66;0;0;95;12;62;60;51;68;90;0;0;43;83;10;64;81;0;0;48;38;56;88;0;0;25;40;49;61;57;55;0;0;30;73;85;74;37;77;1;20;100;93;80;0;0;65;84;69;96;0;0;92;4;82;94;0;0;72;76;98;67;70;0,ABC
32,pliki//100 lokacji//RC201.txt,50,300,swap,False,2,62543,44311.977380596094,1354.6062522293207,41012.76487613745,1944.6062522293207,29529.181904157496,2781.6696936921885,23375.842516773122,3371.6696936921885,11,300603.71,0;39;12;62;10;54;81;0;0;86;41;64;96;0;0;52;30;87;37;48;53;49;100;20;74;93;91;0;0;40;51;98;56;0;0;92;4;94;0;0;35;83;70;88;0;0;1;95;82;71;57;99;0;0;77;43;24;61;85;90;66;80;0;0;76;73;84;60;68;0;0;65;72;25;38;67;55;0;0;69;0,ABC
33,pliki//100 lokacji//RC201.txt,50,300,swap,False,2,63542,39496.78726200901,1190.2536060375355,36526.28004993394,1780.2536060375355,24091.749403017417,2882.989777605232,17735.769847806954,3472.9897776052326,10,300004.1056,0;76;98;95;88;71;90;0;0;4;51;70;0;0;50;55;82;69;0;0;37;16;38;53;84;91;0;0;39;52;44;87;35;49;100;74;93;80;0;0;34;12;67;99;94;0;0;63;3;20;61;57;81;56;66;0;0;72;17;62;73;85;60;24;54;68;0;0;65;92;86;96;0;0;40;83;41;64;0,ABC
33,pliki//100 lokacji//RC201.txt,50,300,swap,False,2,63543,39496.78726200901,1190.2536060375355,36526.28004993394,1780.2536060375355,24324.260304636973,2849.593395779115,18035.073513078743,3439.5933957791153,10,300705.4209,0;44;51;3;85;61;20;54;91;0;0;39;12;62;17;84;53;55;0;0;92;65;50;69;0;0;63;73;67;87;37;74;100;24;60;93;80;0;0;34;16;94;56;0;0;40;57;88;64;0;0;4;83;82;96;0;0;35;52;41;49;90;81;66;0;0;72;86;95;98;71;70;0;0;76;38;99;68;0,ABC
34,pliki//100 lokacji//RC201.txt,50,300,swap,False,2,64542,39400.53614346433,1159.1729129783246,36542.19031750767,1699.1729129783246,25253.60350040195,2562.0896319489384,19589.424236504074,3102.0896319489384,10,300490.8276,0;68;0;0;9;38;99;96;0;0;43;52;44;87;81;56;55;0;0;11;71;69;98;0;0;95;3;62;7;91;6;53;90;0;0;65;2;94;66;0;0;10;92;82;41;80;0;0;77;1;85;73;32;13;37;74;93;100;70;0;0;40;83;61;84;88;0;0;35;12;64;54;67;0,ABC
34,pliki//100 lokacji//RC201.txt,50,300,swap,False,2,64543,39400.53614346433,1159.1729129783246,36542.19031750767,1699.1729129783246,24479.838267328174,2599.69307021789,18740.452126892393,3139.69307021789,10,300416.0828,0;11;41;64;98;0;0;40;83;70;96;0;0;92;6;56;94;0;0;7;95;43;99;61;66;81;0;0;87;35;9;88;91;90;0;0;32;52;44;13;84;53;54;55;0;0;12;71;10;68;0;0;65;38;82;69;0;0;62;3;85;73;67;1;77;37;74;93;100;80;0;0;2;0,ABC
35,pliki//100 lokacji//RC201.txt,50,300,swap,False,2,65542,44754.39581483462,1277.916276557687,41638.56326171925,1837.916276557687,29808.179256844487,2742.1965489242825,23763.78615899592,3302.1965489242825,10,300520.4672,0;17;50;78;68;0;0;35;24;1;67;53;81;0;0;79;94;82;88;0;0;92;2;83;98;99;0;0;31;73;64;41;66;55;0;0;63;8;48;37;74;85;60;20;13;93;100;0;0;6;56;96;0;0;65;69;0;0;62;15;43;77;70;84;91;0;0;46;95;52;61;58;54;90;80;0,ABC
35,pliki//100 lokacji//RC201.txt,50,300,swap,False,2,65543,44754.39581483462,1277.916276557687,41638.56326171925,1837.916276557687,29822.98119586988,2726.1491448590905,23810.682906151702,3286.1491448590905,10,300088.3201,0;24;37;52;41;99;54;81;0;0;77;35;17;84;53;66;0;0;63;73;85;8;48;43;20;100;74;93;80;0;0;15;62;13;70;58;91;90;0;0;92;1;82;69;0;0;79;95;88;98;55;0;0;65;2;83;94;0;0;31;46;64;60;68;0;0;6;96;0;0;50;78;67;61;56;0,ABC
36,pliki//100 lokacji//RC201.txt,50,300,swap,False,2,66542,39502.4195986155,1093.5225137570387,36755.37457110143,1653.522513757039,25072.29280692229,2595.4064857202015,19321.479835481885,3155.4064857202015,10,300344.1052,0;76;70;88;0;0;92;86;69;0;0;65;50;2;98;64;0;0;73;51;43;99;81;91;90;0;0;79;96;0;0;38;95;41;56;61;0;0;52;39;87;71;53;67;60;93;55;80;0;0;3;62;8;85;6;24;37;74;100;68;0;0;40;83;82;94;66;0;0;20;44;57;7;84;54;0,ABC
36,pliki//100 lokacji//RC201.txt,50,300,swap,False,2,66543,39502.4195986155,1093.5225137570387,36755.37457110143,1653.522513757039,24877.315674774265,2608.828406856727,19099.658861060812,3168.8284068567277,10,300277.9268,0;20;44;51;6;91;90;66;0;0;65;92;79;69;0;0;95;53;40;57;54;81;0;0;39;52;3;85;73;24;37;74;93;60;80;100;0;0;76;2;98;56;0;0;50;82;96;0;0;41;83;70;88;0;0;62;8;84;7;67;55;68;0;0;43;87;71;99;61;94;0;0;38;86;64;0,ABC
37,pliki//100 lokacji//RC201.txt,50,300,swap,False,2,67542,40810.124829267974,1154.7110860003547,37910.70265726727,1744.7110860003547,23101.39485492158,2923.8087868722573,16663.777281177063,3513.808786872257,10,300206.3032,0;22;70;64;82;0;0;92;88;56;69;0;0;40;83;55;68;0;0;65;96;0;0;63;8;52;29;53;85;43;13;1;74;91;100;0;0;31;60;67;57;99;0;0;32;73;62;7;48;37;17;93;80;0;0;30;98;51;6;49;90;66;0;0;18;2;71;87;54;81;0;0;95;44;86;61;84;94;0,ABC
37,pliki//100 lokacji//RC201.txt,50,300,swap,False,2,67543,40810.124829267974,1154.7110860003547,37910.70265726727,1744.7110860003547,23458.280094255984,2962.7942946710427,16942.6915049139,3552.7942946710427,10,300659.9215,0;65;2;51;82;80;0;0;18;44;62;61;84;68;81;0;0;22;88;64;55;0;0;17;30;60;67;90;54;56;0;0;8;63;53;32;6;87;37;66;91;0;0;29;73;85;1;49;43;13;93;74;48;100;0;0;31;52;71;57;94;0;0;40;83;70;99;0;0;7;95;98;86;96;0;0;92;69;0,ABC
38,pliki//100 lokacji//RC201.txt,50,300,swap,False,2,68542,40828.99862072318,1252.7198293119113,37773.55896209935,1802.7198293119113,25163.38917508173,2651.7865612835017,19309.81605251473,3201.786561283502,10,300366.1432,0;86;35;57;68;0;0;33;44;85;73;32;87;37;77;100;24;93;80;0;0;39;83;50;64;88;0;0;34;70;82;69;0;0;92;96;0;0;65;40;38;0;0;16;62;12;67;60;90;91;0;0;3;84;43;56;81;0;0;20;72;52;61;98;41;66;55;0;0;26;53;54;99;94;0,ABC
38,pliki//100 lokacji//RC201.txt,50,300,swap,False,2,68543,40828.99862072318,1252.7198293119113,37773.55896209935,1802.7198293119113,25064.06339323122,2682.086959466151,19149.88947429892,3232.086959466151,10,300468.3813,0;40;64;68;0;0;83;39;57;61;99;55;90;0;0;72;86;43;67;84;0;0;65;96;0;0;34;82;41;98;70;0;0;33;3;85;52;35;20;100;32;54;77;24;93;0;0;92;12;44;87;37;53;91;80;0;0;38;69;94;0;0;26;73;62;60;56;81;0;0;16;50;88;66;0,ABC
39,pliki//100 lokacji//RC201.txt,50,300,swap,False,2,69542,44115.00297433126,1279.9828951190896,40955.03718409309,1879.9828951190898,26656.9374869072,2986.0460967065596,20084.845293494083,3586.0460967065596,10,300425.3498,0;40;84;98;66;0;0;50;86;69;0;0;29;73;32;8;20;37;48;60;74;93;100;0;0;49;43;24;41;53;70;91;0;0;87;44;52;46;85;6;56;80;0;0;92;7;64;82;96;0;0;31;9;62;88;54;90;0;0;38;83;71;99;61;68;0;0;3;95;17;67;57;81;55;0;0;65;4;94;0,ABC
39,pliki//100 lokacji//RC201.txt,50,300,swap,False,2,69543,44115.00297433126,1279.9828951190896,40955.03718409309,1879.9828951190898,27294.450872528912,2935.4235213714724,20823.60382978597,3535.4235213714724,10,300682.673,0;44;49;7;67;87;54;81;0;0;4;69;0;0;73;95;86;43;99;53;90;66;0;0;31;9;71;88;68;0;0;40;57;98;64;0;0;38;83;70;96;0;0;17;41;52;61;84;56;0;0;29;8;62;6;85;3;20;55;93;91;0;0;74;37;48;46;32;60;24;100;80;0;0;65;92;82;50;94;0,ABC
40,pliki//100 lokacji//RC201.txt,50,300,swap,False,2,70542,44017.451935724166,1338.390224777804,40760.67148616856,1918.390224777804,27302.385663715675,2917.4179657230097,20887.549732269657,3497.41796572301,10,300553.8569,0;65;2;94;0;0;92;6;57;69;0;0;7;83;70;99;0;0;12;71;10;68;0;0;73;62;98;85;8;49;46;77;100;48;60;80;93;0;0;38;87;61;86;81;90;0;0;4;64;82;55;0;0;47;95;17;67;13;43;74;66;0;0;25;3;56;88;96;0;0;58;40;52;37;53;54;91;0,ABC
40,pliki//100 lokacji//RC201.txt,50,300,swap,False,2,70543,44017.451935724166,1338.390224777804,40760.67148616856,1918.390224777804,28536.87889228127,2749.5168101752174,22457.845271930837,3329.5168101752174,10,300242.3896,0;3;95;6;67;86;54;81;0;0;17;71;98;94;88;0;0;25;2;99;66;0;0;7;64;60;52;70;53;0;0;65;4;96;0;0;8;62;13;40;87;49;57;0;0;58;43;82;61;74;55;90;0;0;77;37;47;85;73;56;46;48;100;93;91;80;0;0;92;12;83;69;0;0;38;10;68;0,ABC
41,pliki//100 lokacji//RC201.txt,50,300,swap,False,2,71542,40025.91217813738,1192.3925152903764,37081.12714755663,1752.3925152903764,26379.995923815703,2666.8432093428673,20486.309505129968,3226.8432093428673,10,300051.1144,0;15;95;98;64;88;68;0;0;17;35;99;94;66;0;0;5;62;8;67;73;37;74;54;91;0;0;11;96;0;0;86;41;84;55;0;0;65;70;57;69;0;0;50;78;82;0;0;72;24;2;61;60;56;0;0;92;12;83;40;53;81;90;0;0;52;39;77;44;87;43;13;93;100;80;0,ABC
41,pliki//100 lokacji//RC201.txt,50,300,swap,False,2,71543,40025.91217813738,1192.3925152903764,37081.12714755663,1752.3925152903764,26424.608229761194,2644.2761539646503,20576.055921831896,3204.2761539646503,10,300238.0774,0;78;84;70;0;0;86;41;64;88;90;0;0;5;83;2;56;99;0;0;15;39;52;43;53;94;66;0;0;40;87;44;57;54;0;0;72;13;35;12;81;100;68;0;0;77;8;62;73;24;37;17;93;74;91;80;0;0;65;92;60;69;0;0;50;98;67;82;61;55;0;0;11;95;96;0,ABC
42,pliki//100 lokacji//RC201.txt,50,300,swap,False,2,72542,39517.8652547543,1215.2960978311853,36487.27305909193,1815.2960978311858,22278.216205691147,2972.92241746257,15732.371370766006,3572.92241746257,10,300019.2128,0;92;79;84;53;56;0;0;50;98;41;55;0;0;65;40;69;0;0;62;45;51;43;99;96;81;0;0;1;95;88;94;0;0;36;82;38;68;0;0;72;83;3;57;70;91;90;0;0;42;21;44;52;35;20;37;60;66;100;0;0;63;8;67;73;85;46;74;54;13;93;80;0;0;39;78;61;64;71;0,ABC
42,pliki//100 lokacji//RC201.txt,50,300,swap,False,2,72543,39517.8652547543,1215.2960978311853,36487.27305909193,1815.2960978311858,22270.424349838504,2942.1218856606374,15786.18057851723,3542.1218856606374,10,300299.1858,0;46;95;38;53;84;54;0;0;50;78;61;0;0;42;83;41;57;56;0;0;73;72;21;43;20;81;66;68;0;0;92;1;98;71;55;0;0;65;40;94;0;0;36;82;88;69;0;0;45;51;79;67;99;96;0;0;39;52;44;64;35;90;60;80;0;0;63;8;62;3;85;13;37;74;93;100;91;70;0,ABC
43,pliki//100 lokacji//RC201.txt,50,300,swap,False,2,73542,41461.68590607372,1110.3256604992675,38671.03458507519,1680.3256604992673,26317.80281578328,2795.7850764734335,20156.232662836417,3365.785076473433,10,300212.5362,0;16;43;99;67;70;90;0;0;22;41;69;0;0;30;73;62;46;85;17;32;100;91;93;80;0;0;40;83;61;64;88;0;0;29;13;44;20;37;60;66;55;0;0;65;38;82;56;0;0;35;52;1;84;10;81;53;0;0;50;9;71;68;0;0;92;12;95;98;57;94;0;0;86;54;96;0,ABC
43,pliki//100 lokacji//RC201.txt,50,300,swap,False,2,73543,41461.68590607372,1110.3256604992675,38671.03458507519,1680.3256604992673,27034.873344224376,2788.947800269704,20886.97774368497,3358.947800269704,10,300507.6747,0;44;12;67;60;56;81;0;0;9;41;57;61;66;0;0;35;95;88;84;68;0;0;16;50;98;52;70;94;0;0;30;73;32;53;37;10;43;13;93;100;0;0;92;86;69;0;0;38;82;62;99;54;55;0;0;29;17;85;1;20;90;46;91;80;0;0;40;83;71;64;0;0;65;22;96;0,ABC
44,pliki//100 lokacji//RC201.txt,50,300,swap,False,2,74542,41556.744940233795,1209.89652786426,38586.95188450528,1759.89652786426,27725.468054025943,2676.8430674941965,21821.781919037552,3226.8430674941965,10,300372.8021,0;48;70;82;54;96;0;0;38;10;61;94;0;0;17;71;52;67;60;56;90;0;0;85;73;62;53;37;74;43;13;93;91;100;0;0;79;95;6;86;81;0;0;92;69;0;0;63;7;64;40;66;0;0;65;4;83;68;0;0;77;44;24;41;57;55;80;0;0;59;35;98;99;88;0,ABC
44,pliki//100 lokacji//RC201.txt,50,300,swap,False,2,74543,41556.744940233795,1209.89652786426,38586.95188450528,1759.89652786426,28148.44966223943,2660.1022822250907,22278.24509778925,3210.1022822250907,10,300512.387,0;63;73;62;98;85;13;41;77;60;93;55;0;0;92;79;67;88;68;0;0;65;96;0;0;17;95;82;4;94;0;0;37;83;44;74;100;24;53;56;0;0;35;52;43;57;6;80;0;0;71;10;54;99;0;0;38;48;7;91;66;90;0;0;59;40;64;61;81;0;0;86;70;69;0,ABC
45,pliki//100 lokacji//RC201.txt,50,300,swap,False,2,75542,43814.30610019337,1364.591132910541,40505.12383437228,1944.5911329105409,28178.768203043124,2883.4029931209598,21831.962216801207,3463.4029931209598,10,300392.8075,0;8;32;46;85;13;37;74;93;60;100;80;0;0;35;52;43;99;61;96;0;0;65;38;82;69;0;0;4;83;2;88;0;0;97;70;94;0;0;79;95;98;10;0;0;92;7;64;41;57;0;0;62;73;67;1;87;81;90;55;0;0;77;44;78;71;53;54;66;0;0;58;3;56;6;91;68;0,ABC
45,pliki//100 lokacji//RC201.txt,50,300,swap,False,2,75543,43814.30610019337,1364.591132910541,40505.12383437228,1944.5911329105409,28672.840201373005,2883.3703839820573,22326.099433408894,3463.3703839820564,10,300357.8523,0;1;52;61;64;4;66;90;0;0;73;62;6;56;78;91;55;0;0;7;95;10;96;0;0;92;79;57;98;68;0;0;97;69;0;0;77;44;85;8;32;46;54;74;100;60;93;0;0;65;43;82;67;88;81;0;0;3;87;41;99;94;0;0;38;83;2;70;0;0;35;58;71;53;37;13;80;0,ABC
46,pliki//100 lokacji//RC201.txt,50,300,swap,False,2,76542,42930.80443066306,1187.7908780593305,40005.222674544406,1737.7908780593305,28934.359889956897,2565.950347507737,23252.459194941424,3115.9503475077368,10,300216.6004,0;2;83;88;64;98;0;0;13;67;6;49;54;53;80;90;0;0;77;37;17;85;46;20;1;74;93;100;0;0;92;86;96;94;0;0;4;84;12;99;0;0;65;0;0;15;95;61;52;68;57;66;0;0;32;60;62;7;87;81;56;91;0;0;58;71;82;50;55;0;0;51;70;69;0,ABC
46,pliki//100 lokacji//RC201.txt,50,300,swap,False,2,76543,42930.80443066306,1187.7908780593305,40005.222674544406,1737.7908780593305,28292.5999085933,2633.731366204034,22475.137176185235,3183.731366204034,10,300421.9679,0;4;64;61;99;0;0;58;71;60;94;55;0;0;87;37;52;67;17;54;53;68;0;0;12;95;2;57;88;0;0;65;98;0;0;49;1;20;7;84;90;91;0;0;32;15;62;46;85;13;81;77;100;74;93;80;0;0;86;50;82;69;0;0;51;6;56;66;0;0;92;70;83;96;0,ABC
47,pliki//100 lokacji//RC201.txt,50,300,swap,False,2,77542,41507.729227666605,1169.133862364328,38599.46150293794,1739.133862364328,27394.355135979727,2816.768224933754,21190.81868611222,3386.768224933754,10,300094.5726,0;95;1;50;88;94;0;0;40;83;41;64;61;0;0;92;4;69;0;0;52;31;9;67;53;81;20;56;0;0;35;87;37;60;85;55;80;0;0;65;34;98;84;99;0;0;70;96;68;0;0;86;38;57;91;0;0;29;82;71;62;43;66;90;0;0;77;44;30;73;32;13;54;24;93;100;0,ABC
47,pliki//100 lokacji//RC201.txt,50,300,swap,False,2,77543,41507.729227666605,1169.133862364328,38599.46150293794,1739.133862364328,27292.87051348362,2850.106471783415,21022.657569916788,3420.106471783415,11,300208.4858,0;34;82;41;66;61;0;0;4;68;0;0;92;0;0;38;83;70;69;0;0;29;13;32;9;85;37;24;100;80;93;0;0;30;73;67;87;81;20;54;55;0;0;65;43;64;96;0;0;31;86;44;99;53;91;0;0;35;57;71;94;0;0;77;40;52;50;60;56;0;0;1;95;98;62;88;84;90;0,ABC
48,pliki//100 lokacji//RC201.txt,50,300,swap,False,2,78542,44580.33085823179,1417.9915254524642,41114.347807326856,2047.9915254524642,25447.408447755122,3363.5241905891044,18090.36006657691,3993.5241905891053,10,300480.7939,0;34;98;84;61;66;0;0;65;40;95;99;68;0;0;73;29;7;85;46;32;60;48;80;100;93;0;0;58;71;52;67;86;94;90;0;0;63;3;21;37;25;55;91;0;0;92;2;83;64;0;0;28;13;44;77;54;74;70;0;0;33;82;62;6;57;81;20;56;0;0;30;17;38;87;53;96;0;0;50;88;69;0,ABC
48,pliki//100 lokacji//RC201.txt,50,300,swap,False,2,78543,44580.33085823179,1417.9915254524642,41114.347807326856,2047.9915254524642,25119.04082768604,3353.7351742281617,17781.57047922972,3983.7351742281617,10,300367.0324,0;28;73;29;53;32;60;48;80;58;100;0;0;38;83;50;0;0;63;3;21;6;85;46;20;13;91;93;0;0;25;44;52;81;86;96;0;0;30;17;67;70;56;66;0;0;92;98;34;82;61;99;0;0;65;40;64;68;0;0;87;62;88;84;71;94;0;0;2;95;57;69;0;0;33;7;77;37;90;74;54;55;0,ABC
49,pliki//100 lokacji//RC201.txt,50,300,swap,False,2,79542,36884.66386985151,1224.804333925804,33905.055201999894,1754.804333925804,23851.523231268537,2534.129552878629,18253.26412551128,3064.12955287863,10,300549.8883,0;48;44;85;73;49;37;24;70;93;100;80;0;0;62;1;21;41;91;96;0;0;40;20;61;12;84;81;0;0;92;69;0;0;63;35;52;32;53;90;54;66;0;0;65;50;22;0;0;16;76;98;94;0;0;38;83;88;82;0;0;7;95;60;56;55;0;0;6;64;2;68;0,ABC
49,pliki//100 lokacji//RC201.txt,50,300,swap,False,2,79543,36884.66386985151,1224.804333925804,33905.055201999894,1754.804333925804,24093.747184092063,2612.2186899588805,18339.3098041743,3142.2186899588805,10,300362.404,0;40;82;68;69;0;0;76;61;50;0;0;24;44;64;88;96;0;0;1;95;12;94;55;0;0;16;35;20;60;81;90;0;0;65;92;83;0;0;38;22;98;0;0;32;73;62;52;41;49;37;48;54;100;93;0;0;21;2;84;53;56;66;0;0;63;7;85;6;91;70;80;0,ABC
